2025-11-28 09:33:58,820 [INFO] Activator:176 - 


2025-11-28 09:33:58,820 [INFO] Activator:177 - !SESSION log4j initialized
2025-11-28 09:34:01,121 [INFO] LogOutputStream:77 - [STDOUT_REDIRECT] 
2025-11-28 09:34:02,509 [INFO] ApplicationProperties:184 - Using Application install path: C:\ST\STM32CubeIDE_1.19.0\STM32CubeIDE\plugins\com.st.stm32cube.common.mx_6.15.0.202507011659
2025-11-28 09:34:02,523 [INFO] DbMcusXml:78 - Set database path to: C:\ST\STM32CubeIDE_1.19.0\STM32CubeIDE\plugins\com.st.stm32cube.common.mx_6.15.0.202507011659\\db\/mcu/
2025-11-28 09:34:02,523 [INFO] ApiDb:274 - Set plugin database path to: C:\ST\STM32CubeIDE_1.19.0\STM32CubeIDE\plugins\com.st.stm32cube.common.mx_6.15.0.202507011659\\db\/plugins/boardmanager/
2025-11-28 09:34:02,524 [WARN] ApiDb:259 - Overriding images path with different value:  => C:\ST\STM32CubeIDE_1.19.0\STM32CubeIDE\plugins\com.st.stm32cube.common.mx_6.15.0.202507011659\\db\/plugins/mcufinder/images/
2025-11-28 09:34:02,528 [INFO] ApiDb:250 - Set database path to: C:\Users\kerem\.stmcufinder\plugins\mcufinder//mcu/
2025-11-28 09:34:02,530 [INFO] DbMcusAds:125 - Set database path to: C:\Users\kerem\.stmcufinder\plugins\mcufinder//mcu/
2025-11-28 09:34:02,532 [INFO] CrossReferenceDbSqlite:203 - Set database path to: C:\Users\kerem\.stmcufinder\plugins\mcufinder//mcu/cs/
2025-11-28 09:34:02,676 [INFO] RulesReader:64 - Compatibility file has been processed (317 Rules)
2025-11-28 09:34:02,733 [INFO] DbMcusXml:78 - Set database path to: C:\ST\STM32CubeIDE_1.19.0\STM32CubeIDE\plugins\com.st.stm32cube.common.mx_6.15.0.202507011659\\db\/mcu/
2025-11-28 09:34:02,733 [INFO] ApiDb:274 - Set plugin database path to: C:\ST\STM32CubeIDE_1.19.0\STM32CubeIDE\plugins\com.st.stm32cube.common.mx_6.15.0.202507011659\\db\/plugins/boardmanager/
2025-11-28 09:34:02,733 [INFO] ApiDb:261 - Set plugin images path to: C:\ST\STM32CubeIDE_1.19.0\STM32CubeIDE\plugins\com.st.stm32cube.common.mx_6.15.0.202507011659\\db\/plugins/mcufinder/images/
2025-11-28 09:34:02,733 [WARN] DbFile:41 - Overriding database path with different value: C:\Users\kerem\.stmcufinder\plugins\mcufinder/ => C:\Users\kerem\.stmcufinder\plugins\mcufinder
2025-11-28 09:34:02,734 [INFO] ApiDb:250 - Set database path to: C:\Users\kerem\.stmcufinder\plugins\mcufinder//mcu/
2025-11-28 09:34:02,734 [WARN] DbFile:41 - Overriding database path with different value: C:\Users\kerem\.stmcufinder\plugins\mcufinder/ => C:\Users\kerem\.stmcufinder\plugins\mcufinder
2025-11-28 09:34:02,734 [INFO] DbMcusAds:125 - Set database path to: C:\Users\kerem\.stmcufinder\plugins\mcufinder//mcu/
2025-11-28 09:34:02,734 [WARN] DbFile:41 - Overriding database path with different value: C:\Users\kerem\.stmcufinder\plugins\mcufinder/ => C:\Users\kerem\.stmcufinder\plugins\mcufinder
2025-11-28 09:34:02,734 [WARN] DbFile:41 - Overriding database path with different value: C:\Users\kerem\.stmcufinder\plugins\mcufinder/ => C:\Users\kerem\.stmcufinder\plugins\mcufinder
2025-11-28 09:34:02,734 [INFO] CrossReferenceDbSqlite:203 - Set database path to: C:\Users\kerem\.stmcufinder\plugins\mcufinder//mcu/cs/
2025-11-28 09:34:02,819 [INFO] MainPanel:274 - HeapMemory: 268435456
2025-11-28 09:34:02,941 [INFO] DbMcusXml:78 - Set database path to: C:\ST\STM32CubeIDE_1.19.0\STM32CubeIDE\plugins\com.st.stm32cube.common.mx_6.15.0.202507011659\\db\/mcu/
2025-11-28 09:34:02,942 [INFO] ApiDb:274 - Set plugin database path to: C:\ST\STM32CubeIDE_1.19.0\STM32CubeIDE\plugins\com.st.stm32cube.common.mx_6.15.0.202507011659\\db\/plugins/boardmanager/
2025-11-28 09:34:02,942 [INFO] ApiDb:261 - Set plugin images path to: C:\ST\STM32CubeIDE_1.19.0\STM32CubeIDE\plugins\com.st.stm32cube.common.mx_6.15.0.202507011659\\db\/plugins/mcufinder/images/
2025-11-28 09:34:02,942 [WARN] DbFile:41 - Overriding database path with different value: C:\Users\kerem\.stmcufinder\plugins\mcufinder/ => C:\Users\kerem\.stmcufinder\plugins\mcufinder
2025-11-28 09:34:02,942 [INFO] ApiDb:250 - Set database path to: C:\Users\kerem\.stmcufinder\plugins\mcufinder//mcu/
2025-11-28 09:34:02,942 [WARN] DbFile:41 - Overriding database path with different value: C:\Users\kerem\.stmcufinder\plugins\mcufinder/ => C:\Users\kerem\.stmcufinder\plugins\mcufinder
2025-11-28 09:34:02,942 [INFO] DbMcusAds:125 - Set database path to: C:\Users\kerem\.stmcufinder\plugins\mcufinder//mcu/
2025-11-28 09:34:02,942 [WARN] DbFile:41 - Overriding database path with different value: C:\Users\kerem\.stmcufinder\plugins\mcufinder/ => C:\Users\kerem\.stmcufinder\plugins\mcufinder
2025-11-28 09:34:02,942 [WARN] DbFile:41 - Overriding database path with different value: C:\Users\kerem\.stmcufinder\plugins\mcufinder/ => C:\Users\kerem\.stmcufinder\plugins\mcufinder
2025-11-28 09:34:02,942 [INFO] CrossReferenceDbSqlite:203 - Set database path to: C:\Users\kerem\.stmcufinder\plugins\mcufinder//mcu/cs/
2025-11-28 09:34:02,957 [INFO] ApplicationProperties:184 - Using Application install path: C:\ST\STM32CubeIDE_1.19.0\STM32CubeIDE\plugins\com.st.stm32cube.common.mx_6.15.0.202507011659
2025-11-28 09:34:02,958 [INFO] PluginManage:196 - Search for loadable plugins [exclusion list=, ]
2025-11-28 09:34:02,959 [INFO] PluginManage:310 - Check plugin analytics
2025-11-28 09:34:03,133 [INFO] AnalyticsPlugin:253 - Accepted Software Licenses: STM32CubeMX.6.15.0
2025-11-28 09:34:03,133 [INFO] AnalyticsPlugin:255 - Accepted CMSIS Pack Licenses: STMicroelectronics.X-CUBE-BLE1.7.1.0,STMicroelectronics.X-CUBE-BLEMGR.4.1.0,Infineon.AIROC-Wi-Fi-Bluetooth-STM32.1.7.1,STMicroelectronics.FP-SNS-STBOX1.2.1.0
2025-11-28 09:34:03,134 [INFO] AnalyticsPlugin:257 - Accepted Firmware Licenses: FW.U5.1.8.0
2025-11-28 09:34:03,136 [INFO] PluginManage:359 - Loaded plugin analytics (category:tool,tabindex:-1)
2025-11-28 09:34:03,136 [INFO] PluginManage:310 - Check plugin cadmodel
2025-11-28 09:34:03,143 [INFO] CADModel:105 - Init CAD model plugin
2025-11-28 09:34:03,143 [INFO] PluginManage:359 - Loaded plugin cadmodel (category:power,tabindex:5)
2025-11-28 09:34:03,143 [INFO] PluginManage:310 - Check plugin clock
2025-11-28 09:34:03,155 [INFO] PluginManage:359 - Loaded plugin clock (category:base,tabindex:2)
2025-11-28 09:34:03,155 [INFO] PluginManage:310 - Check plugin ddr
2025-11-28 09:34:03,157 [INFO] PluginManage:359 - Loaded plugin ddr (category:tool,tabindex:6)
2025-11-28 09:34:03,157 [INFO] PluginManage:310 - Check plugin filemanager
2025-11-28 09:34:03,273 [INFO] PluginManage:359 - Loaded plugin filemanager (category:base,tabindex:10)
2025-11-28 09:34:03,273 [INFO] PluginManage:310 - Check plugin ipmanager
2025-11-28 09:34:03,278 [INFO] PluginManage:359 - Loaded plugin ipmanager (category:base,tabindex:5)
2025-11-28 09:34:03,278 [INFO] PluginManage:310 - Check plugin lpbam
2025-11-28 09:34:03,297 [INFO] PluginManage:359 - Loaded plugin lpbam (category:base,tabindex:0)
2025-11-28 09:34:03,297 [INFO] PluginManage:310 - Check plugin memorymap
2025-11-28 09:34:03,314 [INFO] PluginManage:359 - Loaded plugin memorymap (category:base,tabindex:4)
2025-11-28 09:34:03,314 [INFO] PluginManage:310 - Check plugin pinoutandconfiguration
2025-11-28 09:34:03,323 [INFO] PluginManage:359 - Loaded plugin pinoutandconfiguration (category:base,tabindex:1)
2025-11-28 09:34:03,324 [INFO] PluginManage:310 - Check plugin pinoutconfig
2025-11-28 09:34:03,398 [WARN] SupportedApi:132 - Cannot load RTOS API schema: s4s-elt-must-match.1: The content of 'definitions' must match (annotation?, (simpleType | complexType)?, (unique | key | keyref)*)). A problem was found starting at: attribute.
2025-11-28 09:34:03,516 [INFO] PluginManage:359 - Loaded plugin pinoutconfig (category:base,tabindex:0)
2025-11-28 09:34:03,516 [INFO] PluginManage:310 - Check plugin power
2025-11-28 09:34:03,525 [INFO] PluginManage:359 - Loaded plugin power (category:power,tabindex:4)
2025-11-28 09:34:03,525 [INFO] PluginManage:310 - Check plugin projectmanager
2025-11-28 09:34:03,538 [INFO] PluginManage:359 - Loaded plugin projectmanager (category:projectmanager,tabindex:4)
2025-11-28 09:34:03,538 [INFO] PluginManage:310 - Check plugin rif
2025-11-28 09:34:03,549 [INFO] PluginManage:359 - Loaded plugin rif (category:base,tabindex:3)
2025-11-28 09:34:03,549 [INFO] PluginManage:310 - Check plugin thirdparty
2025-11-28 09:34:03,698 [INFO] PluginManage:359 - Loaded plugin thirdparty (category:base,tabindex:-1)
2025-11-28 09:34:03,699 [INFO] PluginManage:310 - Check plugin tools
2025-11-28 09:34:03,699 [WARN] IntegrityCheckThread:84 - waiting for thirdparty lock release [integrity check]
2025-11-28 09:34:03,700 [INFO] IntegrityCheckThread:86 - entering critical section [integrity check]
2025-11-28 09:34:03,700 [INFO] ThirdPartyUpdaterWithRetryManager:70 - Updater plugin not ready yet. [1/15]
2025-11-28 09:34:03,702 [INFO] PluginManage:359 - Loaded plugin tools (category:base,tabindex:7)
2025-11-28 09:34:03,702 [INFO] PluginManage:310 - Check plugin tutovideos
2025-11-28 09:34:03,883 [INFO] PluginManage:359 - Loaded plugin tutovideos (category:base,tabindex:-1)
2025-11-28 09:34:03,883 [INFO] PluginManage:310 - Check plugin updater
2025-11-28 09:34:03,901 [INFO] PluginManage:359 - Loaded plugin updater (category:base,tabindex:12)
2025-11-28 09:34:03,901 [INFO] PluginManage:310 - Check plugin userauth
2025-11-28 09:34:03,906 [INFO] UserAuth:118 - Init User Auth plugin
2025-11-28 09:34:03,907 [INFO] PluginManage:359 - Loaded plugin userauth (category:base,tabindex:14)
2025-11-28 09:34:03,907 [INFO] PluginManage:283 - PluginManage : Loaded plugins [18]
2025-11-28 09:34:04,096 [INFO] PinOutPanel:1589 - setPackage(No Configuration,No Configuration)
2025-11-28 09:34:04,190 [INFO] CADModel:165 - CPN selected for project level
2025-11-28 09:34:04,190 [INFO] CADModel:114 - Register for checkConnection events
2025-11-28 09:34:04,204 [INFO] IPUIPlugin:80 - create IPUIPlugin
2025-11-28 09:34:04,204 [INFO] PluginManager:220 - loadIPPluginJar : add adc
2025-11-28 09:34:04,206 [INFO] IPUIPlugin:80 - create IPUIPlugin
2025-11-28 09:34:04,206 [INFO] PluginManager:220 - loadIPPluginJar : add aes
2025-11-28 09:34:04,208 [INFO] IPUIPlugin:80 - create IPUIPlugin
2025-11-28 09:34:04,208 [INFO] PluginManager:220 - loadIPPluginJar : add can
2025-11-28 09:34:04,209 [INFO] IPUIPlugin:80 - create IPUIPlugin
2025-11-28 09:34:04,209 [INFO] PluginManager:220 - loadIPPluginJar : add comp
2025-11-28 09:34:04,211 [INFO] IPUIPlugin:80 - create IPUIPlugin
2025-11-28 09:34:04,211 [INFO] PluginManager:220 - loadIPPluginJar : add cryp
2025-11-28 09:34:04,214 [INFO] IPUIPlugin:80 - create IPUIPlugin
2025-11-28 09:34:04,214 [INFO] PluginManager:220 - loadIPPluginJar : add ddr_ctrl_phy
2025-11-28 09:34:04,215 [INFO] IPUIPlugin:80 - create IPUIPlugin
2025-11-28 09:34:04,215 [INFO] PluginManager:220 - loadIPPluginJar : add dfsdm
2025-11-28 09:34:04,219 [INFO] IPUIPlugin:80 - create IPUIPlugin
2025-11-28 09:34:04,219 [INFO] PluginManager:220 - loadIPPluginJar : add dma
2025-11-28 09:34:04,221 [INFO] IPUIPlugin:80 - create IPUIPlugin
2025-11-28 09:34:04,221 [INFO] PluginManager:220 - loadIPPluginJar : add dma3
2025-11-28 09:34:04,223 [INFO] IPUIPlugin:80 - create IPUIPlugin
2025-11-28 09:34:04,223 [INFO] PluginManager:220 - loadIPPluginJar : add extmemmanager
2025-11-28 09:34:04,224 [INFO] IPUIPlugin:80 - create IPUIPlugin
2025-11-28 09:34:04,224 [INFO] PluginManager:220 - loadIPPluginJar : add fatfs
2025-11-28 09:34:04,228 [INFO] IPUIPlugin:80 - create IPUIPlugin
2025-11-28 09:34:04,228 [INFO] PluginManager:220 - loadIPPluginJar : add fmc
2025-11-28 09:34:04,234 [INFO] IPUIPlugin:80 - create IPUIPlugin
2025-11-28 09:34:04,234 [INFO] PluginManager:220 - loadIPPluginJar : add freertos
2025-11-28 09:34:04,235 [INFO] IPUIPlugin:80 - create IPUIPlugin
2025-11-28 09:34:04,235 [INFO] PluginManager:220 - loadIPPluginJar : add genericplugin
2025-11-28 09:34:04,237 [INFO] IPUIPlugin:80 - create IPUIPlugin
2025-11-28 09:34:04,238 [INFO] PluginManager:220 - loadIPPluginJar : add gfxmmu
2025-11-28 09:34:04,241 [INFO] IPUIPlugin:80 - create IPUIPlugin
2025-11-28 09:34:04,241 [INFO] PluginManager:220 - loadIPPluginJar : add gic
2025-11-28 09:34:04,244 [INFO] IPUIPlugin:80 - create IPUIPlugin
2025-11-28 09:34:04,244 [INFO] PluginManager:220 - loadIPPluginJar : add gpio
2025-11-28 09:34:04,247 [INFO] IPUIPlugin:80 - create IPUIPlugin
2025-11-28 09:34:04,247 [INFO] PluginManager:220 - loadIPPluginJar : add gtzc
2025-11-28 09:34:04,250 [INFO] IPUIPlugin:80 - create IPUIPlugin
2025-11-28 09:34:04,250 [INFO] PluginManager:220 - loadIPPluginJar : add hash
2025-11-28 09:34:04,252 [INFO] IPUIPlugin:80 - create IPUIPlugin
2025-11-28 09:34:04,253 [INFO] PluginManager:220 - loadIPPluginJar : add i2c
2025-11-28 09:34:04,255 [INFO] IPUIPlugin:80 - create IPUIPlugin
2025-11-28 09:34:04,255 [INFO] PluginManager:220 - loadIPPluginJar : add i2s
2025-11-28 09:34:04,258 [INFO] IPUIPlugin:80 - create IPUIPlugin
2025-11-28 09:34:04,258 [INFO] PluginManager:220 - loadIPPluginJar : add i3c
2025-11-28 09:34:04,261 [INFO] IPUIPlugin:80 - create IPUIPlugin
2025-11-28 09:34:04,261 [INFO] PluginManager:220 - loadIPPluginJar : add ipddr
2025-11-28 09:34:04,269 [INFO] IPUIPlugin:80 - create IPUIPlugin
2025-11-28 09:34:04,270 [INFO] PluginManager:220 - loadIPPluginJar : add linkedlist
2025-11-28 09:34:04,273 [INFO] IPUIPlugin:80 - create IPUIPlugin
2025-11-28 09:34:04,273 [INFO] PluginManager:220 - loadIPPluginJar : add lorawan
2025-11-28 09:34:04,274 [INFO] IPUIPlugin:80 - create IPUIPlugin
2025-11-28 09:34:04,274 [INFO] PluginManager:220 - loadIPPluginJar : add ltdc
2025-11-28 09:34:04,278 [INFO] IPUIPlugin:80 - create IPUIPlugin
2025-11-28 09:34:04,278 [INFO] PluginManager:220 - loadIPPluginJar : add mdma
2025-11-28 09:34:04,281 [INFO] IPUIPlugin:80 - create IPUIPlugin
2025-11-28 09:34:04,281 [INFO] PluginManager:220 - loadIPPluginJar : add nvic
2025-11-28 09:34:04,284 [INFO] IPUIPlugin:80 - create IPUIPlugin
2025-11-28 09:34:04,284 [INFO] PluginManager:220 - loadIPPluginJar : add opamp
2025-11-28 09:34:04,286 [INFO] IPUIPlugin:80 - create IPUIPlugin
2025-11-28 09:34:04,286 [INFO] PluginManager:220 - loadIPPluginJar : add openamp
2025-11-28 09:34:04,289 [INFO] IPUIPlugin:80 - create IPUIPlugin
2025-11-28 09:34:04,289 [INFO] PluginManager:220 - loadIPPluginJar : add pdm2pcm
2025-11-28 09:34:04,293 [INFO] IPUIPlugin:80 - create IPUIPlugin
2025-11-28 09:34:04,295 [INFO] PluginManager:220 - loadIPPluginJar : add plateformsettings
2025-11-28 09:34:04,297 [INFO] IPUIPlugin:80 - create IPUIPlugin
2025-11-28 09:34:04,297 [INFO] PluginManager:220 - loadIPPluginJar : add quadspi
2025-11-28 09:34:04,298 [INFO] IPUIPlugin:80 - create IPUIPlugin
2025-11-28 09:34:04,299 [INFO] PluginManager:220 - loadIPPluginJar : add radio
2025-11-28 09:34:04,302 [INFO] IPUIPlugin:80 - create IPUIPlugin
2025-11-28 09:34:04,302 [INFO] PluginManager:220 - loadIPPluginJar : add resmgrutility
2025-11-28 09:34:04,304 [INFO] IPUIPlugin:80 - create IPUIPlugin
2025-11-28 09:34:04,304 [INFO] PluginManager:220 - loadIPPluginJar : add sai
2025-11-28 09:34:04,305 [INFO] IPUIPlugin:80 - create IPUIPlugin
2025-11-28 09:34:04,306 [INFO] PluginManager:220 - loadIPPluginJar : add spi
2025-11-28 09:34:04,310 [INFO] IPUIPlugin:80 - create IPUIPlugin
2025-11-28 09:34:04,310 [INFO] PluginManager:220 - loadIPPluginJar : add stm32_wpan
2025-11-28 09:34:04,311 [INFO] IPUIPlugin:80 - create IPUIPlugin
2025-11-28 09:34:04,311 [INFO] PluginManager:220 - loadIPPluginJar : add tim
2025-11-28 09:34:04,313 [INFO] IPUIPlugin:80 - create IPUIPlugin
2025-11-28 09:34:04,314 [INFO] PluginManager:220 - loadIPPluginJar : add touchsensing
2025-11-28 09:34:04,315 [INFO] IPUIPlugin:80 - create IPUIPlugin
2025-11-28 09:34:04,315 [INFO] PluginManager:220 - loadIPPluginJar : add tracer_emb
2025-11-28 09:34:04,317 [INFO] IPUIPlugin:80 - create IPUIPlugin
2025-11-28 09:34:04,317 [INFO] PluginManager:220 - loadIPPluginJar : add ts
2025-11-28 09:34:04,318 [INFO] IPUIPlugin:80 - create IPUIPlugin
2025-11-28 09:34:04,318 [INFO] PluginManager:220 - loadIPPluginJar : add tsc
2025-11-28 09:34:04,319 [INFO] IPUIPlugin:80 - create IPUIPlugin
2025-11-28 09:34:04,319 [INFO] PluginManager:220 - loadIPPluginJar : add ucpd
2025-11-28 09:34:04,321 [INFO] IPUIPlugin:80 - create IPUIPlugin
2025-11-28 09:34:04,321 [INFO] PluginManager:220 - loadIPPluginJar : add usart
2025-11-28 09:34:04,324 [INFO] IPUIPlugin:80 - create IPUIPlugin
2025-11-28 09:34:04,324 [INFO] PluginManager:220 - loadIPPluginJar : add usbx
2025-11-28 09:34:04,453 [FATAL] Updater:351 - Updater called before beeing initialized
2025-11-28 09:34:04,525 [INFO] RulesReader:64 - Compatibility file has been processed (317 Rules)
2025-11-28 09:34:04,531 [INFO] RulesReader:64 - Compatibility file has been processed (317 Rules)
2025-11-28 09:34:04,540 [INFO] CADModel:165 - CPN selected for project level
2025-11-28 09:34:04,540 [INFO] CADModel:114 - Register for checkConnection events
2025-11-28 09:34:04,540 [FATAL] Updater:351 - Updater called before beeing initialized
2025-11-28 09:34:04,541 [ERROR] CADModel:125 - Updater not yet initialized, retry later 
2025-11-28 09:34:04,668 [FATAL] Updater:351 - Updater called before beeing initialized
2025-11-28 09:34:04,672 [INFO] CADModel:165 - CPN selected for project level
2025-11-28 09:34:04,672 [INFO] CADModel:114 - Register for checkConnection events
2025-11-28 09:34:04,672 [FATAL] Updater:351 - Updater called before beeing initialized
2025-11-28 09:34:04,672 [ERROR] CADModel:125 - Updater not yet initialized, retry later 
2025-11-28 09:34:04,675 [FATAL] Updater:351 - Updater called before beeing initialized
2025-11-28 09:34:04,762 [FATAL] Updater:351 - Updater called before beeing initialized
2025-11-28 09:34:04,766 [INFO] DbMcusAds:53 - JSON generation date=Mon Nov 10 11:43:01 CET 2025 (1762771381118)
2025-11-28 09:34:04,766 [FATAL] Updater:351 - Updater called before beeing initialized
2025-11-28 09:34:04,793 [WARN] DetailPanel:346 - Failed to get advertising image, set to default
2025-11-28 09:34:04,862 [FATAL] Updater:351 - Updater called before beeing initialized
2025-11-28 09:34:04,863 [FATAL] Updater:351 - Updater called before beeing initialized
2025-11-28 09:34:04,863 [FATAL] Updater:351 - Updater called before beeing initialized
2025-11-28 09:34:04,863 [WARN] DetailPanel:346 - Failed to get advertising image, set to default
2025-11-28 09:34:04,864 [FATAL] Updater:351 - Updater called before beeing initialized
2025-11-28 09:34:04,899 [ERROR] Updater:1198 - MainUpdater not yet initialized. External WinMGr cannot be set.
2025-11-28 09:34:04,900 [INFO] Updater:1134 - Updater Version found : 6.15.0
2025-11-28 09:34:04,924 [INFO] ApplicationProperties:184 - Using Application install path: C:\ST\STM32CubeIDE_1.19.0\STM32CubeIDE\plugins\com.st.stm32cube.common.mx_6.15.0.202507011659
2025-11-28 09:34:05,482 [INFO] MainUpdater:2872 - connection check result : 10
2025-11-28 09:34:05,483 [INFO] MainUpdater:3604 - Updater definition file requires update
2025-11-28 09:34:05,483 [INFO] MainUpdater:289 - Updater Check For Update Now.
2025-11-28 09:34:05,483 [INFO] MicroXplorer:498 - Change Database Version : DB.6.0.150
2025-11-28 09:34:05,488 [INFO] McuFinderGlobals:63 - Set McuFinder mode to 2 (CubeIDE integrated)
2025-11-28 09:34:05,488 [INFO] UserAuth:171 - activating auth plugin
2025-11-28 09:34:05,490 [INFO] UserAuth:487 - Internet connection configuration mode: 1
2025-11-28 09:34:05,511 [INFO] JxBrowserEngine:152 - Initiate JxBrowser Engine with user profile folder
2025-11-28 09:34:05,542 [INFO] ServerAccessManage:452 - Complete download http(s) 200
2025-11-28 09:34:05,543 [INFO] ServerAccessManage:509 - Download File updaters.zip
2025-11-28 09:34:05,737 [INFO] FileExtend:248 - Unzip File : updaters.zip
2025-11-28 09:34:05,737 [INFO] FileExtend:263 - Standard Zip Deflate
2025-11-28 09:34:05,993 [INFO] ServerAccessManage:452 - Complete download http(s) 200
2025-11-28 09:34:05,993 [INFO] ServerAccessManage:509 - Download File PacksControlFlags.xml
2025-11-28 09:34:06,128 [INFO] ServerAccessManage:452 - Complete download http(s) 200
2025-11-28 09:34:06,128 [INFO] ServerAccessManage:509 - Download File cubemx.pidx
2025-11-28 09:34:06,680 [INFO] ServerAccessManage:452 - Complete download http(s) 200
2025-11-28 09:34:06,681 [INFO] ServerAccessManage:509 - Download File STMicroelectronics.X-CUBE-FREERTOS.pdsc
2025-11-28 09:34:06,702 [WARN] MainUpdater:1193 - Updater busy. Cannot search thirdparties
2025-11-28 09:34:06,702 [INFO] ThirdPartyUpdaterWithRetryManager:96 - Updater plugin is busy. [1/15]
2025-11-28 09:34:06,785 [INFO] WebApp:169 - Instantiating new browser for Auth
2025-11-28 09:34:07,373 [INFO] WebApp:463 - Apply proxy settings
2025-11-28 09:34:07,373 [INFO] WebApp:548 - Chromium requires no authentication
2025-11-28 09:34:07,383 [INFO] WebApp:491 - Direct internet connection detected
2025-11-28 09:34:07,402 [INFO] WebApp:900 - Register for checkConnection events
2025-11-28 09:34:07,403 [INFO] WebApp:463 - Apply proxy settings
2025-11-28 09:34:07,403 [INFO] WebApp:548 - Chromium requires no authentication
2025-11-28 09:34:07,403 [INFO] WebApp:491 - Direct internet connection detected
2025-11-28 09:34:07,596 [INFO] WebApp:225 - Starting web application
2025-11-28 09:34:07,596 [INFO] WebApp:593 - Web application path used C:\ST\STM32CubeIDE_1.19.0\STM32CubeIDE\plugins\com.st.stm32cube.common.mx_6.15.0.202507011659\db\plugins\mcufinder\reactClient1\index.html
2025-11-28 09:34:07,714 [INFO] ServerAccessManage:452 - Complete download http(s) 200
2025-11-28 09:34:07,715 [INFO] ServerAccessManage:509 - Download File STMicroelectronics.X-CUBE-MEMS1.pdsc
2025-11-28 09:34:07,801 [INFO] WebApp:191 - Connection restablished
2025-11-28 09:34:07,837 [ERROR] LogOutputStream:75 - [STDERR_REDIRECT] [Fatal Error] :1:1: Premature end of file.
2025-11-28 09:34:07,838 [ERROR] LogOutputStream:75 - [STDERR_REDIRECT] 
2025-11-28 09:34:08,818 [ERROR] LogOutputStream:75 - [STDERR_REDIRECT] [Fatal Error] :1:1: Premature end of file.
2025-11-28 09:34:08,818 [ERROR] LogOutputStream:75 - [STDERR_REDIRECT] 
2025-11-28 09:34:09,283 [INFO] ServerAccessManage:452 - Complete download http(s) 200
2025-11-28 09:34:09,283 [INFO] ServerAccessManage:509 - Download File STMicroelectronics.X-CUBE-AZRTOS-H7RS.pdsc
2025-11-28 09:34:09,703 [WARN] MainUpdater:1193 - Updater busy. Cannot search thirdparties
2025-11-28 09:34:09,703 [INFO] ThirdPartyUpdaterWithRetryManager:96 - Updater plugin is busy. [2/15]
2025-11-28 09:34:09,752 [INFO] ServerAccessManage:452 - Complete download http(s) 200
2025-11-28 09:34:09,753 [INFO] ServerAccessManage:509 - Download File Avnet-IOTCONNECT.X-CUBE-iotc-st67-sdk.pdsc
2025-11-28 09:34:09,902 [WARN] PackLoader:240 - Cannot read IP mode file for STMicroelectronics.X-CUBE-FREERTOS.1.4.0
2025-11-28 09:34:09,934 [ERROR] LogOutputStream:75 - [STDERR_REDIRECT] [Fatal Error] :1:1: Premature end of file.
2025-11-28 09:34:09,934 [ERROR] LogOutputStream:75 - [STDERR_REDIRECT] 
2025-11-28 09:34:09,968 [WARN] PackLoader:240 - Cannot read IP mode file for STMicroelectronics.X-CUBE-MEMS1.12.0.0
2025-11-28 09:34:10,000 [INFO] CheckServerUpdateThread:120 - End of CheckServer Thread
2025-11-28 09:34:10,056 [WARN] PackLoader:240 - Cannot read IP mode file for STMicroelectronics.X-CUBE-AZRTOS-H7RS.1.2.0
2025-11-28 09:34:10,068 [INFO] PopulateThirdPartyThread:66 - Ending populate Thread
2025-11-28 09:34:10,069 [INFO] ThirdParty:1030 - CMSIS Pack Vendor :STMicroelectronics X-CUBE-FREERTOS 1.4.0
2025-11-28 09:34:10,069 [INFO] ThirdParty:1030 - CMSIS Pack Vendor :STMicroelectronics X-CUBE-MEMS1 12.0.0
2025-11-28 09:34:10,069 [INFO] ThirdParty:1030 - CMSIS Pack Vendor :Avnet-IOTCONNECT X-CUBE-iotc-st67-sdk 1.0.0
2025-11-28 09:34:10,069 [INFO] ThirdParty:1030 - CMSIS Pack Vendor :STMicroelectronics X-CUBE-AZRTOS-H7RS 1.2.0
2025-11-28 09:34:10,070 [INFO] LoadServerUpdatesThread:375 - End of LoadServerUpdate Thread
2025-11-28 09:34:10,819 [ERROR] LogOutputStream:75 - [STDERR_REDIRECT] [Fatal Error] :1:1: Premature end of file.
2025-11-28 09:34:10,819 [ERROR] LogOutputStream:75 - [STDERR_REDIRECT] 
2025-11-28 09:34:11,823 [ERROR] LogOutputStream:75 - [STDERR_REDIRECT] [Fatal Error] :1:1: Premature end of file.
2025-11-28 09:34:11,824 [ERROR] LogOutputStream:75 - [STDERR_REDIRECT] 
2025-11-28 09:34:12,845 [ERROR] LogOutputStream:75 - [STDERR_REDIRECT] [Fatal Error] :1:1: Premature end of file.
2025-11-28 09:34:12,845 [ERROR] LogOutputStream:75 - [STDERR_REDIRECT] 
2025-11-28 09:34:12,881 [WARN] PackLoader:240 - Cannot read IP mode file for STMicroelectronics.FP-SNS-MOTENVWB1.1.4.0
2025-11-28 09:34:12,885 [WARN] PackLoader:240 - Cannot read IP mode file for STMicroelectronics.FP-ATR-ASTRA1.2.0.2
2025-11-28 09:34:12,892 [WARN] PackLoader:240 - Cannot read IP mode file for STMicroelectronics.X-CUBE-SMBUS.2.1.0
2025-11-28 09:34:12,894 [WARN] PackLoader:240 - Cannot read IP mode file for STMicroelectronics.X-CUBE-ST60.1.0.0
2025-11-28 09:34:12,902 [WARN] PackLoader:240 - Cannot read IP mode file for STMicroelectronics.X-CUBE-AZRTOS-F7.1.1.0
2025-11-28 09:34:12,906 [WARN] PackLoader:240 - Cannot read IP mode file for STMicroelectronics.FP-SNS-MOTENV1.5.1.0
2025-11-28 09:34:12,924 [WARN] PackLoader:240 - Cannot read IP mode file for Infineon.AIROC-Wi-Fi-Bluetooth-STM32.1.7.1
2025-11-28 09:34:12,999 [WARN] PackLoader:240 - Cannot read IP mode file for STMicroelectronics.X-CUBE-AZRTOS-H7.3.4.0
2025-11-28 09:34:13,007 [WARN] PackLoader:240 - Cannot read IP mode file for STMicroelectronics.X-CUBE-DISPLAY.3.0.0
2025-11-28 09:34:13,013 [WARN] PackLoader:240 - Cannot read IP mode file for STMicroelectronics.X-CUBE-NFC10.1.0.0
2025-11-28 09:34:13,020 [WARN] PackLoader:240 - Cannot read IP mode file for STMicroelectronics.X-CUBE-ST60.1.1.0
2025-11-28 09:34:13,025 [WARN] PackLoader:240 - Cannot read IP mode file for emotas.I-CUBE-CANOPEN.1.3.0
2025-11-28 09:34:13,031 [WARN] PackLoader:240 - Cannot read IP mode file for STMicroelectronics.X-CUBE-GNSS1.7.1.0
2025-11-28 09:34:13,037 [WARN] ConditionMgr:438 - getConditionDescription Invalid condition id : Cortex-A Device cause : null
2025-11-28 09:34:13,041 [WARN] ConditionMgr:1044 - genDependencies : Invalid condition id : Cortex-A Device cause : null
2025-11-28 09:34:13,042 [WARN] ConditionMgr:1044 - genDependencies : Invalid condition id : Cortex-A Device cause : null
2025-11-28 09:34:13,042 [WARN] ConditionMgr:1044 - genDependencies : Invalid condition id : Cortex-A Device cause : null
2025-11-28 09:34:13,051 [WARN] PackLoader:240 - Cannot read IP mode file for STMicroelectronics.FP-SNS-STBOX1.2.1.0
2025-11-28 09:34:13,088 [WARN] PackLoader:240 - Cannot read IP mode file for STMicroelectronics.FP-SNS-SMARTAG2.1.2.0
2025-11-28 09:34:13,092 [WARN] PackLoader:240 - Cannot read IP mode file for STMicroelectronics.FP-SNS-FLIGHT1.5.1.0
2025-11-28 09:34:13,098 [INFO] LogOutputStream:77 - [STDOUT_REDIRECT] 1 : Invalid condition id : UX_CORESTACK_Condition cause : null
2025-11-28 09:34:13,098 [INFO] LogOutputStream:77 - [STDOUT_REDIRECT] 1 : Invalid condition id : UX_CORESTACK_Condition cause : null
2025-11-28 09:34:13,100 [INFO] LogOutputStream:77 - [STDOUT_REDIRECT] 1 : Invalid condition id : UX_CORESTACK_Condition cause : null
2025-11-28 09:34:13,101 [INFO] LogOutputStream:77 - [STDOUT_REDIRECT] 1 : Invalid condition id : UX_CORESTACK_Condition cause : null
2025-11-28 09:34:13,102 [INFO] LogOutputStream:77 - [STDOUT_REDIRECT] 1 : Invalid condition id : UX_CORESTACK_Condition cause : null
2025-11-28 09:34:13,103 [WARN] PackLoader:240 - Cannot read IP mode file for STMicroelectronics.X-CUBE-AZRTOS-WL.2.0.0
2025-11-28 09:34:13,107 [WARN] PackLoader:240 - Cannot read IP mode file for STMicroelectronics.FP-SNS-MOTENV1.5.0.0
2025-11-28 09:34:13,117 [WARN] PackLoader:240 - Cannot read IP mode file for STMicroelectronics.X-CUBE-AZRTOS-H7RS.1.2.0
2025-11-28 09:34:13,123 [WARN] PackLoader:240 - Cannot read IP mode file for WES.I-CUBE-Cesium.1.3.0
2025-11-28 09:34:13,127 [WARN] PackLoader:240 - Cannot read IP mode file for STMicroelectronics.X-CUBE-BLE2.3.3.0
2025-11-28 09:34:13,138 [WARN] PackLoader:240 - Cannot read IP mode file for STMicroelectronics.X-CUBE-NFC9.1.0.0
2025-11-28 09:34:13,142 [WARN] PackLoader:240 - Cannot read IP mode file for wolfSSL.I-CUBE-wolfSSL.5.8.0
2025-11-28 09:34:13,146 [WARN] PackLoader:240 - Cannot read IP mode file for STMicroelectronics.X-CUBE-BLE1.7.1.0
2025-11-28 09:34:13,187 [WARN] PackLoader:240 - Cannot read IP mode file for wolfSSL.I-CUBE-wolfMQTT.1.19.2
2025-11-28 09:34:13,191 [WARN] PackLoader:240 - Cannot read IP mode file for STMicroelectronics.X-CUBE-FREERTOS.1.4.0
2025-11-28 09:34:13,197 [WARN] PackLoader:240 - Cannot read IP mode file for STMicroelectronics.X-CUBE-EEPRMA1.5.2.0
2025-11-28 09:34:13,203 [WARN] PackLoader:240 - Cannot read IP mode file for STMicroelectronics.X-CUBE-ST67W61.1.1.0
2025-11-28 09:34:13,207 [WARN] PackLoader:240 - Cannot read IP mode file for STMicroelectronics.X-CUBE-AI.10.1.0
2025-11-28 09:34:13,224 [WARN] PackLoader:240 - Cannot read IP mode file for STMicroelectronics.X-CUBE-MEMS1.12.0.0
2025-11-28 09:34:13,261 [WARN] PackLoader:240 - Cannot read IP mode file for STMicroelectronics.X-CUBE-AZRTOS-G0.1.1.0
2025-11-28 09:34:13,266 [WARN] PackLoader:240 - Cannot read IP mode file for STMicroelectronics.X-CUBE-SAFEA1.1.2.2
2025-11-28 09:34:13,271 [WARN] PackLoader:240 - Cannot read IP mode file for STMicroelectronics.X-CUBE-NFC4.3.0.0
2025-11-28 09:34:13,276 [WARN] PackLoader:240 - Cannot read IP mode file for EmbeddedOffice.I-CUBE-FS-RTOS.1.0.1
2025-11-28 09:34:13,282 [WARN] PackLoader:240 - Cannot read IP mode file for STMicroelectronics.X-CUBE-WB05N.2.0.0
2025-11-28 09:34:13,287 [WARN] PackLoader:240 - Cannot read IP mode file for wolfSSL.I-CUBE-wolfTPM.3.8.0
2025-11-28 09:34:13,291 [WARN] PackLoader:240 - Cannot read IP mode file for STMicroelectronics.X-CUBE-TCPP.4.2.0
2025-11-28 09:34:13,294 [WARN] PackLoader:240 - Cannot read IP mode file for RealThread.X-CUBE-RT-Thread_Nano.4.1.1
2025-11-28 09:34:13,296 [WARN] PackLoader:240 - Cannot read IP mode file for STMicroelectronics.FP-ATR-SIGFOX1.3.2.0
2025-11-28 09:34:13,299 [WARN] PackLoader:240 - Cannot read IP mode file for ITTIA_DB.I-CUBE-ITTIADB.8.9.0
2025-11-28 09:34:13,303 [WARN] PackLoader:240 - Cannot read IP mode file for STMicroelectronics.X-CUBE-ST67W61.1.0.0
2025-11-28 09:34:13,306 [WARN] PackLoader:240 - Cannot read IP mode file for STMicroelectronics.X-CUBE-AI.10.2.0
2025-11-28 09:34:13,318 [WARN] PackLoader:240 - Cannot read IP mode file for SEGGER.I-CUBE-embOS.1.3.1
2025-11-28 09:34:13,333 [WARN] PackLoader:240 - Cannot read IP mode file for STMicroelectronics.X-CUBE-ALGOBUILD.1.4.0
2025-11-28 09:34:13,372 [WARN] PackLoader:240 - Cannot read IP mode file for STMicroelectronics.X-CUBE-MEMS1.11.3.0
2025-11-28 09:34:13,442 [WARN] PackLoader:240 - Cannot read IP mode file for STMicroelectronics.X-CUBE-PM33A1.1.0.0
2025-11-28 09:34:13,449 [WARN] PackLoader:240 - Cannot read IP mode file for STMicroelectronics.X-CUBE-AZRTOS-F4.1.1.0
2025-11-28 09:34:13,454 [WARN] PackLoader:240 - Cannot read IP mode file for Avnet-IotConnect.X-CUBE-IoTC-DA16k-PMOD.1.0.0
2025-11-28 09:34:13,458 [WARN] PackLoader:240 - Cannot read IP mode file for STMicroelectronics.X-CUBE-ISPU.2.1.0
2025-11-28 09:34:13,465 [WARN] PackLoader:240 - Cannot read IP mode file for STMicroelectronics.X-CUBE-IPS.3.2.0
2025-11-28 09:34:13,472 [WARN] PackLoader:240 - Cannot read IP mode file for STMicroelectronics.X-CUBE-NFC12.1.0.0
2025-11-28 09:34:13,478 [WARN] PackLoader:240 - Cannot read IP mode file for STMicroelectronics.X-CUBE-AZRTOS-L5.2.0.0
2025-11-28 09:34:13,483 [WARN] PackLoader:240 - Cannot read IP mode file for STMicroelectronics.X-CUBE-NFC6.3.1.0
2025-11-28 09:34:13,489 [WARN] PackLoader:240 - Cannot read IP mode file for STMicroelectronics.X-CUBE-FREERTOS.1.3.1
2025-11-28 09:34:13,492 [WARN] PackLoader:240 - Cannot read IP mode file for STMicroelectronics.X-CUBE-TOUCHGFX.4.26.0
2025-11-28 09:34:13,498 [WARN] PackLoader:240 - Cannot read IP mode file for STMicroelectronics.FP-SNS-STAIOTCFT.1.0.0
2025-11-28 09:34:13,505 [WARN] PackLoader:240 - Cannot read IP mode file for STMicroelectronics.X-CUBE-DPower.1.3.0
2025-11-28 09:34:13,513 [WARN] ConditionMgr:438 - getConditionDescription Invalid condition id : LAN8742 Phy interface Condition cause : null
2025-11-28 09:34:13,513 [WARN] PackLoader:240 - Cannot read IP mode file for STMicroelectronics.X-CUBE-AZRTOS-L4.2.0.0
2025-11-28 09:34:13,514 [WARN] ConditionMgr:1044 - genDependencies : Invalid condition id : LAN8742 Phy interface Condition cause : null
2025-11-28 09:34:13,514 [WARN] ConditionMgr:1044 - genDependencies : Invalid condition id : LAN8742 Phy interface Condition cause : null
2025-11-28 09:34:13,515 [WARN] ConditionMgr:1044 - genDependencies : Invalid condition id : LAN8742 Phy interface Condition cause : null
2025-11-28 09:34:13,520 [WARN] PackLoader:240 - Cannot read IP mode file for STMicroelectronics.X-CUBE-SFXS2LP1.4.0.0
2025-11-28 09:34:13,526 [WARN] PackLoader:240 - Cannot read IP mode file for STMicroelectronics.X-CUBE-BLEMGR.4.1.0
2025-11-28 09:34:13,556 [WARN] ConditionMgr:438 - getConditionDescription Invalid condition id : UX DEVICE CLASS RTOS Condition cause : null
2025-11-28 09:34:13,556 [WARN] ConditionMgr:438 - getConditionDescription Invalid condition id : UX DEVICE CLASS RTOS Condition cause : null
2025-11-28 09:34:13,557 [WARN] PackLoader:240 - Cannot read IP mode file for STMicroelectronics.X-CUBE-AZRTOS-WB.2.0.0
2025-11-28 09:34:13,557 [WARN] ConditionMgr:1044 - genDependencies : Invalid condition id : UX DEVICE CLASS RTOS Condition cause : null
2025-11-28 09:34:13,557 [WARN] ConditionMgr:1044 - genDependencies : Invalid condition id : UX DEVICE CLASS RTOS Condition cause : null
2025-11-28 09:34:13,557 [WARN] ConditionMgr:1044 - genDependencies : Invalid condition id : UX DEVICE CLASS RTOS Condition cause : null
2025-11-28 09:34:13,557 [WARN] ConditionMgr:1044 - genDependencies : Invalid condition id : UX DEVICE CLASS RTOS Condition cause : null
2025-11-28 09:34:13,557 [WARN] ConditionMgr:1044 - genDependencies : Invalid condition id : UX DEVICE CLASS RTOS Condition cause : null
2025-11-28 09:34:13,561 [WARN] PackLoader:240 - Cannot read IP mode file for STMicroelectronics.X-CUBE-GNSS1.7.0.1
2025-11-28 09:34:13,564 [WARN] PackLoader:240 - Cannot read IP mode file for STMicroelectronics.X-CUBE-TOUCHGFX.4.25.0
2025-11-28 09:34:13,568 [WARN] PackLoader:240 - Cannot read IP mode file for STMicroelectronics.FP-SNS-STBOX1.2.0.0
2025-11-28 09:34:13,573 [WARN] PackLoader:240 - Cannot read IP mode file for STMicroelectronics.X-CUBE-SUBG2.5.0.0
2025-11-28 09:34:13,582 [WARN] PackLoader:240 - Cannot read IP mode file for STMicroelectronics.X-CUBE-AZRTOS-H7RS.1.1.0
2025-11-28 09:34:13,588 [WARN] PackLoader:240 - Cannot read IP mode file for Cesanta.I-CUBE-Mongoose.7.13.0
2025-11-28 09:34:13,594 [WARN] PackLoader:240 - Cannot read IP mode file for STMicroelectronics.X-CUBE-AZRTOS-G4.2.0.0
2025-11-28 09:34:13,599 [WARN] PackLoader:240 - Cannot read IP mode file for wolfSSL.I-CUBE-wolfSSH.1.4.20
2025-11-28 09:34:13,603 [WARN] PackLoader:240 - Cannot read IP mode file for STMicroelectronics.X-CUBE-NFC7.2.0.0
2025-11-28 09:34:13,609 [WARN] PackLoader:240 - Cannot read IP mode file for STMicroelectronics.X-CUBE-IPS.3.1.0
2025-11-28 09:34:13,614 [WARN] PackLoader:240 - Cannot read IP mode file for STMicroelectronics.X-CUBE-ALS.1.0.2
2025-11-28 09:34:13,619 [WARN] PackLoader:240 - Cannot read IP mode file for STMicroelectronics.X-CUBE-STSE01.1.0.0
2025-11-28 09:34:13,625 [WARN] PackLoader:240 - Cannot read IP mode file for portGmbH.I-Cube-SoM-uGOAL.1.1.0
2025-11-28 09:34:13,630 [WARN] PackLoader:240 - Cannot read IP mode file for STMicroelectronics.X-CUBE-TOF1.3.4.3
2025-11-28 09:34:13,635 [INFO] ThirdParty:978 - Integrity check success = true
2025-11-28 09:34:13,635 [INFO] IntegrityCheckThread:100 - exiting critical section [integrity check]
2025-11-28 09:34:13,635 [INFO] IntegrityCheckThread:103 - End integrity checks thread
2025-11-28 09:34:13,817 [ERROR] LogOutputStream:75 - [STDERR_REDIRECT] [Fatal Error] :1:1: Premature end of file.
2025-11-28 09:34:13,817 [ERROR] LogOutputStream:75 - [STDERR_REDIRECT] 
2025-11-28 09:34:14,817 [ERROR] LogOutputStream:75 - [STDERR_REDIRECT] [Fatal Error] :1:1: Premature end of file.
2025-11-28 09:34:14,817 [ERROR] LogOutputStream:75 - [STDERR_REDIRECT] 
2025-11-28 09:34:15,818 [ERROR] LogOutputStream:75 - [STDERR_REDIRECT] [Fatal Error] :1:1: Premature end of file.
2025-11-28 09:34:15,818 [ERROR] LogOutputStream:75 - [STDERR_REDIRECT] 
2025-11-28 09:34:16,829 [ERROR] LogOutputStream:75 - [STDERR_REDIRECT] [Fatal Error] :1:1: Premature end of file.
2025-11-28 09:34:16,829 [ERROR] LogOutputStream:75 - [STDERR_REDIRECT] 
2025-11-28 09:34:17,818 [ERROR] LogOutputStream:75 - [STDERR_REDIRECT] [Fatal Error] :1:1: Premature end of file.
2025-11-28 09:34:17,818 [ERROR] LogOutputStream:75 - [STDERR_REDIRECT] 
2025-11-28 09:34:18,819 [ERROR] LogOutputStream:75 - [STDERR_REDIRECT] [Fatal Error] :1:1: Premature end of file.
2025-11-28 09:34:18,819 [ERROR] LogOutputStream:75 - [STDERR_REDIRECT] 
2025-11-28 09:34:19,819 [ERROR] LogOutputStream:75 - [STDERR_REDIRECT] [Fatal Error] :1:1: Premature end of file.
2025-11-28 09:34:19,819 [ERROR] LogOutputStream:75 - [STDERR_REDIRECT] 
2025-11-28 09:34:20,816 [ERROR] LogOutputStream:75 - [STDERR_REDIRECT] [Fatal Error] :1:1: Premature end of file.
2025-11-28 09:34:20,816 [ERROR] LogOutputStream:75 - [STDERR_REDIRECT] 
2025-11-28 09:34:21,815 [ERROR] LogOutputStream:75 - [STDERR_REDIRECT] [Fatal Error] :1:1: Premature end of file.
2025-11-28 09:34:21,815 [ERROR] LogOutputStream:75 - [STDERR_REDIRECT] 
2025-11-28 09:34:22,817 [ERROR] LogOutputStream:75 - [STDERR_REDIRECT] [Fatal Error] :1:1: Premature end of file.
2025-11-28 09:34:22,817 [ERROR] LogOutputStream:75 - [STDERR_REDIRECT] 
2025-11-28 09:34:23,840 [ERROR] LogOutputStream:75 - [STDERR_REDIRECT] [Fatal Error] :1:1: Premature end of file.
2025-11-28 09:34:23,840 [ERROR] LogOutputStream:75 - [STDERR_REDIRECT] 
2025-11-28 09:34:24,815 [ERROR] LogOutputStream:75 - [STDERR_REDIRECT] [Fatal Error] :1:1: Premature end of file.
2025-11-28 09:34:24,815 [ERROR] LogOutputStream:75 - [STDERR_REDIRECT] 
2025-11-28 09:34:25,821 [ERROR] LogOutputStream:75 - [STDERR_REDIRECT] [Fatal Error] :1:1: Premature end of file.
2025-11-28 09:34:25,821 [ERROR] LogOutputStream:75 - [STDERR_REDIRECT] 
2025-11-28 09:34:26,817 [ERROR] LogOutputStream:75 - [STDERR_REDIRECT] [Fatal Error] :1:1: Premature end of file.
2025-11-28 09:34:26,817 [ERROR] LogOutputStream:75 - [STDERR_REDIRECT] 
2025-11-28 09:34:27,831 [ERROR] LogOutputStream:75 - [STDERR_REDIRECT] [Fatal Error] :1:1: Premature end of file.
2025-11-28 09:34:27,831 [ERROR] LogOutputStream:75 - [STDERR_REDIRECT] 
2025-11-28 09:34:28,871 [ERROR] LogOutputStream:75 - [STDERR_REDIRECT] [Fatal Error] :1:1: Premature end of file.
2025-11-28 09:34:28,871 [ERROR] LogOutputStream:75 - [STDERR_REDIRECT] 
2025-11-28 09:34:29,821 [ERROR] LogOutputStream:75 - [STDERR_REDIRECT] [Fatal Error] :1:1: Premature end of file.
2025-11-28 09:34:29,821 [ERROR] LogOutputStream:75 - [STDERR_REDIRECT] 
2025-11-28 09:34:30,815 [ERROR] LogOutputStream:75 - [STDERR_REDIRECT] [Fatal Error] :1:1: Premature end of file.
2025-11-28 09:34:30,815 [ERROR] LogOutputStream:75 - [STDERR_REDIRECT] 
2025-11-28 09:34:31,820 [ERROR] LogOutputStream:75 - [STDERR_REDIRECT] [Fatal Error] :1:1: Premature end of file.
2025-11-28 09:34:31,820 [ERROR] LogOutputStream:75 - [STDERR_REDIRECT] 
2025-11-28 09:34:32,875 [ERROR] LogOutputStream:75 - [STDERR_REDIRECT] [Fatal Error] :1:1: Premature end of file.
2025-11-28 09:34:32,875 [ERROR] LogOutputStream:75 - [STDERR_REDIRECT] 
2025-11-28 09:34:33,833 [ERROR] LogOutputStream:75 - [STDERR_REDIRECT] [Fatal Error] :1:1: Premature end of file.
2025-11-28 09:34:33,834 [ERROR] LogOutputStream:75 - [STDERR_REDIRECT] 
2025-11-28 09:34:34,832 [ERROR] LogOutputStream:75 - [STDERR_REDIRECT] [Fatal Error] :1:1: Premature end of file.
2025-11-28 09:34:34,832 [ERROR] LogOutputStream:75 - [STDERR_REDIRECT] 
2025-11-28 09:34:35,822 [ERROR] LogOutputStream:75 - [STDERR_REDIRECT] [Fatal Error] :1:1: Premature end of file.
2025-11-28 09:34:35,823 [ERROR] LogOutputStream:75 - [STDERR_REDIRECT] 
2025-11-28 09:34:36,836 [ERROR] LogOutputStream:75 - [STDERR_REDIRECT] [Fatal Error] :1:1: Premature end of file.
2025-11-28 09:34:36,836 [ERROR] LogOutputStream:75 - [STDERR_REDIRECT] 
2025-11-28 09:34:37,814 [ERROR] LogOutputStream:75 - [STDERR_REDIRECT] [Fatal Error] :1:1: Premature end of file.
2025-11-28 09:34:37,814 [ERROR] LogOutputStream:75 - [STDERR_REDIRECT] 
2025-11-28 09:34:38,818 [ERROR] LogOutputStream:75 - [STDERR_REDIRECT] [Fatal Error] :1:1: Premature end of file.
2025-11-28 09:34:38,819 [ERROR] LogOutputStream:75 - [STDERR_REDIRECT] 
2025-11-28 09:34:39,815 [ERROR] LogOutputStream:75 - [STDERR_REDIRECT] [Fatal Error] :1:1: Premature end of file.
2025-11-28 09:34:39,815 [ERROR] LogOutputStream:75 - [STDERR_REDIRECT] 
2025-11-28 09:34:40,817 [ERROR] LogOutputStream:75 - [STDERR_REDIRECT] [Fatal Error] :1:1: Premature end of file.
2025-11-28 09:34:40,817 [ERROR] LogOutputStream:75 - [STDERR_REDIRECT] 
2025-11-28 09:34:41,821 [ERROR] LogOutputStream:75 - [STDERR_REDIRECT] [Fatal Error] :1:1: Premature end of file.
2025-11-28 09:34:41,821 [ERROR] LogOutputStream:75 - [STDERR_REDIRECT] 
2025-11-28 09:34:42,869 [ERROR] LogOutputStream:75 - [STDERR_REDIRECT] [Fatal Error] :1:1: Premature end of file.
2025-11-28 09:34:42,869 [ERROR] LogOutputStream:75 - [STDERR_REDIRECT] 
2025-11-28 09:34:43,819 [ERROR] LogOutputStream:75 - [STDERR_REDIRECT] [Fatal Error] :1:1: Premature end of file.
2025-11-28 09:34:43,819 [ERROR] LogOutputStream:75 - [STDERR_REDIRECT] 
2025-11-28 09:34:44,816 [ERROR] LogOutputStream:75 - [STDERR_REDIRECT] [Fatal Error] :1:1: Premature end of file.
2025-11-28 09:34:44,816 [ERROR] LogOutputStream:75 - [STDERR_REDIRECT] 
2025-11-28 09:34:45,818 [ERROR] LogOutputStream:75 - [STDERR_REDIRECT] [Fatal Error] :1:1: Premature end of file.
2025-11-28 09:34:45,818 [ERROR] LogOutputStream:75 - [STDERR_REDIRECT] 
2025-11-28 09:34:47,001 [ERROR] LogOutputStream:75 - [STDERR_REDIRECT] [Fatal Error] :1:1: Premature end of file.
2025-11-28 09:34:47,001 [ERROR] LogOutputStream:75 - [STDERR_REDIRECT] 
2025-11-28 09:34:47,834 [ERROR] LogOutputStream:75 - [STDERR_REDIRECT] [Fatal Error] :1:1: Premature end of file.
2025-11-28 09:34:47,834 [ERROR] LogOutputStream:75 - [STDERR_REDIRECT] 
2025-11-28 09:34:48,836 [ERROR] LogOutputStream:75 - [STDERR_REDIRECT] [Fatal Error] :1:1: Premature end of file.
2025-11-28 09:34:48,836 [ERROR] LogOutputStream:75 - [STDERR_REDIRECT] 
2025-11-28 09:34:49,825 [ERROR] LogOutputStream:75 - [STDERR_REDIRECT] [Fatal Error] :1:1: Premature end of file.
2025-11-28 09:34:49,826 [ERROR] LogOutputStream:75 - [STDERR_REDIRECT] 
2025-11-28 09:34:50,824 [ERROR] LogOutputStream:75 - [STDERR_REDIRECT] [Fatal Error] :1:1: Premature end of file.
2025-11-28 09:34:50,824 [ERROR] LogOutputStream:75 - [STDERR_REDIRECT] 
2025-11-28 09:34:51,850 [ERROR] LogOutputStream:75 - [STDERR_REDIRECT] [Fatal Error] :1:1: Premature end of file.
2025-11-28 09:34:51,851 [ERROR] LogOutputStream:75 - [STDERR_REDIRECT] 
2025-11-28 09:34:52,836 [ERROR] LogOutputStream:75 - [STDERR_REDIRECT] [Fatal Error] :1:1: Premature end of file.
2025-11-28 09:34:52,836 [ERROR] LogOutputStream:75 - [STDERR_REDIRECT] 
2025-11-28 09:34:53,830 [ERROR] LogOutputStream:75 - [STDERR_REDIRECT] [Fatal Error] :1:1: Premature end of file.
2025-11-28 09:34:53,830 [ERROR] LogOutputStream:75 - [STDERR_REDIRECT] 
2025-11-28 09:34:54,819 [ERROR] LogOutputStream:75 - [STDERR_REDIRECT] [Fatal Error] :1:1: Premature end of file.
2025-11-28 09:34:54,820 [ERROR] LogOutputStream:75 - [STDERR_REDIRECT] 
2025-11-28 09:34:55,829 [ERROR] LogOutputStream:75 - [STDERR_REDIRECT] [Fatal Error] :1:1: Premature end of file.
2025-11-28 09:34:55,830 [ERROR] LogOutputStream:75 - [STDERR_REDIRECT] 
2025-11-28 09:34:56,820 [ERROR] LogOutputStream:75 - [STDERR_REDIRECT] [Fatal Error] :1:1: Premature end of file.
2025-11-28 09:34:56,820 [ERROR] LogOutputStream:75 - [STDERR_REDIRECT] 
2025-11-28 09:34:57,841 [ERROR] LogOutputStream:75 - [STDERR_REDIRECT] [Fatal Error] :1:1: Premature end of file.
2025-11-28 09:34:57,841 [ERROR] LogOutputStream:75 - [STDERR_REDIRECT] 
2025-11-28 09:34:58,835 [ERROR] LogOutputStream:75 - [STDERR_REDIRECT] [Fatal Error] :1:1: Premature end of file.
2025-11-28 09:34:58,835 [ERROR] LogOutputStream:75 - [STDERR_REDIRECT] 
2025-11-28 09:34:59,832 [ERROR] LogOutputStream:75 - [STDERR_REDIRECT] [Fatal Error] :1:1: Premature end of file.
2025-11-28 09:34:59,833 [ERROR] LogOutputStream:75 - [STDERR_REDIRECT] 
2025-11-28 09:35:00,822 [ERROR] LogOutputStream:75 - [STDERR_REDIRECT] [Fatal Error] :1:1: Premature end of file.
2025-11-28 09:35:00,822 [ERROR] LogOutputStream:75 - [STDERR_REDIRECT] 
2025-11-28 09:35:01,821 [ERROR] LogOutputStream:75 - [STDERR_REDIRECT] [Fatal Error] :1:1: Premature end of file.
2025-11-28 09:35:01,821 [ERROR] LogOutputStream:75 - [STDERR_REDIRECT] 
2025-11-28 09:35:02,818 [ERROR] LogOutputStream:75 - [STDERR_REDIRECT] [Fatal Error] :1:1: Premature end of file.
2025-11-28 09:35:02,818 [ERROR] LogOutputStream:75 - [STDERR_REDIRECT] 
2025-11-28 09:35:03,828 [ERROR] LogOutputStream:75 - [STDERR_REDIRECT] [Fatal Error] :1:1: Premature end of file.
2025-11-28 09:35:03,828 [ERROR] LogOutputStream:75 - [STDERR_REDIRECT] 
2025-11-28 09:35:04,824 [ERROR] LogOutputStream:75 - [STDERR_REDIRECT] [Fatal Error] :1:1: Premature end of file.
2025-11-28 09:35:04,824 [ERROR] LogOutputStream:75 - [STDERR_REDIRECT] 
2025-11-28 09:35:05,818 [ERROR] LogOutputStream:75 - [STDERR_REDIRECT] [Fatal Error] :1:1: Premature end of file.
2025-11-28 09:35:05,818 [ERROR] LogOutputStream:75 - [STDERR_REDIRECT] 
2025-11-28 09:35:06,820 [ERROR] LogOutputStream:75 - [STDERR_REDIRECT] [Fatal Error] :1:1: Premature end of file.
2025-11-28 09:35:06,822 [ERROR] LogOutputStream:75 - [STDERR_REDIRECT] 
2025-11-28 09:35:07,826 [ERROR] LogOutputStream:75 - [STDERR_REDIRECT] [Fatal Error] :1:1: Premature end of file.
2025-11-28 09:35:07,826 [ERROR] LogOutputStream:75 - [STDERR_REDIRECT] 
2025-11-28 09:35:08,838 [ERROR] LogOutputStream:75 - [STDERR_REDIRECT] [Fatal Error] :1:1: Premature end of file.
2025-11-28 09:35:08,838 [ERROR] LogOutputStream:75 - [STDERR_REDIRECT] 
2025-11-28 09:35:09,820 [ERROR] LogOutputStream:75 - [STDERR_REDIRECT] [Fatal Error] :1:1: Premature end of file.
2025-11-28 09:35:09,820 [ERROR] LogOutputStream:75 - [STDERR_REDIRECT] 
2025-11-28 09:35:10,821 [ERROR] LogOutputStream:75 - [STDERR_REDIRECT] [Fatal Error] :1:1: Premature end of file.
2025-11-28 09:35:10,821 [ERROR] LogOutputStream:75 - [STDERR_REDIRECT] 
2025-11-28 09:35:11,829 [ERROR] LogOutputStream:75 - [STDERR_REDIRECT] [Fatal Error] :1:1: Premature end of file.
2025-11-28 09:35:11,829 [ERROR] LogOutputStream:75 - [STDERR_REDIRECT] 
2025-11-28 09:35:12,829 [ERROR] LogOutputStream:75 - [STDERR_REDIRECT] [Fatal Error] :1:1: Premature end of file.
2025-11-28 09:35:12,829 [ERROR] LogOutputStream:75 - [STDERR_REDIRECT] 
2025-11-28 09:35:13,821 [ERROR] LogOutputStream:75 - [STDERR_REDIRECT] [Fatal Error] :1:1: Premature end of file.
2025-11-28 09:35:13,821 [ERROR] LogOutputStream:75 - [STDERR_REDIRECT] 
2025-11-28 09:35:14,814 [ERROR] LogOutputStream:75 - [STDERR_REDIRECT] [Fatal Error] :1:1: Premature end of file.
2025-11-28 09:35:14,814 [ERROR] LogOutputStream:75 - [STDERR_REDIRECT] 
2025-11-28 09:35:15,818 [ERROR] LogOutputStream:75 - [STDERR_REDIRECT] [Fatal Error] :1:1: Premature end of file.
2025-11-28 09:35:15,818 [ERROR] LogOutputStream:75 - [STDERR_REDIRECT] 
2025-11-28 09:35:16,815 [ERROR] LogOutputStream:75 - [STDERR_REDIRECT] [Fatal Error] :1:1: Premature end of file.
2025-11-28 09:35:16,815 [ERROR] LogOutputStream:75 - [STDERR_REDIRECT] 
2025-11-28 09:35:17,815 [ERROR] LogOutputStream:75 - [STDERR_REDIRECT] [Fatal Error] :1:1: Premature end of file.
2025-11-28 09:35:17,815 [ERROR] LogOutputStream:75 - [STDERR_REDIRECT] 
2025-11-28 09:35:18,815 [ERROR] LogOutputStream:75 - [STDERR_REDIRECT] [Fatal Error] :1:1: Premature end of file.
2025-11-28 09:35:18,815 [ERROR] LogOutputStream:75 - [STDERR_REDIRECT] 
2025-11-28 09:35:19,819 [ERROR] LogOutputStream:75 - [STDERR_REDIRECT] [Fatal Error] :1:1: Premature end of file.
2025-11-28 09:35:19,819 [ERROR] LogOutputStream:75 - [STDERR_REDIRECT] 
2025-11-28 09:35:20,815 [ERROR] LogOutputStream:75 - [STDERR_REDIRECT] [Fatal Error] :1:1: Premature end of file.
2025-11-28 09:35:20,815 [ERROR] LogOutputStream:75 - [STDERR_REDIRECT] 
2025-11-28 09:35:21,815 [ERROR] LogOutputStream:75 - [STDERR_REDIRECT] [Fatal Error] :1:1: Premature end of file.
2025-11-28 09:35:21,815 [ERROR] LogOutputStream:75 - [STDERR_REDIRECT] 
2025-11-28 09:35:22,814 [ERROR] LogOutputStream:75 - [STDERR_REDIRECT] [Fatal Error] :1:1: Premature end of file.
2025-11-28 09:35:22,814 [ERROR] LogOutputStream:75 - [STDERR_REDIRECT] 
2025-11-28 09:35:23,817 [ERROR] LogOutputStream:75 - [STDERR_REDIRECT] [Fatal Error] :1:1: Premature end of file.
2025-11-28 09:35:23,818 [ERROR] LogOutputStream:75 - [STDERR_REDIRECT] 
2025-11-28 09:35:24,815 [ERROR] LogOutputStream:75 - [STDERR_REDIRECT] [Fatal Error] :1:1: Premature end of file.
2025-11-28 09:35:24,816 [ERROR] LogOutputStream:75 - [STDERR_REDIRECT] 
2025-11-28 09:35:25,832 [ERROR] LogOutputStream:75 - [STDERR_REDIRECT] [Fatal Error] :1:1: Premature end of file.
2025-11-28 09:35:25,832 [ERROR] LogOutputStream:75 - [STDERR_REDIRECT] 
2025-11-28 09:35:26,835 [ERROR] LogOutputStream:75 - [STDERR_REDIRECT] [Fatal Error] :1:1: Premature end of file.
2025-11-28 09:35:26,836 [ERROR] LogOutputStream:75 - [STDERR_REDIRECT] 
2025-11-28 09:35:27,827 [ERROR] LogOutputStream:75 - [STDERR_REDIRECT] [Fatal Error] :1:1: Premature end of file.
2025-11-28 09:35:27,827 [ERROR] LogOutputStream:75 - [STDERR_REDIRECT] 
2025-11-28 09:35:28,815 [ERROR] LogOutputStream:75 - [STDERR_REDIRECT] [Fatal Error] :1:1: Premature end of file.
2025-11-28 09:35:28,815 [ERROR] LogOutputStream:75 - [STDERR_REDIRECT] 
2025-11-28 09:35:29,815 [ERROR] LogOutputStream:75 - [STDERR_REDIRECT] [Fatal Error] :1:1: Premature end of file.
2025-11-28 09:35:29,815 [ERROR] LogOutputStream:75 - [STDERR_REDIRECT] 
2025-11-28 09:35:30,819 [ERROR] LogOutputStream:75 - [STDERR_REDIRECT] [Fatal Error] :1:1: Premature end of file.
2025-11-28 09:35:30,819 [ERROR] LogOutputStream:75 - [STDERR_REDIRECT] 
2025-11-28 09:35:31,817 [ERROR] LogOutputStream:75 - [STDERR_REDIRECT] [Fatal Error] :1:1: Premature end of file.
2025-11-28 09:35:31,817 [ERROR] LogOutputStream:75 - [STDERR_REDIRECT] 
2025-11-28 09:35:32,819 [ERROR] LogOutputStream:75 - [STDERR_REDIRECT] [Fatal Error] :1:1: Premature end of file.
2025-11-28 09:35:32,819 [ERROR] LogOutputStream:75 - [STDERR_REDIRECT] 
2025-11-28 09:35:33,816 [ERROR] LogOutputStream:75 - [STDERR_REDIRECT] [Fatal Error] :1:1: Premature end of file.
2025-11-28 09:35:33,817 [ERROR] LogOutputStream:75 - [STDERR_REDIRECT] 
2025-11-28 09:35:34,860 [ERROR] LogOutputStream:75 - [STDERR_REDIRECT] [Fatal Error] :1:1: Premature end of file.
2025-11-28 09:35:34,860 [ERROR] LogOutputStream:75 - [STDERR_REDIRECT] 
2025-11-28 09:35:35,827 [ERROR] LogOutputStream:75 - [STDERR_REDIRECT] [Fatal Error] :1:1: Premature end of file.
2025-11-28 09:35:35,827 [ERROR] LogOutputStream:75 - [STDERR_REDIRECT] 
2025-11-28 09:35:36,123 [ERROR] LogOutputStream:75 - [STDERR_REDIRECT] SLF4J: Failed to load class "org.slf4j.impl.StaticLoggerBinder".
2025-11-28 09:35:36,124 [ERROR] LogOutputStream:75 - [STDERR_REDIRECT] SLF4J: Defaulting to no-operation (NOP) logger implementation
2025-11-28 09:35:36,127 [ERROR] LogOutputStream:75 - [STDERR_REDIRECT] SLF4J: See http://www.slf4j.org/codes.html#StaticLoggerBinder for further details.
2025-11-28 09:35:36,853 [ERROR] LogOutputStream:75 - [STDERR_REDIRECT] [Fatal Error] :1:1: Premature end of file.
2025-11-28 09:35:36,853 [ERROR] LogOutputStream:75 - [STDERR_REDIRECT] 
2025-11-28 09:35:37,830 [ERROR] LogOutputStream:75 - [STDERR_REDIRECT] [Fatal Error] :1:1: Premature end of file.
2025-11-28 09:35:37,831 [ERROR] LogOutputStream:75 - [STDERR_REDIRECT] 
2025-11-28 09:35:38,846 [ERROR] LogOutputStream:75 - [STDERR_REDIRECT] [Fatal Error] :1:1: Premature end of file.
2025-11-28 09:35:38,846 [ERROR] LogOutputStream:75 - [STDERR_REDIRECT] 
2025-11-28 09:35:39,815 [ERROR] LogOutputStream:75 - [STDERR_REDIRECT] [Fatal Error] :1:1: Premature end of file.
2025-11-28 09:35:39,815 [ERROR] LogOutputStream:75 - [STDERR_REDIRECT] 
2025-11-28 09:35:40,816 [ERROR] LogOutputStream:75 - [STDERR_REDIRECT] [Fatal Error] :1:1: Premature end of file.
2025-11-28 09:35:40,816 [ERROR] LogOutputStream:75 - [STDERR_REDIRECT] 
2025-11-28 09:35:41,833 [ERROR] LogOutputStream:75 - [STDERR_REDIRECT] [Fatal Error] :1:1: Premature end of file.
2025-11-28 09:35:41,833 [ERROR] LogOutputStream:75 - [STDERR_REDIRECT] 
2025-11-28 09:35:42,826 [ERROR] LogOutputStream:75 - [STDERR_REDIRECT] [Fatal Error] :1:1: Premature end of file.
2025-11-28 09:35:42,826 [ERROR] LogOutputStream:75 - [STDERR_REDIRECT] 
2025-11-28 09:35:43,816 [ERROR] LogOutputStream:75 - [STDERR_REDIRECT] [Fatal Error] :1:1: Premature end of file.
2025-11-28 09:35:43,816 [ERROR] LogOutputStream:75 - [STDERR_REDIRECT] 
2025-11-28 09:35:44,843 [ERROR] LogOutputStream:75 - [STDERR_REDIRECT] [Fatal Error] :1:1: Premature end of file.
2025-11-28 09:35:44,843 [ERROR] LogOutputStream:75 - [STDERR_REDIRECT] 
2025-11-28 09:35:45,830 [ERROR] LogOutputStream:75 - [STDERR_REDIRECT] [Fatal Error] :1:1: Premature end of file.
2025-11-28 09:35:45,830 [ERROR] LogOutputStream:75 - [STDERR_REDIRECT] 
2025-11-28 09:35:46,818 [ERROR] LogOutputStream:75 - [STDERR_REDIRECT] [Fatal Error] :1:1: Premature end of file.
2025-11-28 09:35:46,818 [ERROR] LogOutputStream:75 - [STDERR_REDIRECT] 
2025-11-28 09:35:47,819 [ERROR] LogOutputStream:75 - [STDERR_REDIRECT] [Fatal Error] :1:1: Premature end of file.
2025-11-28 09:35:47,819 [ERROR] LogOutputStream:75 - [STDERR_REDIRECT] 
2025-11-28 09:35:48,817 [ERROR] LogOutputStream:75 - [STDERR_REDIRECT] [Fatal Error] :1:1: Premature end of file.
2025-11-28 09:35:48,817 [ERROR] LogOutputStream:75 - [STDERR_REDIRECT] 
2025-11-28 09:35:49,828 [ERROR] LogOutputStream:75 - [STDERR_REDIRECT] [Fatal Error] :1:1: Premature end of file.
2025-11-28 09:35:49,828 [ERROR] LogOutputStream:75 - [STDERR_REDIRECT] 
2025-11-28 09:35:50,819 [ERROR] LogOutputStream:75 - [STDERR_REDIRECT] [Fatal Error] :1:1: Premature end of file.
2025-11-28 09:35:50,819 [ERROR] LogOutputStream:75 - [STDERR_REDIRECT] 
2025-11-28 09:35:51,818 [ERROR] LogOutputStream:75 - [STDERR_REDIRECT] [Fatal Error] :1:1: Premature end of file.
2025-11-28 09:35:51,818 [ERROR] LogOutputStream:75 - [STDERR_REDIRECT] 
2025-11-28 09:35:52,827 [ERROR] LogOutputStream:75 - [STDERR_REDIRECT] [Fatal Error] :1:1: Premature end of file.
2025-11-28 09:35:52,827 [ERROR] LogOutputStream:75 - [STDERR_REDIRECT] 
2025-11-28 09:35:53,835 [ERROR] LogOutputStream:75 - [STDERR_REDIRECT] [Fatal Error] :1:1: Premature end of file.
2025-11-28 09:35:53,836 [ERROR] LogOutputStream:75 - [STDERR_REDIRECT] 
2025-11-28 09:35:54,821 [ERROR] LogOutputStream:75 - [STDERR_REDIRECT] [Fatal Error] :1:1: Premature end of file.
2025-11-28 09:35:54,821 [ERROR] LogOutputStream:75 - [STDERR_REDIRECT] 
2025-11-28 09:35:55,815 [ERROR] LogOutputStream:75 - [STDERR_REDIRECT] [Fatal Error] :1:1: Premature end of file.
2025-11-28 09:35:55,815 [ERROR] LogOutputStream:75 - [STDERR_REDIRECT] 
2025-11-28 09:35:56,822 [ERROR] LogOutputStream:75 - [STDERR_REDIRECT] [Fatal Error] :1:1: Premature end of file.
2025-11-28 09:35:56,823 [ERROR] LogOutputStream:75 - [STDERR_REDIRECT] 
2025-11-28 09:35:57,823 [ERROR] LogOutputStream:75 - [STDERR_REDIRECT] [Fatal Error] :1:1: Premature end of file.
2025-11-28 09:35:57,823 [ERROR] LogOutputStream:75 - [STDERR_REDIRECT] 
2025-11-28 09:35:58,819 [ERROR] LogOutputStream:75 - [STDERR_REDIRECT] [Fatal Error] :1:1: Premature end of file.
2025-11-28 09:35:58,819 [ERROR] LogOutputStream:75 - [STDERR_REDIRECT] 
2025-11-28 09:35:59,815 [ERROR] LogOutputStream:75 - [STDERR_REDIRECT] [Fatal Error] :1:1: Premature end of file.
2025-11-28 09:35:59,815 [ERROR] LogOutputStream:75 - [STDERR_REDIRECT] 
2025-11-28 09:36:00,815 [ERROR] LogOutputStream:75 - [STDERR_REDIRECT] [Fatal Error] :1:1: Premature end of file.
2025-11-28 09:36:00,815 [ERROR] LogOutputStream:75 - [STDERR_REDIRECT] 
2025-11-28 09:36:01,814 [ERROR] LogOutputStream:75 - [STDERR_REDIRECT] [Fatal Error] :1:1: Premature end of file.
2025-11-28 09:36:01,814 [ERROR] LogOutputStream:75 - [STDERR_REDIRECT] 
2025-11-28 09:36:02,826 [ERROR] LogOutputStream:75 - [STDERR_REDIRECT] [Fatal Error] :1:1: Premature end of file.
2025-11-28 09:36:02,827 [ERROR] LogOutputStream:75 - [STDERR_REDIRECT] 
2025-11-28 09:36:03,817 [ERROR] LogOutputStream:75 - [STDERR_REDIRECT] [Fatal Error] :1:1: Premature end of file.
2025-11-28 09:36:03,817 [ERROR] LogOutputStream:75 - [STDERR_REDIRECT] 
2025-11-28 09:36:04,832 [ERROR] LogOutputStream:75 - [STDERR_REDIRECT] [Fatal Error] :1:1: Premature end of file.
2025-11-28 09:36:04,832 [ERROR] LogOutputStream:75 - [STDERR_REDIRECT] 
2025-11-28 09:36:05,817 [ERROR] LogOutputStream:75 - [STDERR_REDIRECT] [Fatal Error] :1:1: Premature end of file.
2025-11-28 09:36:05,817 [ERROR] LogOutputStream:75 - [STDERR_REDIRECT] 
2025-11-28 09:36:06,818 [ERROR] LogOutputStream:75 - [STDERR_REDIRECT] [Fatal Error] :1:1: Premature end of file.
2025-11-28 09:36:06,818 [ERROR] LogOutputStream:75 - [STDERR_REDIRECT] 
2025-11-28 09:36:07,825 [ERROR] LogOutputStream:75 - [STDERR_REDIRECT] [Fatal Error] :1:1: Premature end of file.
2025-11-28 09:36:07,825 [ERROR] LogOutputStream:75 - [STDERR_REDIRECT] 
2025-11-28 09:36:08,843 [ERROR] LogOutputStream:75 - [STDERR_REDIRECT] [Fatal Error] :1:1: Premature end of file.
2025-11-28 09:36:08,843 [ERROR] LogOutputStream:75 - [STDERR_REDIRECT] 
2025-11-28 09:36:09,819 [ERROR] LogOutputStream:75 - [STDERR_REDIRECT] [Fatal Error] :1:1: Premature end of file.
2025-11-28 09:36:09,819 [ERROR] LogOutputStream:75 - [STDERR_REDIRECT] 
2025-11-28 09:36:10,816 [ERROR] LogOutputStream:75 - [STDERR_REDIRECT] [Fatal Error] :1:1: Premature end of file.
2025-11-28 09:36:10,816 [ERROR] LogOutputStream:75 - [STDERR_REDIRECT] 
2025-11-28 09:36:11,827 [ERROR] LogOutputStream:75 - [STDERR_REDIRECT] [Fatal Error] :1:1: Premature end of file.
2025-11-28 09:36:11,828 [ERROR] LogOutputStream:75 - [STDERR_REDIRECT] 
2025-11-28 09:36:12,827 [ERROR] LogOutputStream:75 - [STDERR_REDIRECT] [Fatal Error] :1:1: Premature end of file.
2025-11-28 09:36:12,827 [ERROR] LogOutputStream:75 - [STDERR_REDIRECT] 
2025-11-28 09:36:13,815 [ERROR] LogOutputStream:75 - [STDERR_REDIRECT] [Fatal Error] :1:1: Premature end of file.
2025-11-28 09:36:13,815 [ERROR] LogOutputStream:75 - [STDERR_REDIRECT] 
2025-11-28 09:36:14,827 [ERROR] LogOutputStream:75 - [STDERR_REDIRECT] [Fatal Error] :1:1: Premature end of file.
2025-11-28 09:36:14,827 [ERROR] LogOutputStream:75 - [STDERR_REDIRECT] 
2025-11-28 09:36:15,816 [ERROR] LogOutputStream:75 - [STDERR_REDIRECT] [Fatal Error] :1:1: Premature end of file.
2025-11-28 09:36:15,816 [ERROR] LogOutputStream:75 - [STDERR_REDIRECT] 
2025-11-28 09:36:16,819 [ERROR] LogOutputStream:75 - [STDERR_REDIRECT] [Fatal Error] :1:1: Premature end of file.
2025-11-28 09:36:16,819 [ERROR] LogOutputStream:75 - [STDERR_REDIRECT] 
2025-11-28 09:36:17,815 [ERROR] LogOutputStream:75 - [STDERR_REDIRECT] [Fatal Error] :1:1: Premature end of file.
2025-11-28 09:36:17,815 [ERROR] LogOutputStream:75 - [STDERR_REDIRECT] 
2025-11-28 09:36:18,826 [ERROR] LogOutputStream:75 - [STDERR_REDIRECT] [Fatal Error] :1:1: Premature end of file.
2025-11-28 09:36:18,826 [ERROR] LogOutputStream:75 - [STDERR_REDIRECT] 
2025-11-28 09:36:19,832 [ERROR] LogOutputStream:75 - [STDERR_REDIRECT] [Fatal Error] :1:1: Premature end of file.
2025-11-28 09:36:19,832 [ERROR] LogOutputStream:75 - [STDERR_REDIRECT] 
2025-11-28 09:36:20,818 [ERROR] LogOutputStream:75 - [STDERR_REDIRECT] [Fatal Error] :1:1: Premature end of file.
2025-11-28 09:36:20,818 [ERROR] LogOutputStream:75 - [STDERR_REDIRECT] 
2025-11-28 09:36:21,815 [ERROR] LogOutputStream:75 - [STDERR_REDIRECT] [Fatal Error] :1:1: Premature end of file.
2025-11-28 09:36:21,815 [ERROR] LogOutputStream:75 - [STDERR_REDIRECT] 
2025-11-28 09:36:22,838 [ERROR] LogOutputStream:75 - [STDERR_REDIRECT] [Fatal Error] :1:1: Premature end of file.
2025-11-28 09:36:22,838 [ERROR] LogOutputStream:75 - [STDERR_REDIRECT] 
2025-11-28 09:36:23,838 [ERROR] LogOutputStream:75 - [STDERR_REDIRECT] [Fatal Error] :1:1: Premature end of file.
2025-11-28 09:36:23,838 [ERROR] LogOutputStream:75 - [STDERR_REDIRECT] 
2025-11-28 09:36:24,819 [ERROR] LogOutputStream:75 - [STDERR_REDIRECT] [Fatal Error] :1:1: Premature end of file.
2025-11-28 09:36:24,819 [ERROR] LogOutputStream:75 - [STDERR_REDIRECT] 
2025-11-28 09:36:25,815 [ERROR] LogOutputStream:75 - [STDERR_REDIRECT] [Fatal Error] :1:1: Premature end of file.
2025-11-28 09:36:25,815 [ERROR] LogOutputStream:75 - [STDERR_REDIRECT] 
2025-11-28 09:36:26,821 [ERROR] LogOutputStream:75 - [STDERR_REDIRECT] [Fatal Error] :1:1: Premature end of file.
2025-11-28 09:36:26,821 [ERROR] LogOutputStream:75 - [STDERR_REDIRECT] 
2025-11-28 09:36:27,826 [ERROR] LogOutputStream:75 - [STDERR_REDIRECT] [Fatal Error] :1:1: Premature end of file.
2025-11-28 09:36:27,826 [ERROR] LogOutputStream:75 - [STDERR_REDIRECT] 
2025-11-28 09:36:28,817 [ERROR] LogOutputStream:75 - [STDERR_REDIRECT] [Fatal Error] :1:1: Premature end of file.
2025-11-28 09:36:28,818 [ERROR] LogOutputStream:75 - [STDERR_REDIRECT] 
2025-11-28 09:36:29,820 [ERROR] LogOutputStream:75 - [STDERR_REDIRECT] [Fatal Error] :1:1: Premature end of file.
2025-11-28 09:36:29,820 [ERROR] LogOutputStream:75 - [STDERR_REDIRECT] 
2025-11-28 09:36:30,820 [ERROR] LogOutputStream:75 - [STDERR_REDIRECT] [Fatal Error] :1:1: Premature end of file.
2025-11-28 09:36:30,820 [ERROR] LogOutputStream:75 - [STDERR_REDIRECT] 
2025-11-28 09:36:31,819 [ERROR] LogOutputStream:75 - [STDERR_REDIRECT] [Fatal Error] :1:1: Premature end of file.
2025-11-28 09:36:31,819 [ERROR] LogOutputStream:75 - [STDERR_REDIRECT] 
2025-11-28 09:36:32,819 [ERROR] LogOutputStream:75 - [STDERR_REDIRECT] [Fatal Error] :1:1: Premature end of file.
2025-11-28 09:36:32,819 [ERROR] LogOutputStream:75 - [STDERR_REDIRECT] 
2025-11-28 09:36:33,821 [ERROR] LogOutputStream:75 - [STDERR_REDIRECT] [Fatal Error] :1:1: Premature end of file.
2025-11-28 09:36:33,821 [ERROR] LogOutputStream:75 - [STDERR_REDIRECT] 
2025-11-28 09:36:34,826 [ERROR] LogOutputStream:75 - [STDERR_REDIRECT] [Fatal Error] :1:1: Premature end of file.
2025-11-28 09:36:34,826 [ERROR] LogOutputStream:75 - [STDERR_REDIRECT] 
2025-11-28 09:36:35,816 [ERROR] LogOutputStream:75 - [STDERR_REDIRECT] [Fatal Error] :1:1: Premature end of file.
2025-11-28 09:36:35,816 [ERROR] LogOutputStream:75 - [STDERR_REDIRECT] 
2025-11-28 09:36:36,819 [ERROR] LogOutputStream:75 - [STDERR_REDIRECT] [Fatal Error] :1:1: Premature end of file.
2025-11-28 09:36:36,819 [ERROR] LogOutputStream:75 - [STDERR_REDIRECT] 
2025-11-28 09:36:37,817 [ERROR] LogOutputStream:75 - [STDERR_REDIRECT] [Fatal Error] :1:1: Premature end of file.
2025-11-28 09:36:37,817 [ERROR] LogOutputStream:75 - [STDERR_REDIRECT] 
2025-11-28 09:36:38,818 [ERROR] LogOutputStream:75 - [STDERR_REDIRECT] [Fatal Error] :1:1: Premature end of file.
2025-11-28 09:36:38,818 [ERROR] LogOutputStream:75 - [STDERR_REDIRECT] 
2025-11-28 09:36:39,820 [ERROR] LogOutputStream:75 - [STDERR_REDIRECT] [Fatal Error] :1:1: Premature end of file.
2025-11-28 09:36:39,820 [ERROR] LogOutputStream:75 - [STDERR_REDIRECT] 
2025-11-28 09:36:40,825 [ERROR] LogOutputStream:75 - [STDERR_REDIRECT] [Fatal Error] :1:1: Premature end of file.
2025-11-28 09:36:40,826 [ERROR] LogOutputStream:75 - [STDERR_REDIRECT] 
2025-11-28 09:36:41,848 [ERROR] LogOutputStream:75 - [STDERR_REDIRECT] [Fatal Error] :1:1: Premature end of file.
2025-11-28 09:36:41,848 [ERROR] LogOutputStream:75 - [STDERR_REDIRECT] 
2025-11-28 09:36:42,842 [ERROR] LogOutputStream:75 - [STDERR_REDIRECT] [Fatal Error] :1:1: Premature end of file.
2025-11-28 09:36:42,842 [ERROR] LogOutputStream:75 - [STDERR_REDIRECT] 
2025-11-28 09:36:43,813 [ERROR] LogOutputStream:75 - [STDERR_REDIRECT] [Fatal Error] :1:1: Premature end of file.
2025-11-28 09:36:43,813 [ERROR] LogOutputStream:75 - [STDERR_REDIRECT] 
2025-11-28 09:36:44,816 [ERROR] LogOutputStream:75 - [STDERR_REDIRECT] [Fatal Error] :1:1: Premature end of file.
2025-11-28 09:36:44,816 [ERROR] LogOutputStream:75 - [STDERR_REDIRECT] 
2025-11-28 09:36:45,831 [ERROR] LogOutputStream:75 - [STDERR_REDIRECT] [Fatal Error] :1:1: Premature end of file.
2025-11-28 09:36:45,831 [ERROR] LogOutputStream:75 - [STDERR_REDIRECT] 
2025-11-28 09:36:46,817 [ERROR] LogOutputStream:75 - [STDERR_REDIRECT] [Fatal Error] :1:1: Premature end of file.
2025-11-28 09:36:46,817 [ERROR] LogOutputStream:75 - [STDERR_REDIRECT] 
2025-11-28 09:36:47,816 [ERROR] LogOutputStream:75 - [STDERR_REDIRECT] [Fatal Error] :1:1: Premature end of file.
2025-11-28 09:36:47,816 [ERROR] LogOutputStream:75 - [STDERR_REDIRECT] 
2025-11-28 09:36:48,815 [ERROR] LogOutputStream:75 - [STDERR_REDIRECT] [Fatal Error] :1:1: Premature end of file.
2025-11-28 09:36:48,816 [ERROR] LogOutputStream:75 - [STDERR_REDIRECT] 
2025-11-28 09:36:49,825 [ERROR] LogOutputStream:75 - [STDERR_REDIRECT] [Fatal Error] :1:1: Premature end of file.
2025-11-28 09:36:49,826 [ERROR] LogOutputStream:75 - [STDERR_REDIRECT] 
2025-11-28 09:36:50,822 [ERROR] LogOutputStream:75 - [STDERR_REDIRECT] [Fatal Error] :1:1: Premature end of file.
2025-11-28 09:36:50,823 [ERROR] LogOutputStream:75 - [STDERR_REDIRECT] 
2025-11-28 09:36:51,817 [ERROR] LogOutputStream:75 - [STDERR_REDIRECT] [Fatal Error] :1:1: Premature end of file.
2025-11-28 09:36:51,817 [ERROR] LogOutputStream:75 - [STDERR_REDIRECT] 
2025-11-28 09:36:52,839 [ERROR] LogOutputStream:75 - [STDERR_REDIRECT] [Fatal Error] :1:1: Premature end of file.
2025-11-28 09:36:52,839 [ERROR] LogOutputStream:75 - [STDERR_REDIRECT] 
2025-11-28 09:36:53,821 [ERROR] LogOutputStream:75 - [STDERR_REDIRECT] [Fatal Error] :1:1: Premature end of file.
2025-11-28 09:36:53,821 [ERROR] LogOutputStream:75 - [STDERR_REDIRECT] 
2025-11-28 09:36:54,819 [ERROR] LogOutputStream:75 - [STDERR_REDIRECT] [Fatal Error] :1:1: Premature end of file.
2025-11-28 09:36:54,819 [ERROR] LogOutputStream:75 - [STDERR_REDIRECT] 
2025-11-28 09:36:55,814 [ERROR] LogOutputStream:75 - [STDERR_REDIRECT] [Fatal Error] :1:1: Premature end of file.
2025-11-28 09:36:55,814 [ERROR] LogOutputStream:75 - [STDERR_REDIRECT] 
2025-11-28 09:36:56,823 [ERROR] LogOutputStream:75 - [STDERR_REDIRECT] [Fatal Error] :1:1: Premature end of file.
2025-11-28 09:36:56,823 [ERROR] LogOutputStream:75 - [STDERR_REDIRECT] 
2025-11-28 09:36:57,834 [ERROR] LogOutputStream:75 - [STDERR_REDIRECT] [Fatal Error] :1:1: Premature end of file.
2025-11-28 09:36:57,834 [ERROR] LogOutputStream:75 - [STDERR_REDIRECT] 
2025-11-28 09:36:58,824 [ERROR] LogOutputStream:75 - [STDERR_REDIRECT] [Fatal Error] :1:1: Premature end of file.
2025-11-28 09:36:58,824 [ERROR] LogOutputStream:75 - [STDERR_REDIRECT] 
2025-11-28 09:36:59,819 [ERROR] LogOutputStream:75 - [STDERR_REDIRECT] [Fatal Error] :1:1: Premature end of file.
2025-11-28 09:36:59,820 [ERROR] LogOutputStream:75 - [STDERR_REDIRECT] 
2025-11-28 09:37:00,816 [ERROR] LogOutputStream:75 - [STDERR_REDIRECT] [Fatal Error] :1:1: Premature end of file.
2025-11-28 09:37:00,816 [ERROR] LogOutputStream:75 - [STDERR_REDIRECT] 
2025-11-28 09:37:01,837 [ERROR] LogOutputStream:75 - [STDERR_REDIRECT] [Fatal Error] :1:1: Premature end of file.
2025-11-28 09:37:01,837 [ERROR] LogOutputStream:75 - [STDERR_REDIRECT] 
2025-11-28 09:37:02,815 [ERROR] LogOutputStream:75 - [STDERR_REDIRECT] [Fatal Error] :1:1: Premature end of file.
2025-11-28 09:37:02,815 [ERROR] LogOutputStream:75 - [STDERR_REDIRECT] 
2025-11-28 09:37:03,826 [ERROR] LogOutputStream:75 - [STDERR_REDIRECT] [Fatal Error] :1:1: Premature end of file.
2025-11-28 09:37:03,826 [ERROR] LogOutputStream:75 - [STDERR_REDIRECT] 
2025-11-28 09:37:04,815 [ERROR] LogOutputStream:75 - [STDERR_REDIRECT] [Fatal Error] :1:1: Premature end of file.
2025-11-28 09:37:04,815 [ERROR] LogOutputStream:75 - [STDERR_REDIRECT] 
2025-11-28 09:37:05,825 [ERROR] LogOutputStream:75 - [STDERR_REDIRECT] [Fatal Error] :1:1: Premature end of file.
2025-11-28 09:37:05,825 [ERROR] LogOutputStream:75 - [STDERR_REDIRECT] 
2025-11-28 09:37:06,831 [ERROR] LogOutputStream:75 - [STDERR_REDIRECT] [Fatal Error] :1:1: Premature end of file.
2025-11-28 09:37:06,831 [ERROR] LogOutputStream:75 - [STDERR_REDIRECT] 
2025-11-28 09:37:07,818 [ERROR] LogOutputStream:75 - [STDERR_REDIRECT] [Fatal Error] :1:1: Premature end of file.
2025-11-28 09:37:07,818 [ERROR] LogOutputStream:75 - [STDERR_REDIRECT] 
2025-11-28 09:37:08,820 [ERROR] LogOutputStream:75 - [STDERR_REDIRECT] [Fatal Error] :1:1: Premature end of file.
2025-11-28 09:37:08,820 [ERROR] LogOutputStream:75 - [STDERR_REDIRECT] 
2025-11-28 09:37:09,833 [ERROR] LogOutputStream:75 - [STDERR_REDIRECT] [Fatal Error] :1:1: Premature end of file.
2025-11-28 09:37:09,833 [ERROR] LogOutputStream:75 - [STDERR_REDIRECT] 
2025-11-28 09:37:10,826 [ERROR] LogOutputStream:75 - [STDERR_REDIRECT] [Fatal Error] :1:1: Premature end of file.
2025-11-28 09:37:10,826 [ERROR] LogOutputStream:75 - [STDERR_REDIRECT] 
2025-11-28 09:37:11,823 [ERROR] LogOutputStream:75 - [STDERR_REDIRECT] [Fatal Error] :1:1: Premature end of file.
2025-11-28 09:37:11,824 [ERROR] LogOutputStream:75 - [STDERR_REDIRECT] 
2025-11-28 09:37:12,819 [ERROR] LogOutputStream:75 - [STDERR_REDIRECT] [Fatal Error] :1:1: Premature end of file.
2025-11-28 09:37:12,819 [ERROR] LogOutputStream:75 - [STDERR_REDIRECT] 
2025-11-28 09:37:13,828 [ERROR] LogOutputStream:75 - [STDERR_REDIRECT] [Fatal Error] :1:1: Premature end of file.
2025-11-28 09:37:13,829 [ERROR] LogOutputStream:75 - [STDERR_REDIRECT] 
2025-11-28 09:37:14,821 [ERROR] LogOutputStream:75 - [STDERR_REDIRECT] [Fatal Error] :1:1: Premature end of file.
2025-11-28 09:37:14,821 [ERROR] LogOutputStream:75 - [STDERR_REDIRECT] 
2025-11-28 09:37:15,830 [ERROR] LogOutputStream:75 - [STDERR_REDIRECT] [Fatal Error] :1:1: Premature end of file.
2025-11-28 09:37:15,830 [ERROR] LogOutputStream:75 - [STDERR_REDIRECT] 
2025-11-28 09:37:16,844 [ERROR] LogOutputStream:75 - [STDERR_REDIRECT] [Fatal Error] :1:1: Premature end of file.
2025-11-28 09:37:16,845 [ERROR] LogOutputStream:75 - [STDERR_REDIRECT] 
2025-11-28 09:37:17,824 [ERROR] LogOutputStream:75 - [STDERR_REDIRECT] [Fatal Error] :1:1: Premature end of file.
2025-11-28 09:37:17,825 [ERROR] LogOutputStream:75 - [STDERR_REDIRECT] 
2025-11-28 09:37:18,829 [ERROR] LogOutputStream:75 - [STDERR_REDIRECT] [Fatal Error] :1:1: Premature end of file.
2025-11-28 09:37:18,829 [ERROR] LogOutputStream:75 - [STDERR_REDIRECT] 
2025-11-28 09:37:19,824 [ERROR] LogOutputStream:75 - [STDERR_REDIRECT] [Fatal Error] :1:1: Premature end of file.
2025-11-28 09:37:19,825 [ERROR] LogOutputStream:75 - [STDERR_REDIRECT] 
2025-11-28 09:37:20,826 [ERROR] LogOutputStream:75 - [STDERR_REDIRECT] [Fatal Error] :1:1: Premature end of file.
2025-11-28 09:37:20,826 [ERROR] LogOutputStream:75 - [STDERR_REDIRECT] 
2025-11-28 09:37:21,824 [ERROR] LogOutputStream:75 - [STDERR_REDIRECT] [Fatal Error] :1:1: Premature end of file.
2025-11-28 09:37:21,825 [ERROR] LogOutputStream:75 - [STDERR_REDIRECT] 
2025-11-28 09:37:22,824 [ERROR] LogOutputStream:75 - [STDERR_REDIRECT] [Fatal Error] :1:1: Premature end of file.
2025-11-28 09:37:22,824 [ERROR] LogOutputStream:75 - [STDERR_REDIRECT] 
2025-11-28 09:37:23,820 [ERROR] LogOutputStream:75 - [STDERR_REDIRECT] [Fatal Error] :1:1: Premature end of file.
2025-11-28 09:37:23,820 [ERROR] LogOutputStream:75 - [STDERR_REDIRECT] 
2025-11-28 09:37:24,818 [ERROR] LogOutputStream:75 - [STDERR_REDIRECT] [Fatal Error] :1:1: Premature end of file.
2025-11-28 09:37:24,818 [ERROR] LogOutputStream:75 - [STDERR_REDIRECT] 
2025-11-28 09:37:25,822 [ERROR] LogOutputStream:75 - [STDERR_REDIRECT] [Fatal Error] :1:1: Premature end of file.
2025-11-28 09:37:25,823 [ERROR] LogOutputStream:75 - [STDERR_REDIRECT] 
2025-11-28 09:37:26,813 [ERROR] LogOutputStream:75 - [STDERR_REDIRECT] [Fatal Error] :1:1: Premature end of file.
2025-11-28 09:37:26,813 [ERROR] LogOutputStream:75 - [STDERR_REDIRECT] 
2025-11-28 09:37:27,834 [ERROR] LogOutputStream:75 - [STDERR_REDIRECT] [Fatal Error] :1:1: Premature end of file.
2025-11-28 09:37:27,834 [ERROR] LogOutputStream:75 - [STDERR_REDIRECT] 
2025-11-28 09:37:28,812 [ERROR] LogOutputStream:75 - [STDERR_REDIRECT] [Fatal Error] :1:1: Premature end of file.
2025-11-28 09:37:28,812 [ERROR] LogOutputStream:75 - [STDERR_REDIRECT] 
2025-11-28 09:37:29,815 [ERROR] LogOutputStream:75 - [STDERR_REDIRECT] [Fatal Error] :1:1: Premature end of file.
2025-11-28 09:37:29,815 [ERROR] LogOutputStream:75 - [STDERR_REDIRECT] 
2025-11-28 09:37:30,829 [ERROR] LogOutputStream:75 - [STDERR_REDIRECT] [Fatal Error] :1:1: Premature end of file.
2025-11-28 09:37:30,830 [ERROR] LogOutputStream:75 - [STDERR_REDIRECT] 
2025-11-28 09:37:31,829 [ERROR] LogOutputStream:75 - [STDERR_REDIRECT] [Fatal Error] :1:1: Premature end of file.
2025-11-28 09:37:31,829 [ERROR] LogOutputStream:75 - [STDERR_REDIRECT] 
2025-11-28 09:37:32,828 [ERROR] LogOutputStream:75 - [STDERR_REDIRECT] [Fatal Error] :1:1: Premature end of file.
2025-11-28 09:37:32,828 [ERROR] LogOutputStream:75 - [STDERR_REDIRECT] 
2025-11-28 09:37:33,820 [ERROR] LogOutputStream:75 - [STDERR_REDIRECT] [Fatal Error] :1:1: Premature end of file.
2025-11-28 09:37:33,820 [ERROR] LogOutputStream:75 - [STDERR_REDIRECT] 
2025-11-28 09:37:34,825 [ERROR] LogOutputStream:75 - [STDERR_REDIRECT] [Fatal Error] :1:1: Premature end of file.
2025-11-28 09:37:34,826 [ERROR] LogOutputStream:75 - [STDERR_REDIRECT] 
2025-11-28 09:37:35,827 [ERROR] LogOutputStream:75 - [STDERR_REDIRECT] [Fatal Error] :1:1: Premature end of file.
2025-11-28 09:37:35,827 [ERROR] LogOutputStream:75 - [STDERR_REDIRECT] 
2025-11-28 09:37:36,816 [ERROR] LogOutputStream:75 - [STDERR_REDIRECT] [Fatal Error] :1:1: Premature end of file.
2025-11-28 09:37:36,816 [ERROR] LogOutputStream:75 - [STDERR_REDIRECT] 
2025-11-28 09:37:37,816 [ERROR] LogOutputStream:75 - [STDERR_REDIRECT] [Fatal Error] :1:1: Premature end of file.
2025-11-28 09:37:37,816 [ERROR] LogOutputStream:75 - [STDERR_REDIRECT] 
2025-11-28 09:37:38,822 [ERROR] LogOutputStream:75 - [STDERR_REDIRECT] [Fatal Error] :1:1: Premature end of file.
2025-11-28 09:37:38,822 [ERROR] LogOutputStream:75 - [STDERR_REDIRECT] 
2025-11-28 09:37:39,818 [ERROR] LogOutputStream:75 - [STDERR_REDIRECT] [Fatal Error] :1:1: Premature end of file.
2025-11-28 09:37:39,818 [ERROR] LogOutputStream:75 - [STDERR_REDIRECT] 
2025-11-28 09:37:40,827 [ERROR] LogOutputStream:75 - [STDERR_REDIRECT] [Fatal Error] :1:1: Premature end of file.
2025-11-28 09:37:40,827 [ERROR] LogOutputStream:75 - [STDERR_REDIRECT] 
2025-11-28 09:37:41,825 [ERROR] LogOutputStream:75 - [STDERR_REDIRECT] [Fatal Error] :1:1: Premature end of file.
2025-11-28 09:37:41,825 [ERROR] LogOutputStream:75 - [STDERR_REDIRECT] 
2025-11-28 09:37:42,831 [ERROR] LogOutputStream:75 - [STDERR_REDIRECT] [Fatal Error] :1:1: Premature end of file.
2025-11-28 09:37:42,831 [ERROR] LogOutputStream:75 - [STDERR_REDIRECT] 
2025-11-28 09:37:43,814 [ERROR] LogOutputStream:75 - [STDERR_REDIRECT] [Fatal Error] :1:1: Premature end of file.
2025-11-28 09:37:43,814 [ERROR] LogOutputStream:75 - [STDERR_REDIRECT] 
2025-11-28 09:37:44,827 [ERROR] LogOutputStream:75 - [STDERR_REDIRECT] [Fatal Error] :1:1: Premature end of file.
2025-11-28 09:37:44,827 [ERROR] LogOutputStream:75 - [STDERR_REDIRECT] 
2025-11-28 09:37:45,848 [ERROR] LogOutputStream:75 - [STDERR_REDIRECT] [Fatal Error] :1:1: Premature end of file.
2025-11-28 09:37:45,848 [ERROR] LogOutputStream:75 - [STDERR_REDIRECT] 
2025-11-28 09:37:46,830 [ERROR] LogOutputStream:75 - [STDERR_REDIRECT] [Fatal Error] :1:1: Premature end of file.
2025-11-28 09:37:46,830 [ERROR] LogOutputStream:75 - [STDERR_REDIRECT] 
2025-11-28 09:37:47,826 [ERROR] LogOutputStream:75 - [STDERR_REDIRECT] [Fatal Error] :1:1: Premature end of file.
2025-11-28 09:37:47,826 [ERROR] LogOutputStream:75 - [STDERR_REDIRECT] 
2025-11-28 09:37:48,827 [ERROR] LogOutputStream:75 - [STDERR_REDIRECT] [Fatal Error] :1:1: Premature end of file.
2025-11-28 09:37:48,827 [ERROR] LogOutputStream:75 - [STDERR_REDIRECT] 
2025-11-28 09:37:49,826 [ERROR] LogOutputStream:75 - [STDERR_REDIRECT] [Fatal Error] :1:1: Premature end of file.
2025-11-28 09:37:49,826 [ERROR] LogOutputStream:75 - [STDERR_REDIRECT] 
2025-11-28 09:37:50,826 [ERROR] LogOutputStream:75 - [STDERR_REDIRECT] [Fatal Error] :1:1: Premature end of file.
2025-11-28 09:37:50,826 [ERROR] LogOutputStream:75 - [STDERR_REDIRECT] 
2025-11-28 09:37:51,827 [ERROR] LogOutputStream:75 - [STDERR_REDIRECT] [Fatal Error] :1:1: Premature end of file.
2025-11-28 09:37:51,828 [ERROR] LogOutputStream:75 - [STDERR_REDIRECT] 
2025-11-28 09:37:52,827 [ERROR] LogOutputStream:75 - [STDERR_REDIRECT] [Fatal Error] :1:1: Premature end of file.
2025-11-28 09:37:52,827 [ERROR] LogOutputStream:75 - [STDERR_REDIRECT] 
2025-11-28 09:37:53,822 [ERROR] LogOutputStream:75 - [STDERR_REDIRECT] [Fatal Error] :1:1: Premature end of file.
2025-11-28 09:37:53,822 [ERROR] LogOutputStream:75 - [STDERR_REDIRECT] 
2025-11-28 09:37:54,825 [ERROR] LogOutputStream:75 - [STDERR_REDIRECT] [Fatal Error] :1:1: Premature end of file.
2025-11-28 09:37:54,826 [ERROR] LogOutputStream:75 - [STDERR_REDIRECT] 
2025-11-28 09:37:55,825 [ERROR] LogOutputStream:75 - [STDERR_REDIRECT] [Fatal Error] :1:1: Premature end of file.
2025-11-28 09:37:55,825 [ERROR] LogOutputStream:75 - [STDERR_REDIRECT] 
2025-11-28 09:37:56,822 [ERROR] LogOutputStream:75 - [STDERR_REDIRECT] [Fatal Error] :1:1: Premature end of file.
2025-11-28 09:37:56,822 [ERROR] LogOutputStream:75 - [STDERR_REDIRECT] 
2025-11-28 09:37:57,827 [ERROR] LogOutputStream:75 - [STDERR_REDIRECT] [Fatal Error] :1:1: Premature end of file.
2025-11-28 09:37:57,827 [ERROR] LogOutputStream:75 - [STDERR_REDIRECT] 
2025-11-28 09:37:58,816 [ERROR] LogOutputStream:75 - [STDERR_REDIRECT] [Fatal Error] :1:1: Premature end of file.
2025-11-28 09:37:58,816 [ERROR] LogOutputStream:75 - [STDERR_REDIRECT] 
2025-11-28 09:37:59,820 [ERROR] LogOutputStream:75 - [STDERR_REDIRECT] [Fatal Error] :1:1: Premature end of file.
2025-11-28 09:37:59,820 [ERROR] LogOutputStream:75 - [STDERR_REDIRECT] 
2025-11-28 09:38:00,821 [ERROR] LogOutputStream:75 - [STDERR_REDIRECT] [Fatal Error] :1:1: Premature end of file.
2025-11-28 09:38:00,821 [ERROR] LogOutputStream:75 - [STDERR_REDIRECT] 
2025-11-28 09:38:01,824 [ERROR] LogOutputStream:75 - [STDERR_REDIRECT] [Fatal Error] :1:1: Premature end of file.
2025-11-28 09:38:01,824 [ERROR] LogOutputStream:75 - [STDERR_REDIRECT] 
2025-11-28 09:38:02,818 [ERROR] LogOutputStream:75 - [STDERR_REDIRECT] [Fatal Error] :1:1: Premature end of file.
2025-11-28 09:38:02,818 [ERROR] LogOutputStream:75 - [STDERR_REDIRECT] 
2025-11-28 09:38:03,815 [ERROR] LogOutputStream:75 - [STDERR_REDIRECT] [Fatal Error] :1:1: Premature end of file.
2025-11-28 09:38:03,815 [ERROR] LogOutputStream:75 - [STDERR_REDIRECT] 
2025-11-28 09:38:04,828 [ERROR] LogOutputStream:75 - [STDERR_REDIRECT] [Fatal Error] :1:1: Premature end of file.
2025-11-28 09:38:04,828 [ERROR] LogOutputStream:75 - [STDERR_REDIRECT] 
2025-11-28 09:38:05,816 [ERROR] LogOutputStream:75 - [STDERR_REDIRECT] [Fatal Error] :1:1: Premature end of file.
2025-11-28 09:38:05,816 [ERROR] LogOutputStream:75 - [STDERR_REDIRECT] 
2025-11-28 09:38:06,834 [ERROR] LogOutputStream:75 - [STDERR_REDIRECT] [Fatal Error] :1:1: Premature end of file.
2025-11-28 09:38:06,834 [ERROR] LogOutputStream:75 - [STDERR_REDIRECT] 
2025-11-28 09:38:07,828 [ERROR] LogOutputStream:75 - [STDERR_REDIRECT] [Fatal Error] :1:1: Premature end of file.
2025-11-28 09:38:07,828 [ERROR] LogOutputStream:75 - [STDERR_REDIRECT] 
2025-11-28 09:38:08,834 [ERROR] LogOutputStream:75 - [STDERR_REDIRECT] [Fatal Error] :1:1: Premature end of file.
2025-11-28 09:38:08,834 [ERROR] LogOutputStream:75 - [STDERR_REDIRECT] 
2025-11-28 09:38:09,830 [ERROR] LogOutputStream:75 - [STDERR_REDIRECT] [Fatal Error] :1:1: Premature end of file.
2025-11-28 09:38:09,830 [ERROR] LogOutputStream:75 - [STDERR_REDIRECT] 
2025-11-28 09:38:10,827 [ERROR] LogOutputStream:75 - [STDERR_REDIRECT] [Fatal Error] :1:1: Premature end of file.
2025-11-28 09:38:10,827 [ERROR] LogOutputStream:75 - [STDERR_REDIRECT] 
2025-11-28 09:38:11,823 [ERROR] LogOutputStream:75 - [STDERR_REDIRECT] [Fatal Error] :1:1: Premature end of file.
2025-11-28 09:38:11,823 [ERROR] LogOutputStream:75 - [STDERR_REDIRECT] 
2025-11-28 09:38:12,832 [ERROR] LogOutputStream:75 - [STDERR_REDIRECT] [Fatal Error] :1:1: Premature end of file.
2025-11-28 09:38:12,832 [ERROR] LogOutputStream:75 - [STDERR_REDIRECT] 
2025-11-28 09:38:13,824 [ERROR] LogOutputStream:75 - [STDERR_REDIRECT] [Fatal Error] :1:1: Premature end of file.
2025-11-28 09:38:13,824 [ERROR] LogOutputStream:75 - [STDERR_REDIRECT] 
2025-11-28 09:38:14,829 [ERROR] LogOutputStream:75 - [STDERR_REDIRECT] [Fatal Error] :1:1: Premature end of file.
2025-11-28 09:38:14,829 [ERROR] LogOutputStream:75 - [STDERR_REDIRECT] 
2025-11-28 09:38:15,830 [ERROR] LogOutputStream:75 - [STDERR_REDIRECT] [Fatal Error] :1:1: Premature end of file.
2025-11-28 09:38:15,830 [ERROR] LogOutputStream:75 - [STDERR_REDIRECT] 
2025-11-28 09:38:16,844 [ERROR] LogOutputStream:75 - [STDERR_REDIRECT] [Fatal Error] :1:1: Premature end of file.
2025-11-28 09:38:16,844 [ERROR] LogOutputStream:75 - [STDERR_REDIRECT] 
2025-11-28 09:38:17,826 [ERROR] LogOutputStream:75 - [STDERR_REDIRECT] [Fatal Error] :1:1: Premature end of file.
2025-11-28 09:38:17,826 [ERROR] LogOutputStream:75 - [STDERR_REDIRECT] 
2025-11-28 09:38:18,827 [ERROR] LogOutputStream:75 - [STDERR_REDIRECT] [Fatal Error] :1:1: Premature end of file.
2025-11-28 09:38:18,827 [ERROR] LogOutputStream:75 - [STDERR_REDIRECT] 
2025-11-28 09:38:19,826 [ERROR] LogOutputStream:75 - [STDERR_REDIRECT] [Fatal Error] :1:1: Premature end of file.
2025-11-28 09:38:19,826 [ERROR] LogOutputStream:75 - [STDERR_REDIRECT] 
2025-11-28 09:38:20,836 [ERROR] LogOutputStream:75 - [STDERR_REDIRECT] [Fatal Error] :1:1: Premature end of file.
2025-11-28 09:38:20,836 [ERROR] LogOutputStream:75 - [STDERR_REDIRECT] 
2025-11-28 09:38:21,827 [ERROR] LogOutputStream:75 - [STDERR_REDIRECT] [Fatal Error] :1:1: Premature end of file.
2025-11-28 09:38:21,827 [ERROR] LogOutputStream:75 - [STDERR_REDIRECT] 
2025-11-28 09:38:22,826 [ERROR] LogOutputStream:75 - [STDERR_REDIRECT] [Fatal Error] :1:1: Premature end of file.
2025-11-28 09:38:22,826 [ERROR] LogOutputStream:75 - [STDERR_REDIRECT] 
2025-11-28 09:38:23,832 [ERROR] LogOutputStream:75 - [STDERR_REDIRECT] [Fatal Error] :1:1: Premature end of file.
2025-11-28 09:38:23,832 [ERROR] LogOutputStream:75 - [STDERR_REDIRECT] 
2025-11-28 09:38:24,818 [ERROR] LogOutputStream:75 - [STDERR_REDIRECT] [Fatal Error] :1:1: Premature end of file.
2025-11-28 09:38:24,818 [ERROR] LogOutputStream:75 - [STDERR_REDIRECT] 
2025-11-28 09:38:25,825 [ERROR] LogOutputStream:75 - [STDERR_REDIRECT] [Fatal Error] :1:1: Premature end of file.
2025-11-28 09:38:25,825 [ERROR] LogOutputStream:75 - [STDERR_REDIRECT] 
2025-11-28 09:38:26,825 [ERROR] LogOutputStream:75 - [STDERR_REDIRECT] [Fatal Error] :1:1: Premature end of file.
2025-11-28 09:38:26,825 [ERROR] LogOutputStream:75 - [STDERR_REDIRECT] 
2025-11-28 09:38:27,818 [ERROR] LogOutputStream:75 - [STDERR_REDIRECT] [Fatal Error] :1:1: Premature end of file.
2025-11-28 09:38:27,819 [ERROR] LogOutputStream:75 - [STDERR_REDIRECT] 
2025-11-28 09:38:28,827 [ERROR] LogOutputStream:75 - [STDERR_REDIRECT] [Fatal Error] :1:1: Premature end of file.
2025-11-28 09:38:28,827 [ERROR] LogOutputStream:75 - [STDERR_REDIRECT] 
2025-11-28 09:38:29,818 [ERROR] LogOutputStream:75 - [STDERR_REDIRECT] [Fatal Error] :1:1: Premature end of file.
2025-11-28 09:38:29,818 [ERROR] LogOutputStream:75 - [STDERR_REDIRECT] 
2025-11-28 09:38:30,828 [ERROR] LogOutputStream:75 - [STDERR_REDIRECT] [Fatal Error] :1:1: Premature end of file.
2025-11-28 09:38:30,829 [ERROR] LogOutputStream:75 - [STDERR_REDIRECT] 
2025-11-28 09:38:31,837 [ERROR] LogOutputStream:75 - [STDERR_REDIRECT] [Fatal Error] :1:1: Premature end of file.
2025-11-28 09:38:31,837 [ERROR] LogOutputStream:75 - [STDERR_REDIRECT] 
2025-11-28 09:38:32,827 [ERROR] LogOutputStream:75 - [STDERR_REDIRECT] [Fatal Error] :1:1: Premature end of file.
2025-11-28 09:38:32,827 [ERROR] LogOutputStream:75 - [STDERR_REDIRECT] 
2025-11-28 09:38:33,827 [ERROR] LogOutputStream:75 - [STDERR_REDIRECT] [Fatal Error] :1:1: Premature end of file.
2025-11-28 09:38:33,827 [ERROR] LogOutputStream:75 - [STDERR_REDIRECT] 
2025-11-28 09:38:34,826 [ERROR] LogOutputStream:75 - [STDERR_REDIRECT] [Fatal Error] :1:1: Premature end of file.
2025-11-28 09:38:34,826 [ERROR] LogOutputStream:75 - [STDERR_REDIRECT] 
2025-11-28 09:38:35,840 [ERROR] LogOutputStream:75 - [STDERR_REDIRECT] [Fatal Error] :1:1: Premature end of file.
2025-11-28 09:38:35,841 [ERROR] LogOutputStream:75 - [STDERR_REDIRECT] 
2025-11-28 09:38:36,826 [ERROR] LogOutputStream:75 - [STDERR_REDIRECT] [Fatal Error] :1:1: Premature end of file.
2025-11-28 09:38:36,827 [ERROR] LogOutputStream:75 - [STDERR_REDIRECT] 
2025-11-28 09:38:37,825 [ERROR] LogOutputStream:75 - [STDERR_REDIRECT] [Fatal Error] :1:1: Premature end of file.
2025-11-28 09:38:37,825 [ERROR] LogOutputStream:75 - [STDERR_REDIRECT] 
2025-11-28 09:38:38,822 [ERROR] LogOutputStream:75 - [STDERR_REDIRECT] [Fatal Error] :1:1: Premature end of file.
2025-11-28 09:38:38,822 [ERROR] LogOutputStream:75 - [STDERR_REDIRECT] 
2025-11-28 09:38:39,830 [ERROR] LogOutputStream:75 - [STDERR_REDIRECT] [Fatal Error] :1:1: Premature end of file.
2025-11-28 09:38:39,830 [ERROR] LogOutputStream:75 - [STDERR_REDIRECT] 
2025-11-28 09:38:40,823 [ERROR] LogOutputStream:75 - [STDERR_REDIRECT] [Fatal Error] :1:1: Premature end of file.
2025-11-28 09:38:40,823 [ERROR] LogOutputStream:75 - [STDERR_REDIRECT] 
2025-11-28 09:38:41,819 [ERROR] LogOutputStream:75 - [STDERR_REDIRECT] [Fatal Error] :1:1: Premature end of file.
2025-11-28 09:38:41,819 [ERROR] LogOutputStream:75 - [STDERR_REDIRECT] 
2025-11-28 09:38:42,832 [ERROR] LogOutputStream:75 - [STDERR_REDIRECT] [Fatal Error] :1:1: Premature end of file.
2025-11-28 09:38:42,832 [ERROR] LogOutputStream:75 - [STDERR_REDIRECT] 
2025-11-28 09:38:43,824 [ERROR] LogOutputStream:75 - [STDERR_REDIRECT] [Fatal Error] :1:1: Premature end of file.
2025-11-28 09:38:43,825 [ERROR] LogOutputStream:75 - [STDERR_REDIRECT] 
2025-11-28 09:38:44,819 [ERROR] LogOutputStream:75 - [STDERR_REDIRECT] [Fatal Error] :1:1: Premature end of file.
2025-11-28 09:38:44,820 [ERROR] LogOutputStream:75 - [STDERR_REDIRECT] 
2025-11-28 09:38:45,828 [ERROR] LogOutputStream:75 - [STDERR_REDIRECT] [Fatal Error] :1:1: Premature end of file.
2025-11-28 09:38:45,828 [ERROR] LogOutputStream:75 - [STDERR_REDIRECT] 
2025-11-28 09:38:46,847 [ERROR] LogOutputStream:75 - [STDERR_REDIRECT] [Fatal Error] :1:1: Premature end of file.
2025-11-28 09:38:46,847 [ERROR] LogOutputStream:75 - [STDERR_REDIRECT] 
2025-11-28 09:38:47,827 [ERROR] LogOutputStream:75 - [STDERR_REDIRECT] [Fatal Error] :1:1: Premature end of file.
2025-11-28 09:38:47,828 [ERROR] LogOutputStream:75 - [STDERR_REDIRECT] 
2025-11-28 09:38:48,829 [ERROR] LogOutputStream:75 - [STDERR_REDIRECT] [Fatal Error] :1:1: Premature end of file.
2025-11-28 09:38:48,830 [ERROR] LogOutputStream:75 - [STDERR_REDIRECT] 
2025-11-28 09:38:49,825 [ERROR] LogOutputStream:75 - [STDERR_REDIRECT] [Fatal Error] :1:1: Premature end of file.
2025-11-28 09:38:49,825 [ERROR] LogOutputStream:75 - [STDERR_REDIRECT] 
2025-11-28 09:38:50,825 [ERROR] LogOutputStream:75 - [STDERR_REDIRECT] [Fatal Error] :1:1: Premature end of file.
2025-11-28 09:38:50,825 [ERROR] LogOutputStream:75 - [STDERR_REDIRECT] 
2025-11-28 09:38:51,828 [ERROR] LogOutputStream:75 - [STDERR_REDIRECT] [Fatal Error] :1:1: Premature end of file.
2025-11-28 09:38:51,828 [ERROR] LogOutputStream:75 - [STDERR_REDIRECT] 
2025-11-28 09:38:52,827 [ERROR] LogOutputStream:75 - [STDERR_REDIRECT] [Fatal Error] :1:1: Premature end of file.
2025-11-28 09:38:52,827 [ERROR] LogOutputStream:75 - [STDERR_REDIRECT] 
2025-11-28 09:38:53,821 [ERROR] LogOutputStream:75 - [STDERR_REDIRECT] [Fatal Error] :1:1: Premature end of file.
2025-11-28 09:38:53,822 [ERROR] LogOutputStream:75 - [STDERR_REDIRECT] 
2025-11-28 09:38:54,831 [ERROR] LogOutputStream:75 - [STDERR_REDIRECT] [Fatal Error] :1:1: Premature end of file.
2025-11-28 09:38:54,831 [ERROR] LogOutputStream:75 - [STDERR_REDIRECT] 
2025-11-28 09:38:55,828 [ERROR] LogOutputStream:75 - [STDERR_REDIRECT] [Fatal Error] :1:1: Premature end of file.
2025-11-28 09:38:55,828 [ERROR] LogOutputStream:75 - [STDERR_REDIRECT] 
2025-11-28 09:38:56,816 [ERROR] LogOutputStream:75 - [STDERR_REDIRECT] [Fatal Error] :1:1: Premature end of file.
2025-11-28 09:38:56,817 [ERROR] LogOutputStream:75 - [STDERR_REDIRECT] 
2025-11-28 09:38:57,830 [ERROR] LogOutputStream:75 - [STDERR_REDIRECT] [Fatal Error] :1:1: Premature end of file.
2025-11-28 09:38:57,830 [ERROR] LogOutputStream:75 - [STDERR_REDIRECT] 
2025-11-28 09:38:58,824 [ERROR] LogOutputStream:75 - [STDERR_REDIRECT] [Fatal Error] :1:1: Premature end of file.
2025-11-28 09:38:58,824 [ERROR] LogOutputStream:75 - [STDERR_REDIRECT] 
2025-11-28 09:38:59,824 [ERROR] LogOutputStream:75 - [STDERR_REDIRECT] [Fatal Error] :1:1: Premature end of file.
2025-11-28 09:38:59,824 [ERROR] LogOutputStream:75 - [STDERR_REDIRECT] 
2025-11-28 09:39:00,828 [ERROR] LogOutputStream:75 - [STDERR_REDIRECT] [Fatal Error] :1:1: Premature end of file.
2025-11-28 09:39:00,828 [ERROR] LogOutputStream:75 - [STDERR_REDIRECT] 
2025-11-28 09:39:01,830 [ERROR] LogOutputStream:75 - [STDERR_REDIRECT] [Fatal Error] :1:1: Premature end of file.
2025-11-28 09:39:01,830 [ERROR] LogOutputStream:75 - [STDERR_REDIRECT] 
2025-11-28 09:39:02,820 [ERROR] LogOutputStream:75 - [STDERR_REDIRECT] [Fatal Error] :1:1: Premature end of file.
2025-11-28 09:39:02,820 [ERROR] LogOutputStream:75 - [STDERR_REDIRECT] 
2025-11-28 09:39:03,824 [ERROR] LogOutputStream:75 - [STDERR_REDIRECT] [Fatal Error] :1:1: Premature end of file.
2025-11-28 09:39:03,825 [ERROR] LogOutputStream:75 - [STDERR_REDIRECT] 
2025-11-28 09:39:04,827 [ERROR] LogOutputStream:75 - [STDERR_REDIRECT] [Fatal Error] :1:1: Premature end of file.
2025-11-28 09:39:04,827 [ERROR] LogOutputStream:75 - [STDERR_REDIRECT] 
2025-11-28 09:39:05,825 [ERROR] LogOutputStream:75 - [STDERR_REDIRECT] [Fatal Error] :1:1: Premature end of file.
2025-11-28 09:39:05,826 [ERROR] LogOutputStream:75 - [STDERR_REDIRECT] 
2025-11-28 09:39:06,832 [ERROR] LogOutputStream:75 - [STDERR_REDIRECT] [Fatal Error] :1:1: Premature end of file.
2025-11-28 09:39:06,832 [ERROR] LogOutputStream:75 - [STDERR_REDIRECT] 
2025-11-28 09:39:07,826 [ERROR] LogOutputStream:75 - [STDERR_REDIRECT] [Fatal Error] :1:1: Premature end of file.
2025-11-28 09:39:07,826 [ERROR] LogOutputStream:75 - [STDERR_REDIRECT] 
2025-11-28 09:39:08,821 [ERROR] LogOutputStream:75 - [STDERR_REDIRECT] [Fatal Error] :1:1: Premature end of file.
2025-11-28 09:39:08,821 [ERROR] LogOutputStream:75 - [STDERR_REDIRECT] 
2025-11-28 09:39:09,819 [ERROR] LogOutputStream:75 - [STDERR_REDIRECT] [Fatal Error] :1:1: Premature end of file.
2025-11-28 09:39:09,820 [ERROR] LogOutputStream:75 - [STDERR_REDIRECT] 
2025-11-28 09:39:10,822 [ERROR] LogOutputStream:75 - [STDERR_REDIRECT] [Fatal Error] :1:1: Premature end of file.
2025-11-28 09:39:10,822 [ERROR] LogOutputStream:75 - [STDERR_REDIRECT] 
2025-11-28 09:39:11,825 [ERROR] LogOutputStream:75 - [STDERR_REDIRECT] [Fatal Error] :1:1: Premature end of file.
2025-11-28 09:39:11,826 [ERROR] LogOutputStream:75 - [STDERR_REDIRECT] 
2025-11-28 09:39:12,819 [ERROR] LogOutputStream:75 - [STDERR_REDIRECT] [Fatal Error] :1:1: Premature end of file.
2025-11-28 09:39:12,819 [ERROR] LogOutputStream:75 - [STDERR_REDIRECT] 
2025-11-28 09:39:13,817 [ERROR] LogOutputStream:75 - [STDERR_REDIRECT] [Fatal Error] :1:1: Premature end of file.
2025-11-28 09:39:13,817 [ERROR] LogOutputStream:75 - [STDERR_REDIRECT] 
2025-11-28 09:39:14,817 [ERROR] LogOutputStream:75 - [STDERR_REDIRECT] [Fatal Error] :1:1: Premature end of file.
2025-11-28 09:39:14,817 [ERROR] LogOutputStream:75 - [STDERR_REDIRECT] 
2025-11-28 09:39:15,820 [ERROR] LogOutputStream:75 - [STDERR_REDIRECT] [Fatal Error] :1:1: Premature end of file.
2025-11-28 09:39:15,820 [ERROR] LogOutputStream:75 - [STDERR_REDIRECT] 
2025-11-28 09:39:16,823 [ERROR] LogOutputStream:75 - [STDERR_REDIRECT] [Fatal Error] :1:1: Premature end of file.
2025-11-28 09:39:16,823 [ERROR] LogOutputStream:75 - [STDERR_REDIRECT] 
2025-11-28 09:39:17,818 [ERROR] LogOutputStream:75 - [STDERR_REDIRECT] [Fatal Error] :1:1: Premature end of file.
2025-11-28 09:39:17,818 [ERROR] LogOutputStream:75 - [STDERR_REDIRECT] 
2025-11-28 09:39:18,829 [ERROR] LogOutputStream:75 - [STDERR_REDIRECT] [Fatal Error] :1:1: Premature end of file.
2025-11-28 09:39:18,829 [ERROR] LogOutputStream:75 - [STDERR_REDIRECT] 
2025-11-28 09:39:19,826 [ERROR] LogOutputStream:75 - [STDERR_REDIRECT] [Fatal Error] :1:1: Premature end of file.
2025-11-28 09:39:19,826 [ERROR] LogOutputStream:75 - [STDERR_REDIRECT] 
2025-11-28 09:39:20,826 [ERROR] LogOutputStream:75 - [STDERR_REDIRECT] [Fatal Error] :1:1: Premature end of file.
2025-11-28 09:39:20,826 [ERROR] LogOutputStream:75 - [STDERR_REDIRECT] 
2025-11-28 09:39:21,819 [ERROR] LogOutputStream:75 - [STDERR_REDIRECT] [Fatal Error] :1:1: Premature end of file.
2025-11-28 09:39:21,819 [ERROR] LogOutputStream:75 - [STDERR_REDIRECT] 
2025-11-28 09:39:22,814 [ERROR] LogOutputStream:75 - [STDERR_REDIRECT] [Fatal Error] :1:1: Premature end of file.
2025-11-28 09:39:22,814 [ERROR] LogOutputStream:75 - [STDERR_REDIRECT] 
2025-11-28 09:39:23,819 [ERROR] LogOutputStream:75 - [STDERR_REDIRECT] [Fatal Error] :1:1: Premature end of file.
2025-11-28 09:39:23,821 [ERROR] LogOutputStream:75 - [STDERR_REDIRECT] 
2025-11-28 09:39:24,831 [ERROR] LogOutputStream:75 - [STDERR_REDIRECT] [Fatal Error] :1:1: Premature end of file.
2025-11-28 09:39:24,831 [ERROR] LogOutputStream:75 - [STDERR_REDIRECT] 
2025-11-28 09:39:25,828 [ERROR] LogOutputStream:75 - [STDERR_REDIRECT] [Fatal Error] :1:1: Premature end of file.
2025-11-28 09:39:25,828 [ERROR] LogOutputStream:75 - [STDERR_REDIRECT] 
2025-11-28 09:39:26,826 [ERROR] LogOutputStream:75 - [STDERR_REDIRECT] [Fatal Error] :1:1: Premature end of file.
2025-11-28 09:39:26,826 [ERROR] LogOutputStream:75 - [STDERR_REDIRECT] 
2025-11-28 09:39:27,816 [ERROR] LogOutputStream:75 - [STDERR_REDIRECT] [Fatal Error] :1:1: Premature end of file.
2025-11-28 09:39:27,816 [ERROR] LogOutputStream:75 - [STDERR_REDIRECT] 
2025-11-28 09:39:28,826 [ERROR] LogOutputStream:75 - [STDERR_REDIRECT] [Fatal Error] :1:1: Premature end of file.
2025-11-28 09:39:28,826 [ERROR] LogOutputStream:75 - [STDERR_REDIRECT] 
2025-11-28 09:39:29,836 [ERROR] LogOutputStream:75 - [STDERR_REDIRECT] [Fatal Error] :1:1: Premature end of file.
2025-11-28 09:39:29,837 [ERROR] LogOutputStream:75 - [STDERR_REDIRECT] 
2025-11-28 09:39:30,818 [ERROR] LogOutputStream:75 - [STDERR_REDIRECT] [Fatal Error] :1:1: Premature end of file.
2025-11-28 09:39:30,818 [ERROR] LogOutputStream:75 - [STDERR_REDIRECT] 
2025-11-28 09:39:31,837 [ERROR] LogOutputStream:75 - [STDERR_REDIRECT] [Fatal Error] :1:1: Premature end of file.
2025-11-28 09:39:31,837 [ERROR] LogOutputStream:75 - [STDERR_REDIRECT] 
2025-11-28 09:39:32,819 [ERROR] LogOutputStream:75 - [STDERR_REDIRECT] [Fatal Error] :1:1: Premature end of file.
2025-11-28 09:39:32,819 [ERROR] LogOutputStream:75 - [STDERR_REDIRECT] 
2025-11-28 09:39:33,819 [ERROR] LogOutputStream:75 - [STDERR_REDIRECT] [Fatal Error] :1:1: Premature end of file.
2025-11-28 09:39:33,819 [ERROR] LogOutputStream:75 - [STDERR_REDIRECT] 
2025-11-28 09:39:34,819 [ERROR] LogOutputStream:75 - [STDERR_REDIRECT] [Fatal Error] :1:1: Premature end of file.
2025-11-28 09:39:34,819 [ERROR] LogOutputStream:75 - [STDERR_REDIRECT] 
2025-11-28 09:39:35,817 [ERROR] LogOutputStream:75 - [STDERR_REDIRECT] [Fatal Error] :1:1: Premature end of file.
2025-11-28 09:39:35,817 [ERROR] LogOutputStream:75 - [STDERR_REDIRECT] 
2025-11-28 09:39:36,816 [ERROR] LogOutputStream:75 - [STDERR_REDIRECT] [Fatal Error] :1:1: Premature end of file.
2025-11-28 09:39:36,816 [ERROR] LogOutputStream:75 - [STDERR_REDIRECT] 
2025-11-28 09:39:37,814 [ERROR] LogOutputStream:75 - [STDERR_REDIRECT] [Fatal Error] :1:1: Premature end of file.
2025-11-28 09:39:37,814 [ERROR] LogOutputStream:75 - [STDERR_REDIRECT] 
2025-11-28 09:39:38,816 [ERROR] LogOutputStream:75 - [STDERR_REDIRECT] [Fatal Error] :1:1: Premature end of file.
2025-11-28 09:39:38,816 [ERROR] LogOutputStream:75 - [STDERR_REDIRECT] 
2025-11-28 09:39:39,816 [ERROR] LogOutputStream:75 - [STDERR_REDIRECT] [Fatal Error] :1:1: Premature end of file.
2025-11-28 09:39:39,816 [ERROR] LogOutputStream:75 - [STDERR_REDIRECT] 
2025-11-28 09:39:40,824 [ERROR] LogOutputStream:75 - [STDERR_REDIRECT] [Fatal Error] :1:1: Premature end of file.
2025-11-28 09:39:40,824 [ERROR] LogOutputStream:75 - [STDERR_REDIRECT] 
2025-11-28 09:39:41,821 [ERROR] LogOutputStream:75 - [STDERR_REDIRECT] [Fatal Error] :1:1: Premature end of file.
2025-11-28 09:39:41,821 [ERROR] LogOutputStream:75 - [STDERR_REDIRECT] 
2025-11-28 09:39:42,827 [ERROR] LogOutputStream:75 - [STDERR_REDIRECT] [Fatal Error] :1:1: Premature end of file.
2025-11-28 09:39:42,828 [ERROR] LogOutputStream:75 - [STDERR_REDIRECT] 
2025-11-28 09:39:43,829 [ERROR] LogOutputStream:75 - [STDERR_REDIRECT] [Fatal Error] :1:1: Premature end of file.
2025-11-28 09:39:43,829 [ERROR] LogOutputStream:75 - [STDERR_REDIRECT] 
2025-11-28 09:39:44,821 [ERROR] LogOutputStream:75 - [STDERR_REDIRECT] [Fatal Error] :1:1: Premature end of file.
2025-11-28 09:39:44,821 [ERROR] LogOutputStream:75 - [STDERR_REDIRECT] 
2025-11-28 09:39:45,818 [ERROR] LogOutputStream:75 - [STDERR_REDIRECT] [Fatal Error] :1:1: Premature end of file.
2025-11-28 09:39:45,818 [ERROR] LogOutputStream:75 - [STDERR_REDIRECT] 
2025-11-28 09:39:46,817 [ERROR] LogOutputStream:75 - [STDERR_REDIRECT] [Fatal Error] :1:1: Premature end of file.
2025-11-28 09:39:46,817 [ERROR] LogOutputStream:75 - [STDERR_REDIRECT] 
2025-11-28 09:39:47,823 [ERROR] LogOutputStream:75 - [STDERR_REDIRECT] [Fatal Error] :1:1: Premature end of file.
2025-11-28 09:39:47,823 [ERROR] LogOutputStream:75 - [STDERR_REDIRECT] 
2025-11-28 09:39:48,826 [ERROR] LogOutputStream:75 - [STDERR_REDIRECT] [Fatal Error] :1:1: Premature end of file.
2025-11-28 09:39:48,826 [ERROR] LogOutputStream:75 - [STDERR_REDIRECT] 
2025-11-28 09:39:49,824 [ERROR] LogOutputStream:75 - [STDERR_REDIRECT] [Fatal Error] :1:1: Premature end of file.
2025-11-28 09:39:49,825 [ERROR] LogOutputStream:75 - [STDERR_REDIRECT] 
2025-11-28 09:39:50,830 [ERROR] LogOutputStream:75 - [STDERR_REDIRECT] [Fatal Error] :1:1: Premature end of file.
2025-11-28 09:39:50,831 [ERROR] LogOutputStream:75 - [STDERR_REDIRECT] 
2025-11-28 09:39:51,818 [ERROR] LogOutputStream:75 - [STDERR_REDIRECT] [Fatal Error] :1:1: Premature end of file.
2025-11-28 09:39:51,818 [ERROR] LogOutputStream:75 - [STDERR_REDIRECT] 
2025-11-28 09:39:52,826 [ERROR] LogOutputStream:75 - [STDERR_REDIRECT] [Fatal Error] :1:1: Premature end of file.
2025-11-28 09:39:52,826 [ERROR] LogOutputStream:75 - [STDERR_REDIRECT] 
2025-11-28 09:39:53,824 [ERROR] LogOutputStream:75 - [STDERR_REDIRECT] [Fatal Error] :1:1: Premature end of file.
2025-11-28 09:39:53,824 [ERROR] LogOutputStream:75 - [STDERR_REDIRECT] 
2025-11-28 09:39:54,839 [ERROR] LogOutputStream:75 - [STDERR_REDIRECT] [Fatal Error] :1:1: Premature end of file.
2025-11-28 09:39:54,839 [ERROR] LogOutputStream:75 - [STDERR_REDIRECT] 
2025-11-28 09:39:55,824 [ERROR] LogOutputStream:75 - [STDERR_REDIRECT] [Fatal Error] :1:1: Premature end of file.
2025-11-28 09:39:55,825 [ERROR] LogOutputStream:75 - [STDERR_REDIRECT] 
2025-11-28 09:39:56,823 [ERROR] LogOutputStream:75 - [STDERR_REDIRECT] [Fatal Error] :1:1: Premature end of file.
2025-11-28 09:39:56,823 [ERROR] LogOutputStream:75 - [STDERR_REDIRECT] 
2025-11-28 09:39:57,844 [ERROR] LogOutputStream:75 - [STDERR_REDIRECT] [Fatal Error] :1:1: Premature end of file.
2025-11-28 09:39:57,844 [ERROR] LogOutputStream:75 - [STDERR_REDIRECT] 
2025-11-28 09:39:58,828 [ERROR] LogOutputStream:75 - [STDERR_REDIRECT] [Fatal Error] :1:1: Premature end of file.
2025-11-28 09:39:58,828 [ERROR] LogOutputStream:75 - [STDERR_REDIRECT] 
2025-11-28 09:39:59,816 [ERROR] LogOutputStream:75 - [STDERR_REDIRECT] [Fatal Error] :1:1: Premature end of file.
2025-11-28 09:39:59,816 [ERROR] LogOutputStream:75 - [STDERR_REDIRECT] 
2025-11-28 09:40:00,828 [ERROR] LogOutputStream:75 - [STDERR_REDIRECT] [Fatal Error] :1:1: Premature end of file.
2025-11-28 09:40:00,828 [ERROR] LogOutputStream:75 - [STDERR_REDIRECT] 
2025-11-28 09:40:01,825 [ERROR] LogOutputStream:75 - [STDERR_REDIRECT] [Fatal Error] :1:1: Premature end of file.
2025-11-28 09:40:01,825 [ERROR] LogOutputStream:75 - [STDERR_REDIRECT] 
2025-11-28 09:40:02,821 [ERROR] LogOutputStream:75 - [STDERR_REDIRECT] [Fatal Error] :1:1: Premature end of file.
2025-11-28 09:40:02,821 [ERROR] LogOutputStream:75 - [STDERR_REDIRECT] 
2025-11-28 09:40:03,816 [ERROR] LogOutputStream:75 - [STDERR_REDIRECT] [Fatal Error] :1:1: Premature end of file.
2025-11-28 09:40:03,816 [ERROR] LogOutputStream:75 - [STDERR_REDIRECT] 
2025-11-28 09:40:04,823 [ERROR] LogOutputStream:75 - [STDERR_REDIRECT] [Fatal Error] :1:1: Premature end of file.
2025-11-28 09:40:04,823 [ERROR] LogOutputStream:75 - [STDERR_REDIRECT] 
2025-11-28 09:40:05,816 [ERROR] LogOutputStream:75 - [STDERR_REDIRECT] [Fatal Error] :1:1: Premature end of file.
2025-11-28 09:40:05,817 [ERROR] LogOutputStream:75 - [STDERR_REDIRECT] 
2025-11-28 09:40:06,815 [ERROR] LogOutputStream:75 - [STDERR_REDIRECT] [Fatal Error] :1:1: Premature end of file.
2025-11-28 09:40:06,816 [ERROR] LogOutputStream:75 - [STDERR_REDIRECT] 
2025-11-28 09:40:07,816 [ERROR] LogOutputStream:75 - [STDERR_REDIRECT] [Fatal Error] :1:1: Premature end of file.
2025-11-28 09:40:07,816 [ERROR] LogOutputStream:75 - [STDERR_REDIRECT] 
2025-11-28 09:40:08,817 [ERROR] LogOutputStream:75 - [STDERR_REDIRECT] [Fatal Error] :1:1: Premature end of file.
2025-11-28 09:40:08,818 [ERROR] LogOutputStream:75 - [STDERR_REDIRECT] 
2025-11-28 09:40:09,835 [ERROR] LogOutputStream:75 - [STDERR_REDIRECT] [Fatal Error] :1:1: Premature end of file.
2025-11-28 09:40:09,835 [ERROR] LogOutputStream:75 - [STDERR_REDIRECT] 
2025-11-28 09:40:10,826 [ERROR] LogOutputStream:75 - [STDERR_REDIRECT] [Fatal Error] :1:1: Premature end of file.
2025-11-28 09:40:10,826 [ERROR] LogOutputStream:75 - [STDERR_REDIRECT] 
2025-11-28 09:40:11,817 [ERROR] LogOutputStream:75 - [STDERR_REDIRECT] [Fatal Error] :1:1: Premature end of file.
2025-11-28 09:40:11,817 [ERROR] LogOutputStream:75 - [STDERR_REDIRECT] 
2025-11-28 09:40:12,820 [ERROR] LogOutputStream:75 - [STDERR_REDIRECT] [Fatal Error] :1:1: Premature end of file.
2025-11-28 09:40:12,820 [ERROR] LogOutputStream:75 - [STDERR_REDIRECT] 
2025-11-28 09:40:13,829 [ERROR] LogOutputStream:75 - [STDERR_REDIRECT] [Fatal Error] :1:1: Premature end of file.
2025-11-28 09:40:13,829 [ERROR] LogOutputStream:75 - [STDERR_REDIRECT] 
2025-11-28 09:40:14,823 [ERROR] LogOutputStream:75 - [STDERR_REDIRECT] [Fatal Error] :1:1: Premature end of file.
2025-11-28 09:40:14,823 [ERROR] LogOutputStream:75 - [STDERR_REDIRECT] 
2025-11-28 09:40:15,828 [ERROR] LogOutputStream:75 - [STDERR_REDIRECT] [Fatal Error] :1:1: Premature end of file.
2025-11-28 09:40:15,830 [ERROR] LogOutputStream:75 - [STDERR_REDIRECT] 
2025-11-28 09:40:16,814 [ERROR] LogOutputStream:75 - [STDERR_REDIRECT] [Fatal Error] :1:1: Premature end of file.
2025-11-28 09:40:16,814 [ERROR] LogOutputStream:75 - [STDERR_REDIRECT] 
2025-11-28 09:40:17,815 [ERROR] LogOutputStream:75 - [STDERR_REDIRECT] [Fatal Error] :1:1: Premature end of file.
2025-11-28 09:40:17,815 [ERROR] LogOutputStream:75 - [STDERR_REDIRECT] 
2025-11-28 09:40:18,824 [ERROR] LogOutputStream:75 - [STDERR_REDIRECT] [Fatal Error] :1:1: Premature end of file.
2025-11-28 09:40:18,824 [ERROR] LogOutputStream:75 - [STDERR_REDIRECT] 
2025-11-28 09:40:19,812 [ERROR] LogOutputStream:75 - [STDERR_REDIRECT] [Fatal Error] :1:1: Premature end of file.
2025-11-28 09:40:19,812 [ERROR] LogOutputStream:75 - [STDERR_REDIRECT] 
2025-11-28 09:40:20,820 [ERROR] LogOutputStream:75 - [STDERR_REDIRECT] [Fatal Error] :1:1: Premature end of file.
2025-11-28 09:40:20,820 [ERROR] LogOutputStream:75 - [STDERR_REDIRECT] 
2025-11-28 09:40:21,834 [ERROR] LogOutputStream:75 - [STDERR_REDIRECT] [Fatal Error] :1:1: Premature end of file.
2025-11-28 09:40:21,834 [ERROR] LogOutputStream:75 - [STDERR_REDIRECT] 
2025-11-28 09:40:22,825 [ERROR] LogOutputStream:75 - [STDERR_REDIRECT] [Fatal Error] :1:1: Premature end of file.
2025-11-28 09:40:22,825 [ERROR] LogOutputStream:75 - [STDERR_REDIRECT] 
2025-11-28 09:40:23,819 [ERROR] LogOutputStream:75 - [STDERR_REDIRECT] [Fatal Error] :1:1: Premature end of file.
2025-11-28 09:40:23,819 [ERROR] LogOutputStream:75 - [STDERR_REDIRECT] 
2025-11-28 09:40:24,817 [ERROR] LogOutputStream:75 - [STDERR_REDIRECT] [Fatal Error] :1:1: Premature end of file.
2025-11-28 09:40:24,817 [ERROR] LogOutputStream:75 - [STDERR_REDIRECT] 
2025-11-28 09:40:25,828 [ERROR] LogOutputStream:75 - [STDERR_REDIRECT] [Fatal Error] :1:1: Premature end of file.
2025-11-28 09:40:25,830 [ERROR] LogOutputStream:75 - [STDERR_REDIRECT] 
2025-11-28 09:40:26,825 [ERROR] LogOutputStream:75 - [STDERR_REDIRECT] [Fatal Error] :1:1: Premature end of file.
2025-11-28 09:40:26,825 [ERROR] LogOutputStream:75 - [STDERR_REDIRECT] 
2025-11-28 09:40:27,833 [ERROR] LogOutputStream:75 - [STDERR_REDIRECT] [Fatal Error] :1:1: Premature end of file.
2025-11-28 09:40:27,833 [ERROR] LogOutputStream:75 - [STDERR_REDIRECT] 
2025-11-28 09:40:28,820 [ERROR] LogOutputStream:75 - [STDERR_REDIRECT] [Fatal Error] :1:1: Premature end of file.
2025-11-28 09:40:28,820 [ERROR] LogOutputStream:75 - [STDERR_REDIRECT] 
2025-11-28 09:40:29,819 [ERROR] LogOutputStream:75 - [STDERR_REDIRECT] [Fatal Error] :1:1: Premature end of file.
2025-11-28 09:40:29,819 [ERROR] LogOutputStream:75 - [STDERR_REDIRECT] 
2025-11-28 09:40:30,832 [ERROR] LogOutputStream:75 - [STDERR_REDIRECT] [Fatal Error] :1:1: Premature end of file.
2025-11-28 09:40:30,832 [ERROR] LogOutputStream:75 - [STDERR_REDIRECT] 
2025-11-28 09:40:31,825 [ERROR] LogOutputStream:75 - [STDERR_REDIRECT] [Fatal Error] :1:1: Premature end of file.
2025-11-28 09:40:31,825 [ERROR] LogOutputStream:75 - [STDERR_REDIRECT] 
2025-11-28 09:40:32,826 [ERROR] LogOutputStream:75 - [STDERR_REDIRECT] [Fatal Error] :1:1: Premature end of file.
2025-11-28 09:40:32,826 [ERROR] LogOutputStream:75 - [STDERR_REDIRECT] 
2025-11-28 09:40:33,814 [ERROR] LogOutputStream:75 - [STDERR_REDIRECT] [Fatal Error] :1:1: Premature end of file.
2025-11-28 09:40:33,814 [ERROR] LogOutputStream:75 - [STDERR_REDIRECT] 
2025-11-28 09:40:34,826 [ERROR] LogOutputStream:75 - [STDERR_REDIRECT] [Fatal Error] :1:1: Premature end of file.
2025-11-28 09:40:34,827 [ERROR] LogOutputStream:75 - [STDERR_REDIRECT] 
2025-11-28 09:40:35,824 [ERROR] LogOutputStream:75 - [STDERR_REDIRECT] [Fatal Error] :1:1: Premature end of file.
2025-11-28 09:40:35,825 [ERROR] LogOutputStream:75 - [STDERR_REDIRECT] 
2025-11-28 09:40:36,832 [ERROR] LogOutputStream:75 - [STDERR_REDIRECT] [Fatal Error] :1:1: Premature end of file.
2025-11-28 09:40:36,832 [ERROR] LogOutputStream:75 - [STDERR_REDIRECT] 
2025-11-28 09:40:37,832 [ERROR] LogOutputStream:75 - [STDERR_REDIRECT] [Fatal Error] :1:1: Premature end of file.
2025-11-28 09:40:37,832 [ERROR] LogOutputStream:75 - [STDERR_REDIRECT] 
2025-11-28 09:40:38,821 [ERROR] LogOutputStream:75 - [STDERR_REDIRECT] [Fatal Error] :1:1: Premature end of file.
2025-11-28 09:40:38,821 [ERROR] LogOutputStream:75 - [STDERR_REDIRECT] 
2025-11-28 09:40:39,827 [ERROR] LogOutputStream:75 - [STDERR_REDIRECT] [Fatal Error] :1:1: Premature end of file.
2025-11-28 09:40:39,828 [ERROR] LogOutputStream:75 - [STDERR_REDIRECT] 
2025-11-28 09:40:40,829 [ERROR] LogOutputStream:75 - [STDERR_REDIRECT] [Fatal Error] :1:1: Premature end of file.
2025-11-28 09:40:40,829 [ERROR] LogOutputStream:75 - [STDERR_REDIRECT] 
2025-11-28 09:40:41,829 [ERROR] LogOutputStream:75 - [STDERR_REDIRECT] [Fatal Error] :1:1: Premature end of file.
2025-11-28 09:40:41,829 [ERROR] LogOutputStream:75 - [STDERR_REDIRECT] 
2025-11-28 09:40:42,817 [ERROR] LogOutputStream:75 - [STDERR_REDIRECT] [Fatal Error] :1:1: Premature end of file.
2025-11-28 09:40:42,817 [ERROR] LogOutputStream:75 - [STDERR_REDIRECT] 
2025-11-28 09:40:43,813 [ERROR] LogOutputStream:75 - [STDERR_REDIRECT] [Fatal Error] :1:1: Premature end of file.
2025-11-28 09:40:43,813 [ERROR] LogOutputStream:75 - [STDERR_REDIRECT] 
2025-11-28 09:40:44,814 [ERROR] LogOutputStream:75 - [STDERR_REDIRECT] [Fatal Error] :1:1: Premature end of file.
2025-11-28 09:40:44,814 [ERROR] LogOutputStream:75 - [STDERR_REDIRECT] 
2025-11-28 09:40:45,817 [ERROR] LogOutputStream:75 - [STDERR_REDIRECT] [Fatal Error] :1:1: Premature end of file.
2025-11-28 09:40:45,818 [ERROR] LogOutputStream:75 - [STDERR_REDIRECT] 
2025-11-28 09:40:46,824 [ERROR] LogOutputStream:75 - [STDERR_REDIRECT] [Fatal Error] :1:1: Premature end of file.
2025-11-28 09:40:46,824 [ERROR] LogOutputStream:75 - [STDERR_REDIRECT] 
2025-11-28 09:40:47,830 [ERROR] LogOutputStream:75 - [STDERR_REDIRECT] [Fatal Error] :1:1: Premature end of file.
2025-11-28 09:40:47,830 [ERROR] LogOutputStream:75 - [STDERR_REDIRECT] 
2025-11-28 09:40:48,832 [ERROR] LogOutputStream:75 - [STDERR_REDIRECT] [Fatal Error] :1:1: Premature end of file.
2025-11-28 09:40:48,832 [ERROR] LogOutputStream:75 - [STDERR_REDIRECT] 
2025-11-28 09:40:49,824 [ERROR] LogOutputStream:75 - [STDERR_REDIRECT] [Fatal Error] :1:1: Premature end of file.
2025-11-28 09:40:49,824 [ERROR] LogOutputStream:75 - [STDERR_REDIRECT] 
2025-11-28 09:40:50,821 [ERROR] LogOutputStream:75 - [STDERR_REDIRECT] [Fatal Error] :1:1: Premature end of file.
2025-11-28 09:40:50,821 [ERROR] LogOutputStream:75 - [STDERR_REDIRECT] 
2025-11-28 09:40:51,817 [ERROR] LogOutputStream:75 - [STDERR_REDIRECT] [Fatal Error] :1:1: Premature end of file.
2025-11-28 09:40:51,817 [ERROR] LogOutputStream:75 - [STDERR_REDIRECT] 
2025-11-28 09:40:52,828 [ERROR] LogOutputStream:75 - [STDERR_REDIRECT] [Fatal Error] :1:1: Premature end of file.
2025-11-28 09:40:52,829 [ERROR] LogOutputStream:75 - [STDERR_REDIRECT] 
2025-11-28 09:40:53,821 [ERROR] LogOutputStream:75 - [STDERR_REDIRECT] [Fatal Error] :1:1: Premature end of file.
2025-11-28 09:40:53,821 [ERROR] LogOutputStream:75 - [STDERR_REDIRECT] 
2025-11-28 09:40:54,834 [ERROR] LogOutputStream:75 - [STDERR_REDIRECT] [Fatal Error] :1:1: Premature end of file.
2025-11-28 09:40:54,835 [ERROR] LogOutputStream:75 - [STDERR_REDIRECT] 
2025-11-28 09:40:55,817 [ERROR] LogOutputStream:75 - [STDERR_REDIRECT] [Fatal Error] :1:1: Premature end of file.
2025-11-28 09:40:55,817 [ERROR] LogOutputStream:75 - [STDERR_REDIRECT] 
2025-11-28 09:40:56,823 [ERROR] LogOutputStream:75 - [STDERR_REDIRECT] [Fatal Error] :1:1: Premature end of file.
2025-11-28 09:40:56,823 [ERROR] LogOutputStream:75 - [STDERR_REDIRECT] 
2025-11-28 09:40:57,827 [ERROR] LogOutputStream:75 - [STDERR_REDIRECT] [Fatal Error] :1:1: Premature end of file.
2025-11-28 09:40:57,827 [ERROR] LogOutputStream:75 - [STDERR_REDIRECT] 
2025-11-28 09:40:58,825 [ERROR] LogOutputStream:75 - [STDERR_REDIRECT] [Fatal Error] :1:1: Premature end of file.
2025-11-28 09:40:58,825 [ERROR] LogOutputStream:75 - [STDERR_REDIRECT] 
2025-11-28 09:40:59,824 [ERROR] LogOutputStream:75 - [STDERR_REDIRECT] [Fatal Error] :1:1: Premature end of file.
2025-11-28 09:40:59,824 [ERROR] LogOutputStream:75 - [STDERR_REDIRECT] 
2025-11-28 09:41:00,825 [ERROR] LogOutputStream:75 - [STDERR_REDIRECT] [Fatal Error] :1:1: Premature end of file.
2025-11-28 09:41:00,825 [ERROR] LogOutputStream:75 - [STDERR_REDIRECT] 
2025-11-28 09:41:01,828 [ERROR] LogOutputStream:75 - [STDERR_REDIRECT] [Fatal Error] :1:1: Premature end of file.
2025-11-28 09:41:01,828 [ERROR] LogOutputStream:75 - [STDERR_REDIRECT] 
2025-11-28 09:41:02,820 [ERROR] LogOutputStream:75 - [STDERR_REDIRECT] [Fatal Error] :1:1: Premature end of file.
2025-11-28 09:41:02,820 [ERROR] LogOutputStream:75 - [STDERR_REDIRECT] 
2025-11-28 09:41:03,850 [ERROR] LogOutputStream:75 - [STDERR_REDIRECT] [Fatal Error] :1:1: Premature end of file.
2025-11-28 09:41:03,850 [ERROR] LogOutputStream:75 - [STDERR_REDIRECT] 
2025-11-28 09:41:04,852 [ERROR] LogOutputStream:75 - [STDERR_REDIRECT] [Fatal Error] :1:1: Premature end of file.
2025-11-28 09:41:04,852 [ERROR] LogOutputStream:75 - [STDERR_REDIRECT] 
2025-11-28 09:41:05,815 [ERROR] LogOutputStream:75 - [STDERR_REDIRECT] [Fatal Error] :1:1: Premature end of file.
2025-11-28 09:41:05,816 [ERROR] LogOutputStream:75 - [STDERR_REDIRECT] 
2025-11-28 09:41:06,823 [ERROR] LogOutputStream:75 - [STDERR_REDIRECT] [Fatal Error] :1:1: Premature end of file.
2025-11-28 09:41:06,823 [ERROR] LogOutputStream:75 - [STDERR_REDIRECT] 
2025-11-28 09:41:07,835 [ERROR] LogOutputStream:75 - [STDERR_REDIRECT] [Fatal Error] :1:1: Premature end of file.
2025-11-28 09:41:07,835 [ERROR] LogOutputStream:75 - [STDERR_REDIRECT] 
2025-11-28 09:41:08,820 [ERROR] LogOutputStream:75 - [STDERR_REDIRECT] [Fatal Error] :1:1: Premature end of file.
2025-11-28 09:41:08,820 [ERROR] LogOutputStream:75 - [STDERR_REDIRECT] 
2025-11-28 09:41:09,826 [ERROR] LogOutputStream:75 - [STDERR_REDIRECT] [Fatal Error] :1:1: Premature end of file.
2025-11-28 09:41:09,826 [ERROR] LogOutputStream:75 - [STDERR_REDIRECT] 
2025-11-28 09:41:10,824 [ERROR] LogOutputStream:75 - [STDERR_REDIRECT] [Fatal Error] :1:1: Premature end of file.
2025-11-28 09:41:10,825 [ERROR] LogOutputStream:75 - [STDERR_REDIRECT] 
2025-11-28 09:41:11,829 [ERROR] LogOutputStream:75 - [STDERR_REDIRECT] [Fatal Error] :1:1: Premature end of file.
2025-11-28 09:41:11,829 [ERROR] LogOutputStream:75 - [STDERR_REDIRECT] 
2025-11-28 09:41:12,834 [ERROR] LogOutputStream:75 - [STDERR_REDIRECT] [Fatal Error] :1:1: Premature end of file.
2025-11-28 09:41:12,834 [ERROR] LogOutputStream:75 - [STDERR_REDIRECT] 
2025-11-28 09:41:13,826 [ERROR] LogOutputStream:75 - [STDERR_REDIRECT] [Fatal Error] :1:1: Premature end of file.
2025-11-28 09:41:13,826 [ERROR] LogOutputStream:75 - [STDERR_REDIRECT] 
2025-11-28 09:41:14,829 [ERROR] LogOutputStream:75 - [STDERR_REDIRECT] [Fatal Error] :1:1: Premature end of file.
2025-11-28 09:41:14,829 [ERROR] LogOutputStream:75 - [STDERR_REDIRECT] 
2025-11-28 09:41:15,813 [ERROR] LogOutputStream:75 - [STDERR_REDIRECT] [Fatal Error] :1:1: Premature end of file.
2025-11-28 09:41:15,813 [ERROR] LogOutputStream:75 - [STDERR_REDIRECT] 
2025-11-28 09:41:16,814 [ERROR] LogOutputStream:75 - [STDERR_REDIRECT] [Fatal Error] :1:1: Premature end of file.
2025-11-28 09:41:16,814 [ERROR] LogOutputStream:75 - [STDERR_REDIRECT] 
2025-11-28 09:41:17,822 [ERROR] LogOutputStream:75 - [STDERR_REDIRECT] [Fatal Error] :1:1: Premature end of file.
2025-11-28 09:41:17,822 [ERROR] LogOutputStream:75 - [STDERR_REDIRECT] 
2025-11-28 09:41:18,830 [ERROR] LogOutputStream:75 - [STDERR_REDIRECT] [Fatal Error] :1:1: Premature end of file.
2025-11-28 09:41:18,830 [ERROR] LogOutputStream:75 - [STDERR_REDIRECT] 
2025-11-28 09:41:19,825 [ERROR] LogOutputStream:75 - [STDERR_REDIRECT] [Fatal Error] :1:1: Premature end of file.
2025-11-28 09:41:19,825 [ERROR] LogOutputStream:75 - [STDERR_REDIRECT] 
2025-11-28 09:41:20,819 [ERROR] LogOutputStream:75 - [STDERR_REDIRECT] [Fatal Error] :1:1: Premature end of file.
2025-11-28 09:41:20,819 [ERROR] LogOutputStream:75 - [STDERR_REDIRECT] 
2025-11-28 09:41:21,828 [ERROR] LogOutputStream:75 - [STDERR_REDIRECT] [Fatal Error] :1:1: Premature end of file.
2025-11-28 09:41:21,828 [ERROR] LogOutputStream:75 - [STDERR_REDIRECT] 
2025-11-28 09:41:22,816 [ERROR] LogOutputStream:75 - [STDERR_REDIRECT] [Fatal Error] :1:1: Premature end of file.
2025-11-28 09:41:22,816 [ERROR] LogOutputStream:75 - [STDERR_REDIRECT] 
2025-11-28 09:41:23,818 [ERROR] LogOutputStream:75 - [STDERR_REDIRECT] [Fatal Error] :1:1: Premature end of file.
2025-11-28 09:41:23,818 [ERROR] LogOutputStream:75 - [STDERR_REDIRECT] 
2025-11-28 09:41:24,813 [ERROR] LogOutputStream:75 - [STDERR_REDIRECT] [Fatal Error] :1:1: Premature end of file.
2025-11-28 09:41:24,813 [ERROR] LogOutputStream:75 - [STDERR_REDIRECT] 
2025-11-28 09:41:25,822 [ERROR] LogOutputStream:75 - [STDERR_REDIRECT] [Fatal Error] :1:1: Premature end of file.
2025-11-28 09:41:25,822 [ERROR] LogOutputStream:75 - [STDERR_REDIRECT] 
2025-11-28 09:41:26,818 [ERROR] LogOutputStream:75 - [STDERR_REDIRECT] [Fatal Error] :1:1: Premature end of file.
2025-11-28 09:41:26,818 [ERROR] LogOutputStream:75 - [STDERR_REDIRECT] 
2025-11-28 09:41:27,820 [ERROR] LogOutputStream:75 - [STDERR_REDIRECT] [Fatal Error] :1:1: Premature end of file.
2025-11-28 09:41:27,820 [ERROR] LogOutputStream:75 - [STDERR_REDIRECT] 
2025-11-28 09:41:28,825 [ERROR] LogOutputStream:75 - [STDERR_REDIRECT] [Fatal Error] :1:1: Premature end of file.
2025-11-28 09:41:28,825 [ERROR] LogOutputStream:75 - [STDERR_REDIRECT] 
2025-11-28 09:41:29,829 [ERROR] LogOutputStream:75 - [STDERR_REDIRECT] [Fatal Error] :1:1: Premature end of file.
2025-11-28 09:41:29,830 [ERROR] LogOutputStream:75 - [STDERR_REDIRECT] 
2025-11-28 09:41:30,818 [ERROR] LogOutputStream:75 - [STDERR_REDIRECT] [Fatal Error] :1:1: Premature end of file.
2025-11-28 09:41:30,818 [ERROR] LogOutputStream:75 - [STDERR_REDIRECT] 
2025-11-28 09:41:31,828 [ERROR] LogOutputStream:75 - [STDERR_REDIRECT] [Fatal Error] :1:1: Premature end of file.
2025-11-28 09:41:31,828 [ERROR] LogOutputStream:75 - [STDERR_REDIRECT] 
2025-11-28 09:41:32,821 [ERROR] LogOutputStream:75 - [STDERR_REDIRECT] [Fatal Error] :1:1: Premature end of file.
2025-11-28 09:41:32,821 [ERROR] LogOutputStream:75 - [STDERR_REDIRECT] 
2025-11-28 09:41:33,818 [ERROR] LogOutputStream:75 - [STDERR_REDIRECT] [Fatal Error] :1:1: Premature end of file.
2025-11-28 09:41:33,819 [ERROR] LogOutputStream:75 - [STDERR_REDIRECT] 
2025-11-28 09:41:34,838 [ERROR] LogOutputStream:75 - [STDERR_REDIRECT] [Fatal Error] :1:1: Premature end of file.
2025-11-28 09:41:34,838 [ERROR] LogOutputStream:75 - [STDERR_REDIRECT] 
2025-11-28 09:41:35,815 [ERROR] LogOutputStream:75 - [STDERR_REDIRECT] [Fatal Error] :1:1: Premature end of file.
2025-11-28 09:41:35,815 [ERROR] LogOutputStream:75 - [STDERR_REDIRECT] 
2025-11-28 09:41:36,830 [ERROR] LogOutputStream:75 - [STDERR_REDIRECT] [Fatal Error] :1:1: Premature end of file.
2025-11-28 09:41:36,830 [ERROR] LogOutputStream:75 - [STDERR_REDIRECT] 
2025-11-28 09:41:37,827 [ERROR] LogOutputStream:75 - [STDERR_REDIRECT] [Fatal Error] :1:1: Premature end of file.
2025-11-28 09:41:37,827 [ERROR] LogOutputStream:75 - [STDERR_REDIRECT] 
2025-11-28 09:41:38,823 [ERROR] LogOutputStream:75 - [STDERR_REDIRECT] [Fatal Error] :1:1: Premature end of file.
2025-11-28 09:41:38,823 [ERROR] LogOutputStream:75 - [STDERR_REDIRECT] 
2025-11-28 09:41:39,825 [ERROR] LogOutputStream:75 - [STDERR_REDIRECT] [Fatal Error] :1:1: Premature end of file.
2025-11-28 09:41:39,825 [ERROR] LogOutputStream:75 - [STDERR_REDIRECT] 
2025-11-28 09:41:40,824 [ERROR] LogOutputStream:75 - [STDERR_REDIRECT] [Fatal Error] :1:1: Premature end of file.
2025-11-28 09:41:40,824 [ERROR] LogOutputStream:75 - [STDERR_REDIRECT] 
2025-11-28 09:41:41,825 [ERROR] LogOutputStream:75 - [STDERR_REDIRECT] [Fatal Error] :1:1: Premature end of file.
2025-11-28 09:41:41,825 [ERROR] LogOutputStream:75 - [STDERR_REDIRECT] 
2025-11-28 09:41:42,825 [ERROR] LogOutputStream:75 - [STDERR_REDIRECT] [Fatal Error] :1:1: Premature end of file.
2025-11-28 09:41:42,825 [ERROR] LogOutputStream:75 - [STDERR_REDIRECT] 
2025-11-28 09:41:43,815 [ERROR] LogOutputStream:75 - [STDERR_REDIRECT] [Fatal Error] :1:1: Premature end of file.
2025-11-28 09:41:43,815 [ERROR] LogOutputStream:75 - [STDERR_REDIRECT] 
2025-11-28 09:41:44,825 [ERROR] LogOutputStream:75 - [STDERR_REDIRECT] [Fatal Error] :1:1: Premature end of file.
2025-11-28 09:41:44,825 [ERROR] LogOutputStream:75 - [STDERR_REDIRECT] 
2025-11-28 09:41:45,820 [ERROR] LogOutputStream:75 - [STDERR_REDIRECT] [Fatal Error] :1:1: Premature end of file.
2025-11-28 09:41:45,820 [ERROR] LogOutputStream:75 - [STDERR_REDIRECT] 
2025-11-28 09:41:46,815 [ERROR] LogOutputStream:75 - [STDERR_REDIRECT] [Fatal Error] :1:1: Premature end of file.
2025-11-28 09:41:46,815 [ERROR] LogOutputStream:75 - [STDERR_REDIRECT] 
2025-11-28 09:41:47,821 [ERROR] LogOutputStream:75 - [STDERR_REDIRECT] [Fatal Error] :1:1: Premature end of file.
2025-11-28 09:41:47,821 [ERROR] LogOutputStream:75 - [STDERR_REDIRECT] 
2025-11-28 09:41:48,835 [ERROR] LogOutputStream:75 - [STDERR_REDIRECT] [Fatal Error] :1:1: Premature end of file.
2025-11-28 09:41:48,835 [ERROR] LogOutputStream:75 - [STDERR_REDIRECT] 
2025-11-28 09:41:49,829 [ERROR] LogOutputStream:75 - [STDERR_REDIRECT] [Fatal Error] :1:1: Premature end of file.
2025-11-28 09:41:49,829 [ERROR] LogOutputStream:75 - [STDERR_REDIRECT] 
2025-11-28 09:41:50,826 [ERROR] LogOutputStream:75 - [STDERR_REDIRECT] [Fatal Error] :1:1: Premature end of file.
2025-11-28 09:41:50,826 [ERROR] LogOutputStream:75 - [STDERR_REDIRECT] 
2025-11-28 09:41:51,832 [ERROR] LogOutputStream:75 - [STDERR_REDIRECT] [Fatal Error] :1:1: Premature end of file.
2025-11-28 09:41:51,832 [ERROR] LogOutputStream:75 - [STDERR_REDIRECT] 
2025-11-28 09:41:52,826 [ERROR] LogOutputStream:75 - [STDERR_REDIRECT] [Fatal Error] :1:1: Premature end of file.
2025-11-28 09:41:52,826 [ERROR] LogOutputStream:75 - [STDERR_REDIRECT] 
2025-11-28 09:41:53,825 [ERROR] LogOutputStream:75 - [STDERR_REDIRECT] [Fatal Error] :1:1: Premature end of file.
2025-11-28 09:41:53,825 [ERROR] LogOutputStream:75 - [STDERR_REDIRECT] 
2025-11-28 09:41:54,832 [ERROR] LogOutputStream:75 - [STDERR_REDIRECT] [Fatal Error] :1:1: Premature end of file.
2025-11-28 09:41:54,832 [ERROR] LogOutputStream:75 - [STDERR_REDIRECT] 
2025-11-28 09:41:55,827 [ERROR] LogOutputStream:75 - [STDERR_REDIRECT] [Fatal Error] :1:1: Premature end of file.
2025-11-28 09:41:55,827 [ERROR] LogOutputStream:75 - [STDERR_REDIRECT] 
2025-11-28 09:41:56,824 [ERROR] LogOutputStream:75 - [STDERR_REDIRECT] [Fatal Error] :1:1: Premature end of file.
2025-11-28 09:41:56,824 [ERROR] LogOutputStream:75 - [STDERR_REDIRECT] 
2025-11-28 09:41:57,817 [ERROR] LogOutputStream:75 - [STDERR_REDIRECT] [Fatal Error] :1:1: Premature end of file.
2025-11-28 09:41:57,817 [ERROR] LogOutputStream:75 - [STDERR_REDIRECT] 
2025-11-28 09:41:58,827 [ERROR] LogOutputStream:75 - [STDERR_REDIRECT] [Fatal Error] :1:1: Premature end of file.
2025-11-28 09:41:58,827 [ERROR] LogOutputStream:75 - [STDERR_REDIRECT] 
2025-11-28 09:41:59,818 [ERROR] LogOutputStream:75 - [STDERR_REDIRECT] [Fatal Error] :1:1: Premature end of file.
2025-11-28 09:41:59,818 [ERROR] LogOutputStream:75 - [STDERR_REDIRECT] 
2025-11-28 09:42:00,815 [ERROR] LogOutputStream:75 - [STDERR_REDIRECT] [Fatal Error] :1:1: Premature end of file.
2025-11-28 09:42:00,815 [ERROR] LogOutputStream:75 - [STDERR_REDIRECT] 
2025-11-28 09:42:01,829 [ERROR] LogOutputStream:75 - [STDERR_REDIRECT] [Fatal Error] :1:1: Premature end of file.
2025-11-28 09:42:01,829 [ERROR] LogOutputStream:75 - [STDERR_REDIRECT] 
2025-11-28 09:42:02,830 [ERROR] LogOutputStream:75 - [STDERR_REDIRECT] [Fatal Error] :1:1: Premature end of file.
2025-11-28 09:42:02,830 [ERROR] LogOutputStream:75 - [STDERR_REDIRECT] 
2025-11-28 09:42:03,827 [ERROR] LogOutputStream:75 - [STDERR_REDIRECT] [Fatal Error] :1:1: Premature end of file.
2025-11-28 09:42:03,827 [ERROR] LogOutputStream:75 - [STDERR_REDIRECT] 
2025-11-28 09:42:04,840 [ERROR] LogOutputStream:75 - [STDERR_REDIRECT] [Fatal Error] :1:1: Premature end of file.
2025-11-28 09:42:04,841 [ERROR] LogOutputStream:75 - [STDERR_REDIRECT] 
2025-11-28 09:42:05,820 [ERROR] LogOutputStream:75 - [STDERR_REDIRECT] [Fatal Error] :1:1: Premature end of file.
2025-11-28 09:42:05,820 [ERROR] LogOutputStream:75 - [STDERR_REDIRECT] 
2025-11-28 09:42:06,829 [ERROR] LogOutputStream:75 - [STDERR_REDIRECT] [Fatal Error] :1:1: Premature end of file.
2025-11-28 09:42:06,830 [ERROR] LogOutputStream:75 - [STDERR_REDIRECT] 
2025-11-28 09:42:07,837 [ERROR] LogOutputStream:75 - [STDERR_REDIRECT] [Fatal Error] :1:1: Premature end of file.
2025-11-28 09:42:07,837 [ERROR] LogOutputStream:75 - [STDERR_REDIRECT] 
2025-11-28 09:42:08,847 [ERROR] LogOutputStream:75 - [STDERR_REDIRECT] [Fatal Error] :1:1: Premature end of file.
2025-11-28 09:42:08,847 [ERROR] LogOutputStream:75 - [STDERR_REDIRECT] 
2025-11-28 09:42:09,828 [ERROR] LogOutputStream:75 - [STDERR_REDIRECT] [Fatal Error] :1:1: Premature end of file.
2025-11-28 09:42:09,829 [ERROR] LogOutputStream:75 - [STDERR_REDIRECT] 
2025-11-28 09:42:10,826 [ERROR] LogOutputStream:75 - [STDERR_REDIRECT] [Fatal Error] :1:1: Premature end of file.
2025-11-28 09:42:10,827 [ERROR] LogOutputStream:75 - [STDERR_REDIRECT] 
2025-11-28 09:42:11,822 [ERROR] LogOutputStream:75 - [STDERR_REDIRECT] [Fatal Error] :1:1: Premature end of file.
2025-11-28 09:42:11,822 [ERROR] LogOutputStream:75 - [STDERR_REDIRECT] 
2025-11-28 09:42:12,834 [ERROR] LogOutputStream:75 - [STDERR_REDIRECT] [Fatal Error] :1:1: Premature end of file.
2025-11-28 09:42:12,834 [ERROR] LogOutputStream:75 - [STDERR_REDIRECT] 
2025-11-28 09:42:13,827 [ERROR] LogOutputStream:75 - [STDERR_REDIRECT] [Fatal Error] :1:1: Premature end of file.
2025-11-28 09:42:13,827 [ERROR] LogOutputStream:75 - [STDERR_REDIRECT] 
2025-11-28 09:42:14,821 [ERROR] LogOutputStream:75 - [STDERR_REDIRECT] [Fatal Error] :1:1: Premature end of file.
2025-11-28 09:42:14,822 [ERROR] LogOutputStream:75 - [STDERR_REDIRECT] 
2025-11-28 09:42:15,844 [ERROR] LogOutputStream:75 - [STDERR_REDIRECT] [Fatal Error] :1:1: Premature end of file.
2025-11-28 09:42:15,844 [ERROR] LogOutputStream:75 - [STDERR_REDIRECT] 
2025-11-28 09:42:16,826 [ERROR] LogOutputStream:75 - [STDERR_REDIRECT] [Fatal Error] :1:1: Premature end of file.
2025-11-28 09:42:16,826 [ERROR] LogOutputStream:75 - [STDERR_REDIRECT] 
2025-11-28 09:42:17,824 [ERROR] LogOutputStream:75 - [STDERR_REDIRECT] [Fatal Error] :1:1: Premature end of file.
2025-11-28 09:42:17,824 [ERROR] LogOutputStream:75 - [STDERR_REDIRECT] 
2025-11-28 09:42:18,816 [ERROR] LogOutputStream:75 - [STDERR_REDIRECT] [Fatal Error] :1:1: Premature end of file.
2025-11-28 09:42:18,816 [ERROR] LogOutputStream:75 - [STDERR_REDIRECT] 
2025-11-28 09:42:19,828 [ERROR] LogOutputStream:75 - [STDERR_REDIRECT] [Fatal Error] :1:1: Premature end of file.
2025-11-28 09:42:19,828 [ERROR] LogOutputStream:75 - [STDERR_REDIRECT] 
2025-11-28 09:42:20,819 [ERROR] LogOutputStream:75 - [STDERR_REDIRECT] [Fatal Error] :1:1: Premature end of file.
2025-11-28 09:42:20,819 [ERROR] LogOutputStream:75 - [STDERR_REDIRECT] 
2025-11-28 09:42:21,826 [ERROR] LogOutputStream:75 - [STDERR_REDIRECT] [Fatal Error] :1:1: Premature end of file.
2025-11-28 09:42:21,826 [ERROR] LogOutputStream:75 - [STDERR_REDIRECT] 
2025-11-28 09:42:22,826 [ERROR] LogOutputStream:75 - [STDERR_REDIRECT] [Fatal Error] :1:1: Premature end of file.
2025-11-28 09:42:22,826 [ERROR] LogOutputStream:75 - [STDERR_REDIRECT] 
2025-11-28 09:42:23,818 [ERROR] LogOutputStream:75 - [STDERR_REDIRECT] [Fatal Error] :1:1: Premature end of file.
2025-11-28 09:42:23,818 [ERROR] LogOutputStream:75 - [STDERR_REDIRECT] 
2025-11-28 09:42:24,817 [ERROR] LogOutputStream:75 - [STDERR_REDIRECT] [Fatal Error] :1:1: Premature end of file.
2025-11-28 09:42:24,817 [ERROR] LogOutputStream:75 - [STDERR_REDIRECT] 
2025-11-28 09:42:25,825 [ERROR] LogOutputStream:75 - [STDERR_REDIRECT] [Fatal Error] :1:1: Premature end of file.
2025-11-28 09:42:25,825 [ERROR] LogOutputStream:75 - [STDERR_REDIRECT] 
2025-11-28 09:42:26,815 [ERROR] LogOutputStream:75 - [STDERR_REDIRECT] [Fatal Error] :1:1: Premature end of file.
2025-11-28 09:42:26,815 [ERROR] LogOutputStream:75 - [STDERR_REDIRECT] 
2025-11-28 09:42:27,818 [ERROR] LogOutputStream:75 - [STDERR_REDIRECT] [Fatal Error] :1:1: Premature end of file.
2025-11-28 09:42:27,818 [ERROR] LogOutputStream:75 - [STDERR_REDIRECT] 
2025-11-28 09:42:28,825 [ERROR] LogOutputStream:75 - [STDERR_REDIRECT] [Fatal Error] :1:1: Premature end of file.
2025-11-28 09:42:28,825 [ERROR] LogOutputStream:75 - [STDERR_REDIRECT] 
2025-11-28 09:42:29,833 [ERROR] LogOutputStream:75 - [STDERR_REDIRECT] [Fatal Error] :1:1: Premature end of file.
2025-11-28 09:42:29,833 [ERROR] LogOutputStream:75 - [STDERR_REDIRECT] 
2025-11-28 09:42:30,832 [ERROR] LogOutputStream:75 - [STDERR_REDIRECT] [Fatal Error] :1:1: Premature end of file.
2025-11-28 09:42:30,833 [ERROR] LogOutputStream:75 - [STDERR_REDIRECT] 
2025-11-28 09:42:31,825 [ERROR] LogOutputStream:75 - [STDERR_REDIRECT] [Fatal Error] :1:1: Premature end of file.
2025-11-28 09:42:31,825 [ERROR] LogOutputStream:75 - [STDERR_REDIRECT] 
2025-11-28 09:42:32,819 [ERROR] LogOutputStream:75 - [STDERR_REDIRECT] [Fatal Error] :1:1: Premature end of file.
2025-11-28 09:42:32,819 [ERROR] LogOutputStream:75 - [STDERR_REDIRECT] 
2025-11-28 09:42:33,818 [ERROR] LogOutputStream:75 - [STDERR_REDIRECT] [Fatal Error] :1:1: Premature end of file.
2025-11-28 09:42:33,818 [ERROR] LogOutputStream:75 - [STDERR_REDIRECT] 
2025-11-28 09:42:34,834 [ERROR] LogOutputStream:75 - [STDERR_REDIRECT] [Fatal Error] :1:1: Premature end of file.
2025-11-28 09:42:34,834 [ERROR] LogOutputStream:75 - [STDERR_REDIRECT] 
2025-11-28 09:42:35,822 [ERROR] LogOutputStream:75 - [STDERR_REDIRECT] [Fatal Error] :1:1: Premature end of file.
2025-11-28 09:42:35,822 [ERROR] LogOutputStream:75 - [STDERR_REDIRECT] 
2025-11-28 09:42:36,829 [ERROR] LogOutputStream:75 - [STDERR_REDIRECT] [Fatal Error] :1:1: Premature end of file.
2025-11-28 09:42:36,829 [ERROR] LogOutputStream:75 - [STDERR_REDIRECT] 
2025-11-28 09:42:37,827 [ERROR] LogOutputStream:75 - [STDERR_REDIRECT] [Fatal Error] :1:1: Premature end of file.
2025-11-28 09:42:37,827 [ERROR] LogOutputStream:75 - [STDERR_REDIRECT] 
2025-11-28 09:42:38,825 [ERROR] LogOutputStream:75 - [STDERR_REDIRECT] [Fatal Error] :1:1: Premature end of file.
2025-11-28 09:42:38,825 [ERROR] LogOutputStream:75 - [STDERR_REDIRECT] 
2025-11-28 09:42:39,827 [ERROR] LogOutputStream:75 - [STDERR_REDIRECT] [Fatal Error] :1:1: Premature end of file.
2025-11-28 09:42:39,827 [ERROR] LogOutputStream:75 - [STDERR_REDIRECT] 
2025-11-28 09:42:40,825 [ERROR] LogOutputStream:75 - [STDERR_REDIRECT] [Fatal Error] :1:1: Premature end of file.
2025-11-28 09:42:40,825 [ERROR] LogOutputStream:75 - [STDERR_REDIRECT] 
2025-11-28 09:42:41,825 [ERROR] LogOutputStream:75 - [STDERR_REDIRECT] [Fatal Error] :1:1: Premature end of file.
2025-11-28 09:42:41,825 [ERROR] LogOutputStream:75 - [STDERR_REDIRECT] 
2025-11-28 09:42:42,834 [ERROR] LogOutputStream:75 - [STDERR_REDIRECT] [Fatal Error] :1:1: Premature end of file.
2025-11-28 09:42:42,834 [ERROR] LogOutputStream:75 - [STDERR_REDIRECT] 
2025-11-28 09:42:43,826 [ERROR] LogOutputStream:75 - [STDERR_REDIRECT] [Fatal Error] :1:1: Premature end of file.
2025-11-28 09:42:43,826 [ERROR] LogOutputStream:75 - [STDERR_REDIRECT] 
2025-11-28 09:42:44,832 [ERROR] LogOutputStream:75 - [STDERR_REDIRECT] [Fatal Error] :1:1: Premature end of file.
2025-11-28 09:42:44,832 [ERROR] LogOutputStream:75 - [STDERR_REDIRECT] 
2025-11-28 09:42:45,833 [ERROR] LogOutputStream:75 - [STDERR_REDIRECT] [Fatal Error] :1:1: Premature end of file.
2025-11-28 09:42:45,833 [ERROR] LogOutputStream:75 - [STDERR_REDIRECT] 
2025-11-28 09:42:46,825 [ERROR] LogOutputStream:75 - [STDERR_REDIRECT] [Fatal Error] :1:1: Premature end of file.
2025-11-28 09:42:46,825 [ERROR] LogOutputStream:75 - [STDERR_REDIRECT] 
2025-11-28 09:42:47,822 [ERROR] LogOutputStream:75 - [STDERR_REDIRECT] [Fatal Error] :1:1: Premature end of file.
2025-11-28 09:42:47,822 [ERROR] LogOutputStream:75 - [STDERR_REDIRECT] 
2025-11-28 09:42:48,826 [ERROR] LogOutputStream:75 - [STDERR_REDIRECT] [Fatal Error] :1:1: Premature end of file.
2025-11-28 09:42:48,826 [ERROR] LogOutputStream:75 - [STDERR_REDIRECT] 
2025-11-28 09:42:49,877 [ERROR] LogOutputStream:75 - [STDERR_REDIRECT] [Fatal Error] :1:1: Premature end of file.
2025-11-28 09:42:49,877 [ERROR] LogOutputStream:75 - [STDERR_REDIRECT] 
2025-11-28 09:42:50,818 [ERROR] LogOutputStream:75 - [STDERR_REDIRECT] [Fatal Error] :1:1: Premature end of file.
2025-11-28 09:42:50,818 [ERROR] LogOutputStream:75 - [STDERR_REDIRECT] 
2025-11-28 09:42:51,829 [ERROR] LogOutputStream:75 - [STDERR_REDIRECT] [Fatal Error] :1:1: Premature end of file.
2025-11-28 09:42:51,829 [ERROR] LogOutputStream:75 - [STDERR_REDIRECT] 
2025-11-28 09:42:52,828 [ERROR] LogOutputStream:75 - [STDERR_REDIRECT] [Fatal Error] :1:1: Premature end of file.
2025-11-28 09:42:52,828 [ERROR] LogOutputStream:75 - [STDERR_REDIRECT] 
2025-11-28 09:42:53,841 [ERROR] LogOutputStream:75 - [STDERR_REDIRECT] [Fatal Error] :1:1: Premature end of file.
2025-11-28 09:42:53,841 [ERROR] LogOutputStream:75 - [STDERR_REDIRECT] 
2025-11-28 09:42:54,828 [ERROR] LogOutputStream:75 - [STDERR_REDIRECT] [Fatal Error] :1:1: Premature end of file.
2025-11-28 09:42:54,828 [ERROR] LogOutputStream:75 - [STDERR_REDIRECT] 
2025-11-28 09:42:55,824 [ERROR] LogOutputStream:75 - [STDERR_REDIRECT] [Fatal Error] :1:1: Premature end of file.
2025-11-28 09:42:55,824 [ERROR] LogOutputStream:75 - [STDERR_REDIRECT] 
2025-11-28 09:42:56,815 [ERROR] LogOutputStream:75 - [STDERR_REDIRECT] [Fatal Error] :1:1: Premature end of file.
2025-11-28 09:42:56,815 [ERROR] LogOutputStream:75 - [STDERR_REDIRECT] 
2025-11-28 09:42:57,828 [ERROR] LogOutputStream:75 - [STDERR_REDIRECT] [Fatal Error] :1:1: Premature end of file.
2025-11-28 09:42:57,828 [ERROR] LogOutputStream:75 - [STDERR_REDIRECT] 
2025-11-28 09:42:58,834 [ERROR] LogOutputStream:75 - [STDERR_REDIRECT] [Fatal Error] :1:1: Premature end of file.
2025-11-28 09:42:58,835 [ERROR] LogOutputStream:75 - [STDERR_REDIRECT] 
2025-11-28 09:42:59,824 [ERROR] LogOutputStream:75 - [STDERR_REDIRECT] [Fatal Error] :1:1: Premature end of file.
2025-11-28 09:42:59,824 [ERROR] LogOutputStream:75 - [STDERR_REDIRECT] 
2025-11-28 09:43:00,829 [ERROR] LogOutputStream:75 - [STDERR_REDIRECT] [Fatal Error] :1:1: Premature end of file.
2025-11-28 09:43:00,829 [ERROR] LogOutputStream:75 - [STDERR_REDIRECT] 
2025-11-28 09:43:01,827 [ERROR] LogOutputStream:75 - [STDERR_REDIRECT] [Fatal Error] :1:1: Premature end of file.
2025-11-28 09:43:01,827 [ERROR] LogOutputStream:75 - [STDERR_REDIRECT] 
2025-11-28 09:43:02,820 [ERROR] LogOutputStream:75 - [STDERR_REDIRECT] [Fatal Error] :1:1: Premature end of file.
2025-11-28 09:43:02,820 [ERROR] LogOutputStream:75 - [STDERR_REDIRECT] 
2025-11-28 09:43:03,817 [ERROR] LogOutputStream:75 - [STDERR_REDIRECT] [Fatal Error] :1:1: Premature end of file.
2025-11-28 09:43:03,817 [ERROR] LogOutputStream:75 - [STDERR_REDIRECT] 
2025-11-28 09:43:04,830 [ERROR] LogOutputStream:75 - [STDERR_REDIRECT] [Fatal Error] :1:1: Premature end of file.
2025-11-28 09:43:04,830 [ERROR] LogOutputStream:75 - [STDERR_REDIRECT] 
2025-11-28 09:43:05,816 [ERROR] LogOutputStream:75 - [STDERR_REDIRECT] [Fatal Error] :1:1: Premature end of file.
2025-11-28 09:43:05,816 [ERROR] LogOutputStream:75 - [STDERR_REDIRECT] 
2025-11-28 09:43:06,817 [ERROR] LogOutputStream:75 - [STDERR_REDIRECT] [Fatal Error] :1:1: Premature end of file.
2025-11-28 09:43:06,818 [ERROR] LogOutputStream:75 - [STDERR_REDIRECT] 
2025-11-28 09:43:07,819 [ERROR] LogOutputStream:75 - [STDERR_REDIRECT] [Fatal Error] :1:1: Premature end of file.
2025-11-28 09:43:07,819 [ERROR] LogOutputStream:75 - [STDERR_REDIRECT] 
2025-11-28 09:43:08,822 [ERROR] LogOutputStream:75 - [STDERR_REDIRECT] [Fatal Error] :1:1: Premature end of file.
2025-11-28 09:43:08,822 [ERROR] LogOutputStream:75 - [STDERR_REDIRECT] 
2025-11-28 09:43:09,823 [ERROR] LogOutputStream:75 - [STDERR_REDIRECT] [Fatal Error] :1:1: Premature end of file.
2025-11-28 09:43:09,823 [ERROR] LogOutputStream:75 - [STDERR_REDIRECT] 
2025-11-28 09:43:10,824 [ERROR] LogOutputStream:75 - [STDERR_REDIRECT] [Fatal Error] :1:1: Premature end of file.
2025-11-28 09:43:10,824 [ERROR] LogOutputStream:75 - [STDERR_REDIRECT] 
2025-11-28 09:43:11,823 [ERROR] LogOutputStream:75 - [STDERR_REDIRECT] [Fatal Error] :1:1: Premature end of file.
2025-11-28 09:43:11,823 [ERROR] LogOutputStream:75 - [STDERR_REDIRECT] 
2025-11-28 09:43:12,820 [ERROR] LogOutputStream:75 - [STDERR_REDIRECT] [Fatal Error] :1:1: Premature end of file.
2025-11-28 09:43:12,820 [ERROR] LogOutputStream:75 - [STDERR_REDIRECT] 
2025-11-28 09:43:13,835 [ERROR] LogOutputStream:75 - [STDERR_REDIRECT] [Fatal Error] :1:1: Premature end of file.
2025-11-28 09:43:13,835 [ERROR] LogOutputStream:75 - [STDERR_REDIRECT] 
2025-11-28 09:43:14,823 [ERROR] LogOutputStream:75 - [STDERR_REDIRECT] [Fatal Error] :1:1: Premature end of file.
2025-11-28 09:43:14,824 [ERROR] LogOutputStream:75 - [STDERR_REDIRECT] 
2025-11-28 09:43:15,833 [ERROR] LogOutputStream:75 - [STDERR_REDIRECT] [Fatal Error] :1:1: Premature end of file.
2025-11-28 09:43:15,833 [ERROR] LogOutputStream:75 - [STDERR_REDIRECT] 
2025-11-28 09:43:16,820 [ERROR] LogOutputStream:75 - [STDERR_REDIRECT] [Fatal Error] :1:1: Premature end of file.
2025-11-28 09:43:16,820 [ERROR] LogOutputStream:75 - [STDERR_REDIRECT] 
2025-11-28 09:43:17,824 [ERROR] LogOutputStream:75 - [STDERR_REDIRECT] [Fatal Error] :1:1: Premature end of file.
2025-11-28 09:43:17,824 [ERROR] LogOutputStream:75 - [STDERR_REDIRECT] 
2025-11-28 09:43:18,817 [ERROR] LogOutputStream:75 - [STDERR_REDIRECT] [Fatal Error] :1:1: Premature end of file.
2025-11-28 09:43:18,817 [ERROR] LogOutputStream:75 - [STDERR_REDIRECT] 
2025-11-28 09:43:19,816 [ERROR] LogOutputStream:75 - [STDERR_REDIRECT] [Fatal Error] :1:1: Premature end of file.
2025-11-28 09:43:19,817 [ERROR] LogOutputStream:75 - [STDERR_REDIRECT] 
2025-11-28 09:43:20,821 [ERROR] LogOutputStream:75 - [STDERR_REDIRECT] [Fatal Error] :1:1: Premature end of file.
2025-11-28 09:43:20,821 [ERROR] LogOutputStream:75 - [STDERR_REDIRECT] 
2025-11-28 09:43:21,817 [ERROR] LogOutputStream:75 - [STDERR_REDIRECT] [Fatal Error] :1:1: Premature end of file.
2025-11-28 09:43:21,817 [ERROR] LogOutputStream:75 - [STDERR_REDIRECT] 
2025-11-28 09:43:22,826 [ERROR] LogOutputStream:75 - [STDERR_REDIRECT] [Fatal Error] :1:1: Premature end of file.
2025-11-28 09:43:22,826 [ERROR] LogOutputStream:75 - [STDERR_REDIRECT] 
2025-11-28 09:43:23,828 [ERROR] LogOutputStream:75 - [STDERR_REDIRECT] [Fatal Error] :1:1: Premature end of file.
2025-11-28 09:43:23,828 [ERROR] LogOutputStream:75 - [STDERR_REDIRECT] 
2025-11-28 09:43:24,816 [ERROR] LogOutputStream:75 - [STDERR_REDIRECT] [Fatal Error] :1:1: Premature end of file.
2025-11-28 09:43:24,816 [ERROR] LogOutputStream:75 - [STDERR_REDIRECT] 
2025-11-28 09:43:25,824 [ERROR] LogOutputStream:75 - [STDERR_REDIRECT] [Fatal Error] :1:1: Premature end of file.
2025-11-28 09:43:25,824 [ERROR] LogOutputStream:75 - [STDERR_REDIRECT] 
2025-11-28 09:43:26,832 [ERROR] LogOutputStream:75 - [STDERR_REDIRECT] [Fatal Error] :1:1: Premature end of file.
2025-11-28 09:43:26,832 [ERROR] LogOutputStream:75 - [STDERR_REDIRECT] 
2025-11-28 09:43:27,833 [ERROR] LogOutputStream:75 - [STDERR_REDIRECT] [Fatal Error] :1:1: Premature end of file.
2025-11-28 09:43:27,833 [ERROR] LogOutputStream:75 - [STDERR_REDIRECT] 
2025-11-28 09:43:28,828 [ERROR] LogOutputStream:75 - [STDERR_REDIRECT] [Fatal Error] :1:1: Premature end of file.
2025-11-28 09:43:28,828 [ERROR] LogOutputStream:75 - [STDERR_REDIRECT] 
2025-11-28 09:43:29,822 [ERROR] LogOutputStream:75 - [STDERR_REDIRECT] [Fatal Error] :1:1: Premature end of file.
2025-11-28 09:43:29,822 [ERROR] LogOutputStream:75 - [STDERR_REDIRECT] 
2025-11-28 09:43:30,829 [ERROR] LogOutputStream:75 - [STDERR_REDIRECT] [Fatal Error] :1:1: Premature end of file.
2025-11-28 09:43:30,830 [ERROR] LogOutputStream:75 - [STDERR_REDIRECT] 
2025-11-28 09:43:31,830 [ERROR] LogOutputStream:75 - [STDERR_REDIRECT] [Fatal Error] :1:1: Premature end of file.
2025-11-28 09:43:31,830 [ERROR] LogOutputStream:75 - [STDERR_REDIRECT] 
2025-11-28 09:43:32,819 [ERROR] LogOutputStream:75 - [STDERR_REDIRECT] [Fatal Error] :1:1: Premature end of file.
2025-11-28 09:43:32,819 [ERROR] LogOutputStream:75 - [STDERR_REDIRECT] 
2025-11-28 09:43:33,826 [ERROR] LogOutputStream:75 - [STDERR_REDIRECT] [Fatal Error] :1:1: Premature end of file.
2025-11-28 09:43:33,826 [ERROR] LogOutputStream:75 - [STDERR_REDIRECT] 
2025-11-28 09:43:34,833 [ERROR] LogOutputStream:75 - [STDERR_REDIRECT] [Fatal Error] :1:1: Premature end of file.
2025-11-28 09:43:34,833 [ERROR] LogOutputStream:75 - [STDERR_REDIRECT] 
2025-11-28 09:43:35,823 [ERROR] LogOutputStream:75 - [STDERR_REDIRECT] [Fatal Error] :1:1: Premature end of file.
2025-11-28 09:43:35,824 [ERROR] LogOutputStream:75 - [STDERR_REDIRECT] 
2025-11-28 09:43:36,826 [ERROR] LogOutputStream:75 - [STDERR_REDIRECT] [Fatal Error] :1:1: Premature end of file.
2025-11-28 09:43:36,826 [ERROR] LogOutputStream:75 - [STDERR_REDIRECT] 
2025-11-28 09:43:37,825 [ERROR] LogOutputStream:75 - [STDERR_REDIRECT] [Fatal Error] :1:1: Premature end of file.
2025-11-28 09:43:37,825 [ERROR] LogOutputStream:75 - [STDERR_REDIRECT] 
2025-11-28 09:43:38,842 [ERROR] LogOutputStream:75 - [STDERR_REDIRECT] [Fatal Error] :1:1: Premature end of file.
2025-11-28 09:43:38,842 [ERROR] LogOutputStream:75 - [STDERR_REDIRECT] 
2025-11-28 09:43:39,825 [ERROR] LogOutputStream:75 - [STDERR_REDIRECT] [Fatal Error] :1:1: Premature end of file.
2025-11-28 09:43:39,825 [ERROR] LogOutputStream:75 - [STDERR_REDIRECT] 
2025-11-28 09:43:40,825 [ERROR] LogOutputStream:75 - [STDERR_REDIRECT] [Fatal Error] :1:1: Premature end of file.
2025-11-28 09:43:40,825 [ERROR] LogOutputStream:75 - [STDERR_REDIRECT] 
2025-11-28 09:43:41,818 [ERROR] LogOutputStream:75 - [STDERR_REDIRECT] [Fatal Error] :1:1: Premature end of file.
2025-11-28 09:43:41,818 [ERROR] LogOutputStream:75 - [STDERR_REDIRECT] 
2025-11-28 09:43:42,835 [ERROR] LogOutputStream:75 - [STDERR_REDIRECT] [Fatal Error] :1:1: Premature end of file.
2025-11-28 09:43:42,835 [ERROR] LogOutputStream:75 - [STDERR_REDIRECT] 
2025-11-28 09:43:43,831 [ERROR] LogOutputStream:75 - [STDERR_REDIRECT] [Fatal Error] :1:1: Premature end of file.
2025-11-28 09:43:43,832 [ERROR] LogOutputStream:75 - [STDERR_REDIRECT] 
2025-11-28 09:43:44,812 [ERROR] LogOutputStream:75 - [STDERR_REDIRECT] [Fatal Error] :1:1: Premature end of file.
2025-11-28 09:43:44,812 [ERROR] LogOutputStream:75 - [STDERR_REDIRECT] 
2025-11-28 09:43:45,827 [ERROR] LogOutputStream:75 - [STDERR_REDIRECT] [Fatal Error] :1:1: Premature end of file.
2025-11-28 09:43:45,828 [ERROR] LogOutputStream:75 - [STDERR_REDIRECT] 
2025-11-28 09:43:46,830 [ERROR] LogOutputStream:75 - [STDERR_REDIRECT] [Fatal Error] :1:1: Premature end of file.
2025-11-28 09:43:46,830 [ERROR] LogOutputStream:75 - [STDERR_REDIRECT] 
2025-11-28 09:43:47,818 [ERROR] LogOutputStream:75 - [STDERR_REDIRECT] [Fatal Error] :1:1: Premature end of file.
2025-11-28 09:43:47,818 [ERROR] LogOutputStream:75 - [STDERR_REDIRECT] 
2025-11-28 09:43:48,831 [ERROR] LogOutputStream:75 - [STDERR_REDIRECT] [Fatal Error] :1:1: Premature end of file.
2025-11-28 09:43:48,831 [ERROR] LogOutputStream:75 - [STDERR_REDIRECT] 
2025-11-28 09:43:49,824 [ERROR] LogOutputStream:75 - [STDERR_REDIRECT] [Fatal Error] :1:1: Premature end of file.
2025-11-28 09:43:49,824 [ERROR] LogOutputStream:75 - [STDERR_REDIRECT] 
2025-11-28 09:43:50,816 [ERROR] LogOutputStream:75 - [STDERR_REDIRECT] [Fatal Error] :1:1: Premature end of file.
2025-11-28 09:43:50,816 [ERROR] LogOutputStream:75 - [STDERR_REDIRECT] 
2025-11-28 09:43:51,819 [ERROR] LogOutputStream:75 - [STDERR_REDIRECT] [Fatal Error] :1:1: Premature end of file.
2025-11-28 09:43:51,819 [ERROR] LogOutputStream:75 - [STDERR_REDIRECT] 
2025-11-28 09:43:52,833 [ERROR] LogOutputStream:75 - [STDERR_REDIRECT] [Fatal Error] :1:1: Premature end of file.
2025-11-28 09:43:52,833 [ERROR] LogOutputStream:75 - [STDERR_REDIRECT] 
2025-11-28 09:43:53,823 [ERROR] LogOutputStream:75 - [STDERR_REDIRECT] [Fatal Error] :1:1: Premature end of file.
2025-11-28 09:43:53,823 [ERROR] LogOutputStream:75 - [STDERR_REDIRECT] 
2025-11-28 09:43:54,819 [ERROR] LogOutputStream:75 - [STDERR_REDIRECT] [Fatal Error] :1:1: Premature end of file.
2025-11-28 09:43:54,819 [ERROR] LogOutputStream:75 - [STDERR_REDIRECT] 
2025-11-28 09:43:55,824 [ERROR] LogOutputStream:75 - [STDERR_REDIRECT] [Fatal Error] :1:1: Premature end of file.
2025-11-28 09:43:55,824 [ERROR] LogOutputStream:75 - [STDERR_REDIRECT] 
2025-11-28 09:43:56,815 [ERROR] LogOutputStream:75 - [STDERR_REDIRECT] [Fatal Error] :1:1: Premature end of file.
2025-11-28 09:43:56,815 [ERROR] LogOutputStream:75 - [STDERR_REDIRECT] 
2025-11-28 09:43:57,826 [ERROR] LogOutputStream:75 - [STDERR_REDIRECT] [Fatal Error] :1:1: Premature end of file.
2025-11-28 09:43:57,826 [ERROR] LogOutputStream:75 - [STDERR_REDIRECT] 
2025-11-28 09:43:58,818 [ERROR] LogOutputStream:75 - [STDERR_REDIRECT] [Fatal Error] :1:1: Premature end of file.
2025-11-28 09:43:58,819 [ERROR] LogOutputStream:75 - [STDERR_REDIRECT] 
2025-11-28 09:43:59,818 [ERROR] LogOutputStream:75 - [STDERR_REDIRECT] [Fatal Error] :1:1: Premature end of file.
2025-11-28 09:43:59,819 [ERROR] LogOutputStream:75 - [STDERR_REDIRECT] 
2025-11-28 09:44:00,836 [ERROR] LogOutputStream:75 - [STDERR_REDIRECT] [Fatal Error] :1:1: Premature end of file.
2025-11-28 09:44:00,836 [ERROR] LogOutputStream:75 - [STDERR_REDIRECT] 
2025-11-28 09:44:01,818 [ERROR] LogOutputStream:75 - [STDERR_REDIRECT] [Fatal Error] :1:1: Premature end of file.
2025-11-28 09:44:01,818 [ERROR] LogOutputStream:75 - [STDERR_REDIRECT] 
2025-11-28 09:44:02,819 [ERROR] LogOutputStream:75 - [STDERR_REDIRECT] [Fatal Error] :1:1: Premature end of file.
2025-11-28 09:44:02,819 [ERROR] LogOutputStream:75 - [STDERR_REDIRECT] 
2025-11-28 09:44:03,813 [ERROR] LogOutputStream:75 - [STDERR_REDIRECT] [Fatal Error] :1:1: Premature end of file.
2025-11-28 09:44:03,813 [ERROR] LogOutputStream:75 - [STDERR_REDIRECT] 
2025-11-28 09:44:04,827 [ERROR] LogOutputStream:75 - [STDERR_REDIRECT] [Fatal Error] :1:1: Premature end of file.
2025-11-28 09:44:04,827 [ERROR] LogOutputStream:75 - [STDERR_REDIRECT] 
2025-11-28 09:44:05,813 [ERROR] LogOutputStream:75 - [STDERR_REDIRECT] [Fatal Error] :1:1: Premature end of file.
2025-11-28 09:44:05,813 [ERROR] LogOutputStream:75 - [STDERR_REDIRECT] 
2025-11-28 09:44:06,830 [ERROR] LogOutputStream:75 - [STDERR_REDIRECT] [Fatal Error] :1:1: Premature end of file.
2025-11-28 09:44:06,830 [ERROR] LogOutputStream:75 - [STDERR_REDIRECT] 
2025-11-28 09:44:07,826 [ERROR] LogOutputStream:75 - [STDERR_REDIRECT] [Fatal Error] :1:1: Premature end of file.
2025-11-28 09:44:07,826 [ERROR] LogOutputStream:75 - [STDERR_REDIRECT] 
2025-11-28 09:44:08,822 [ERROR] LogOutputStream:75 - [STDERR_REDIRECT] [Fatal Error] :1:1: Premature end of file.
2025-11-28 09:44:08,822 [ERROR] LogOutputStream:75 - [STDERR_REDIRECT] 
2025-11-28 09:44:09,832 [ERROR] LogOutputStream:75 - [STDERR_REDIRECT] [Fatal Error] :1:1: Premature end of file.
2025-11-28 09:44:09,832 [ERROR] LogOutputStream:75 - [STDERR_REDIRECT] 
2025-11-28 09:44:10,825 [ERROR] LogOutputStream:75 - [STDERR_REDIRECT] [Fatal Error] :1:1: Premature end of file.
2025-11-28 09:44:10,825 [ERROR] LogOutputStream:75 - [STDERR_REDIRECT] 
2025-11-28 09:44:11,819 [ERROR] LogOutputStream:75 - [STDERR_REDIRECT] [Fatal Error] :1:1: Premature end of file.
2025-11-28 09:44:11,819 [ERROR] LogOutputStream:75 - [STDERR_REDIRECT] 
2025-11-28 09:44:12,819 [ERROR] LogOutputStream:75 - [STDERR_REDIRECT] [Fatal Error] :1:1: Premature end of file.
2025-11-28 09:44:12,819 [ERROR] LogOutputStream:75 - [STDERR_REDIRECT] 
2025-11-28 09:44:13,814 [ERROR] LogOutputStream:75 - [STDERR_REDIRECT] [Fatal Error] :1:1: Premature end of file.
2025-11-28 09:44:13,814 [ERROR] LogOutputStream:75 - [STDERR_REDIRECT] 
2025-11-28 09:44:14,829 [ERROR] LogOutputStream:75 - [STDERR_REDIRECT] [Fatal Error] :1:1: Premature end of file.
2025-11-28 09:44:14,829 [ERROR] LogOutputStream:75 - [STDERR_REDIRECT] 
2025-11-28 09:44:15,828 [ERROR] LogOutputStream:75 - [STDERR_REDIRECT] [Fatal Error] :1:1: Premature end of file.
2025-11-28 09:44:15,828 [ERROR] LogOutputStream:75 - [STDERR_REDIRECT] 
2025-11-28 09:44:16,829 [ERROR] LogOutputStream:75 - [STDERR_REDIRECT] [Fatal Error] :1:1: Premature end of file.
2025-11-28 09:44:16,829 [ERROR] LogOutputStream:75 - [STDERR_REDIRECT] 
2025-11-28 09:44:17,822 [ERROR] LogOutputStream:75 - [STDERR_REDIRECT] [Fatal Error] :1:1: Premature end of file.
2025-11-28 09:44:17,822 [ERROR] LogOutputStream:75 - [STDERR_REDIRECT] 
2025-11-28 09:44:18,828 [ERROR] LogOutputStream:75 - [STDERR_REDIRECT] [Fatal Error] :1:1: Premature end of file.
2025-11-28 09:44:18,829 [ERROR] LogOutputStream:75 - [STDERR_REDIRECT] 
2025-11-28 09:44:19,824 [ERROR] LogOutputStream:75 - [STDERR_REDIRECT] [Fatal Error] :1:1: Premature end of file.
2025-11-28 09:44:19,824 [ERROR] LogOutputStream:75 - [STDERR_REDIRECT] 
2025-11-28 09:44:20,840 [ERROR] LogOutputStream:75 - [STDERR_REDIRECT] [Fatal Error] :1:1: Premature end of file.
2025-11-28 09:44:20,841 [ERROR] LogOutputStream:75 - [STDERR_REDIRECT] 
2025-11-28 09:44:21,826 [ERROR] LogOutputStream:75 - [STDERR_REDIRECT] [Fatal Error] :1:1: Premature end of file.
2025-11-28 09:44:21,826 [ERROR] LogOutputStream:75 - [STDERR_REDIRECT] 
2025-11-28 09:44:22,831 [ERROR] LogOutputStream:75 - [STDERR_REDIRECT] [Fatal Error] :1:1: Premature end of file.
2025-11-28 09:44:22,831 [ERROR] LogOutputStream:75 - [STDERR_REDIRECT] 
2025-11-28 09:44:23,815 [ERROR] LogOutputStream:75 - [STDERR_REDIRECT] [Fatal Error] :1:1: Premature end of file.
2025-11-28 09:44:23,815 [ERROR] LogOutputStream:75 - [STDERR_REDIRECT] 
2025-11-28 09:44:24,822 [ERROR] LogOutputStream:75 - [STDERR_REDIRECT] [Fatal Error] :1:1: Premature end of file.
2025-11-28 09:44:24,822 [ERROR] LogOutputStream:75 - [STDERR_REDIRECT] 
2025-11-28 09:44:25,829 [ERROR] LogOutputStream:75 - [STDERR_REDIRECT] [Fatal Error] :1:1: Premature end of file.
2025-11-28 09:44:25,829 [ERROR] LogOutputStream:75 - [STDERR_REDIRECT] 
2025-11-28 09:44:26,815 [ERROR] LogOutputStream:75 - [STDERR_REDIRECT] [Fatal Error] :1:1: Premature end of file.
2025-11-28 09:44:26,815 [ERROR] LogOutputStream:75 - [STDERR_REDIRECT] 
2025-11-28 09:44:27,829 [ERROR] LogOutputStream:75 - [STDERR_REDIRECT] [Fatal Error] :1:1: Premature end of file.
2025-11-28 09:44:27,829 [ERROR] LogOutputStream:75 - [STDERR_REDIRECT] 
2025-11-28 09:44:28,815 [ERROR] LogOutputStream:75 - [STDERR_REDIRECT] [Fatal Error] :1:1: Premature end of file.
2025-11-28 09:44:28,815 [ERROR] LogOutputStream:75 - [STDERR_REDIRECT] 
2025-11-28 09:44:29,822 [ERROR] LogOutputStream:75 - [STDERR_REDIRECT] [Fatal Error] :1:1: Premature end of file.
2025-11-28 09:44:29,822 [ERROR] LogOutputStream:75 - [STDERR_REDIRECT] 
2025-11-28 09:44:30,835 [ERROR] LogOutputStream:75 - [STDERR_REDIRECT] [Fatal Error] :1:1: Premature end of file.
2025-11-28 09:44:30,835 [ERROR] LogOutputStream:75 - [STDERR_REDIRECT] 
2025-11-28 09:44:31,829 [ERROR] LogOutputStream:75 - [STDERR_REDIRECT] [Fatal Error] :1:1: Premature end of file.
2025-11-28 09:44:31,829 [ERROR] LogOutputStream:75 - [STDERR_REDIRECT] 
2025-11-28 09:44:32,821 [ERROR] LogOutputStream:75 - [STDERR_REDIRECT] [Fatal Error] :1:1: Premature end of file.
2025-11-28 09:44:32,821 [ERROR] LogOutputStream:75 - [STDERR_REDIRECT] 
2025-11-28 09:44:33,818 [ERROR] LogOutputStream:75 - [STDERR_REDIRECT] [Fatal Error] :1:1: Premature end of file.
2025-11-28 09:44:33,818 [ERROR] LogOutputStream:75 - [STDERR_REDIRECT] 
2025-11-28 09:44:34,827 [ERROR] LogOutputStream:75 - [STDERR_REDIRECT] [Fatal Error] :1:1: Premature end of file.
2025-11-28 09:44:34,827 [ERROR] LogOutputStream:75 - [STDERR_REDIRECT] 
2025-11-28 09:44:35,828 [ERROR] LogOutputStream:75 - [STDERR_REDIRECT] [Fatal Error] :1:1: Premature end of file.
2025-11-28 09:44:35,828 [ERROR] LogOutputStream:75 - [STDERR_REDIRECT] 
2025-11-28 09:44:36,830 [ERROR] LogOutputStream:75 - [STDERR_REDIRECT] [Fatal Error] :1:1: Premature end of file.
2025-11-28 09:44:36,830 [ERROR] LogOutputStream:75 - [STDERR_REDIRECT] 
2025-11-28 09:44:37,816 [ERROR] LogOutputStream:75 - [STDERR_REDIRECT] [Fatal Error] :1:1: Premature end of file.
2025-11-28 09:44:37,816 [ERROR] LogOutputStream:75 - [STDERR_REDIRECT] 
2025-11-28 09:44:38,825 [ERROR] LogOutputStream:75 - [STDERR_REDIRECT] [Fatal Error] :1:1: Premature end of file.
2025-11-28 09:44:38,825 [ERROR] LogOutputStream:75 - [STDERR_REDIRECT] 
2025-11-28 09:44:39,825 [ERROR] LogOutputStream:75 - [STDERR_REDIRECT] [Fatal Error] :1:1: Premature end of file.
2025-11-28 09:44:39,825 [ERROR] LogOutputStream:75 - [STDERR_REDIRECT] 
2025-11-28 09:44:40,835 [ERROR] LogOutputStream:75 - [STDERR_REDIRECT] [Fatal Error] :1:1: Premature end of file.
2025-11-28 09:44:40,837 [ERROR] LogOutputStream:75 - [STDERR_REDIRECT] 
2025-11-28 09:44:41,814 [ERROR] LogOutputStream:75 - [STDERR_REDIRECT] [Fatal Error] :1:1: Premature end of file.
2025-11-28 09:44:41,814 [ERROR] LogOutputStream:75 - [STDERR_REDIRECT] 
2025-11-28 09:44:42,816 [ERROR] LogOutputStream:75 - [STDERR_REDIRECT] [Fatal Error] :1:1: Premature end of file.
2025-11-28 09:44:42,816 [ERROR] LogOutputStream:75 - [STDERR_REDIRECT] 
2025-11-28 09:44:43,818 [ERROR] LogOutputStream:75 - [STDERR_REDIRECT] [Fatal Error] :1:1: Premature end of file.
2025-11-28 09:44:43,818 [ERROR] LogOutputStream:75 - [STDERR_REDIRECT] 
2025-11-28 09:44:44,819 [ERROR] LogOutputStream:75 - [STDERR_REDIRECT] [Fatal Error] :1:1: Premature end of file.
2025-11-28 09:44:44,819 [ERROR] LogOutputStream:75 - [STDERR_REDIRECT] 
2025-11-28 09:44:45,831 [ERROR] LogOutputStream:75 - [STDERR_REDIRECT] [Fatal Error] :1:1: Premature end of file.
2025-11-28 09:44:45,831 [ERROR] LogOutputStream:75 - [STDERR_REDIRECT] 
2025-11-28 09:44:46,846 [ERROR] LogOutputStream:75 - [STDERR_REDIRECT] [Fatal Error] :1:1: Premature end of file.
2025-11-28 09:44:46,846 [ERROR] LogOutputStream:75 - [STDERR_REDIRECT] 
2025-11-28 09:44:47,824 [ERROR] LogOutputStream:75 - [STDERR_REDIRECT] [Fatal Error] :1:1: Premature end of file.
2025-11-28 09:44:47,824 [ERROR] LogOutputStream:75 - [STDERR_REDIRECT] 
2025-11-28 09:44:48,818 [ERROR] LogOutputStream:75 - [STDERR_REDIRECT] [Fatal Error] :1:1: Premature end of file.
2025-11-28 09:44:48,818 [ERROR] LogOutputStream:75 - [STDERR_REDIRECT] 
2025-11-28 09:44:49,830 [ERROR] LogOutputStream:75 - [STDERR_REDIRECT] [Fatal Error] :1:1: Premature end of file.
2025-11-28 09:44:49,830 [ERROR] LogOutputStream:75 - [STDERR_REDIRECT] 
2025-11-28 09:44:50,821 [ERROR] LogOutputStream:75 - [STDERR_REDIRECT] [Fatal Error] :1:1: Premature end of file.
2025-11-28 09:44:50,821 [ERROR] LogOutputStream:75 - [STDERR_REDIRECT] 
2025-11-28 09:44:51,831 [ERROR] LogOutputStream:75 - [STDERR_REDIRECT] [Fatal Error] :1:1: Premature end of file.
2025-11-28 09:44:51,831 [ERROR] LogOutputStream:75 - [STDERR_REDIRECT] 
2025-11-28 09:44:52,818 [ERROR] LogOutputStream:75 - [STDERR_REDIRECT] [Fatal Error] :1:1: Premature end of file.
2025-11-28 09:44:52,818 [ERROR] LogOutputStream:75 - [STDERR_REDIRECT] 
2025-11-28 09:44:53,825 [ERROR] LogOutputStream:75 - [STDERR_REDIRECT] [Fatal Error] :1:1: Premature end of file.
2025-11-28 09:44:53,825 [ERROR] LogOutputStream:75 - [STDERR_REDIRECT] 
2025-11-28 09:44:54,823 [ERROR] LogOutputStream:75 - [STDERR_REDIRECT] [Fatal Error] :1:1: Premature end of file.
2025-11-28 09:44:54,823 [ERROR] LogOutputStream:75 - [STDERR_REDIRECT] 
2025-11-28 09:44:55,817 [ERROR] LogOutputStream:75 - [STDERR_REDIRECT] [Fatal Error] :1:1: Premature end of file.
2025-11-28 09:44:55,817 [ERROR] LogOutputStream:75 - [STDERR_REDIRECT] 
2025-11-28 09:44:56,816 [ERROR] LogOutputStream:75 - [STDERR_REDIRECT] [Fatal Error] :1:1: Premature end of file.
2025-11-28 09:44:56,816 [ERROR] LogOutputStream:75 - [STDERR_REDIRECT] 
2025-11-28 09:44:57,827 [ERROR] LogOutputStream:75 - [STDERR_REDIRECT] [Fatal Error] :1:1: Premature end of file.
2025-11-28 09:44:57,827 [ERROR] LogOutputStream:75 - [STDERR_REDIRECT] 
2025-11-28 09:44:58,817 [ERROR] LogOutputStream:75 - [STDERR_REDIRECT] [Fatal Error] :1:1: Premature end of file.
2025-11-28 09:44:58,817 [ERROR] LogOutputStream:75 - [STDERR_REDIRECT] 
2025-11-28 09:44:59,817 [ERROR] LogOutputStream:75 - [STDERR_REDIRECT] [Fatal Error] :1:1: Premature end of file.
2025-11-28 09:44:59,817 [ERROR] LogOutputStream:75 - [STDERR_REDIRECT] 
2025-11-28 09:45:00,827 [ERROR] LogOutputStream:75 - [STDERR_REDIRECT] [Fatal Error] :1:1: Premature end of file.
2025-11-28 09:45:00,827 [ERROR] LogOutputStream:75 - [STDERR_REDIRECT] 
2025-11-28 09:45:01,829 [ERROR] LogOutputStream:75 - [STDERR_REDIRECT] [Fatal Error] :1:1: Premature end of file.
2025-11-28 09:45:01,829 [ERROR] LogOutputStream:75 - [STDERR_REDIRECT] 
2025-11-28 09:45:02,821 [ERROR] LogOutputStream:75 - [STDERR_REDIRECT] [Fatal Error] :1:1: Premature end of file.
2025-11-28 09:45:02,822 [ERROR] LogOutputStream:75 - [STDERR_REDIRECT] 
2025-11-28 09:45:03,822 [ERROR] LogOutputStream:75 - [STDERR_REDIRECT] [Fatal Error] :1:1: Premature end of file.
2025-11-28 09:45:03,823 [ERROR] LogOutputStream:75 - [STDERR_REDIRECT] 
2025-11-28 09:45:04,863 [ERROR] LogOutputStream:75 - [STDERR_REDIRECT] [Fatal Error] :1:1: Premature end of file.
2025-11-28 09:45:04,863 [ERROR] LogOutputStream:75 - [STDERR_REDIRECT] 
2025-11-28 09:45:05,814 [ERROR] LogOutputStream:75 - [STDERR_REDIRECT] [Fatal Error] :1:1: Premature end of file.
2025-11-28 09:45:05,814 [ERROR] LogOutputStream:75 - [STDERR_REDIRECT] 
2025-11-28 09:45:06,833 [ERROR] LogOutputStream:75 - [STDERR_REDIRECT] [Fatal Error] :1:1: Premature end of file.
2025-11-28 09:45:06,833 [ERROR] LogOutputStream:75 - [STDERR_REDIRECT] 
2025-11-28 09:45:07,850 [ERROR] LogOutputStream:75 - [STDERR_REDIRECT] [Fatal Error] :1:1: Premature end of file.
2025-11-28 09:45:07,851 [ERROR] LogOutputStream:75 - [STDERR_REDIRECT] 
2025-11-28 09:45:08,821 [ERROR] LogOutputStream:75 - [STDERR_REDIRECT] [Fatal Error] :1:1: Premature end of file.
2025-11-28 09:45:08,821 [ERROR] LogOutputStream:75 - [STDERR_REDIRECT] 
2025-11-28 09:45:09,838 [ERROR] LogOutputStream:75 - [STDERR_REDIRECT] [Fatal Error] :1:1: Premature end of file.
2025-11-28 09:45:09,838 [ERROR] LogOutputStream:75 - [STDERR_REDIRECT] 
2025-11-28 09:45:10,812 [ERROR] LogOutputStream:75 - [STDERR_REDIRECT] [Fatal Error] :1:1: Premature end of file.
2025-11-28 09:45:10,813 [ERROR] LogOutputStream:75 - [STDERR_REDIRECT] 
2025-11-28 09:45:11,825 [ERROR] LogOutputStream:75 - [STDERR_REDIRECT] [Fatal Error] :1:1: Premature end of file.
2025-11-28 09:45:11,825 [ERROR] LogOutputStream:75 - [STDERR_REDIRECT] 
2025-11-28 09:45:12,825 [ERROR] LogOutputStream:75 - [STDERR_REDIRECT] [Fatal Error] :1:1: Premature end of file.
2025-11-28 09:45:12,826 [ERROR] LogOutputStream:75 - [STDERR_REDIRECT] 
2025-11-28 09:45:13,828 [ERROR] LogOutputStream:75 - [STDERR_REDIRECT] [Fatal Error] :1:1: Premature end of file.
2025-11-28 09:45:13,828 [ERROR] LogOutputStream:75 - [STDERR_REDIRECT] 
2025-11-28 09:45:14,824 [ERROR] LogOutputStream:75 - [STDERR_REDIRECT] [Fatal Error] :1:1: Premature end of file.
2025-11-28 09:45:14,824 [ERROR] LogOutputStream:75 - [STDERR_REDIRECT] 
2025-11-28 09:45:15,815 [ERROR] LogOutputStream:75 - [STDERR_REDIRECT] [Fatal Error] :1:1: Premature end of file.
2025-11-28 09:45:15,815 [ERROR] LogOutputStream:75 - [STDERR_REDIRECT] 
2025-11-28 09:45:16,814 [ERROR] LogOutputStream:75 - [STDERR_REDIRECT] [Fatal Error] :1:1: Premature end of file.
2025-11-28 09:45:16,814 [ERROR] LogOutputStream:75 - [STDERR_REDIRECT] 
2025-11-28 09:45:17,831 [ERROR] LogOutputStream:75 - [STDERR_REDIRECT] [Fatal Error] :1:1: Premature end of file.
2025-11-28 09:45:17,831 [ERROR] LogOutputStream:75 - [STDERR_REDIRECT] 
2025-11-28 09:45:18,816 [ERROR] LogOutputStream:75 - [STDERR_REDIRECT] [Fatal Error] :1:1: Premature end of file.
2025-11-28 09:45:18,816 [ERROR] LogOutputStream:75 - [STDERR_REDIRECT] 
2025-11-28 09:45:19,827 [ERROR] LogOutputStream:75 - [STDERR_REDIRECT] [Fatal Error] :1:1: Premature end of file.
2025-11-28 09:45:19,827 [ERROR] LogOutputStream:75 - [STDERR_REDIRECT] 
2025-11-28 09:45:20,847 [ERROR] LogOutputStream:75 - [STDERR_REDIRECT] [Fatal Error] :1:1: Premature end of file.
2025-11-28 09:45:20,847 [ERROR] LogOutputStream:75 - [STDERR_REDIRECT] 
2025-11-28 09:45:21,840 [ERROR] LogOutputStream:75 - [STDERR_REDIRECT] [Fatal Error] :1:1: Premature end of file.
2025-11-28 09:45:21,840 [ERROR] LogOutputStream:75 - [STDERR_REDIRECT] 
2025-11-28 09:45:22,815 [ERROR] LogOutputStream:75 - [STDERR_REDIRECT] [Fatal Error] :1:1: Premature end of file.
2025-11-28 09:45:22,815 [ERROR] LogOutputStream:75 - [STDERR_REDIRECT] 
2025-11-28 09:45:23,818 [ERROR] LogOutputStream:75 - [STDERR_REDIRECT] [Fatal Error] :1:1: Premature end of file.
2025-11-28 09:45:23,818 [ERROR] LogOutputStream:75 - [STDERR_REDIRECT] 
2025-11-28 09:45:24,831 [ERROR] LogOutputStream:75 - [STDERR_REDIRECT] [Fatal Error] :1:1: Premature end of file.
2025-11-28 09:45:24,832 [ERROR] LogOutputStream:75 - [STDERR_REDIRECT] 
2025-11-28 09:45:25,833 [ERROR] LogOutputStream:75 - [STDERR_REDIRECT] [Fatal Error] :1:1: Premature end of file.
2025-11-28 09:45:25,833 [ERROR] LogOutputStream:75 - [STDERR_REDIRECT] 
2025-11-28 09:45:26,814 [ERROR] LogOutputStream:75 - [STDERR_REDIRECT] [Fatal Error] :1:1: Premature end of file.
2025-11-28 09:45:26,814 [ERROR] LogOutputStream:75 - [STDERR_REDIRECT] 
2025-11-28 09:45:27,814 [ERROR] LogOutputStream:75 - [STDERR_REDIRECT] [Fatal Error] :1:1: Premature end of file.
2025-11-28 09:45:27,814 [ERROR] LogOutputStream:75 - [STDERR_REDIRECT] 
2025-11-28 09:45:28,829 [ERROR] LogOutputStream:75 - [STDERR_REDIRECT] [Fatal Error] :1:1: Premature end of file.
2025-11-28 09:45:28,829 [ERROR] LogOutputStream:75 - [STDERR_REDIRECT] 
2025-11-28 09:45:29,825 [ERROR] LogOutputStream:75 - [STDERR_REDIRECT] [Fatal Error] :1:1: Premature end of file.
2025-11-28 09:45:29,825 [ERROR] LogOutputStream:75 - [STDERR_REDIRECT] 
2025-11-28 09:45:30,833 [ERROR] LogOutputStream:75 - [STDERR_REDIRECT] [Fatal Error] :1:1: Premature end of file.
2025-11-28 09:45:30,833 [ERROR] LogOutputStream:75 - [STDERR_REDIRECT] 
2025-11-28 09:45:31,829 [ERROR] LogOutputStream:75 - [STDERR_REDIRECT] [Fatal Error] :1:1: Premature end of file.
2025-11-28 09:45:31,829 [ERROR] LogOutputStream:75 - [STDERR_REDIRECT] 
2025-11-28 09:45:32,825 [ERROR] LogOutputStream:75 - [STDERR_REDIRECT] [Fatal Error] :1:1: Premature end of file.
2025-11-28 09:45:32,825 [ERROR] LogOutputStream:75 - [STDERR_REDIRECT] 
2025-11-28 09:45:33,820 [ERROR] LogOutputStream:75 - [STDERR_REDIRECT] [Fatal Error] :1:1: Premature end of file.
2025-11-28 09:45:33,820 [ERROR] LogOutputStream:75 - [STDERR_REDIRECT] 
2025-11-28 09:45:34,826 [ERROR] LogOutputStream:75 - [STDERR_REDIRECT] [Fatal Error] :1:1: Premature end of file.
2025-11-28 09:45:34,827 [ERROR] LogOutputStream:75 - [STDERR_REDIRECT] 
2025-11-28 09:45:35,818 [ERROR] LogOutputStream:75 - [STDERR_REDIRECT] [Fatal Error] :1:1: Premature end of file.
2025-11-28 09:45:35,818 [ERROR] LogOutputStream:75 - [STDERR_REDIRECT] 
2025-11-28 09:45:36,832 [ERROR] LogOutputStream:75 - [STDERR_REDIRECT] [Fatal Error] :1:1: Premature end of file.
2025-11-28 09:45:36,832 [ERROR] LogOutputStream:75 - [STDERR_REDIRECT] 
2025-11-28 09:45:37,824 [ERROR] LogOutputStream:75 - [STDERR_REDIRECT] [Fatal Error] :1:1: Premature end of file.
2025-11-28 09:45:37,824 [ERROR] LogOutputStream:75 - [STDERR_REDIRECT] 
2025-11-28 09:45:38,823 [ERROR] LogOutputStream:75 - [STDERR_REDIRECT] [Fatal Error] :1:1: Premature end of file.
2025-11-28 09:45:38,823 [ERROR] LogOutputStream:75 - [STDERR_REDIRECT] 
2025-11-28 09:45:39,830 [ERROR] LogOutputStream:75 - [STDERR_REDIRECT] [Fatal Error] :1:1: Premature end of file.
2025-11-28 09:45:39,830 [ERROR] LogOutputStream:75 - [STDERR_REDIRECT] 
2025-11-28 09:45:40,827 [ERROR] LogOutputStream:75 - [STDERR_REDIRECT] [Fatal Error] :1:1: Premature end of file.
2025-11-28 09:45:40,828 [ERROR] LogOutputStream:75 - [STDERR_REDIRECT] 
2025-11-28 09:45:41,815 [ERROR] LogOutputStream:75 - [STDERR_REDIRECT] [Fatal Error] :1:1: Premature end of file.
2025-11-28 09:45:41,815 [ERROR] LogOutputStream:75 - [STDERR_REDIRECT] 
2025-11-28 09:45:42,816 [ERROR] LogOutputStream:75 - [STDERR_REDIRECT] [Fatal Error] :1:1: Premature end of file.
2025-11-28 09:45:42,816 [ERROR] LogOutputStream:75 - [STDERR_REDIRECT] 
2025-11-28 09:45:43,822 [ERROR] LogOutputStream:75 - [STDERR_REDIRECT] [Fatal Error] :1:1: Premature end of file.
2025-11-28 09:45:43,822 [ERROR] LogOutputStream:75 - [STDERR_REDIRECT] 
2025-11-28 09:45:44,820 [ERROR] LogOutputStream:75 - [STDERR_REDIRECT] [Fatal Error] :1:1: Premature end of file.
2025-11-28 09:45:44,820 [ERROR] LogOutputStream:75 - [STDERR_REDIRECT] 
2025-11-28 09:45:45,830 [ERROR] LogOutputStream:75 - [STDERR_REDIRECT] [Fatal Error] :1:1: Premature end of file.
2025-11-28 09:45:45,830 [ERROR] LogOutputStream:75 - [STDERR_REDIRECT] 
2025-11-28 09:45:46,825 [ERROR] LogOutputStream:75 - [STDERR_REDIRECT] [Fatal Error] :1:1: Premature end of file.
2025-11-28 09:45:46,825 [ERROR] LogOutputStream:75 - [STDERR_REDIRECT] 
2025-11-28 09:45:47,816 [ERROR] LogOutputStream:75 - [STDERR_REDIRECT] [Fatal Error] :1:1: Premature end of file.
2025-11-28 09:45:47,816 [ERROR] LogOutputStream:75 - [STDERR_REDIRECT] 
2025-11-28 09:45:48,821 [ERROR] LogOutputStream:75 - [STDERR_REDIRECT] [Fatal Error] :1:1: Premature end of file.
2025-11-28 09:45:48,821 [ERROR] LogOutputStream:75 - [STDERR_REDIRECT] 
2025-11-28 09:45:49,826 [ERROR] LogOutputStream:75 - [STDERR_REDIRECT] [Fatal Error] :1:1: Premature end of file.
2025-11-28 09:45:49,827 [ERROR] LogOutputStream:75 - [STDERR_REDIRECT] 
2025-11-28 09:45:50,817 [ERROR] LogOutputStream:75 - [STDERR_REDIRECT] [Fatal Error] :1:1: Premature end of file.
2025-11-28 09:45:50,817 [ERROR] LogOutputStream:75 - [STDERR_REDIRECT] 
2025-11-28 09:45:51,839 [ERROR] LogOutputStream:75 - [STDERR_REDIRECT] [Fatal Error] :1:1: Premature end of file.
2025-11-28 09:45:51,839 [ERROR] LogOutputStream:75 - [STDERR_REDIRECT] 
2025-11-28 09:45:52,821 [ERROR] LogOutputStream:75 - [STDERR_REDIRECT] [Fatal Error] :1:1: Premature end of file.
2025-11-28 09:45:52,821 [ERROR] LogOutputStream:75 - [STDERR_REDIRECT] 
2025-11-28 09:45:53,822 [ERROR] LogOutputStream:75 - [STDERR_REDIRECT] [Fatal Error] :1:1: Premature end of file.
2025-11-28 09:45:53,822 [ERROR] LogOutputStream:75 - [STDERR_REDIRECT] 
2025-11-28 09:45:54,828 [ERROR] LogOutputStream:75 - [STDERR_REDIRECT] [Fatal Error] :1:1: Premature end of file.
2025-11-28 09:45:54,828 [ERROR] LogOutputStream:75 - [STDERR_REDIRECT] 
2025-11-28 09:45:55,828 [ERROR] LogOutputStream:75 - [STDERR_REDIRECT] [Fatal Error] :1:1: Premature end of file.
2025-11-28 09:45:55,829 [ERROR] LogOutputStream:75 - [STDERR_REDIRECT] 
2025-11-28 09:45:56,821 [ERROR] LogOutputStream:75 - [STDERR_REDIRECT] [Fatal Error] :1:1: Premature end of file.
2025-11-28 09:45:56,821 [ERROR] LogOutputStream:75 - [STDERR_REDIRECT] 
2025-11-28 09:45:57,815 [ERROR] LogOutputStream:75 - [STDERR_REDIRECT] [Fatal Error] :1:1: Premature end of file.
2025-11-28 09:45:57,815 [ERROR] LogOutputStream:75 - [STDERR_REDIRECT] 
2025-11-28 09:45:58,817 [ERROR] LogOutputStream:75 - [STDERR_REDIRECT] [Fatal Error] :1:1: Premature end of file.
2025-11-28 09:45:58,817 [ERROR] LogOutputStream:75 - [STDERR_REDIRECT] 
2025-11-28 09:45:59,825 [ERROR] LogOutputStream:75 - [STDERR_REDIRECT] [Fatal Error] :1:1: Premature end of file.
2025-11-28 09:45:59,825 [ERROR] LogOutputStream:75 - [STDERR_REDIRECT] 
2025-11-28 09:46:00,815 [ERROR] LogOutputStream:75 - [STDERR_REDIRECT] [Fatal Error] :1:1: Premature end of file.
2025-11-28 09:46:00,815 [ERROR] LogOutputStream:75 - [STDERR_REDIRECT] 
2025-11-28 09:46:01,818 [ERROR] LogOutputStream:75 - [STDERR_REDIRECT] [Fatal Error] :1:1: Premature end of file.
2025-11-28 09:46:01,818 [ERROR] LogOutputStream:75 - [STDERR_REDIRECT] 
2025-11-28 09:46:02,831 [ERROR] LogOutputStream:75 - [STDERR_REDIRECT] [Fatal Error] :1:1: Premature end of file.
2025-11-28 09:46:02,831 [ERROR] LogOutputStream:75 - [STDERR_REDIRECT] 
2025-11-28 09:46:03,823 [ERROR] LogOutputStream:75 - [STDERR_REDIRECT] [Fatal Error] :1:1: Premature end of file.
2025-11-28 09:46:03,823 [ERROR] LogOutputStream:75 - [STDERR_REDIRECT] 
2025-11-28 09:46:04,816 [ERROR] LogOutputStream:75 - [STDERR_REDIRECT] [Fatal Error] :1:1: Premature end of file.
2025-11-28 09:46:04,816 [ERROR] LogOutputStream:75 - [STDERR_REDIRECT] 
2025-11-28 09:46:05,821 [ERROR] LogOutputStream:75 - [STDERR_REDIRECT] [Fatal Error] :1:1: Premature end of file.
2025-11-28 09:46:05,821 [ERROR] LogOutputStream:75 - [STDERR_REDIRECT] 
2025-11-28 09:46:06,833 [ERROR] LogOutputStream:75 - [STDERR_REDIRECT] [Fatal Error] :1:1: Premature end of file.
2025-11-28 09:46:06,833 [ERROR] LogOutputStream:75 - [STDERR_REDIRECT] 
2025-11-28 09:46:07,823 [ERROR] LogOutputStream:75 - [STDERR_REDIRECT] [Fatal Error] :1:1: Premature end of file.
2025-11-28 09:46:07,823 [ERROR] LogOutputStream:75 - [STDERR_REDIRECT] 
2025-11-28 09:46:08,831 [ERROR] LogOutputStream:75 - [STDERR_REDIRECT] [Fatal Error] :1:1: Premature end of file.
2025-11-28 09:46:08,831 [ERROR] LogOutputStream:75 - [STDERR_REDIRECT] 
2025-11-28 09:46:09,831 [ERROR] LogOutputStream:75 - [STDERR_REDIRECT] [Fatal Error] :1:1: Premature end of file.
2025-11-28 09:46:09,831 [ERROR] LogOutputStream:75 - [STDERR_REDIRECT] 
2025-11-28 09:46:10,815 [ERROR] LogOutputStream:75 - [STDERR_REDIRECT] [Fatal Error] :1:1: Premature end of file.
2025-11-28 09:46:10,815 [ERROR] LogOutputStream:75 - [STDERR_REDIRECT] 
2025-11-28 09:46:11,819 [ERROR] LogOutputStream:75 - [STDERR_REDIRECT] [Fatal Error] :1:1: Premature end of file.
2025-11-28 09:46:11,819 [ERROR] LogOutputStream:75 - [STDERR_REDIRECT] 
2025-11-28 09:46:12,814 [ERROR] LogOutputStream:75 - [STDERR_REDIRECT] [Fatal Error] :1:1: Premature end of file.
2025-11-28 09:46:12,814 [ERROR] LogOutputStream:75 - [STDERR_REDIRECT] 
2025-11-28 09:46:13,826 [ERROR] LogOutputStream:75 - [STDERR_REDIRECT] [Fatal Error] :1:1: Premature end of file.
2025-11-28 09:46:13,826 [ERROR] LogOutputStream:75 - [STDERR_REDIRECT] 
2025-11-28 09:46:14,827 [ERROR] LogOutputStream:75 - [STDERR_REDIRECT] [Fatal Error] :1:1: Premature end of file.
2025-11-28 09:46:14,827 [ERROR] LogOutputStream:75 - [STDERR_REDIRECT] 
2025-11-28 09:46:15,825 [ERROR] LogOutputStream:75 - [STDERR_REDIRECT] [Fatal Error] :1:1: Premature end of file.
2025-11-28 09:46:15,825 [ERROR] LogOutputStream:75 - [STDERR_REDIRECT] 
2025-11-28 09:46:16,827 [ERROR] LogOutputStream:75 - [STDERR_REDIRECT] [Fatal Error] :1:1: Premature end of file.
2025-11-28 09:46:16,827 [ERROR] LogOutputStream:75 - [STDERR_REDIRECT] 
2025-11-28 09:46:17,829 [ERROR] LogOutputStream:75 - [STDERR_REDIRECT] [Fatal Error] :1:1: Premature end of file.
2025-11-28 09:46:17,829 [ERROR] LogOutputStream:75 - [STDERR_REDIRECT] 
2025-11-28 09:46:18,818 [ERROR] LogOutputStream:75 - [STDERR_REDIRECT] [Fatal Error] :1:1: Premature end of file.
2025-11-28 09:46:18,819 [ERROR] LogOutputStream:75 - [STDERR_REDIRECT] 
2025-11-28 09:46:19,827 [ERROR] LogOutputStream:75 - [STDERR_REDIRECT] [Fatal Error] :1:1: Premature end of file.
2025-11-28 09:46:19,827 [ERROR] LogOutputStream:75 - [STDERR_REDIRECT] 
2025-11-28 09:46:20,833 [ERROR] LogOutputStream:75 - [STDERR_REDIRECT] [Fatal Error] :1:1: Premature end of file.
2025-11-28 09:46:20,833 [ERROR] LogOutputStream:75 - [STDERR_REDIRECT] 
2025-11-28 09:46:21,832 [ERROR] LogOutputStream:75 - [STDERR_REDIRECT] [Fatal Error] :1:1: Premature end of file.
2025-11-28 09:46:21,832 [ERROR] LogOutputStream:75 - [STDERR_REDIRECT] 
2025-11-28 09:46:22,824 [ERROR] LogOutputStream:75 - [STDERR_REDIRECT] [Fatal Error] :1:1: Premature end of file.
2025-11-28 09:46:22,824 [ERROR] LogOutputStream:75 - [STDERR_REDIRECT] 
2025-11-28 09:46:23,820 [ERROR] LogOutputStream:75 - [STDERR_REDIRECT] [Fatal Error] :1:1: Premature end of file.
2025-11-28 09:46:23,820 [ERROR] LogOutputStream:75 - [STDERR_REDIRECT] 
2025-11-28 09:46:24,830 [ERROR] LogOutputStream:75 - [STDERR_REDIRECT] [Fatal Error] :1:1: Premature end of file.
2025-11-28 09:46:24,830 [ERROR] LogOutputStream:75 - [STDERR_REDIRECT] 
2025-11-28 09:46:25,837 [ERROR] LogOutputStream:75 - [STDERR_REDIRECT] [Fatal Error] :1:1: Premature end of file.
2025-11-28 09:46:25,838 [ERROR] LogOutputStream:75 - [STDERR_REDIRECT] 
2025-11-28 09:46:26,815 [ERROR] LogOutputStream:75 - [STDERR_REDIRECT] [Fatal Error] :1:1: Premature end of file.
2025-11-28 09:46:26,815 [ERROR] LogOutputStream:75 - [STDERR_REDIRECT] 
2025-11-28 09:46:27,837 [ERROR] LogOutputStream:75 - [STDERR_REDIRECT] [Fatal Error] :1:1: Premature end of file.
2025-11-28 09:46:27,837 [ERROR] LogOutputStream:75 - [STDERR_REDIRECT] 
2025-11-28 09:46:28,817 [ERROR] LogOutputStream:75 - [STDERR_REDIRECT] [Fatal Error] :1:1: Premature end of file.
2025-11-28 09:46:28,817 [ERROR] LogOutputStream:75 - [STDERR_REDIRECT] 
2025-11-28 09:46:29,825 [ERROR] LogOutputStream:75 - [STDERR_REDIRECT] [Fatal Error] :1:1: Premature end of file.
2025-11-28 09:46:29,825 [ERROR] LogOutputStream:75 - [STDERR_REDIRECT] 
2025-11-28 09:46:30,830 [ERROR] LogOutputStream:75 - [STDERR_REDIRECT] [Fatal Error] :1:1: Premature end of file.
2025-11-28 09:46:30,830 [ERROR] LogOutputStream:75 - [STDERR_REDIRECT] 
2025-11-28 09:46:31,827 [ERROR] LogOutputStream:75 - [STDERR_REDIRECT] [Fatal Error] :1:1: Premature end of file.
2025-11-28 09:46:31,828 [ERROR] LogOutputStream:75 - [STDERR_REDIRECT] 
2025-11-28 09:46:32,824 [ERROR] LogOutputStream:75 - [STDERR_REDIRECT] [Fatal Error] :1:1: Premature end of file.
2025-11-28 09:46:32,824 [ERROR] LogOutputStream:75 - [STDERR_REDIRECT] 
2025-11-28 09:46:33,833 [ERROR] LogOutputStream:75 - [STDERR_REDIRECT] [Fatal Error] :1:1: Premature end of file.
2025-11-28 09:46:33,833 [ERROR] LogOutputStream:75 - [STDERR_REDIRECT] 
2025-11-28 09:46:34,826 [ERROR] LogOutputStream:75 - [STDERR_REDIRECT] [Fatal Error] :1:1: Premature end of file.
2025-11-28 09:46:34,826 [ERROR] LogOutputStream:75 - [STDERR_REDIRECT] 
2025-11-28 09:46:35,823 [ERROR] LogOutputStream:75 - [STDERR_REDIRECT] [Fatal Error] :1:1: Premature end of file.
2025-11-28 09:46:35,823 [ERROR] LogOutputStream:75 - [STDERR_REDIRECT] 
2025-11-28 09:46:36,831 [ERROR] LogOutputStream:75 - [STDERR_REDIRECT] [Fatal Error] :1:1: Premature end of file.
2025-11-28 09:46:36,832 [ERROR] LogOutputStream:75 - [STDERR_REDIRECT] 
2025-11-28 09:46:37,824 [ERROR] LogOutputStream:75 - [STDERR_REDIRECT] [Fatal Error] :1:1: Premature end of file.
2025-11-28 09:46:37,824 [ERROR] LogOutputStream:75 - [STDERR_REDIRECT] 
2025-11-28 09:46:38,822 [ERROR] LogOutputStream:75 - [STDERR_REDIRECT] [Fatal Error] :1:1: Premature end of file.
2025-11-28 09:46:38,822 [ERROR] LogOutputStream:75 - [STDERR_REDIRECT] 
2025-11-28 09:46:39,827 [ERROR] LogOutputStream:75 - [STDERR_REDIRECT] [Fatal Error] :1:1: Premature end of file.
2025-11-28 09:46:39,827 [ERROR] LogOutputStream:75 - [STDERR_REDIRECT] 
2025-11-28 09:46:40,831 [ERROR] LogOutputStream:75 - [STDERR_REDIRECT] [Fatal Error] :1:1: Premature end of file.
2025-11-28 09:46:40,832 [ERROR] LogOutputStream:75 - [STDERR_REDIRECT] 
2025-11-28 09:46:41,832 [ERROR] LogOutputStream:75 - [STDERR_REDIRECT] [Fatal Error] :1:1: Premature end of file.
2025-11-28 09:46:41,832 [ERROR] LogOutputStream:75 - [STDERR_REDIRECT] 
2025-11-28 09:46:42,826 [ERROR] LogOutputStream:75 - [STDERR_REDIRECT] [Fatal Error] :1:1: Premature end of file.
2025-11-28 09:46:42,826 [ERROR] LogOutputStream:75 - [STDERR_REDIRECT] 
2025-11-28 09:46:43,826 [ERROR] LogOutputStream:75 - [STDERR_REDIRECT] [Fatal Error] :1:1: Premature end of file.
2025-11-28 09:46:43,827 [ERROR] LogOutputStream:75 - [STDERR_REDIRECT] 
2025-11-28 09:46:44,825 [ERROR] LogOutputStream:75 - [STDERR_REDIRECT] [Fatal Error] :1:1: Premature end of file.
2025-11-28 09:46:44,826 [ERROR] LogOutputStream:75 - [STDERR_REDIRECT] 
2025-11-28 09:46:45,829 [ERROR] LogOutputStream:75 - [STDERR_REDIRECT] [Fatal Error] :1:1: Premature end of file.
2025-11-28 09:46:45,829 [ERROR] LogOutputStream:75 - [STDERR_REDIRECT] 
2025-11-28 09:46:46,824 [ERROR] LogOutputStream:75 - [STDERR_REDIRECT] [Fatal Error] :1:1: Premature end of file.
2025-11-28 09:46:46,824 [ERROR] LogOutputStream:75 - [STDERR_REDIRECT] 
2025-11-28 09:46:47,823 [ERROR] LogOutputStream:75 - [STDERR_REDIRECT] [Fatal Error] :1:1: Premature end of file.
2025-11-28 09:46:47,823 [ERROR] LogOutputStream:75 - [STDERR_REDIRECT] 
2025-11-28 09:46:48,818 [ERROR] LogOutputStream:75 - [STDERR_REDIRECT] [Fatal Error] :1:1: Premature end of file.
2025-11-28 09:46:48,818 [ERROR] LogOutputStream:75 - [STDERR_REDIRECT] 
2025-11-28 09:46:49,827 [ERROR] LogOutputStream:75 - [STDERR_REDIRECT] [Fatal Error] :1:1: Premature end of file.
2025-11-28 09:46:49,827 [ERROR] LogOutputStream:75 - [STDERR_REDIRECT] 
2025-11-28 09:46:50,825 [ERROR] LogOutputStream:75 - [STDERR_REDIRECT] [Fatal Error] :1:1: Premature end of file.
2025-11-28 09:46:50,825 [ERROR] LogOutputStream:75 - [STDERR_REDIRECT] 
2025-11-28 09:46:51,832 [ERROR] LogOutputStream:75 - [STDERR_REDIRECT] [Fatal Error] :1:1: Premature end of file.
2025-11-28 09:46:51,832 [ERROR] LogOutputStream:75 - [STDERR_REDIRECT] 
2025-11-28 09:46:52,813 [ERROR] LogOutputStream:75 - [STDERR_REDIRECT] [Fatal Error] :1:1: Premature end of file.
2025-11-28 09:46:52,814 [ERROR] LogOutputStream:75 - [STDERR_REDIRECT] 
2025-11-28 09:46:53,819 [ERROR] LogOutputStream:75 - [STDERR_REDIRECT] [Fatal Error] :1:1: Premature end of file.
2025-11-28 09:46:53,819 [ERROR] LogOutputStream:75 - [STDERR_REDIRECT] 
2025-11-28 09:46:54,826 [ERROR] LogOutputStream:75 - [STDERR_REDIRECT] [Fatal Error] :1:1: Premature end of file.
2025-11-28 09:46:54,826 [ERROR] LogOutputStream:75 - [STDERR_REDIRECT] 
2025-11-28 09:46:55,830 [ERROR] LogOutputStream:75 - [STDERR_REDIRECT] [Fatal Error] :1:1: Premature end of file.
2025-11-28 09:46:55,830 [ERROR] LogOutputStream:75 - [STDERR_REDIRECT] 
2025-11-28 09:46:56,822 [ERROR] LogOutputStream:75 - [STDERR_REDIRECT] [Fatal Error] :1:1: Premature end of file.
2025-11-28 09:46:56,822 [ERROR] LogOutputStream:75 - [STDERR_REDIRECT] 
2025-11-28 09:46:57,830 [ERROR] LogOutputStream:75 - [STDERR_REDIRECT] [Fatal Error] :1:1: Premature end of file.
2025-11-28 09:46:57,830 [ERROR] LogOutputStream:75 - [STDERR_REDIRECT] 
2025-11-28 09:46:58,825 [ERROR] LogOutputStream:75 - [STDERR_REDIRECT] [Fatal Error] :1:1: Premature end of file.
2025-11-28 09:46:58,825 [ERROR] LogOutputStream:75 - [STDERR_REDIRECT] 
2025-11-28 09:46:59,831 [ERROR] LogOutputStream:75 - [STDERR_REDIRECT] [Fatal Error] :1:1: Premature end of file.
2025-11-28 09:46:59,831 [ERROR] LogOutputStream:75 - [STDERR_REDIRECT] 
2025-11-28 09:47:00,816 [ERROR] LogOutputStream:75 - [STDERR_REDIRECT] [Fatal Error] :1:1: Premature end of file.
2025-11-28 09:47:00,816 [ERROR] LogOutputStream:75 - [STDERR_REDIRECT] 
2025-11-28 09:47:01,825 [ERROR] LogOutputStream:75 - [STDERR_REDIRECT] [Fatal Error] :1:1: Premature end of file.
2025-11-28 09:47:01,825 [ERROR] LogOutputStream:75 - [STDERR_REDIRECT] 
2025-11-28 09:47:02,819 [ERROR] LogOutputStream:75 - [STDERR_REDIRECT] [Fatal Error] :1:1: Premature end of file.
2025-11-28 09:47:02,819 [ERROR] LogOutputStream:75 - [STDERR_REDIRECT] 
2025-11-28 09:47:03,816 [ERROR] LogOutputStream:75 - [STDERR_REDIRECT] [Fatal Error] :1:1: Premature end of file.
2025-11-28 09:47:03,816 [ERROR] LogOutputStream:75 - [STDERR_REDIRECT] 
2025-11-28 09:47:04,826 [ERROR] LogOutputStream:75 - [STDERR_REDIRECT] [Fatal Error] :1:1: Premature end of file.
2025-11-28 09:47:04,826 [ERROR] LogOutputStream:75 - [STDERR_REDIRECT] 
2025-11-28 09:47:05,820 [ERROR] LogOutputStream:75 - [STDERR_REDIRECT] [Fatal Error] :1:1: Premature end of file.
2025-11-28 09:47:05,820 [ERROR] LogOutputStream:75 - [STDERR_REDIRECT] 
2025-11-28 09:47:06,841 [ERROR] LogOutputStream:75 - [STDERR_REDIRECT] [Fatal Error] :1:1: Premature end of file.
2025-11-28 09:47:06,842 [ERROR] LogOutputStream:75 - [STDERR_REDIRECT] 
2025-11-28 09:47:07,824 [ERROR] LogOutputStream:75 - [STDERR_REDIRECT] [Fatal Error] :1:1: Premature end of file.
2025-11-28 09:47:07,824 [ERROR] LogOutputStream:75 - [STDERR_REDIRECT] 
2025-11-28 09:47:08,823 [ERROR] LogOutputStream:75 - [STDERR_REDIRECT] [Fatal Error] :1:1: Premature end of file.
2025-11-28 09:47:08,823 [ERROR] LogOutputStream:75 - [STDERR_REDIRECT] 
2025-11-28 09:47:09,846 [ERROR] LogOutputStream:75 - [STDERR_REDIRECT] [Fatal Error] :1:1: Premature end of file.
2025-11-28 09:47:09,846 [ERROR] LogOutputStream:75 - [STDERR_REDIRECT] 
2025-11-28 09:47:10,824 [ERROR] LogOutputStream:75 - [STDERR_REDIRECT] [Fatal Error] :1:1: Premature end of file.
2025-11-28 09:47:10,824 [ERROR] LogOutputStream:75 - [STDERR_REDIRECT] 
2025-11-28 09:47:11,821 [ERROR] LogOutputStream:75 - [STDERR_REDIRECT] [Fatal Error] :1:1: Premature end of file.
2025-11-28 09:47:11,822 [ERROR] LogOutputStream:75 - [STDERR_REDIRECT] 
2025-11-28 09:47:12,830 [ERROR] LogOutputStream:75 - [STDERR_REDIRECT] [Fatal Error] :1:1: Premature end of file.
2025-11-28 09:47:12,830 [ERROR] LogOutputStream:75 - [STDERR_REDIRECT] 
2025-11-28 09:47:13,827 [ERROR] LogOutputStream:75 - [STDERR_REDIRECT] [Fatal Error] :1:1: Premature end of file.
2025-11-28 09:47:13,827 [ERROR] LogOutputStream:75 - [STDERR_REDIRECT] 
2025-11-28 09:47:14,822 [ERROR] LogOutputStream:75 - [STDERR_REDIRECT] [Fatal Error] :1:1: Premature end of file.
2025-11-28 09:47:14,822 [ERROR] LogOutputStream:75 - [STDERR_REDIRECT] 
2025-11-28 09:47:15,829 [ERROR] LogOutputStream:75 - [STDERR_REDIRECT] [Fatal Error] :1:1: Premature end of file.
2025-11-28 09:47:15,829 [ERROR] LogOutputStream:75 - [STDERR_REDIRECT] 
2025-11-28 09:47:16,828 [ERROR] LogOutputStream:75 - [STDERR_REDIRECT] [Fatal Error] :1:1: Premature end of file.
2025-11-28 09:47:16,828 [ERROR] LogOutputStream:75 - [STDERR_REDIRECT] 
2025-11-28 09:47:17,826 [ERROR] LogOutputStream:75 - [STDERR_REDIRECT] [Fatal Error] :1:1: Premature end of file.
2025-11-28 09:47:17,827 [ERROR] LogOutputStream:75 - [STDERR_REDIRECT] 
2025-11-28 09:47:18,814 [ERROR] LogOutputStream:75 - [STDERR_REDIRECT] [Fatal Error] :1:1: Premature end of file.
2025-11-28 09:47:18,814 [ERROR] LogOutputStream:75 - [STDERR_REDIRECT] 
2025-11-28 09:47:19,827 [ERROR] LogOutputStream:75 - [STDERR_REDIRECT] [Fatal Error] :1:1: Premature end of file.
2025-11-28 09:47:19,827 [ERROR] LogOutputStream:75 - [STDERR_REDIRECT] 
2025-11-28 09:47:20,827 [ERROR] LogOutputStream:75 - [STDERR_REDIRECT] [Fatal Error] :1:1: Premature end of file.
2025-11-28 09:47:20,827 [ERROR] LogOutputStream:75 - [STDERR_REDIRECT] 
2025-11-28 09:47:21,832 [ERROR] LogOutputStream:75 - [STDERR_REDIRECT] [Fatal Error] :1:1: Premature end of file.
2025-11-28 09:47:21,833 [ERROR] LogOutputStream:75 - [STDERR_REDIRECT] 
2025-11-28 09:47:22,823 [ERROR] LogOutputStream:75 - [STDERR_REDIRECT] [Fatal Error] :1:1: Premature end of file.
2025-11-28 09:47:22,824 [ERROR] LogOutputStream:75 - [STDERR_REDIRECT] 
2025-11-28 09:47:23,819 [ERROR] LogOutputStream:75 - [STDERR_REDIRECT] [Fatal Error] :1:1: Premature end of file.
2025-11-28 09:47:23,819 [ERROR] LogOutputStream:75 - [STDERR_REDIRECT] 
2025-11-28 09:47:24,835 [ERROR] LogOutputStream:75 - [STDERR_REDIRECT] [Fatal Error] :1:1: Premature end of file.
2025-11-28 09:47:24,835 [ERROR] LogOutputStream:75 - [STDERR_REDIRECT] 
2025-11-28 09:47:25,829 [ERROR] LogOutputStream:75 - [STDERR_REDIRECT] [Fatal Error] :1:1: Premature end of file.
2025-11-28 09:47:25,829 [ERROR] LogOutputStream:75 - [STDERR_REDIRECT] 
2025-11-28 09:47:26,822 [ERROR] LogOutputStream:75 - [STDERR_REDIRECT] [Fatal Error] :1:1: Premature end of file.
2025-11-28 09:47:26,822 [ERROR] LogOutputStream:75 - [STDERR_REDIRECT] 
2025-11-28 09:47:27,815 [ERROR] LogOutputStream:75 - [STDERR_REDIRECT] [Fatal Error] :1:1: Premature end of file.
2025-11-28 09:47:27,815 [ERROR] LogOutputStream:75 - [STDERR_REDIRECT] 
2025-11-28 09:47:28,824 [ERROR] LogOutputStream:75 - [STDERR_REDIRECT] [Fatal Error] :1:1: Premature end of file.
2025-11-28 09:47:28,824 [ERROR] LogOutputStream:75 - [STDERR_REDIRECT] 
2025-11-28 09:47:29,824 [ERROR] LogOutputStream:75 - [STDERR_REDIRECT] [Fatal Error] :1:1: Premature end of file.
2025-11-28 09:47:29,824 [ERROR] LogOutputStream:75 - [STDERR_REDIRECT] 
2025-11-28 09:47:30,816 [ERROR] LogOutputStream:75 - [STDERR_REDIRECT] [Fatal Error] :1:1: Premature end of file.
2025-11-28 09:47:30,816 [ERROR] LogOutputStream:75 - [STDERR_REDIRECT] 
2025-11-28 09:47:31,827 [ERROR] LogOutputStream:75 - [STDERR_REDIRECT] [Fatal Error] :1:1: Premature end of file.
2025-11-28 09:47:31,827 [ERROR] LogOutputStream:75 - [STDERR_REDIRECT] 
2025-11-28 09:47:32,822 [ERROR] LogOutputStream:75 - [STDERR_REDIRECT] [Fatal Error] :1:1: Premature end of file.
2025-11-28 09:47:32,822 [ERROR] LogOutputStream:75 - [STDERR_REDIRECT] 
2025-11-28 09:47:33,821 [ERROR] LogOutputStream:75 - [STDERR_REDIRECT] [Fatal Error] :1:1: Premature end of file.
2025-11-28 09:47:33,821 [ERROR] LogOutputStream:75 - [STDERR_REDIRECT] 
2025-11-28 09:47:34,827 [ERROR] LogOutputStream:75 - [STDERR_REDIRECT] [Fatal Error] :1:1: Premature end of file.
2025-11-28 09:47:34,827 [ERROR] LogOutputStream:75 - [STDERR_REDIRECT] 
2025-11-28 09:47:35,828 [ERROR] LogOutputStream:75 - [STDERR_REDIRECT] [Fatal Error] :1:1: Premature end of file.
2025-11-28 09:47:35,828 [ERROR] LogOutputStream:75 - [STDERR_REDIRECT] 
2025-11-28 09:47:36,820 [ERROR] LogOutputStream:75 - [STDERR_REDIRECT] [Fatal Error] :1:1: Premature end of file.
2025-11-28 09:47:36,820 [ERROR] LogOutputStream:75 - [STDERR_REDIRECT] 
2025-11-28 09:47:37,817 [ERROR] LogOutputStream:75 - [STDERR_REDIRECT] [Fatal Error] :1:1: Premature end of file.
2025-11-28 09:47:37,817 [ERROR] LogOutputStream:75 - [STDERR_REDIRECT] 
2025-11-28 09:47:38,857 [ERROR] LogOutputStream:75 - [STDERR_REDIRECT] [Fatal Error] :1:1: Premature end of file.
2025-11-28 09:47:38,858 [ERROR] LogOutputStream:75 - [STDERR_REDIRECT] 
2025-11-28 09:47:39,817 [ERROR] LogOutputStream:75 - [STDERR_REDIRECT] [Fatal Error] :1:1: Premature end of file.
2025-11-28 09:47:39,817 [ERROR] LogOutputStream:75 - [STDERR_REDIRECT] 
2025-11-28 09:47:40,815 [ERROR] LogOutputStream:75 - [STDERR_REDIRECT] [Fatal Error] :1:1: Premature end of file.
2025-11-28 09:47:40,815 [ERROR] LogOutputStream:75 - [STDERR_REDIRECT] 
2025-11-28 09:47:41,824 [ERROR] LogOutputStream:75 - [STDERR_REDIRECT] [Fatal Error] :1:1: Premature end of file.
2025-11-28 09:47:41,825 [ERROR] LogOutputStream:75 - [STDERR_REDIRECT] 
2025-11-28 09:47:42,827 [ERROR] LogOutputStream:75 - [STDERR_REDIRECT] [Fatal Error] :1:1: Premature end of file.
2025-11-28 09:47:42,827 [ERROR] LogOutputStream:75 - [STDERR_REDIRECT] 
2025-11-28 09:47:43,816 [ERROR] LogOutputStream:75 - [STDERR_REDIRECT] [Fatal Error] :1:1: Premature end of file.
2025-11-28 09:47:43,816 [ERROR] LogOutputStream:75 - [STDERR_REDIRECT] 
2025-11-28 09:47:44,821 [ERROR] LogOutputStream:75 - [STDERR_REDIRECT] [Fatal Error] :1:1: Premature end of file.
2025-11-28 09:47:44,821 [ERROR] LogOutputStream:75 - [STDERR_REDIRECT] 
2025-11-28 09:47:45,827 [ERROR] LogOutputStream:75 - [STDERR_REDIRECT] [Fatal Error] :1:1: Premature end of file.
2025-11-28 09:47:45,827 [ERROR] LogOutputStream:75 - [STDERR_REDIRECT] 
2025-11-28 09:47:46,825 [ERROR] LogOutputStream:75 - [STDERR_REDIRECT] [Fatal Error] :1:1: Premature end of file.
2025-11-28 09:47:46,825 [ERROR] LogOutputStream:75 - [STDERR_REDIRECT] 
2025-11-28 09:47:47,824 [ERROR] LogOutputStream:75 - [STDERR_REDIRECT] [Fatal Error] :1:1: Premature end of file.
2025-11-28 09:47:47,825 [ERROR] LogOutputStream:75 - [STDERR_REDIRECT] 
2025-11-28 09:47:48,821 [ERROR] LogOutputStream:75 - [STDERR_REDIRECT] [Fatal Error] :1:1: Premature end of file.
2025-11-28 09:47:48,821 [ERROR] LogOutputStream:75 - [STDERR_REDIRECT] 
2025-11-28 09:47:49,818 [ERROR] LogOutputStream:75 - [STDERR_REDIRECT] [Fatal Error] :1:1: Premature end of file.
2025-11-28 09:47:49,818 [ERROR] LogOutputStream:75 - [STDERR_REDIRECT] 
2025-11-28 09:47:50,826 [ERROR] LogOutputStream:75 - [STDERR_REDIRECT] [Fatal Error] :1:1: Premature end of file.
2025-11-28 09:47:50,826 [ERROR] LogOutputStream:75 - [STDERR_REDIRECT] 
2025-11-28 09:47:51,817 [ERROR] LogOutputStream:75 - [STDERR_REDIRECT] [Fatal Error] :1:1: Premature end of file.
2025-11-28 09:47:51,817 [ERROR] LogOutputStream:75 - [STDERR_REDIRECT] 
2025-11-28 09:47:52,837 [ERROR] LogOutputStream:75 - [STDERR_REDIRECT] [Fatal Error] :1:1: Premature end of file.
2025-11-28 09:47:52,838 [ERROR] LogOutputStream:75 - [STDERR_REDIRECT] 
2025-11-28 09:47:53,823 [ERROR] LogOutputStream:75 - [STDERR_REDIRECT] [Fatal Error] :1:1: Premature end of file.
2025-11-28 09:47:53,823 [ERROR] LogOutputStream:75 - [STDERR_REDIRECT] 
2025-11-28 09:47:54,834 [ERROR] LogOutputStream:75 - [STDERR_REDIRECT] [Fatal Error] :1:1: Premature end of file.
2025-11-28 09:47:54,834 [ERROR] LogOutputStream:75 - [STDERR_REDIRECT] 
2025-11-28 09:47:55,826 [ERROR] LogOutputStream:75 - [STDERR_REDIRECT] [Fatal Error] :1:1: Premature end of file.
2025-11-28 09:47:55,826 [ERROR] LogOutputStream:75 - [STDERR_REDIRECT] 
2025-11-28 09:47:56,821 [ERROR] LogOutputStream:75 - [STDERR_REDIRECT] [Fatal Error] :1:1: Premature end of file.
2025-11-28 09:47:56,821 [ERROR] LogOutputStream:75 - [STDERR_REDIRECT] 
2025-11-28 09:47:57,829 [ERROR] LogOutputStream:75 - [STDERR_REDIRECT] [Fatal Error] :1:1: Premature end of file.
2025-11-28 09:47:57,829 [ERROR] LogOutputStream:75 - [STDERR_REDIRECT] 
2025-11-28 09:47:58,815 [ERROR] LogOutputStream:75 - [STDERR_REDIRECT] [Fatal Error] :1:1: Premature end of file.
2025-11-28 09:47:58,815 [ERROR] LogOutputStream:75 - [STDERR_REDIRECT] 
2025-11-28 09:47:59,818 [ERROR] LogOutputStream:75 - [STDERR_REDIRECT] [Fatal Error] :1:1: Premature end of file.
2025-11-28 09:47:59,818 [ERROR] LogOutputStream:75 - [STDERR_REDIRECT] 
2025-11-28 09:48:00,823 [ERROR] LogOutputStream:75 - [STDERR_REDIRECT] [Fatal Error] :1:1: Premature end of file.
2025-11-28 09:48:00,823 [ERROR] LogOutputStream:75 - [STDERR_REDIRECT] 
2025-11-28 09:48:01,817 [ERROR] LogOutputStream:75 - [STDERR_REDIRECT] [Fatal Error] :1:1: Premature end of file.
2025-11-28 09:48:01,817 [ERROR] LogOutputStream:75 - [STDERR_REDIRECT] 
2025-11-28 09:48:02,818 [ERROR] LogOutputStream:75 - [STDERR_REDIRECT] [Fatal Error] :1:1: Premature end of file.
2025-11-28 09:48:02,819 [ERROR] LogOutputStream:75 - [STDERR_REDIRECT] 
2025-11-28 09:48:03,815 [ERROR] LogOutputStream:75 - [STDERR_REDIRECT] [Fatal Error] :1:1: Premature end of file.
2025-11-28 09:48:03,815 [ERROR] LogOutputStream:75 - [STDERR_REDIRECT] 
2025-11-28 09:48:04,814 [ERROR] LogOutputStream:75 - [STDERR_REDIRECT] [Fatal Error] :1:1: Premature end of file.
2025-11-28 09:48:04,814 [ERROR] LogOutputStream:75 - [STDERR_REDIRECT] 
2025-11-28 09:48:05,822 [ERROR] LogOutputStream:75 - [STDERR_REDIRECT] [Fatal Error] :1:1: Premature end of file.
2025-11-28 09:48:05,822 [ERROR] LogOutputStream:75 - [STDERR_REDIRECT] 
2025-11-28 09:48:06,822 [ERROR] LogOutputStream:75 - [STDERR_REDIRECT] [Fatal Error] :1:1: Premature end of file.
2025-11-28 09:48:06,822 [ERROR] LogOutputStream:75 - [STDERR_REDIRECT] 
2025-11-28 09:48:07,836 [ERROR] LogOutputStream:75 - [STDERR_REDIRECT] [Fatal Error] :1:1: Premature end of file.
2025-11-28 09:48:07,836 [ERROR] LogOutputStream:75 - [STDERR_REDIRECT] 
2025-11-28 09:48:08,813 [ERROR] LogOutputStream:75 - [STDERR_REDIRECT] [Fatal Error] :1:1: Premature end of file.
2025-11-28 09:48:08,813 [ERROR] LogOutputStream:75 - [STDERR_REDIRECT] 
2025-11-28 09:48:09,826 [ERROR] LogOutputStream:75 - [STDERR_REDIRECT] [Fatal Error] :1:1: Premature end of file.
2025-11-28 09:48:09,826 [ERROR] LogOutputStream:75 - [STDERR_REDIRECT] 
2025-11-28 09:48:10,837 [ERROR] LogOutputStream:75 - [STDERR_REDIRECT] [Fatal Error] :1:1: Premature end of file.
2025-11-28 09:48:10,837 [ERROR] LogOutputStream:75 - [STDERR_REDIRECT] 
2025-11-28 09:48:11,822 [ERROR] LogOutputStream:75 - [STDERR_REDIRECT] [Fatal Error] :1:1: Premature end of file.
2025-11-28 09:48:11,822 [ERROR] LogOutputStream:75 - [STDERR_REDIRECT] 
2025-11-28 09:48:12,820 [ERROR] LogOutputStream:75 - [STDERR_REDIRECT] [Fatal Error] :1:1: Premature end of file.
2025-11-28 09:48:12,820 [ERROR] LogOutputStream:75 - [STDERR_REDIRECT] 
2025-11-28 09:48:13,833 [ERROR] LogOutputStream:75 - [STDERR_REDIRECT] [Fatal Error] :1:1: Premature end of file.
2025-11-28 09:48:13,833 [ERROR] LogOutputStream:75 - [STDERR_REDIRECT] 
2025-11-28 09:48:14,823 [ERROR] LogOutputStream:75 - [STDERR_REDIRECT] [Fatal Error] :1:1: Premature end of file.
2025-11-28 09:48:14,823 [ERROR] LogOutputStream:75 - [STDERR_REDIRECT] 
2025-11-28 09:48:15,835 [ERROR] LogOutputStream:75 - [STDERR_REDIRECT] [Fatal Error] :1:1: Premature end of file.
2025-11-28 09:48:15,835 [ERROR] LogOutputStream:75 - [STDERR_REDIRECT] 
2025-11-28 09:48:16,815 [ERROR] LogOutputStream:75 - [STDERR_REDIRECT] [Fatal Error] :1:1: Premature end of file.
2025-11-28 09:48:16,815 [ERROR] LogOutputStream:75 - [STDERR_REDIRECT] 
2025-11-28 09:48:17,815 [ERROR] LogOutputStream:75 - [STDERR_REDIRECT] [Fatal Error] :1:1: Premature end of file.
2025-11-28 09:48:17,815 [ERROR] LogOutputStream:75 - [STDERR_REDIRECT] 
2025-11-28 09:48:18,834 [ERROR] LogOutputStream:75 - [STDERR_REDIRECT] [Fatal Error] :1:1: Premature end of file.
2025-11-28 09:48:18,834 [ERROR] LogOutputStream:75 - [STDERR_REDIRECT] 
2025-11-28 09:48:19,824 [ERROR] LogOutputStream:75 - [STDERR_REDIRECT] [Fatal Error] :1:1: Premature end of file.
2025-11-28 09:48:19,824 [ERROR] LogOutputStream:75 - [STDERR_REDIRECT] 
2025-11-28 09:48:20,822 [ERROR] LogOutputStream:75 - [STDERR_REDIRECT] [Fatal Error] :1:1: Premature end of file.
2025-11-28 09:48:20,822 [ERROR] LogOutputStream:75 - [STDERR_REDIRECT] 
2025-11-28 09:48:21,829 [ERROR] LogOutputStream:75 - [STDERR_REDIRECT] [Fatal Error] :1:1: Premature end of file.
2025-11-28 09:48:21,829 [ERROR] LogOutputStream:75 - [STDERR_REDIRECT] 
2025-11-28 09:48:22,817 [ERROR] LogOutputStream:75 - [STDERR_REDIRECT] [Fatal Error] :1:1: Premature end of file.
2025-11-28 09:48:22,817 [ERROR] LogOutputStream:75 - [STDERR_REDIRECT] 
2025-11-28 09:48:23,819 [ERROR] LogOutputStream:75 - [STDERR_REDIRECT] [Fatal Error] :1:1: Premature end of file.
2025-11-28 09:48:23,819 [ERROR] LogOutputStream:75 - [STDERR_REDIRECT] 
2025-11-28 09:48:24,819 [ERROR] LogOutputStream:75 - [STDERR_REDIRECT] [Fatal Error] :1:1: Premature end of file.
2025-11-28 09:48:24,819 [ERROR] LogOutputStream:75 - [STDERR_REDIRECT] 
2025-11-28 09:48:25,814 [ERROR] LogOutputStream:75 - [STDERR_REDIRECT] [Fatal Error] :1:1: Premature end of file.
2025-11-28 09:48:25,814 [ERROR] LogOutputStream:75 - [STDERR_REDIRECT] 
2025-11-28 09:48:26,821 [ERROR] LogOutputStream:75 - [STDERR_REDIRECT] [Fatal Error] :1:1: Premature end of file.
2025-11-28 09:48:26,821 [ERROR] LogOutputStream:75 - [STDERR_REDIRECT] 
2025-11-28 09:48:27,830 [ERROR] LogOutputStream:75 - [STDERR_REDIRECT] [Fatal Error] :1:1: Premature end of file.
2025-11-28 09:48:27,830 [ERROR] LogOutputStream:75 - [STDERR_REDIRECT] 
2025-11-28 09:48:28,817 [ERROR] LogOutputStream:75 - [STDERR_REDIRECT] [Fatal Error] :1:1: Premature end of file.
2025-11-28 09:48:28,817 [ERROR] LogOutputStream:75 - [STDERR_REDIRECT] 
2025-11-28 09:48:29,821 [ERROR] LogOutputStream:75 - [STDERR_REDIRECT] [Fatal Error] :1:1: Premature end of file.
2025-11-28 09:48:29,821 [ERROR] LogOutputStream:75 - [STDERR_REDIRECT] 
2025-11-28 09:48:30,829 [ERROR] LogOutputStream:75 - [STDERR_REDIRECT] [Fatal Error] :1:1: Premature end of file.
2025-11-28 09:48:30,829 [ERROR] LogOutputStream:75 - [STDERR_REDIRECT] 
2025-11-28 09:48:31,826 [ERROR] LogOutputStream:75 - [STDERR_REDIRECT] [Fatal Error] :1:1: Premature end of file.
2025-11-28 09:48:31,826 [ERROR] LogOutputStream:75 - [STDERR_REDIRECT] 
2025-11-28 09:48:32,821 [ERROR] LogOutputStream:75 - [STDERR_REDIRECT] [Fatal Error] :1:1: Premature end of file.
2025-11-28 09:48:32,821 [ERROR] LogOutputStream:75 - [STDERR_REDIRECT] 
2025-11-28 09:48:33,829 [ERROR] LogOutputStream:75 - [STDERR_REDIRECT] [Fatal Error] :1:1: Premature end of file.
2025-11-28 09:48:33,829 [ERROR] LogOutputStream:75 - [STDERR_REDIRECT] 
2025-11-28 09:48:34,824 [ERROR] LogOutputStream:75 - [STDERR_REDIRECT] [Fatal Error] :1:1: Premature end of file.
2025-11-28 09:48:34,824 [ERROR] LogOutputStream:75 - [STDERR_REDIRECT] 
2025-11-28 09:48:35,822 [ERROR] LogOutputStream:75 - [STDERR_REDIRECT] [Fatal Error] :1:1: Premature end of file.
2025-11-28 09:48:35,822 [ERROR] LogOutputStream:75 - [STDERR_REDIRECT] 
2025-11-28 09:48:36,820 [ERROR] LogOutputStream:75 - [STDERR_REDIRECT] [Fatal Error] :1:1: Premature end of file.
2025-11-28 09:48:36,820 [ERROR] LogOutputStream:75 - [STDERR_REDIRECT] 
2025-11-28 09:48:37,816 [ERROR] LogOutputStream:75 - [STDERR_REDIRECT] [Fatal Error] :1:1: Premature end of file.
2025-11-28 09:48:37,817 [ERROR] LogOutputStream:75 - [STDERR_REDIRECT] 
2025-11-28 09:48:38,814 [ERROR] LogOutputStream:75 - [STDERR_REDIRECT] [Fatal Error] :1:1: Premature end of file.
2025-11-28 09:48:38,814 [ERROR] LogOutputStream:75 - [STDERR_REDIRECT] 
2025-11-28 09:48:39,831 [ERROR] LogOutputStream:75 - [STDERR_REDIRECT] [Fatal Error] :1:1: Premature end of file.
2025-11-28 09:48:39,831 [ERROR] LogOutputStream:75 - [STDERR_REDIRECT] 
2025-11-28 09:48:40,827 [ERROR] LogOutputStream:75 - [STDERR_REDIRECT] [Fatal Error] :1:1: Premature end of file.
2025-11-28 09:48:40,827 [ERROR] LogOutputStream:75 - [STDERR_REDIRECT] 
2025-11-28 09:48:41,824 [ERROR] LogOutputStream:75 - [STDERR_REDIRECT] [Fatal Error] :1:1: Premature end of file.
2025-11-28 09:48:41,824 [ERROR] LogOutputStream:75 - [STDERR_REDIRECT] 
2025-11-28 09:48:42,831 [ERROR] LogOutputStream:75 - [STDERR_REDIRECT] [Fatal Error] :1:1: Premature end of file.
2025-11-28 09:48:42,831 [ERROR] LogOutputStream:75 - [STDERR_REDIRECT] 
2025-11-28 09:48:43,828 [ERROR] LogOutputStream:75 - [STDERR_REDIRECT] [Fatal Error] :1:1: Premature end of file.
2025-11-28 09:48:43,828 [ERROR] LogOutputStream:75 - [STDERR_REDIRECT] 
2025-11-28 09:48:44,819 [ERROR] LogOutputStream:75 - [STDERR_REDIRECT] [Fatal Error] :1:1: Premature end of file.
2025-11-28 09:48:44,819 [ERROR] LogOutputStream:75 - [STDERR_REDIRECT] 
2025-11-28 09:48:45,820 [ERROR] LogOutputStream:75 - [STDERR_REDIRECT] [Fatal Error] :1:1: Premature end of file.
2025-11-28 09:48:45,820 [ERROR] LogOutputStream:75 - [STDERR_REDIRECT] 
2025-11-28 09:48:46,817 [ERROR] LogOutputStream:75 - [STDERR_REDIRECT] [Fatal Error] :1:1: Premature end of file.
2025-11-28 09:48:46,817 [ERROR] LogOutputStream:75 - [STDERR_REDIRECT] 
2025-11-28 09:48:47,827 [ERROR] LogOutputStream:75 - [STDERR_REDIRECT] [Fatal Error] :1:1: Premature end of file.
2025-11-28 09:48:47,827 [ERROR] LogOutputStream:75 - [STDERR_REDIRECT] 
2025-11-28 09:48:48,826 [ERROR] LogOutputStream:75 - [STDERR_REDIRECT] [Fatal Error] :1:1: Premature end of file.
2025-11-28 09:48:48,826 [ERROR] LogOutputStream:75 - [STDERR_REDIRECT] 
2025-11-28 09:48:49,818 [ERROR] LogOutputStream:75 - [STDERR_REDIRECT] [Fatal Error] :1:1: Premature end of file.
2025-11-28 09:48:49,818 [ERROR] LogOutputStream:75 - [STDERR_REDIRECT] 
2025-11-28 09:48:50,817 [ERROR] LogOutputStream:75 - [STDERR_REDIRECT] [Fatal Error] :1:1: Premature end of file.
2025-11-28 09:48:50,817 [ERROR] LogOutputStream:75 - [STDERR_REDIRECT] 
2025-11-28 09:48:51,831 [ERROR] LogOutputStream:75 - [STDERR_REDIRECT] [Fatal Error] :1:1: Premature end of file.
2025-11-28 09:48:51,831 [ERROR] LogOutputStream:75 - [STDERR_REDIRECT] 
2025-11-28 09:48:52,836 [ERROR] LogOutputStream:75 - [STDERR_REDIRECT] [Fatal Error] :1:1: Premature end of file.
2025-11-28 09:48:52,837 [ERROR] LogOutputStream:75 - [STDERR_REDIRECT] 
2025-11-28 09:48:53,823 [ERROR] LogOutputStream:75 - [STDERR_REDIRECT] [Fatal Error] :1:1: Premature end of file.
2025-11-28 09:48:53,823 [ERROR] LogOutputStream:75 - [STDERR_REDIRECT] 
2025-11-28 09:48:54,830 [ERROR] LogOutputStream:75 - [STDERR_REDIRECT] [Fatal Error] :1:1: Premature end of file.
2025-11-28 09:48:54,831 [ERROR] LogOutputStream:75 - [STDERR_REDIRECT] 
2025-11-28 09:48:55,826 [ERROR] LogOutputStream:75 - [STDERR_REDIRECT] [Fatal Error] :1:1: Premature end of file.
2025-11-28 09:48:55,826 [ERROR] LogOutputStream:75 - [STDERR_REDIRECT] 
2025-11-28 09:48:56,844 [ERROR] LogOutputStream:75 - [STDERR_REDIRECT] [Fatal Error] :1:1: Premature end of file.
2025-11-28 09:48:56,844 [ERROR] LogOutputStream:75 - [STDERR_REDIRECT] 
2025-11-28 09:48:57,830 [ERROR] LogOutputStream:75 - [STDERR_REDIRECT] [Fatal Error] :1:1: Premature end of file.
2025-11-28 09:48:57,830 [ERROR] LogOutputStream:75 - [STDERR_REDIRECT] 
2025-11-28 09:48:58,826 [ERROR] LogOutputStream:75 - [STDERR_REDIRECT] [Fatal Error] :1:1: Premature end of file.
2025-11-28 09:48:58,827 [ERROR] LogOutputStream:75 - [STDERR_REDIRECT] 
2025-11-28 09:48:59,846 [ERROR] LogOutputStream:75 - [STDERR_REDIRECT] [Fatal Error] :1:1: Premature end of file.
2025-11-28 09:48:59,846 [ERROR] LogOutputStream:75 - [STDERR_REDIRECT] 
2025-11-28 09:49:00,818 [ERROR] LogOutputStream:75 - [STDERR_REDIRECT] [Fatal Error] :1:1: Premature end of file.
2025-11-28 09:49:00,818 [ERROR] LogOutputStream:75 - [STDERR_REDIRECT] 
2025-11-28 09:49:01,816 [ERROR] LogOutputStream:75 - [STDERR_REDIRECT] [Fatal Error] :1:1: Premature end of file.
2025-11-28 09:49:01,816 [ERROR] LogOutputStream:75 - [STDERR_REDIRECT] 
2025-11-28 09:49:02,828 [ERROR] LogOutputStream:75 - [STDERR_REDIRECT] [Fatal Error] :1:1: Premature end of file.
2025-11-28 09:49:02,828 [ERROR] LogOutputStream:75 - [STDERR_REDIRECT] 
2025-11-28 09:49:03,828 [ERROR] LogOutputStream:75 - [STDERR_REDIRECT] [Fatal Error] :1:1: Premature end of file.
2025-11-28 09:49:03,828 [ERROR] LogOutputStream:75 - [STDERR_REDIRECT] 
2025-11-28 09:49:04,831 [ERROR] LogOutputStream:75 - [STDERR_REDIRECT] [Fatal Error] :1:1: Premature end of file.
2025-11-28 09:49:04,831 [ERROR] LogOutputStream:75 - [STDERR_REDIRECT] 
2025-11-28 09:49:05,820 [ERROR] LogOutputStream:75 - [STDERR_REDIRECT] [Fatal Error] :1:1: Premature end of file.
2025-11-28 09:49:05,820 [ERROR] LogOutputStream:75 - [STDERR_REDIRECT] 
2025-11-28 09:49:06,832 [ERROR] LogOutputStream:75 - [STDERR_REDIRECT] [Fatal Error] :1:1: Premature end of file.
2025-11-28 09:49:06,832 [ERROR] LogOutputStream:75 - [STDERR_REDIRECT] 
2025-11-28 09:49:07,829 [ERROR] LogOutputStream:75 - [STDERR_REDIRECT] [Fatal Error] :1:1: Premature end of file.
2025-11-28 09:49:07,830 [ERROR] LogOutputStream:75 - [STDERR_REDIRECT] 
2025-11-28 09:49:08,818 [ERROR] LogOutputStream:75 - [STDERR_REDIRECT] [Fatal Error] :1:1: Premature end of file.
2025-11-28 09:49:08,818 [ERROR] LogOutputStream:75 - [STDERR_REDIRECT] 
2025-11-28 09:49:09,827 [ERROR] LogOutputStream:75 - [STDERR_REDIRECT] [Fatal Error] :1:1: Premature end of file.
2025-11-28 09:49:09,828 [ERROR] LogOutputStream:75 - [STDERR_REDIRECT] 
2025-11-28 09:49:10,825 [ERROR] LogOutputStream:75 - [STDERR_REDIRECT] [Fatal Error] :1:1: Premature end of file.
2025-11-28 09:49:10,825 [ERROR] LogOutputStream:75 - [STDERR_REDIRECT] 
2025-11-28 09:49:11,834 [ERROR] LogOutputStream:75 - [STDERR_REDIRECT] [Fatal Error] :1:1: Premature end of file.
2025-11-28 09:49:11,834 [ERROR] LogOutputStream:75 - [STDERR_REDIRECT] 
2025-11-28 09:49:12,828 [ERROR] LogOutputStream:75 - [STDERR_REDIRECT] [Fatal Error] :1:1: Premature end of file.
2025-11-28 09:49:12,828 [ERROR] LogOutputStream:75 - [STDERR_REDIRECT] 
2025-11-28 09:49:13,829 [ERROR] LogOutputStream:75 - [STDERR_REDIRECT] [Fatal Error] :1:1: Premature end of file.
2025-11-28 09:49:13,829 [ERROR] LogOutputStream:75 - [STDERR_REDIRECT] 
2025-11-28 09:49:14,828 [ERROR] LogOutputStream:75 - [STDERR_REDIRECT] [Fatal Error] :1:1: Premature end of file.
2025-11-28 09:49:14,828 [ERROR] LogOutputStream:75 - [STDERR_REDIRECT] 
2025-11-28 09:49:15,834 [ERROR] LogOutputStream:75 - [STDERR_REDIRECT] [Fatal Error] :1:1: Premature end of file.
2025-11-28 09:49:15,834 [ERROR] LogOutputStream:75 - [STDERR_REDIRECT] 
2025-11-28 09:49:16,826 [ERROR] LogOutputStream:75 - [STDERR_REDIRECT] [Fatal Error] :1:1: Premature end of file.
2025-11-28 09:49:16,826 [ERROR] LogOutputStream:75 - [STDERR_REDIRECT] 
2025-11-28 09:49:17,827 [ERROR] LogOutputStream:75 - [STDERR_REDIRECT] [Fatal Error] :1:1: Premature end of file.
2025-11-28 09:49:17,828 [ERROR] LogOutputStream:75 - [STDERR_REDIRECT] 
2025-11-28 09:49:18,827 [ERROR] LogOutputStream:75 - [STDERR_REDIRECT] [Fatal Error] :1:1: Premature end of file.
2025-11-28 09:49:18,827 [ERROR] LogOutputStream:75 - [STDERR_REDIRECT] 
2025-11-28 09:49:19,829 [ERROR] LogOutputStream:75 - [STDERR_REDIRECT] [Fatal Error] :1:1: Premature end of file.
2025-11-28 09:49:19,829 [ERROR] LogOutputStream:75 - [STDERR_REDIRECT] 
2025-11-28 09:49:20,821 [ERROR] LogOutputStream:75 - [STDERR_REDIRECT] [Fatal Error] :1:1: Premature end of file.
2025-11-28 09:49:20,821 [ERROR] LogOutputStream:75 - [STDERR_REDIRECT] 
2025-11-28 09:49:21,828 [ERROR] LogOutputStream:75 - [STDERR_REDIRECT] [Fatal Error] :1:1: Premature end of file.
2025-11-28 09:49:21,829 [ERROR] LogOutputStream:75 - [STDERR_REDIRECT] 
2025-11-28 09:49:22,828 [ERROR] LogOutputStream:75 - [STDERR_REDIRECT] [Fatal Error] :1:1: Premature end of file.
2025-11-28 09:49:22,828 [ERROR] LogOutputStream:75 - [STDERR_REDIRECT] 
2025-11-28 09:49:23,821 [ERROR] LogOutputStream:75 - [STDERR_REDIRECT] [Fatal Error] :1:1: Premature end of file.
2025-11-28 09:49:23,821 [ERROR] LogOutputStream:75 - [STDERR_REDIRECT] 
2025-11-28 09:49:24,815 [ERROR] LogOutputStream:75 - [STDERR_REDIRECT] [Fatal Error] :1:1: Premature end of file.
2025-11-28 09:49:24,815 [ERROR] LogOutputStream:75 - [STDERR_REDIRECT] 
2025-11-28 09:49:25,828 [ERROR] LogOutputStream:75 - [STDERR_REDIRECT] [Fatal Error] :1:1: Premature end of file.
2025-11-28 09:49:25,828 [ERROR] LogOutputStream:75 - [STDERR_REDIRECT] 
2025-11-28 09:49:26,828 [ERROR] LogOutputStream:75 - [STDERR_REDIRECT] [Fatal Error] :1:1: Premature end of file.
2025-11-28 09:49:26,828 [ERROR] LogOutputStream:75 - [STDERR_REDIRECT] 
2025-11-28 09:49:27,814 [ERROR] LogOutputStream:75 - [STDERR_REDIRECT] [Fatal Error] :1:1: Premature end of file.
2025-11-28 09:49:27,814 [ERROR] LogOutputStream:75 - [STDERR_REDIRECT] 
2025-11-28 09:49:28,818 [ERROR] LogOutputStream:75 - [STDERR_REDIRECT] [Fatal Error] :1:1: Premature end of file.
2025-11-28 09:49:28,818 [ERROR] LogOutputStream:75 - [STDERR_REDIRECT] 
2025-11-28 09:49:29,822 [ERROR] LogOutputStream:75 - [STDERR_REDIRECT] [Fatal Error] :1:1: Premature end of file.
2025-11-28 09:49:29,822 [ERROR] LogOutputStream:75 - [STDERR_REDIRECT] 
2025-11-28 09:49:30,854 [ERROR] LogOutputStream:75 - [STDERR_REDIRECT] [Fatal Error] :1:1: Premature end of file.
2025-11-28 09:49:30,854 [ERROR] LogOutputStream:75 - [STDERR_REDIRECT] 
2025-11-28 09:49:31,821 [ERROR] LogOutputStream:75 - [STDERR_REDIRECT] [Fatal Error] :1:1: Premature end of file.
2025-11-28 09:49:31,821 [ERROR] LogOutputStream:75 - [STDERR_REDIRECT] 
2025-11-28 09:49:32,818 [ERROR] LogOutputStream:75 - [STDERR_REDIRECT] [Fatal Error] :1:1: Premature end of file.
2025-11-28 09:49:32,818 [ERROR] LogOutputStream:75 - [STDERR_REDIRECT] 
2025-11-28 09:49:33,830 [ERROR] LogOutputStream:75 - [STDERR_REDIRECT] [Fatal Error] :1:1: Premature end of file.
2025-11-28 09:49:33,830 [ERROR] LogOutputStream:75 - [STDERR_REDIRECT] 
2025-11-28 09:49:34,820 [ERROR] LogOutputStream:75 - [STDERR_REDIRECT] [Fatal Error] :1:1: Premature end of file.
2025-11-28 09:49:34,820 [ERROR] LogOutputStream:75 - [STDERR_REDIRECT] 
2025-11-28 09:49:35,823 [ERROR] LogOutputStream:75 - [STDERR_REDIRECT] [Fatal Error] :1:1: Premature end of file.
2025-11-28 09:49:35,824 [ERROR] LogOutputStream:75 - [STDERR_REDIRECT] 
2025-11-28 09:49:36,829 [ERROR] LogOutputStream:75 - [STDERR_REDIRECT] [Fatal Error] :1:1: Premature end of file.
2025-11-28 09:49:36,829 [ERROR] LogOutputStream:75 - [STDERR_REDIRECT] 
2025-11-28 09:49:37,827 [ERROR] LogOutputStream:75 - [STDERR_REDIRECT] [Fatal Error] :1:1: Premature end of file.
2025-11-28 09:49:37,827 [ERROR] LogOutputStream:75 - [STDERR_REDIRECT] 
2025-11-28 09:49:38,816 [ERROR] LogOutputStream:75 - [STDERR_REDIRECT] [Fatal Error] :1:1: Premature end of file.
2025-11-28 09:49:38,816 [ERROR] LogOutputStream:75 - [STDERR_REDIRECT] 
2025-11-28 09:49:39,816 [ERROR] LogOutputStream:75 - [STDERR_REDIRECT] [Fatal Error] :1:1: Premature end of file.
2025-11-28 09:49:39,816 [ERROR] LogOutputStream:75 - [STDERR_REDIRECT] 
2025-11-28 09:49:40,827 [ERROR] LogOutputStream:75 - [STDERR_REDIRECT] [Fatal Error] :1:1: Premature end of file.
2025-11-28 09:49:40,827 [ERROR] LogOutputStream:75 - [STDERR_REDIRECT] 
2025-11-28 09:49:41,817 [ERROR] LogOutputStream:75 - [STDERR_REDIRECT] [Fatal Error] :1:1: Premature end of file.
2025-11-28 09:49:41,817 [ERROR] LogOutputStream:75 - [STDERR_REDIRECT] 
2025-11-28 09:49:42,814 [ERROR] LogOutputStream:75 - [STDERR_REDIRECT] [Fatal Error] :1:1: Premature end of file.
2025-11-28 09:49:42,814 [ERROR] LogOutputStream:75 - [STDERR_REDIRECT] 
2025-11-28 09:49:43,823 [ERROR] LogOutputStream:75 - [STDERR_REDIRECT] [Fatal Error] :1:1: Premature end of file.
2025-11-28 09:49:43,823 [ERROR] LogOutputStream:75 - [STDERR_REDIRECT] 
2025-11-28 09:49:44,821 [ERROR] LogOutputStream:75 - [STDERR_REDIRECT] [Fatal Error] :1:1: Premature end of file.
2025-11-28 09:49:44,821 [ERROR] LogOutputStream:75 - [STDERR_REDIRECT] 
2025-11-28 09:49:45,823 [ERROR] LogOutputStream:75 - [STDERR_REDIRECT] [Fatal Error] :1:1: Premature end of file.
2025-11-28 09:49:45,823 [ERROR] LogOutputStream:75 - [STDERR_REDIRECT] 
2025-11-28 09:49:46,819 [ERROR] LogOutputStream:75 - [STDERR_REDIRECT] [Fatal Error] :1:1: Premature end of file.
2025-11-28 09:49:46,819 [ERROR] LogOutputStream:75 - [STDERR_REDIRECT] 
2025-11-28 09:49:47,818 [ERROR] LogOutputStream:75 - [STDERR_REDIRECT] [Fatal Error] :1:1: Premature end of file.
2025-11-28 09:49:47,818 [ERROR] LogOutputStream:75 - [STDERR_REDIRECT] 
2025-11-28 09:49:48,816 [ERROR] LogOutputStream:75 - [STDERR_REDIRECT] [Fatal Error] :1:1: Premature end of file.
2025-11-28 09:49:48,816 [ERROR] LogOutputStream:75 - [STDERR_REDIRECT] 
2025-11-28 09:49:49,823 [ERROR] LogOutputStream:75 - [STDERR_REDIRECT] [Fatal Error] :1:1: Premature end of file.
2025-11-28 09:49:49,824 [ERROR] LogOutputStream:75 - [STDERR_REDIRECT] 
2025-11-28 09:49:50,818 [ERROR] LogOutputStream:75 - [STDERR_REDIRECT] [Fatal Error] :1:1: Premature end of file.
2025-11-28 09:49:50,818 [ERROR] LogOutputStream:75 - [STDERR_REDIRECT] 
2025-11-28 09:49:51,822 [ERROR] LogOutputStream:75 - [STDERR_REDIRECT] [Fatal Error] :1:1: Premature end of file.
2025-11-28 09:49:51,822 [ERROR] LogOutputStream:75 - [STDERR_REDIRECT] 
2025-11-28 09:49:52,813 [ERROR] LogOutputStream:75 - [STDERR_REDIRECT] [Fatal Error] :1:1: Premature end of file.
2025-11-28 09:49:52,813 [ERROR] LogOutputStream:75 - [STDERR_REDIRECT] 
2025-11-28 09:49:53,813 [ERROR] LogOutputStream:75 - [STDERR_REDIRECT] [Fatal Error] :1:1: Premature end of file.
2025-11-28 09:49:53,813 [ERROR] LogOutputStream:75 - [STDERR_REDIRECT] 
2025-11-28 09:49:54,814 [ERROR] LogOutputStream:75 - [STDERR_REDIRECT] [Fatal Error] :1:1: Premature end of file.
2025-11-28 09:49:54,815 [ERROR] LogOutputStream:75 - [STDERR_REDIRECT] 
2025-11-28 09:49:55,828 [ERROR] LogOutputStream:75 - [STDERR_REDIRECT] [Fatal Error] :1:1: Premature end of file.
2025-11-28 09:49:55,828 [ERROR] LogOutputStream:75 - [STDERR_REDIRECT] 
2025-11-28 09:49:56,823 [ERROR] LogOutputStream:75 - [STDERR_REDIRECT] [Fatal Error] :1:1: Premature end of file.
2025-11-28 09:49:56,823 [ERROR] LogOutputStream:75 - [STDERR_REDIRECT] 
2025-11-28 09:49:57,823 [ERROR] LogOutputStream:75 - [STDERR_REDIRECT] [Fatal Error] :1:1: Premature end of file.
2025-11-28 09:49:57,823 [ERROR] LogOutputStream:75 - [STDERR_REDIRECT] 
2025-11-28 09:50:37,555 [INFO] Activator:176 - 


2025-11-28 09:50:37,555 [INFO] Activator:177 - !SESSION log4j initialized
2025-11-28 09:50:39,797 [INFO] LogOutputStream:77 - [STDOUT_REDIRECT] 
2025-11-28 09:50:40,986 [INFO] ApplicationProperties:184 - Using Application install path: C:\ST\STM32CubeIDE_1.19.0\STM32CubeIDE\plugins\com.st.stm32cube.common.mx_6.15.0.202507011659
2025-11-28 09:50:40,997 [INFO] DbMcusXml:78 - Set database path to: C:\ST\STM32CubeIDE_1.19.0\STM32CubeIDE\plugins\com.st.stm32cube.common.mx_6.15.0.202507011659\\db\/mcu/
2025-11-28 09:50:40,998 [INFO] ApiDb:274 - Set plugin database path to: C:\ST\STM32CubeIDE_1.19.0\STM32CubeIDE\plugins\com.st.stm32cube.common.mx_6.15.0.202507011659\\db\/plugins/boardmanager/
2025-11-28 09:50:40,998 [WARN] ApiDb:259 - Overriding images path with different value:  => C:\ST\STM32CubeIDE_1.19.0\STM32CubeIDE\plugins\com.st.stm32cube.common.mx_6.15.0.202507011659\\db\/plugins/mcufinder/images/
2025-11-28 09:50:41,001 [INFO] ApiDb:250 - Set database path to: C:\Users\kerem\.stmcufinder\plugins\mcufinder//mcu/
2025-11-28 09:50:41,002 [INFO] DbMcusAds:125 - Set database path to: C:\Users\kerem\.stmcufinder\plugins\mcufinder//mcu/
2025-11-28 09:50:41,003 [INFO] CrossReferenceDbSqlite:203 - Set database path to: C:\Users\kerem\.stmcufinder\plugins\mcufinder//mcu/cs/
2025-11-28 09:50:41,132 [INFO] RulesReader:64 - Compatibility file has been processed (317 Rules)
2025-11-28 09:50:41,176 [INFO] DbMcusXml:78 - Set database path to: C:\ST\STM32CubeIDE_1.19.0\STM32CubeIDE\plugins\com.st.stm32cube.common.mx_6.15.0.202507011659\\db\/mcu/
2025-11-28 09:50:41,176 [INFO] ApiDb:274 - Set plugin database path to: C:\ST\STM32CubeIDE_1.19.0\STM32CubeIDE\plugins\com.st.stm32cube.common.mx_6.15.0.202507011659\\db\/plugins/boardmanager/
2025-11-28 09:50:41,176 [INFO] ApiDb:261 - Set plugin images path to: C:\ST\STM32CubeIDE_1.19.0\STM32CubeIDE\plugins\com.st.stm32cube.common.mx_6.15.0.202507011659\\db\/plugins/mcufinder/images/
2025-11-28 09:50:41,176 [WARN] DbFile:41 - Overriding database path with different value: C:\Users\kerem\.stmcufinder\plugins\mcufinder/ => C:\Users\kerem\.stmcufinder\plugins\mcufinder
2025-11-28 09:50:41,176 [INFO] ApiDb:250 - Set database path to: C:\Users\kerem\.stmcufinder\plugins\mcufinder//mcu/
2025-11-28 09:50:41,176 [WARN] DbFile:41 - Overriding database path with different value: C:\Users\kerem\.stmcufinder\plugins\mcufinder/ => C:\Users\kerem\.stmcufinder\plugins\mcufinder
2025-11-28 09:50:41,176 [INFO] DbMcusAds:125 - Set database path to: C:\Users\kerem\.stmcufinder\plugins\mcufinder//mcu/
2025-11-28 09:50:41,176 [WARN] DbFile:41 - Overriding database path with different value: C:\Users\kerem\.stmcufinder\plugins\mcufinder/ => C:\Users\kerem\.stmcufinder\plugins\mcufinder
2025-11-28 09:50:41,178 [WARN] DbFile:41 - Overriding database path with different value: C:\Users\kerem\.stmcufinder\plugins\mcufinder/ => C:\Users\kerem\.stmcufinder\plugins\mcufinder
2025-11-28 09:50:41,178 [INFO] CrossReferenceDbSqlite:203 - Set database path to: C:\Users\kerem\.stmcufinder\plugins\mcufinder//mcu/cs/
2025-11-28 09:50:41,231 [INFO] MainPanel:274 - HeapMemory: 268435456
2025-11-28 09:50:41,283 [INFO] DbMcusXml:78 - Set database path to: C:\ST\STM32CubeIDE_1.19.0\STM32CubeIDE\plugins\com.st.stm32cube.common.mx_6.15.0.202507011659\\db\/mcu/
2025-11-28 09:50:41,284 [INFO] ApiDb:274 - Set plugin database path to: C:\ST\STM32CubeIDE_1.19.0\STM32CubeIDE\plugins\com.st.stm32cube.common.mx_6.15.0.202507011659\\db\/plugins/boardmanager/
2025-11-28 09:50:41,284 [INFO] ApiDb:261 - Set plugin images path to: C:\ST\STM32CubeIDE_1.19.0\STM32CubeIDE\plugins\com.st.stm32cube.common.mx_6.15.0.202507011659\\db\/plugins/mcufinder/images/
2025-11-28 09:50:41,284 [WARN] DbFile:41 - Overriding database path with different value: C:\Users\kerem\.stmcufinder\plugins\mcufinder/ => C:\Users\kerem\.stmcufinder\plugins\mcufinder
2025-11-28 09:50:41,284 [INFO] ApiDb:250 - Set database path to: C:\Users\kerem\.stmcufinder\plugins\mcufinder//mcu/
2025-11-28 09:50:41,284 [WARN] DbFile:41 - Overriding database path with different value: C:\Users\kerem\.stmcufinder\plugins\mcufinder/ => C:\Users\kerem\.stmcufinder\plugins\mcufinder
2025-11-28 09:50:41,284 [INFO] DbMcusAds:125 - Set database path to: C:\Users\kerem\.stmcufinder\plugins\mcufinder//mcu/
2025-11-28 09:50:41,284 [WARN] DbFile:41 - Overriding database path with different value: C:\Users\kerem\.stmcufinder\plugins\mcufinder/ => C:\Users\kerem\.stmcufinder\plugins\mcufinder
2025-11-28 09:50:41,284 [WARN] DbFile:41 - Overriding database path with different value: C:\Users\kerem\.stmcufinder\plugins\mcufinder/ => C:\Users\kerem\.stmcufinder\plugins\mcufinder
2025-11-28 09:50:41,284 [INFO] CrossReferenceDbSqlite:203 - Set database path to: C:\Users\kerem\.stmcufinder\plugins\mcufinder//mcu/cs/
2025-11-28 09:50:41,295 [INFO] ApplicationProperties:184 - Using Application install path: C:\ST\STM32CubeIDE_1.19.0\STM32CubeIDE\plugins\com.st.stm32cube.common.mx_6.15.0.202507011659
2025-11-28 09:50:41,296 [INFO] PluginManage:196 - Search for loadable plugins [exclusion list=, ]
2025-11-28 09:50:41,299 [INFO] PluginManage:310 - Check plugin analytics
2025-11-28 09:50:41,512 [INFO] AnalyticsPlugin:253 - Accepted Software Licenses: STM32CubeMX.6.15.0
2025-11-28 09:50:41,512 [INFO] AnalyticsPlugin:255 - Accepted CMSIS Pack Licenses: STMicroelectronics.X-CUBE-BLE1.7.1.0,STMicroelectronics.X-CUBE-BLEMGR.4.1.0,Infineon.AIROC-Wi-Fi-Bluetooth-STM32.1.7.1,STMicroelectronics.FP-SNS-STBOX1.2.1.0
2025-11-28 09:50:41,513 [INFO] AnalyticsPlugin:257 - Accepted Firmware Licenses: FW.U5.1.8.0
2025-11-28 09:50:41,514 [INFO] PluginManage:359 - Loaded plugin analytics (category:tool,tabindex:-1)
2025-11-28 09:50:41,515 [INFO] PluginManage:310 - Check plugin cadmodel
2025-11-28 09:50:41,517 [INFO] CADModel:105 - Init CAD model plugin
2025-11-28 09:50:41,517 [INFO] PluginManage:359 - Loaded plugin cadmodel (category:power,tabindex:5)
2025-11-28 09:50:41,518 [INFO] PluginManage:310 - Check plugin clock
2025-11-28 09:50:41,525 [INFO] PluginManage:359 - Loaded plugin clock (category:base,tabindex:2)
2025-11-28 09:50:41,525 [INFO] PluginManage:310 - Check plugin ddr
2025-11-28 09:50:41,526 [INFO] PluginManage:359 - Loaded plugin ddr (category:tool,tabindex:6)
2025-11-28 09:50:41,527 [INFO] PluginManage:310 - Check plugin filemanager
2025-11-28 09:50:41,632 [INFO] PluginManage:359 - Loaded plugin filemanager (category:base,tabindex:10)
2025-11-28 09:50:41,632 [INFO] PluginManage:310 - Check plugin ipmanager
2025-11-28 09:50:41,638 [INFO] PluginManage:359 - Loaded plugin ipmanager (category:base,tabindex:5)
2025-11-28 09:50:41,638 [INFO] PluginManage:310 - Check plugin lpbam
2025-11-28 09:50:41,644 [INFO] PluginManage:359 - Loaded plugin lpbam (category:base,tabindex:0)
2025-11-28 09:50:41,644 [INFO] PluginManage:310 - Check plugin memorymap
2025-11-28 09:50:41,652 [INFO] PluginManage:359 - Loaded plugin memorymap (category:base,tabindex:4)
2025-11-28 09:50:41,652 [INFO] PluginManage:310 - Check plugin pinoutandconfiguration
2025-11-28 09:50:41,658 [INFO] PluginManage:359 - Loaded plugin pinoutandconfiguration (category:base,tabindex:1)
2025-11-28 09:50:41,659 [INFO] PluginManage:310 - Check plugin pinoutconfig
2025-11-28 09:50:41,738 [WARN] SupportedApi:132 - Cannot load RTOS API schema: s4s-elt-must-match.1: The content of 'definitions' must match (annotation?, (simpleType | complexType)?, (unique | key | keyref)*)). A problem was found starting at: attribute.
2025-11-28 09:50:41,835 [INFO] PluginManage:359 - Loaded plugin pinoutconfig (category:base,tabindex:0)
2025-11-28 09:50:41,835 [INFO] PluginManage:310 - Check plugin power
2025-11-28 09:50:41,841 [INFO] PluginManage:359 - Loaded plugin power (category:power,tabindex:4)
2025-11-28 09:50:41,841 [INFO] PluginManage:310 - Check plugin projectmanager
2025-11-28 09:50:41,859 [INFO] PluginManage:359 - Loaded plugin projectmanager (category:projectmanager,tabindex:4)
2025-11-28 09:50:41,859 [INFO] PluginManage:310 - Check plugin rif
2025-11-28 09:50:41,865 [INFO] PluginManage:359 - Loaded plugin rif (category:base,tabindex:3)
2025-11-28 09:50:41,865 [INFO] PluginManage:310 - Check plugin thirdparty
2025-11-28 09:50:41,962 [INFO] PluginManage:359 - Loaded plugin thirdparty (category:base,tabindex:-1)
2025-11-28 09:50:41,963 [INFO] PluginManage:310 - Check plugin tools
2025-11-28 09:50:41,962 [WARN] IntegrityCheckThread:84 - waiting for thirdparty lock release [integrity check]
2025-11-28 09:50:41,963 [INFO] IntegrityCheckThread:86 - entering critical section [integrity check]
2025-11-28 09:50:41,964 [INFO] ThirdPartyUpdaterWithRetryManager:70 - Updater plugin not ready yet. [1/15]
2025-11-28 09:50:41,965 [INFO] PluginManage:359 - Loaded plugin tools (category:base,tabindex:7)
2025-11-28 09:50:41,965 [INFO] PluginManage:310 - Check plugin tutovideos
2025-11-28 09:50:42,088 [INFO] PluginManage:359 - Loaded plugin tutovideos (category:base,tabindex:-1)
2025-11-28 09:50:42,090 [INFO] PluginManage:310 - Check plugin updater
2025-11-28 09:50:42,107 [INFO] PluginManage:359 - Loaded plugin updater (category:base,tabindex:12)
2025-11-28 09:50:42,107 [INFO] PluginManage:310 - Check plugin userauth
2025-11-28 09:50:42,110 [INFO] UserAuth:118 - Init User Auth plugin
2025-11-28 09:50:42,111 [INFO] PluginManage:359 - Loaded plugin userauth (category:base,tabindex:14)
2025-11-28 09:50:42,111 [INFO] PluginManage:283 - PluginManage : Loaded plugins [18]
2025-11-28 09:50:42,254 [INFO] PinOutPanel:1589 - setPackage(No Configuration,No Configuration)
2025-11-28 09:50:42,344 [INFO] CADModel:165 - CPN selected for project level
2025-11-28 09:50:42,344 [INFO] CADModel:114 - Register for checkConnection events
2025-11-28 09:50:42,356 [INFO] IPUIPlugin:80 - create IPUIPlugin
2025-11-28 09:50:42,356 [INFO] PluginManager:220 - loadIPPluginJar : add adc
2025-11-28 09:50:42,358 [INFO] IPUIPlugin:80 - create IPUIPlugin
2025-11-28 09:50:42,358 [INFO] PluginManager:220 - loadIPPluginJar : add aes
2025-11-28 09:50:42,360 [INFO] IPUIPlugin:80 - create IPUIPlugin
2025-11-28 09:50:42,360 [INFO] PluginManager:220 - loadIPPluginJar : add can
2025-11-28 09:50:42,361 [INFO] IPUIPlugin:80 - create IPUIPlugin
2025-11-28 09:50:42,361 [INFO] PluginManager:220 - loadIPPluginJar : add comp
2025-11-28 09:50:42,363 [INFO] IPUIPlugin:80 - create IPUIPlugin
2025-11-28 09:50:42,363 [INFO] PluginManager:220 - loadIPPluginJar : add cryp
2025-11-28 09:50:42,364 [INFO] IPUIPlugin:80 - create IPUIPlugin
2025-11-28 09:50:42,364 [INFO] PluginManager:220 - loadIPPluginJar : add ddr_ctrl_phy
2025-11-28 09:50:42,366 [INFO] IPUIPlugin:80 - create IPUIPlugin
2025-11-28 09:50:42,366 [INFO] PluginManager:220 - loadIPPluginJar : add dfsdm
2025-11-28 09:50:42,370 [INFO] IPUIPlugin:80 - create IPUIPlugin
2025-11-28 09:50:42,371 [INFO] PluginManager:220 - loadIPPluginJar : add dma
2025-11-28 09:50:42,373 [INFO] IPUIPlugin:80 - create IPUIPlugin
2025-11-28 09:50:42,373 [INFO] PluginManager:220 - loadIPPluginJar : add dma3
2025-11-28 09:50:42,375 [INFO] IPUIPlugin:80 - create IPUIPlugin
2025-11-28 09:50:42,375 [INFO] PluginManager:220 - loadIPPluginJar : add extmemmanager
2025-11-28 09:50:42,376 [INFO] IPUIPlugin:80 - create IPUIPlugin
2025-11-28 09:50:42,376 [INFO] PluginManager:220 - loadIPPluginJar : add fatfs
2025-11-28 09:50:42,379 [INFO] IPUIPlugin:80 - create IPUIPlugin
2025-11-28 09:50:42,379 [INFO] PluginManager:220 - loadIPPluginJar : add fmc
2025-11-28 09:50:42,386 [INFO] IPUIPlugin:80 - create IPUIPlugin
2025-11-28 09:50:42,387 [INFO] PluginManager:220 - loadIPPluginJar : add freertos
2025-11-28 09:50:42,389 [INFO] IPUIPlugin:80 - create IPUIPlugin
2025-11-28 09:50:42,389 [INFO] PluginManager:220 - loadIPPluginJar : add genericplugin
2025-11-28 09:50:42,390 [INFO] IPUIPlugin:80 - create IPUIPlugin
2025-11-28 09:50:42,390 [INFO] PluginManager:220 - loadIPPluginJar : add gfxmmu
2025-11-28 09:50:42,393 [INFO] IPUIPlugin:80 - create IPUIPlugin
2025-11-28 09:50:42,393 [INFO] PluginManager:220 - loadIPPluginJar : add gic
2025-11-28 09:50:42,396 [INFO] IPUIPlugin:80 - create IPUIPlugin
2025-11-28 09:50:42,396 [INFO] PluginManager:220 - loadIPPluginJar : add gpio
2025-11-28 09:50:42,398 [INFO] IPUIPlugin:80 - create IPUIPlugin
2025-11-28 09:50:42,398 [INFO] PluginManager:220 - loadIPPluginJar : add gtzc
2025-11-28 09:50:42,399 [INFO] IPUIPlugin:80 - create IPUIPlugin
2025-11-28 09:50:42,399 [INFO] PluginManager:220 - loadIPPluginJar : add hash
2025-11-28 09:50:42,401 [INFO] IPUIPlugin:80 - create IPUIPlugin
2025-11-28 09:50:42,401 [INFO] PluginManager:220 - loadIPPluginJar : add i2c
2025-11-28 09:50:42,402 [INFO] IPUIPlugin:80 - create IPUIPlugin
2025-11-28 09:50:42,402 [INFO] PluginManager:220 - loadIPPluginJar : add i2s
2025-11-28 09:50:42,404 [INFO] IPUIPlugin:80 - create IPUIPlugin
2025-11-28 09:50:42,405 [INFO] PluginManager:220 - loadIPPluginJar : add i3c
2025-11-28 09:50:42,407 [INFO] IPUIPlugin:80 - create IPUIPlugin
2025-11-28 09:50:42,407 [INFO] PluginManager:220 - loadIPPluginJar : add ipddr
2025-11-28 09:50:42,412 [INFO] IPUIPlugin:80 - create IPUIPlugin
2025-11-28 09:50:42,413 [INFO] PluginManager:220 - loadIPPluginJar : add linkedlist
2025-11-28 09:50:42,414 [INFO] IPUIPlugin:80 - create IPUIPlugin
2025-11-28 09:50:42,415 [INFO] PluginManager:220 - loadIPPluginJar : add lorawan
2025-11-28 09:50:42,415 [INFO] IPUIPlugin:80 - create IPUIPlugin
2025-11-28 09:50:42,415 [INFO] PluginManager:220 - loadIPPluginJar : add ltdc
2025-11-28 09:50:42,421 [INFO] IPUIPlugin:80 - create IPUIPlugin
2025-11-28 09:50:42,421 [INFO] PluginManager:220 - loadIPPluginJar : add mdma
2025-11-28 09:50:42,426 [INFO] IPUIPlugin:80 - create IPUIPlugin
2025-11-28 09:50:42,426 [INFO] PluginManager:220 - loadIPPluginJar : add nvic
2025-11-28 09:50:42,429 [INFO] IPUIPlugin:80 - create IPUIPlugin
2025-11-28 09:50:42,429 [INFO] PluginManager:220 - loadIPPluginJar : add opamp
2025-11-28 09:50:42,432 [INFO] IPUIPlugin:80 - create IPUIPlugin
2025-11-28 09:50:42,432 [INFO] PluginManager:220 - loadIPPluginJar : add openamp
2025-11-28 09:50:42,434 [INFO] IPUIPlugin:80 - create IPUIPlugin
2025-11-28 09:50:42,434 [INFO] PluginManager:220 - loadIPPluginJar : add pdm2pcm
2025-11-28 09:50:42,439 [INFO] IPUIPlugin:80 - create IPUIPlugin
2025-11-28 09:50:42,442 [INFO] PluginManager:220 - loadIPPluginJar : add plateformsettings
2025-11-28 09:50:42,443 [INFO] IPUIPlugin:80 - create IPUIPlugin
2025-11-28 09:50:42,443 [INFO] PluginManager:220 - loadIPPluginJar : add quadspi
2025-11-28 09:50:42,445 [INFO] IPUIPlugin:80 - create IPUIPlugin
2025-11-28 09:50:42,445 [INFO] PluginManager:220 - loadIPPluginJar : add radio
2025-11-28 09:50:42,447 [INFO] IPUIPlugin:80 - create IPUIPlugin
2025-11-28 09:50:42,447 [INFO] PluginManager:220 - loadIPPluginJar : add resmgrutility
2025-11-28 09:50:42,449 [INFO] IPUIPlugin:80 - create IPUIPlugin
2025-11-28 09:50:42,449 [INFO] PluginManager:220 - loadIPPluginJar : add sai
2025-11-28 09:50:42,451 [INFO] IPUIPlugin:80 - create IPUIPlugin
2025-11-28 09:50:42,451 [INFO] PluginManager:220 - loadIPPluginJar : add spi
2025-11-28 09:50:42,457 [INFO] IPUIPlugin:80 - create IPUIPlugin
2025-11-28 09:50:42,457 [INFO] PluginManager:220 - loadIPPluginJar : add stm32_wpan
2025-11-28 09:50:42,459 [INFO] IPUIPlugin:80 - create IPUIPlugin
2025-11-28 09:50:42,459 [INFO] PluginManager:220 - loadIPPluginJar : add tim
2025-11-28 09:50:42,461 [INFO] IPUIPlugin:80 - create IPUIPlugin
2025-11-28 09:50:42,461 [INFO] PluginManager:220 - loadIPPluginJar : add touchsensing
2025-11-28 09:50:42,463 [INFO] IPUIPlugin:80 - create IPUIPlugin
2025-11-28 09:50:42,463 [INFO] PluginManager:220 - loadIPPluginJar : add tracer_emb
2025-11-28 09:50:42,464 [INFO] IPUIPlugin:80 - create IPUIPlugin
2025-11-28 09:50:42,464 [INFO] PluginManager:220 - loadIPPluginJar : add ts
2025-11-28 09:50:42,465 [INFO] IPUIPlugin:80 - create IPUIPlugin
2025-11-28 09:50:42,465 [INFO] PluginManager:220 - loadIPPluginJar : add tsc
2025-11-28 09:50:42,466 [INFO] IPUIPlugin:80 - create IPUIPlugin
2025-11-28 09:50:42,466 [INFO] PluginManager:220 - loadIPPluginJar : add ucpd
2025-11-28 09:50:42,468 [INFO] IPUIPlugin:80 - create IPUIPlugin
2025-11-28 09:50:42,468 [INFO] PluginManager:220 - loadIPPluginJar : add usart
2025-11-28 09:50:42,470 [INFO] IPUIPlugin:80 - create IPUIPlugin
2025-11-28 09:50:42,470 [INFO] PluginManager:220 - loadIPPluginJar : add usbx
2025-11-28 09:50:42,582 [FATAL] Updater:351 - Updater called before beeing initialized
2025-11-28 09:50:42,608 [INFO] RulesReader:64 - Compatibility file has been processed (317 Rules)
2025-11-28 09:50:42,620 [INFO] RulesReader:64 - Compatibility file has been processed (317 Rules)
2025-11-28 09:50:42,639 [INFO] CADModel:165 - CPN selected for project level
2025-11-28 09:50:42,639 [INFO] CADModel:114 - Register for checkConnection events
2025-11-28 09:50:42,639 [FATAL] Updater:351 - Updater called before beeing initialized
2025-11-28 09:50:42,640 [ERROR] CADModel:125 - Updater not yet initialized, retry later 
2025-11-28 09:50:42,745 [FATAL] Updater:351 - Updater called before beeing initialized
2025-11-28 09:50:42,746 [INFO] CADModel:165 - CPN selected for project level
2025-11-28 09:50:42,746 [INFO] CADModel:114 - Register for checkConnection events
2025-11-28 09:50:42,746 [FATAL] Updater:351 - Updater called before beeing initialized
2025-11-28 09:50:42,746 [ERROR] CADModel:125 - Updater not yet initialized, retry later 
2025-11-28 09:50:42,748 [FATAL] Updater:351 - Updater called before beeing initialized
2025-11-28 09:50:42,831 [FATAL] Updater:351 - Updater called before beeing initialized
2025-11-28 09:50:42,834 [INFO] DbMcusAds:53 - JSON generation date=Mon Nov 10 11:43:01 CET 2025 (1762771381118)
2025-11-28 09:50:42,834 [FATAL] Updater:351 - Updater called before beeing initialized
2025-11-28 09:50:42,856 [WARN] DetailPanel:346 - Failed to get advertising image, set to default
2025-11-28 09:50:42,924 [FATAL] Updater:351 - Updater called before beeing initialized
2025-11-28 09:50:42,926 [FATAL] Updater:351 - Updater called before beeing initialized
2025-11-28 09:50:42,926 [FATAL] Updater:351 - Updater called before beeing initialized
2025-11-28 09:50:42,926 [WARN] DetailPanel:346 - Failed to get advertising image, set to default
2025-11-28 09:50:42,926 [FATAL] Updater:351 - Updater called before beeing initialized
2025-11-28 09:50:42,961 [ERROR] Updater:1198 - MainUpdater not yet initialized. External WinMGr cannot be set.
2025-11-28 09:50:42,963 [INFO] Updater:1134 - Updater Version found : 6.15.0
2025-11-28 09:50:42,974 [INFO] ApplicationProperties:184 - Using Application install path: C:\ST\STM32CubeIDE_1.19.0\STM32CubeIDE\plugins\com.st.stm32cube.common.mx_6.15.0.202507011659
2025-11-28 09:50:43,352 [INFO] MainUpdater:2872 - connection check result : 10
2025-11-28 09:50:43,353 [INFO] MainUpdater:289 - Updater Check For Update Now.
2025-11-28 09:50:43,353 [INFO] MicroXplorer:498 - Change Database Version : DB.6.0.150
2025-11-28 09:50:43,357 [INFO] McuFinderGlobals:63 - Set McuFinder mode to 2 (CubeIDE integrated)
2025-11-28 09:50:43,357 [INFO] UserAuth:171 - activating auth plugin
2025-11-28 09:50:43,415 [INFO] UserAuth:487 - Internet connection configuration mode: 1
2025-11-28 09:50:43,432 [INFO] JxBrowserEngine:152 - Initiate JxBrowser Engine with user profile folder
2025-11-28 09:50:43,576 [INFO] CheckServerUpdateThread:120 - End of CheckServer Thread
2025-11-28 09:50:43,840 [INFO] WebApp:169 - Instantiating new browser for Auth
2025-11-28 09:50:44,339 [INFO] WebApp:463 - Apply proxy settings
2025-11-28 09:50:44,340 [INFO] WebApp:548 - Chromium requires no authentication
2025-11-28 09:50:44,346 [INFO] WebApp:491 - Direct internet connection detected
2025-11-28 09:50:44,360 [INFO] WebApp:900 - Register for checkConnection events
2025-11-28 09:50:44,360 [INFO] WebApp:463 - Apply proxy settings
2025-11-28 09:50:44,360 [INFO] WebApp:548 - Chromium requires no authentication
2025-11-28 09:50:44,361 [INFO] WebApp:491 - Direct internet connection detected
2025-11-28 09:50:44,456 [INFO] WebApp:225 - Starting web application
2025-11-28 09:50:44,456 [INFO] WebApp:593 - Web application path used C:\ST\STM32CubeIDE_1.19.0\STM32CubeIDE\plugins\com.st.stm32cube.common.mx_6.15.0.202507011659\db\plugins\mcufinder\reactClient1\index.html
2025-11-28 09:50:44,615 [INFO] WebApp:191 - Connection restablished
2025-11-28 09:50:44,650 [ERROR] LogOutputStream:75 - [STDERR_REDIRECT] [Fatal Error] :1:1: Premature end of file.
2025-11-28 09:50:44,650 [ERROR] LogOutputStream:75 - [STDERR_REDIRECT] 
2025-11-28 09:50:45,143 [WARN] PackLoader:240 - Cannot read IP mode file for STMicroelectronics.FP-SNS-MOTENVWB1.1.4.0
2025-11-28 09:50:45,148 [WARN] PackLoader:240 - Cannot read IP mode file for STMicroelectronics.FP-ATR-ASTRA1.2.0.2
2025-11-28 09:50:45,153 [WARN] PackLoader:240 - Cannot read IP mode file for STMicroelectronics.X-CUBE-SMBUS.2.1.0
2025-11-28 09:50:45,158 [WARN] PackLoader:240 - Cannot read IP mode file for STMicroelectronics.X-CUBE-ST60.1.0.0
2025-11-28 09:50:45,197 [WARN] PackLoader:240 - Cannot read IP mode file for STMicroelectronics.X-CUBE-AZRTOS-F7.1.1.0
2025-11-28 09:50:45,220 [WARN] PackLoader:240 - Cannot read IP mode file for STMicroelectronics.FP-SNS-MOTENV1.5.1.0
2025-11-28 09:50:45,243 [WARN] PackLoader:240 - Cannot read IP mode file for Infineon.AIROC-Wi-Fi-Bluetooth-STM32.1.7.1
2025-11-28 09:50:45,403 [WARN] PackLoader:240 - Cannot read IP mode file for STMicroelectronics.X-CUBE-AZRTOS-H7.3.4.0
2025-11-28 09:50:45,413 [WARN] PackLoader:240 - Cannot read IP mode file for STMicroelectronics.X-CUBE-DISPLAY.3.0.0
2025-11-28 09:50:45,419 [WARN] PackLoader:240 - Cannot read IP mode file for STMicroelectronics.X-CUBE-NFC10.1.0.0
2025-11-28 09:50:45,423 [WARN] PackLoader:240 - Cannot read IP mode file for STMicroelectronics.X-CUBE-ST60.1.1.0
2025-11-28 09:50:45,431 [WARN] PackLoader:240 - Cannot read IP mode file for emotas.I-CUBE-CANOPEN.1.3.0
2025-11-28 09:50:45,435 [WARN] PackLoader:240 - Cannot read IP mode file for STMicroelectronics.X-CUBE-GNSS1.7.1.0
2025-11-28 09:50:45,440 [WARN] ConditionMgr:438 - getConditionDescription Invalid condition id : Cortex-A Device cause : null
2025-11-28 09:50:45,449 [WARN] ConditionMgr:1044 - genDependencies : Invalid condition id : Cortex-A Device cause : null
2025-11-28 09:50:45,449 [WARN] ConditionMgr:1044 - genDependencies : Invalid condition id : Cortex-A Device cause : null
2025-11-28 09:50:45,449 [WARN] ConditionMgr:1044 - genDependencies : Invalid condition id : Cortex-A Device cause : null
2025-11-28 09:50:45,454 [WARN] PackLoader:240 - Cannot read IP mode file for STMicroelectronics.FP-SNS-STBOX1.2.1.0
2025-11-28 09:50:45,502 [WARN] PackLoader:240 - Cannot read IP mode file for STMicroelectronics.FP-SNS-SMARTAG2.1.2.0
2025-11-28 09:50:45,505 [WARN] PackLoader:240 - Cannot read IP mode file for STMicroelectronics.FP-SNS-FLIGHT1.5.1.0
2025-11-28 09:50:45,513 [INFO] LogOutputStream:77 - [STDOUT_REDIRECT] 1 : Invalid condition id : UX_CORESTACK_Condition cause : null
2025-11-28 09:50:45,514 [INFO] LogOutputStream:77 - [STDOUT_REDIRECT] 1 : Invalid condition id : UX_CORESTACK_Condition cause : null
2025-11-28 09:50:45,515 [INFO] LogOutputStream:77 - [STDOUT_REDIRECT] 1 : Invalid condition id : UX_CORESTACK_Condition cause : null
2025-11-28 09:50:45,516 [INFO] LogOutputStream:77 - [STDOUT_REDIRECT] 1 : Invalid condition id : UX_CORESTACK_Condition cause : null
2025-11-28 09:50:45,517 [INFO] LogOutputStream:77 - [STDOUT_REDIRECT] 1 : Invalid condition id : UX_CORESTACK_Condition cause : null
2025-11-28 09:50:45,519 [WARN] PackLoader:240 - Cannot read IP mode file for STMicroelectronics.X-CUBE-AZRTOS-WL.2.0.0
2025-11-28 09:50:45,524 [WARN] PackLoader:240 - Cannot read IP mode file for STMicroelectronics.FP-SNS-MOTENV1.5.0.0
2025-11-28 09:50:45,543 [WARN] PackLoader:240 - Cannot read IP mode file for STMicroelectronics.X-CUBE-AZRTOS-H7RS.1.2.0
2025-11-28 09:50:45,549 [WARN] PackLoader:240 - Cannot read IP mode file for WES.I-CUBE-Cesium.1.3.0
2025-11-28 09:50:45,555 [WARN] PackLoader:240 - Cannot read IP mode file for STMicroelectronics.X-CUBE-BLE2.3.3.0
2025-11-28 09:50:45,571 [WARN] PackLoader:240 - Cannot read IP mode file for STMicroelectronics.X-CUBE-NFC9.1.0.0
2025-11-28 09:50:45,578 [WARN] PackLoader:240 - Cannot read IP mode file for wolfSSL.I-CUBE-wolfSSL.5.8.0
2025-11-28 09:50:45,584 [WARN] PackLoader:240 - Cannot read IP mode file for STMicroelectronics.X-CUBE-BLE1.7.1.0
2025-11-28 09:50:45,603 [ERROR] LogOutputStream:75 - [STDERR_REDIRECT] [Fatal Error] :1:1: Premature end of file.
2025-11-28 09:50:45,604 [ERROR] LogOutputStream:75 - [STDERR_REDIRECT] 
2025-11-28 09:50:45,616 [WARN] PackLoader:240 - Cannot read IP mode file for wolfSSL.I-CUBE-wolfMQTT.1.19.2
2025-11-28 09:50:45,622 [WARN] PackLoader:240 - Cannot read IP mode file for STMicroelectronics.X-CUBE-FREERTOS.1.4.0
2025-11-28 09:50:45,630 [WARN] PackLoader:240 - Cannot read IP mode file for STMicroelectronics.X-CUBE-EEPRMA1.5.2.0
2025-11-28 09:50:45,635 [WARN] PackLoader:240 - Cannot read IP mode file for STMicroelectronics.X-CUBE-ST67W61.1.1.0
2025-11-28 09:50:45,639 [WARN] PackLoader:240 - Cannot read IP mode file for STMicroelectronics.X-CUBE-AI.10.1.0
2025-11-28 09:50:45,665 [WARN] PackLoader:240 - Cannot read IP mode file for STMicroelectronics.X-CUBE-MEMS1.12.0.0
2025-11-28 09:50:45,715 [WARN] PackLoader:240 - Cannot read IP mode file for STMicroelectronics.X-CUBE-AZRTOS-G0.1.1.0
2025-11-28 09:50:45,720 [WARN] PackLoader:240 - Cannot read IP mode file for STMicroelectronics.X-CUBE-SAFEA1.1.2.2
2025-11-28 09:50:45,734 [WARN] PackLoader:240 - Cannot read IP mode file for STMicroelectronics.X-CUBE-NFC4.3.0.0
2025-11-28 09:50:45,742 [WARN] PackLoader:240 - Cannot read IP mode file for EmbeddedOffice.I-CUBE-FS-RTOS.1.0.1
2025-11-28 09:50:45,750 [WARN] PackLoader:240 - Cannot read IP mode file for STMicroelectronics.X-CUBE-WB05N.2.0.0
2025-11-28 09:50:45,755 [WARN] PackLoader:240 - Cannot read IP mode file for wolfSSL.I-CUBE-wolfTPM.3.8.0
2025-11-28 09:50:45,780 [WARN] PackLoader:240 - Cannot read IP mode file for STMicroelectronics.X-CUBE-TCPP.4.2.0
2025-11-28 09:50:45,787 [WARN] PackLoader:240 - Cannot read IP mode file for RealThread.X-CUBE-RT-Thread_Nano.4.1.1
2025-11-28 09:50:45,795 [WARN] PackLoader:240 - Cannot read IP mode file for STMicroelectronics.FP-ATR-SIGFOX1.3.2.0
2025-11-28 09:50:45,801 [WARN] PackLoader:240 - Cannot read IP mode file for ITTIA_DB.I-CUBE-ITTIADB.8.9.0
2025-11-28 09:50:45,807 [WARN] PackLoader:240 - Cannot read IP mode file for STMicroelectronics.X-CUBE-ST67W61.1.0.0
2025-11-28 09:50:45,812 [WARN] PackLoader:240 - Cannot read IP mode file for STMicroelectronics.X-CUBE-AI.10.2.0
2025-11-28 09:50:45,828 [WARN] PackLoader:240 - Cannot read IP mode file for SEGGER.I-CUBE-embOS.1.3.1
2025-11-28 09:50:45,848 [WARN] PackLoader:240 - Cannot read IP mode file for STMicroelectronics.X-CUBE-ALGOBUILD.1.4.0
2025-11-28 09:50:45,872 [WARN] PackLoader:240 - Cannot read IP mode file for STMicroelectronics.X-CUBE-MEMS1.11.3.0
2025-11-28 09:50:45,931 [WARN] PackLoader:240 - Cannot read IP mode file for STMicroelectronics.X-CUBE-PM33A1.1.0.0
2025-11-28 09:50:45,937 [WARN] PackLoader:240 - Cannot read IP mode file for STMicroelectronics.X-CUBE-AZRTOS-F4.1.1.0
2025-11-28 09:50:45,941 [WARN] PackLoader:240 - Cannot read IP mode file for Avnet-IotConnect.X-CUBE-IoTC-DA16k-PMOD.1.0.0
2025-11-28 09:50:45,944 [WARN] PackLoader:240 - Cannot read IP mode file for STMicroelectronics.X-CUBE-ISPU.2.1.0
2025-11-28 09:50:45,950 [WARN] PackLoader:240 - Cannot read IP mode file for STMicroelectronics.X-CUBE-IPS.3.2.0
2025-11-28 09:50:45,957 [WARN] PackLoader:240 - Cannot read IP mode file for STMicroelectronics.X-CUBE-NFC12.1.0.0
2025-11-28 09:50:45,965 [WARN] PackLoader:240 - Cannot read IP mode file for STMicroelectronics.X-CUBE-AZRTOS-L5.2.0.0
2025-11-28 09:50:45,970 [WARN] PackLoader:240 - Cannot read IP mode file for STMicroelectronics.X-CUBE-NFC6.3.1.0
2025-11-28 09:50:45,975 [WARN] PackLoader:240 - Cannot read IP mode file for STMicroelectronics.X-CUBE-FREERTOS.1.3.1
2025-11-28 09:50:45,980 [WARN] PackLoader:240 - Cannot read IP mode file for STMicroelectronics.X-CUBE-TOUCHGFX.4.26.0
2025-11-28 09:50:45,984 [WARN] PackLoader:240 - Cannot read IP mode file for STMicroelectronics.FP-SNS-STAIOTCFT.1.0.0
2025-11-28 09:50:45,987 [WARN] PackLoader:240 - Cannot read IP mode file for STMicroelectronics.X-CUBE-DPower.1.3.0
2025-11-28 09:50:45,994 [WARN] ConditionMgr:438 - getConditionDescription Invalid condition id : LAN8742 Phy interface Condition cause : null
2025-11-28 09:50:45,995 [WARN] PackLoader:240 - Cannot read IP mode file for STMicroelectronics.X-CUBE-AZRTOS-L4.2.0.0
2025-11-28 09:50:45,995 [WARN] ConditionMgr:1044 - genDependencies : Invalid condition id : LAN8742 Phy interface Condition cause : null
2025-11-28 09:50:45,995 [WARN] ConditionMgr:1044 - genDependencies : Invalid condition id : LAN8742 Phy interface Condition cause : null
2025-11-28 09:50:45,996 [WARN] ConditionMgr:1044 - genDependencies : Invalid condition id : LAN8742 Phy interface Condition cause : null
2025-11-28 09:50:46,000 [WARN] PackLoader:240 - Cannot read IP mode file for STMicroelectronics.X-CUBE-SFXS2LP1.4.0.0
2025-11-28 09:50:46,006 [WARN] PackLoader:240 - Cannot read IP mode file for STMicroelectronics.X-CUBE-BLEMGR.4.1.0
2025-11-28 09:50:46,045 [WARN] ConditionMgr:438 - getConditionDescription Invalid condition id : UX DEVICE CLASS RTOS Condition cause : null
2025-11-28 09:50:46,045 [WARN] ConditionMgr:438 - getConditionDescription Invalid condition id : UX DEVICE CLASS RTOS Condition cause : null
2025-11-28 09:50:46,046 [WARN] PackLoader:240 - Cannot read IP mode file for STMicroelectronics.X-CUBE-AZRTOS-WB.2.0.0
2025-11-28 09:50:46,046 [WARN] ConditionMgr:1044 - genDependencies : Invalid condition id : UX DEVICE CLASS RTOS Condition cause : null
2025-11-28 09:50:46,046 [WARN] ConditionMgr:1044 - genDependencies : Invalid condition id : UX DEVICE CLASS RTOS Condition cause : null
2025-11-28 09:50:46,046 [WARN] ConditionMgr:1044 - genDependencies : Invalid condition id : UX DEVICE CLASS RTOS Condition cause : null
2025-11-28 09:50:46,046 [WARN] ConditionMgr:1044 - genDependencies : Invalid condition id : UX DEVICE CLASS RTOS Condition cause : null
2025-11-28 09:50:46,046 [WARN] ConditionMgr:1044 - genDependencies : Invalid condition id : UX DEVICE CLASS RTOS Condition cause : null
2025-11-28 09:50:46,051 [WARN] PackLoader:240 - Cannot read IP mode file for STMicroelectronics.X-CUBE-GNSS1.7.0.1
2025-11-28 09:50:46,054 [WARN] PackLoader:240 - Cannot read IP mode file for STMicroelectronics.X-CUBE-TOUCHGFX.4.25.0
2025-11-28 09:50:46,056 [WARN] PackLoader:240 - Cannot read IP mode file for STMicroelectronics.FP-SNS-STBOX1.2.0.0
2025-11-28 09:50:46,063 [WARN] PackLoader:240 - Cannot read IP mode file for STMicroelectronics.X-CUBE-SUBG2.5.0.0
2025-11-28 09:50:46,073 [WARN] PackLoader:240 - Cannot read IP mode file for STMicroelectronics.X-CUBE-AZRTOS-H7RS.1.1.0
2025-11-28 09:50:46,079 [WARN] PackLoader:240 - Cannot read IP mode file for Cesanta.I-CUBE-Mongoose.7.13.0
2025-11-28 09:50:46,084 [WARN] PackLoader:240 - Cannot read IP mode file for STMicroelectronics.X-CUBE-AZRTOS-G4.2.0.0
2025-11-28 09:50:46,088 [WARN] PackLoader:240 - Cannot read IP mode file for wolfSSL.I-CUBE-wolfSSH.1.4.20
2025-11-28 09:50:46,090 [WARN] PackLoader:240 - Cannot read IP mode file for STMicroelectronics.X-CUBE-NFC7.2.0.0
2025-11-28 09:50:46,096 [WARN] PackLoader:240 - Cannot read IP mode file for STMicroelectronics.X-CUBE-IPS.3.1.0
2025-11-28 09:50:46,102 [WARN] PackLoader:240 - Cannot read IP mode file for STMicroelectronics.X-CUBE-ALS.1.0.2
2025-11-28 09:50:46,107 [WARN] PackLoader:240 - Cannot read IP mode file for STMicroelectronics.X-CUBE-STSE01.1.0.0
2025-11-28 09:50:46,113 [WARN] PackLoader:240 - Cannot read IP mode file for portGmbH.I-Cube-SoM-uGOAL.1.1.0
2025-11-28 09:50:46,118 [WARN] PackLoader:240 - Cannot read IP mode file for STMicroelectronics.X-CUBE-TOF1.3.4.3
2025-11-28 09:50:46,123 [INFO] ThirdParty:978 - Integrity check success = true
2025-11-28 09:50:46,123 [INFO] IntegrityCheckThread:100 - exiting critical section [integrity check]
2025-11-28 09:50:46,123 [INFO] IntegrityCheckThread:103 - End integrity checks thread
2025-11-28 09:50:46,572 [ERROR] LogOutputStream:75 - [STDERR_REDIRECT] [Fatal Error] :1:1: Premature end of file.
2025-11-28 09:50:46,572 [ERROR] LogOutputStream:75 - [STDERR_REDIRECT] 
2025-11-28 09:50:47,583 [ERROR] LogOutputStream:75 - [STDERR_REDIRECT] [Fatal Error] :1:1: Premature end of file.
2025-11-28 09:50:47,584 [ERROR] LogOutputStream:75 - [STDERR_REDIRECT] 
2025-11-28 09:50:48,586 [ERROR] LogOutputStream:75 - [STDERR_REDIRECT] [Fatal Error] :1:1: Premature end of file.
2025-11-28 09:50:48,586 [ERROR] LogOutputStream:75 - [STDERR_REDIRECT] 
2025-11-28 09:50:49,587 [ERROR] LogOutputStream:75 - [STDERR_REDIRECT] [Fatal Error] :1:1: Premature end of file.
2025-11-28 09:50:49,587 [ERROR] LogOutputStream:75 - [STDERR_REDIRECT] 
2025-11-28 09:50:50,586 [ERROR] LogOutputStream:75 - [STDERR_REDIRECT] [Fatal Error] :1:1: Premature end of file.
2025-11-28 09:50:50,586 [ERROR] LogOutputStream:75 - [STDERR_REDIRECT] 
2025-11-28 09:50:51,577 [ERROR] LogOutputStream:75 - [STDERR_REDIRECT] [Fatal Error] :1:1: Premature end of file.
2025-11-28 09:50:51,577 [ERROR] LogOutputStream:75 - [STDERR_REDIRECT] 
2025-11-28 09:50:52,587 [ERROR] LogOutputStream:75 - [STDERR_REDIRECT] [Fatal Error] :1:1: Premature end of file.
2025-11-28 09:50:52,587 [ERROR] LogOutputStream:75 - [STDERR_REDIRECT] 
2025-11-28 09:50:53,581 [ERROR] LogOutputStream:75 - [STDERR_REDIRECT] [Fatal Error] :1:1: Premature end of file.
2025-11-28 09:50:53,581 [ERROR] LogOutputStream:75 - [STDERR_REDIRECT] 
2025-11-28 09:50:54,572 [ERROR] LogOutputStream:75 - [STDERR_REDIRECT] [Fatal Error] :1:1: Premature end of file.
2025-11-28 09:50:54,572 [ERROR] LogOutputStream:75 - [STDERR_REDIRECT] 
2025-11-28 09:50:55,586 [ERROR] LogOutputStream:75 - [STDERR_REDIRECT] [Fatal Error] :1:1: Premature end of file.
2025-11-28 09:50:55,587 [ERROR] LogOutputStream:75 - [STDERR_REDIRECT] 
2025-11-28 09:50:56,594 [ERROR] LogOutputStream:75 - [STDERR_REDIRECT] [Fatal Error] :1:1: Premature end of file.
2025-11-28 09:50:56,594 [ERROR] LogOutputStream:75 - [STDERR_REDIRECT] 
2025-11-28 09:50:57,578 [ERROR] LogOutputStream:75 - [STDERR_REDIRECT] [Fatal Error] :1:1: Premature end of file.
2025-11-28 09:50:57,578 [ERROR] LogOutputStream:75 - [STDERR_REDIRECT] 
2025-11-28 09:50:58,589 [ERROR] LogOutputStream:75 - [STDERR_REDIRECT] [Fatal Error] :1:1: Premature end of file.
2025-11-28 09:50:58,589 [ERROR] LogOutputStream:75 - [STDERR_REDIRECT] 
2025-11-28 09:50:59,582 [ERROR] LogOutputStream:75 - [STDERR_REDIRECT] [Fatal Error] :1:1: Premature end of file.
2025-11-28 09:50:59,582 [ERROR] LogOutputStream:75 - [STDERR_REDIRECT] 
2025-11-28 09:51:00,590 [ERROR] LogOutputStream:75 - [STDERR_REDIRECT] [Fatal Error] :1:1: Premature end of file.
2025-11-28 09:51:00,590 [ERROR] LogOutputStream:75 - [STDERR_REDIRECT] 
2025-11-28 09:51:01,571 [ERROR] LogOutputStream:75 - [STDERR_REDIRECT] [Fatal Error] :1:1: Premature end of file.
2025-11-28 09:51:01,571 [ERROR] LogOutputStream:75 - [STDERR_REDIRECT] 
2025-11-28 09:51:02,585 [ERROR] LogOutputStream:75 - [STDERR_REDIRECT] [Fatal Error] :1:1: Premature end of file.
2025-11-28 09:51:02,585 [ERROR] LogOutputStream:75 - [STDERR_REDIRECT] 
2025-11-28 09:51:03,585 [ERROR] LogOutputStream:75 - [STDERR_REDIRECT] [Fatal Error] :1:1: Premature end of file.
2025-11-28 09:51:03,585 [ERROR] LogOutputStream:75 - [STDERR_REDIRECT] 
2025-11-28 09:51:04,599 [ERROR] LogOutputStream:75 - [STDERR_REDIRECT] [Fatal Error] :1:1: Premature end of file.
2025-11-28 09:51:04,599 [ERROR] LogOutputStream:75 - [STDERR_REDIRECT] 
2025-11-28 09:51:05,601 [ERROR] LogOutputStream:75 - [STDERR_REDIRECT] [Fatal Error] :1:1: Premature end of file.
2025-11-28 09:51:05,601 [ERROR] LogOutputStream:75 - [STDERR_REDIRECT] 
2025-11-28 09:51:06,578 [ERROR] LogOutputStream:75 - [STDERR_REDIRECT] [Fatal Error] :1:1: Premature end of file.
2025-11-28 09:51:06,578 [ERROR] LogOutputStream:75 - [STDERR_REDIRECT] 
2025-11-28 09:51:07,633 [ERROR] LogOutputStream:75 - [STDERR_REDIRECT] [Fatal Error] :1:1: Premature end of file.
2025-11-28 09:51:07,633 [ERROR] LogOutputStream:75 - [STDERR_REDIRECT] 
2025-11-28 09:51:08,619 [ERROR] LogOutputStream:75 - [STDERR_REDIRECT] [Fatal Error] :1:1: Premature end of file.
2025-11-28 09:51:08,620 [ERROR] LogOutputStream:75 - [STDERR_REDIRECT] 
2025-11-28 09:51:09,580 [ERROR] LogOutputStream:75 - [STDERR_REDIRECT] [Fatal Error] :1:1: Premature end of file.
2025-11-28 09:51:09,580 [ERROR] LogOutputStream:75 - [STDERR_REDIRECT] 
2025-11-28 09:51:10,571 [ERROR] LogOutputStream:75 - [STDERR_REDIRECT] [Fatal Error] :1:1: Premature end of file.
2025-11-28 09:51:10,572 [ERROR] LogOutputStream:75 - [STDERR_REDIRECT] 
2025-11-28 09:51:11,643 [ERROR] LogOutputStream:75 - [STDERR_REDIRECT] [Fatal Error] :1:1: Premature end of file.
2025-11-28 09:51:11,644 [ERROR] LogOutputStream:75 - [STDERR_REDIRECT] 
2025-11-28 09:51:12,620 [ERROR] LogOutputStream:75 - [STDERR_REDIRECT] [Fatal Error] :1:1: Premature end of file.
2025-11-28 09:51:12,620 [ERROR] LogOutputStream:75 - [STDERR_REDIRECT] 
2025-11-28 09:51:13,568 [ERROR] LogOutputStream:75 - [STDERR_REDIRECT] [Fatal Error] :1:1: Premature end of file.
2025-11-28 09:51:13,568 [ERROR] LogOutputStream:75 - [STDERR_REDIRECT] 
2025-11-28 09:51:14,606 [ERROR] LogOutputStream:75 - [STDERR_REDIRECT] [Fatal Error] :1:1: Premature end of file.
2025-11-28 09:51:14,606 [ERROR] LogOutputStream:75 - [STDERR_REDIRECT] 
2025-11-28 09:51:15,582 [ERROR] LogOutputStream:75 - [STDERR_REDIRECT] [Fatal Error] :1:1: Premature end of file.
2025-11-28 09:51:15,582 [ERROR] LogOutputStream:75 - [STDERR_REDIRECT] 
2025-11-28 09:51:16,571 [ERROR] LogOutputStream:75 - [STDERR_REDIRECT] [Fatal Error] :1:1: Premature end of file.
2025-11-28 09:51:16,571 [ERROR] LogOutputStream:75 - [STDERR_REDIRECT] 
2025-11-28 09:51:17,574 [ERROR] LogOutputStream:75 - [STDERR_REDIRECT] [Fatal Error] :1:1: Premature end of file.
2025-11-28 09:51:17,574 [ERROR] LogOutputStream:75 - [STDERR_REDIRECT] 
2025-11-28 09:51:18,604 [ERROR] LogOutputStream:75 - [STDERR_REDIRECT] [Fatal Error] :1:1: Premature end of file.
2025-11-28 09:51:18,604 [ERROR] LogOutputStream:75 - [STDERR_REDIRECT] 
2025-11-28 09:51:19,573 [ERROR] LogOutputStream:75 - [STDERR_REDIRECT] [Fatal Error] :1:1: Premature end of file.
2025-11-28 09:51:19,573 [ERROR] LogOutputStream:75 - [STDERR_REDIRECT] 
2025-11-28 09:51:20,576 [ERROR] LogOutputStream:75 - [STDERR_REDIRECT] [Fatal Error] :1:1: Premature end of file.
2025-11-28 09:51:20,577 [ERROR] LogOutputStream:75 - [STDERR_REDIRECT] 
2025-11-28 09:51:21,570 [ERROR] LogOutputStream:75 - [STDERR_REDIRECT] [Fatal Error] :1:1: Premature end of file.
2025-11-28 09:51:21,570 [ERROR] LogOutputStream:75 - [STDERR_REDIRECT] 
2025-11-28 09:51:22,581 [ERROR] LogOutputStream:75 - [STDERR_REDIRECT] [Fatal Error] :1:1: Premature end of file.
2025-11-28 09:51:22,582 [ERROR] LogOutputStream:75 - [STDERR_REDIRECT] 
2025-11-28 09:51:23,590 [ERROR] LogOutputStream:75 - [STDERR_REDIRECT] [Fatal Error] :1:1: Premature end of file.
2025-11-28 09:51:23,590 [ERROR] LogOutputStream:75 - [STDERR_REDIRECT] 
2025-11-28 09:51:24,579 [ERROR] LogOutputStream:75 - [STDERR_REDIRECT] [Fatal Error] :1:1: Premature end of file.
2025-11-28 09:51:24,579 [ERROR] LogOutputStream:75 - [STDERR_REDIRECT] 
2025-11-28 09:51:25,578 [ERROR] LogOutputStream:75 - [STDERR_REDIRECT] [Fatal Error] :1:1: Premature end of file.
2025-11-28 09:51:25,578 [ERROR] LogOutputStream:75 - [STDERR_REDIRECT] 
2025-11-28 09:51:26,718 [ERROR] LogOutputStream:75 - [STDERR_REDIRECT] [Fatal Error] :1:1: Premature end of file.
2025-11-28 09:51:26,718 [ERROR] LogOutputStream:75 - [STDERR_REDIRECT] 
2025-11-28 09:51:27,574 [ERROR] LogOutputStream:75 - [STDERR_REDIRECT] [Fatal Error] :1:1: Premature end of file.
2025-11-28 09:51:27,574 [ERROR] LogOutputStream:75 - [STDERR_REDIRECT] 
2025-11-28 09:51:28,573 [ERROR] LogOutputStream:75 - [STDERR_REDIRECT] [Fatal Error] :1:1: Premature end of file.
2025-11-28 09:51:28,573 [ERROR] LogOutputStream:75 - [STDERR_REDIRECT] 
2025-11-28 09:51:29,571 [ERROR] LogOutputStream:75 - [STDERR_REDIRECT] [Fatal Error] :1:1: Premature end of file.
2025-11-28 09:51:29,571 [ERROR] LogOutputStream:75 - [STDERR_REDIRECT] 
2025-11-28 09:51:30,580 [ERROR] LogOutputStream:75 - [STDERR_REDIRECT] [Fatal Error] :1:1: Premature end of file.
2025-11-28 09:51:30,580 [ERROR] LogOutputStream:75 - [STDERR_REDIRECT] 
2025-11-28 09:51:31,625 [ERROR] LogOutputStream:75 - [STDERR_REDIRECT] [Fatal Error] :1:1: Premature end of file.
2025-11-28 09:51:31,625 [ERROR] LogOutputStream:75 - [STDERR_REDIRECT] 
2025-11-28 09:51:32,581 [ERROR] LogOutputStream:75 - [STDERR_REDIRECT] [Fatal Error] :1:1: Premature end of file.
2025-11-28 09:51:32,582 [ERROR] LogOutputStream:75 - [STDERR_REDIRECT] 
2025-11-28 09:51:33,572 [ERROR] LogOutputStream:75 - [STDERR_REDIRECT] [Fatal Error] :1:1: Premature end of file.
2025-11-28 09:51:33,572 [ERROR] LogOutputStream:75 - [STDERR_REDIRECT] 
2025-11-28 09:51:34,579 [ERROR] LogOutputStream:75 - [STDERR_REDIRECT] [Fatal Error] :1:1: Premature end of file.
2025-11-28 09:51:34,579 [ERROR] LogOutputStream:75 - [STDERR_REDIRECT] 
2025-11-28 09:51:35,579 [ERROR] LogOutputStream:75 - [STDERR_REDIRECT] [Fatal Error] :1:1: Premature end of file.
2025-11-28 09:51:35,579 [ERROR] LogOutputStream:75 - [STDERR_REDIRECT] 
2025-11-28 09:51:36,581 [ERROR] LogOutputStream:75 - [STDERR_REDIRECT] [Fatal Error] :1:1: Premature end of file.
2025-11-28 09:51:36,581 [ERROR] LogOutputStream:75 - [STDERR_REDIRECT] 
2025-11-28 09:51:37,581 [ERROR] LogOutputStream:75 - [STDERR_REDIRECT] [Fatal Error] :1:1: Premature end of file.
2025-11-28 09:51:37,582 [ERROR] LogOutputStream:75 - [STDERR_REDIRECT] 
2025-11-28 09:51:38,583 [ERROR] LogOutputStream:75 - [STDERR_REDIRECT] [Fatal Error] :1:1: Premature end of file.
2025-11-28 09:51:38,583 [ERROR] LogOutputStream:75 - [STDERR_REDIRECT] 
2025-11-28 09:51:39,588 [ERROR] LogOutputStream:75 - [STDERR_REDIRECT] [Fatal Error] :1:1: Premature end of file.
2025-11-28 09:51:39,589 [ERROR] LogOutputStream:75 - [STDERR_REDIRECT] 
2025-11-28 09:51:40,577 [ERROR] LogOutputStream:75 - [STDERR_REDIRECT] [Fatal Error] :1:1: Premature end of file.
2025-11-28 09:51:40,578 [ERROR] LogOutputStream:75 - [STDERR_REDIRECT] 
2025-11-28 09:51:41,581 [ERROR] LogOutputStream:75 - [STDERR_REDIRECT] [Fatal Error] :1:1: Premature end of file.
2025-11-28 09:51:41,581 [ERROR] LogOutputStream:75 - [STDERR_REDIRECT] 
2025-11-28 09:51:42,580 [ERROR] LogOutputStream:75 - [STDERR_REDIRECT] [Fatal Error] :1:1: Premature end of file.
2025-11-28 09:51:42,580 [ERROR] LogOutputStream:75 - [STDERR_REDIRECT] 
2025-11-28 09:51:43,583 [ERROR] LogOutputStream:75 - [STDERR_REDIRECT] [Fatal Error] :1:1: Premature end of file.
2025-11-28 09:51:43,583 [ERROR] LogOutputStream:75 - [STDERR_REDIRECT] 
2025-11-28 09:51:44,570 [ERROR] LogOutputStream:75 - [STDERR_REDIRECT] [Fatal Error] :1:1: Premature end of file.
2025-11-28 09:51:44,570 [ERROR] LogOutputStream:75 - [STDERR_REDIRECT] 
2025-11-28 09:51:45,578 [ERROR] LogOutputStream:75 - [STDERR_REDIRECT] [Fatal Error] :1:1: Premature end of file.
2025-11-28 09:51:45,578 [ERROR] LogOutputStream:75 - [STDERR_REDIRECT] 
2025-11-28 09:51:46,578 [ERROR] LogOutputStream:75 - [STDERR_REDIRECT] [Fatal Error] :1:1: Premature end of file.
2025-11-28 09:51:46,578 [ERROR] LogOutputStream:75 - [STDERR_REDIRECT] 
2025-11-28 09:51:47,576 [ERROR] LogOutputStream:75 - [STDERR_REDIRECT] [Fatal Error] :1:1: Premature end of file.
2025-11-28 09:51:47,576 [ERROR] LogOutputStream:75 - [STDERR_REDIRECT] 
2025-11-28 09:51:48,578 [ERROR] LogOutputStream:75 - [STDERR_REDIRECT] [Fatal Error] :1:1: Premature end of file.
2025-11-28 09:51:48,578 [ERROR] LogOutputStream:75 - [STDERR_REDIRECT] 
2025-11-28 09:51:49,586 [ERROR] LogOutputStream:75 - [STDERR_REDIRECT] [Fatal Error] :1:1: Premature end of file.
2025-11-28 09:51:49,586 [ERROR] LogOutputStream:75 - [STDERR_REDIRECT] 
2025-11-28 09:51:50,574 [ERROR] LogOutputStream:75 - [STDERR_REDIRECT] [Fatal Error] :1:1: Premature end of file.
2025-11-28 09:51:50,574 [ERROR] LogOutputStream:75 - [STDERR_REDIRECT] 
2025-11-28 09:51:51,573 [ERROR] LogOutputStream:75 - [STDERR_REDIRECT] [Fatal Error] :1:1: Premature end of file.
2025-11-28 09:51:51,573 [ERROR] LogOutputStream:75 - [STDERR_REDIRECT] 
2025-11-28 09:51:52,573 [ERROR] LogOutputStream:75 - [STDERR_REDIRECT] [Fatal Error] :1:1: Premature end of file.
2025-11-28 09:51:52,573 [ERROR] LogOutputStream:75 - [STDERR_REDIRECT] 
2025-11-28 09:51:53,571 [ERROR] LogOutputStream:75 - [STDERR_REDIRECT] [Fatal Error] :1:1: Premature end of file.
2025-11-28 09:51:53,571 [ERROR] LogOutputStream:75 - [STDERR_REDIRECT] 
2025-11-28 09:51:54,571 [ERROR] LogOutputStream:75 - [STDERR_REDIRECT] [Fatal Error] :1:1: Premature end of file.
2025-11-28 09:51:54,571 [ERROR] LogOutputStream:75 - [STDERR_REDIRECT] 
2025-11-28 09:51:55,574 [ERROR] LogOutputStream:75 - [STDERR_REDIRECT] [Fatal Error] :1:1: Premature end of file.
2025-11-28 09:51:55,574 [ERROR] LogOutputStream:75 - [STDERR_REDIRECT] 
2025-11-28 09:51:56,583 [ERROR] LogOutputStream:75 - [STDERR_REDIRECT] [Fatal Error] :1:1: Premature end of file.
2025-11-28 09:51:56,583 [ERROR] LogOutputStream:75 - [STDERR_REDIRECT] 
2025-11-28 09:51:57,579 [ERROR] LogOutputStream:75 - [STDERR_REDIRECT] [Fatal Error] :1:1: Premature end of file.
2025-11-28 09:51:57,579 [ERROR] LogOutputStream:75 - [STDERR_REDIRECT] 
2025-11-28 09:51:58,577 [ERROR] LogOutputStream:75 - [STDERR_REDIRECT] [Fatal Error] :1:1: Premature end of file.
2025-11-28 09:51:58,577 [ERROR] LogOutputStream:75 - [STDERR_REDIRECT] 
2025-11-28 09:51:59,574 [ERROR] LogOutputStream:75 - [STDERR_REDIRECT] [Fatal Error] :1:1: Premature end of file.
2025-11-28 09:51:59,574 [ERROR] LogOutputStream:75 - [STDERR_REDIRECT] 
2025-11-28 09:52:00,579 [ERROR] LogOutputStream:75 - [STDERR_REDIRECT] [Fatal Error] :1:1: Premature end of file.
2025-11-28 09:52:00,579 [ERROR] LogOutputStream:75 - [STDERR_REDIRECT] 
2025-11-28 09:52:01,576 [ERROR] LogOutputStream:75 - [STDERR_REDIRECT] [Fatal Error] :1:1: Premature end of file.
2025-11-28 09:52:01,576 [ERROR] LogOutputStream:75 - [STDERR_REDIRECT] 
2025-11-28 09:52:02,578 [ERROR] LogOutputStream:75 - [STDERR_REDIRECT] [Fatal Error] :1:1: Premature end of file.
2025-11-28 09:52:02,578 [ERROR] LogOutputStream:75 - [STDERR_REDIRECT] 
2025-11-28 09:52:03,575 [ERROR] LogOutputStream:75 - [STDERR_REDIRECT] [Fatal Error] :1:1: Premature end of file.
2025-11-28 09:52:03,575 [ERROR] LogOutputStream:75 - [STDERR_REDIRECT] 
2025-11-28 09:52:04,579 [ERROR] LogOutputStream:75 - [STDERR_REDIRECT] [Fatal Error] :1:1: Premature end of file.
2025-11-28 09:52:04,579 [ERROR] LogOutputStream:75 - [STDERR_REDIRECT] 
2025-11-28 09:52:05,579 [ERROR] LogOutputStream:75 - [STDERR_REDIRECT] [Fatal Error] :1:1: Premature end of file.
2025-11-28 09:52:05,579 [ERROR] LogOutputStream:75 - [STDERR_REDIRECT] 
2025-11-28 09:52:06,571 [ERROR] LogOutputStream:75 - [STDERR_REDIRECT] [Fatal Error] :1:1: Premature end of file.
2025-11-28 09:52:06,571 [ERROR] LogOutputStream:75 - [STDERR_REDIRECT] 
2025-11-28 09:52:07,571 [ERROR] LogOutputStream:75 - [STDERR_REDIRECT] [Fatal Error] :1:1: Premature end of file.
2025-11-28 09:52:07,571 [ERROR] LogOutputStream:75 - [STDERR_REDIRECT] 
2025-11-28 09:52:08,584 [ERROR] LogOutputStream:75 - [STDERR_REDIRECT] [Fatal Error] :1:1: Premature end of file.
2025-11-28 09:52:08,584 [ERROR] LogOutputStream:75 - [STDERR_REDIRECT] 
2025-11-28 09:52:09,569 [ERROR] LogOutputStream:75 - [STDERR_REDIRECT] [Fatal Error] :1:1: Premature end of file.
2025-11-28 09:52:09,569 [ERROR] LogOutputStream:75 - [STDERR_REDIRECT] 
2025-11-28 09:52:10,573 [ERROR] LogOutputStream:75 - [STDERR_REDIRECT] [Fatal Error] :1:1: Premature end of file.
2025-11-28 09:52:10,573 [ERROR] LogOutputStream:75 - [STDERR_REDIRECT] 
2025-11-28 09:52:11,579 [ERROR] LogOutputStream:75 - [STDERR_REDIRECT] [Fatal Error] :1:1: Premature end of file.
2025-11-28 09:52:11,579 [ERROR] LogOutputStream:75 - [STDERR_REDIRECT] 
2025-11-28 09:52:12,602 [ERROR] LogOutputStream:75 - [STDERR_REDIRECT] [Fatal Error] :1:1: Premature end of file.
2025-11-28 09:52:12,602 [ERROR] LogOutputStream:75 - [STDERR_REDIRECT] 
2025-11-28 09:52:13,572 [ERROR] LogOutputStream:75 - [STDERR_REDIRECT] [Fatal Error] :1:1: Premature end of file.
2025-11-28 09:52:13,572 [ERROR] LogOutputStream:75 - [STDERR_REDIRECT] 
2025-11-28 09:52:14,574 [ERROR] LogOutputStream:75 - [STDERR_REDIRECT] [Fatal Error] :1:1: Premature end of file.
2025-11-28 09:52:14,574 [ERROR] LogOutputStream:75 - [STDERR_REDIRECT] 
2025-11-28 09:52:15,596 [ERROR] LogOutputStream:75 - [STDERR_REDIRECT] [Fatal Error] :1:1: Premature end of file.
2025-11-28 09:52:15,596 [ERROR] LogOutputStream:75 - [STDERR_REDIRECT] 
2025-11-28 09:52:16,577 [ERROR] LogOutputStream:75 - [STDERR_REDIRECT] [Fatal Error] :1:1: Premature end of file.
2025-11-28 09:52:16,578 [ERROR] LogOutputStream:75 - [STDERR_REDIRECT] 
2025-11-28 09:52:17,576 [ERROR] LogOutputStream:75 - [STDERR_REDIRECT] [Fatal Error] :1:1: Premature end of file.
2025-11-28 09:52:17,576 [ERROR] LogOutputStream:75 - [STDERR_REDIRECT] 
2025-11-28 09:52:18,576 [ERROR] LogOutputStream:75 - [STDERR_REDIRECT] [Fatal Error] :1:1: Premature end of file.
2025-11-28 09:52:18,576 [ERROR] LogOutputStream:75 - [STDERR_REDIRECT] 
2025-11-28 09:52:19,577 [ERROR] LogOutputStream:75 - [STDERR_REDIRECT] [Fatal Error] :1:1: Premature end of file.
2025-11-28 09:52:19,577 [ERROR] LogOutputStream:75 - [STDERR_REDIRECT] 
2025-11-28 09:52:20,599 [ERROR] LogOutputStream:75 - [STDERR_REDIRECT] [Fatal Error] :1:1: Premature end of file.
2025-11-28 09:52:20,600 [ERROR] LogOutputStream:75 - [STDERR_REDIRECT] 
2025-11-28 09:52:21,577 [ERROR] LogOutputStream:75 - [STDERR_REDIRECT] [Fatal Error] :1:1: Premature end of file.
2025-11-28 09:52:21,577 [ERROR] LogOutputStream:75 - [STDERR_REDIRECT] 
2025-11-28 09:52:22,586 [ERROR] LogOutputStream:75 - [STDERR_REDIRECT] [Fatal Error] :1:1: Premature end of file.
2025-11-28 09:52:22,586 [ERROR] LogOutputStream:75 - [STDERR_REDIRECT] 
2025-11-28 09:52:23,590 [ERROR] LogOutputStream:75 - [STDERR_REDIRECT] [Fatal Error] :1:1: Premature end of file.
2025-11-28 09:52:23,590 [ERROR] LogOutputStream:75 - [STDERR_REDIRECT] 
2025-11-28 09:52:24,589 [ERROR] LogOutputStream:75 - [STDERR_REDIRECT] [Fatal Error] :1:1: Premature end of file.
2025-11-28 09:52:24,589 [ERROR] LogOutputStream:75 - [STDERR_REDIRECT] 
2025-11-28 09:52:25,571 [ERROR] LogOutputStream:75 - [STDERR_REDIRECT] [Fatal Error] :1:1: Premature end of file.
2025-11-28 09:52:25,572 [ERROR] LogOutputStream:75 - [STDERR_REDIRECT] 
2025-11-28 09:52:26,580 [ERROR] LogOutputStream:75 - [STDERR_REDIRECT] [Fatal Error] :1:1: Premature end of file.
2025-11-28 09:52:26,581 [ERROR] LogOutputStream:75 - [STDERR_REDIRECT] 
2025-11-28 09:52:27,601 [ERROR] LogOutputStream:75 - [STDERR_REDIRECT] [Fatal Error] :1:1: Premature end of file.
2025-11-28 09:52:27,601 [ERROR] LogOutputStream:75 - [STDERR_REDIRECT] 
2025-11-28 09:52:28,586 [ERROR] LogOutputStream:75 - [STDERR_REDIRECT] [Fatal Error] :1:1: Premature end of file.
2025-11-28 09:52:28,586 [ERROR] LogOutputStream:75 - [STDERR_REDIRECT] 
2025-11-28 09:52:29,572 [ERROR] LogOutputStream:75 - [STDERR_REDIRECT] [Fatal Error] :1:1: Premature end of file.
2025-11-28 09:52:29,572 [ERROR] LogOutputStream:75 - [STDERR_REDIRECT] 
2025-11-28 09:52:30,578 [ERROR] LogOutputStream:75 - [STDERR_REDIRECT] [Fatal Error] :1:1: Premature end of file.
2025-11-28 09:52:30,578 [ERROR] LogOutputStream:75 - [STDERR_REDIRECT] 
2025-11-28 09:52:31,571 [ERROR] LogOutputStream:75 - [STDERR_REDIRECT] [Fatal Error] :1:1: Premature end of file.
2025-11-28 09:52:31,571 [ERROR] LogOutputStream:75 - [STDERR_REDIRECT] 
2025-11-28 09:52:32,576 [ERROR] LogOutputStream:75 - [STDERR_REDIRECT] [Fatal Error] :1:1: Premature end of file.
2025-11-28 09:52:32,576 [ERROR] LogOutputStream:75 - [STDERR_REDIRECT] 
2025-11-28 09:52:33,571 [ERROR] LogOutputStream:75 - [STDERR_REDIRECT] [Fatal Error] :1:1: Premature end of file.
2025-11-28 09:52:33,571 [ERROR] LogOutputStream:75 - [STDERR_REDIRECT] 
2025-11-28 09:52:34,579 [ERROR] LogOutputStream:75 - [STDERR_REDIRECT] [Fatal Error] :1:1: Premature end of file.
2025-11-28 09:52:34,579 [ERROR] LogOutputStream:75 - [STDERR_REDIRECT] 
2025-11-28 09:52:35,576 [ERROR] LogOutputStream:75 - [STDERR_REDIRECT] [Fatal Error] :1:1: Premature end of file.
2025-11-28 09:52:35,576 [ERROR] LogOutputStream:75 - [STDERR_REDIRECT] 
2025-11-28 09:52:36,581 [ERROR] LogOutputStream:75 - [STDERR_REDIRECT] [Fatal Error] :1:1: Premature end of file.
2025-11-28 09:52:36,581 [ERROR] LogOutputStream:75 - [STDERR_REDIRECT] 
2025-11-28 09:52:37,570 [ERROR] LogOutputStream:75 - [STDERR_REDIRECT] [Fatal Error] :1:1: Premature end of file.
2025-11-28 09:52:37,570 [ERROR] LogOutputStream:75 - [STDERR_REDIRECT] 
2025-11-28 09:52:38,569 [ERROR] LogOutputStream:75 - [STDERR_REDIRECT] [Fatal Error] :1:1: Premature end of file.
2025-11-28 09:52:38,571 [ERROR] LogOutputStream:75 - [STDERR_REDIRECT] 
2025-11-28 09:52:39,584 [ERROR] LogOutputStream:75 - [STDERR_REDIRECT] [Fatal Error] :1:1: Premature end of file.
2025-11-28 09:52:39,584 [ERROR] LogOutputStream:75 - [STDERR_REDIRECT] 
2025-11-28 09:52:40,573 [ERROR] LogOutputStream:75 - [STDERR_REDIRECT] [Fatal Error] :1:1: Premature end of file.
2025-11-28 09:52:40,573 [ERROR] LogOutputStream:75 - [STDERR_REDIRECT] 
2025-11-28 09:52:41,574 [ERROR] LogOutputStream:75 - [STDERR_REDIRECT] [Fatal Error] :1:1: Premature end of file.
2025-11-28 09:52:41,574 [ERROR] LogOutputStream:75 - [STDERR_REDIRECT] 
2025-11-28 09:52:42,589 [ERROR] LogOutputStream:75 - [STDERR_REDIRECT] [Fatal Error] :1:1: Premature end of file.
2025-11-28 09:52:42,589 [ERROR] LogOutputStream:75 - [STDERR_REDIRECT] 
2025-11-28 09:52:43,583 [ERROR] LogOutputStream:75 - [STDERR_REDIRECT] [Fatal Error] :1:1: Premature end of file.
2025-11-28 09:52:43,584 [ERROR] LogOutputStream:75 - [STDERR_REDIRECT] 
2025-11-28 09:52:44,579 [ERROR] LogOutputStream:75 - [STDERR_REDIRECT] [Fatal Error] :1:1: Premature end of file.
2025-11-28 09:52:44,579 [ERROR] LogOutputStream:75 - [STDERR_REDIRECT] 
2025-11-28 09:52:45,575 [ERROR] LogOutputStream:75 - [STDERR_REDIRECT] [Fatal Error] :1:1: Premature end of file.
2025-11-28 09:52:45,575 [ERROR] LogOutputStream:75 - [STDERR_REDIRECT] 
2025-11-28 09:52:46,573 [ERROR] LogOutputStream:75 - [STDERR_REDIRECT] [Fatal Error] :1:1: Premature end of file.
2025-11-28 09:52:46,574 [ERROR] LogOutputStream:75 - [STDERR_REDIRECT] 
2025-11-28 09:52:47,573 [ERROR] LogOutputStream:75 - [STDERR_REDIRECT] [Fatal Error] :1:1: Premature end of file.
2025-11-28 09:52:47,573 [ERROR] LogOutputStream:75 - [STDERR_REDIRECT] 
2025-11-28 09:52:48,579 [ERROR] LogOutputStream:75 - [STDERR_REDIRECT] [Fatal Error] :1:1: Premature end of file.
2025-11-28 09:52:48,579 [ERROR] LogOutputStream:75 - [STDERR_REDIRECT] 
2025-11-28 09:52:49,584 [ERROR] LogOutputStream:75 - [STDERR_REDIRECT] [Fatal Error] :1:1: Premature end of file.
2025-11-28 09:52:49,584 [ERROR] LogOutputStream:75 - [STDERR_REDIRECT] 
2025-11-28 09:52:50,571 [ERROR] LogOutputStream:75 - [STDERR_REDIRECT] [Fatal Error] :1:1: Premature end of file.
2025-11-28 09:52:50,571 [ERROR] LogOutputStream:75 - [STDERR_REDIRECT] 
2025-11-28 09:52:51,599 [ERROR] LogOutputStream:75 - [STDERR_REDIRECT] [Fatal Error] :1:1: Premature end of file.
2025-11-28 09:52:51,599 [ERROR] LogOutputStream:75 - [STDERR_REDIRECT] 
2025-11-28 09:52:52,574 [ERROR] LogOutputStream:75 - [STDERR_REDIRECT] [Fatal Error] :1:1: Premature end of file.
2025-11-28 09:52:52,574 [ERROR] LogOutputStream:75 - [STDERR_REDIRECT] 
2025-11-28 09:52:53,577 [ERROR] LogOutputStream:75 - [STDERR_REDIRECT] [Fatal Error] :1:1: Premature end of file.
2025-11-28 09:52:53,577 [ERROR] LogOutputStream:75 - [STDERR_REDIRECT] 
2025-11-28 09:52:54,573 [ERROR] LogOutputStream:75 - [STDERR_REDIRECT] [Fatal Error] :1:1: Premature end of file.
2025-11-28 09:52:54,573 [ERROR] LogOutputStream:75 - [STDERR_REDIRECT] 
2025-11-28 09:52:55,573 [ERROR] LogOutputStream:75 - [STDERR_REDIRECT] [Fatal Error] :1:1: Premature end of file.
2025-11-28 09:52:55,573 [ERROR] LogOutputStream:75 - [STDERR_REDIRECT] 
2025-11-28 09:52:56,573 [ERROR] LogOutputStream:75 - [STDERR_REDIRECT] [Fatal Error] :1:1: Premature end of file.
2025-11-28 09:52:56,573 [ERROR] LogOutputStream:75 - [STDERR_REDIRECT] 
2025-11-28 09:52:57,589 [ERROR] LogOutputStream:75 - [STDERR_REDIRECT] [Fatal Error] :1:1: Premature end of file.
2025-11-28 09:52:57,589 [ERROR] LogOutputStream:75 - [STDERR_REDIRECT] 
2025-11-28 09:52:58,596 [ERROR] LogOutputStream:75 - [STDERR_REDIRECT] [Fatal Error] :1:1: Premature end of file.
2025-11-28 09:52:58,596 [ERROR] LogOutputStream:75 - [STDERR_REDIRECT] 
2025-11-28 09:52:59,580 [ERROR] LogOutputStream:75 - [STDERR_REDIRECT] [Fatal Error] :1:1: Premature end of file.
2025-11-28 09:52:59,581 [ERROR] LogOutputStream:75 - [STDERR_REDIRECT] 
2025-11-28 09:53:00,589 [ERROR] LogOutputStream:75 - [STDERR_REDIRECT] [Fatal Error] :1:1: Premature end of file.
2025-11-28 09:53:00,589 [ERROR] LogOutputStream:75 - [STDERR_REDIRECT] 
2025-11-28 09:53:01,577 [ERROR] LogOutputStream:75 - [STDERR_REDIRECT] [Fatal Error] :1:1: Premature end of file.
2025-11-28 09:53:01,577 [ERROR] LogOutputStream:75 - [STDERR_REDIRECT] 
2025-11-28 09:53:02,591 [ERROR] LogOutputStream:75 - [STDERR_REDIRECT] [Fatal Error] :1:1: Premature end of file.
2025-11-28 09:53:02,591 [ERROR] LogOutputStream:75 - [STDERR_REDIRECT] 
2025-11-28 09:53:03,581 [ERROR] LogOutputStream:75 - [STDERR_REDIRECT] [Fatal Error] :1:1: Premature end of file.
2025-11-28 09:53:03,581 [ERROR] LogOutputStream:75 - [STDERR_REDIRECT] 
2025-11-28 09:53:04,576 [ERROR] LogOutputStream:75 - [STDERR_REDIRECT] [Fatal Error] :1:1: Premature end of file.
2025-11-28 09:53:04,576 [ERROR] LogOutputStream:75 - [STDERR_REDIRECT] 
2025-11-28 09:53:05,573 [ERROR] LogOutputStream:75 - [STDERR_REDIRECT] [Fatal Error] :1:1: Premature end of file.
2025-11-28 09:53:05,573 [ERROR] LogOutputStream:75 - [STDERR_REDIRECT] 
2025-11-28 09:53:06,583 [ERROR] LogOutputStream:75 - [STDERR_REDIRECT] [Fatal Error] :1:1: Premature end of file.
2025-11-28 09:53:06,583 [ERROR] LogOutputStream:75 - [STDERR_REDIRECT] 
2025-11-28 09:53:07,580 [ERROR] LogOutputStream:75 - [STDERR_REDIRECT] [Fatal Error] :1:1: Premature end of file.
2025-11-28 09:53:07,580 [ERROR] LogOutputStream:75 - [STDERR_REDIRECT] 
2025-11-28 09:53:08,626 [ERROR] LogOutputStream:75 - [STDERR_REDIRECT] [Fatal Error] :1:1: Premature end of file.
2025-11-28 09:53:08,626 [ERROR] LogOutputStream:75 - [STDERR_REDIRECT] 
2025-11-28 09:53:09,573 [ERROR] LogOutputStream:75 - [STDERR_REDIRECT] [Fatal Error] :1:1: Premature end of file.
2025-11-28 09:53:09,573 [ERROR] LogOutputStream:75 - [STDERR_REDIRECT] 
2025-11-28 09:53:10,573 [ERROR] LogOutputStream:75 - [STDERR_REDIRECT] [Fatal Error] :1:1: Premature end of file.
2025-11-28 09:53:10,573 [ERROR] LogOutputStream:75 - [STDERR_REDIRECT] 
2025-11-28 09:53:11,573 [ERROR] LogOutputStream:75 - [STDERR_REDIRECT] [Fatal Error] :1:1: Premature end of file.
2025-11-28 09:53:11,574 [ERROR] LogOutputStream:75 - [STDERR_REDIRECT] 
2025-11-28 09:53:12,572 [ERROR] LogOutputStream:75 - [STDERR_REDIRECT] [Fatal Error] :1:1: Premature end of file.
2025-11-28 09:53:12,572 [ERROR] LogOutputStream:75 - [STDERR_REDIRECT] 
2025-11-28 09:53:13,573 [ERROR] LogOutputStream:75 - [STDERR_REDIRECT] [Fatal Error] :1:1: Premature end of file.
2025-11-28 09:53:13,573 [ERROR] LogOutputStream:75 - [STDERR_REDIRECT] 
2025-11-28 09:53:14,574 [ERROR] LogOutputStream:75 - [STDERR_REDIRECT] [Fatal Error] :1:1: Premature end of file.
2025-11-28 09:53:14,574 [ERROR] LogOutputStream:75 - [STDERR_REDIRECT] 
2025-11-28 09:53:15,583 [ERROR] LogOutputStream:75 - [STDERR_REDIRECT] [Fatal Error] :1:1: Premature end of file.
2025-11-28 09:53:15,583 [ERROR] LogOutputStream:75 - [STDERR_REDIRECT] 
2025-11-28 09:53:16,573 [ERROR] LogOutputStream:75 - [STDERR_REDIRECT] [Fatal Error] :1:1: Premature end of file.
2025-11-28 09:53:16,573 [ERROR] LogOutputStream:75 - [STDERR_REDIRECT] 
2025-11-28 09:53:17,577 [ERROR] LogOutputStream:75 - [STDERR_REDIRECT] [Fatal Error] :1:1: Premature end of file.
2025-11-28 09:53:17,578 [ERROR] LogOutputStream:75 - [STDERR_REDIRECT] 
2025-11-28 09:53:18,579 [ERROR] LogOutputStream:75 - [STDERR_REDIRECT] [Fatal Error] :1:1: Premature end of file.
2025-11-28 09:53:18,580 [ERROR] LogOutputStream:75 - [STDERR_REDIRECT] 
2025-11-28 09:53:19,575 [ERROR] LogOutputStream:75 - [STDERR_REDIRECT] [Fatal Error] :1:1: Premature end of file.
2025-11-28 09:53:19,575 [ERROR] LogOutputStream:75 - [STDERR_REDIRECT] 
2025-11-28 09:53:20,575 [ERROR] LogOutputStream:75 - [STDERR_REDIRECT] [Fatal Error] :1:1: Premature end of file.
2025-11-28 09:53:20,575 [ERROR] LogOutputStream:75 - [STDERR_REDIRECT] 
2025-11-28 09:53:21,576 [ERROR] LogOutputStream:75 - [STDERR_REDIRECT] [Fatal Error] :1:1: Premature end of file.
2025-11-28 09:53:21,576 [ERROR] LogOutputStream:75 - [STDERR_REDIRECT] 
2025-11-28 09:53:22,578 [ERROR] LogOutputStream:75 - [STDERR_REDIRECT] [Fatal Error] :1:1: Premature end of file.
2025-11-28 09:53:22,578 [ERROR] LogOutputStream:75 - [STDERR_REDIRECT] 
2025-11-28 09:53:23,574 [ERROR] LogOutputStream:75 - [STDERR_REDIRECT] [Fatal Error] :1:1: Premature end of file.
2025-11-28 09:53:23,574 [ERROR] LogOutputStream:75 - [STDERR_REDIRECT] 
2025-11-28 09:53:24,573 [ERROR] LogOutputStream:75 - [STDERR_REDIRECT] [Fatal Error] :1:1: Premature end of file.
2025-11-28 09:53:24,573 [ERROR] LogOutputStream:75 - [STDERR_REDIRECT] 
2025-11-28 09:53:25,573 [ERROR] LogOutputStream:75 - [STDERR_REDIRECT] [Fatal Error] :1:1: Premature end of file.
2025-11-28 09:53:25,574 [ERROR] LogOutputStream:75 - [STDERR_REDIRECT] 
2025-11-28 09:53:26,585 [ERROR] LogOutputStream:75 - [STDERR_REDIRECT] [Fatal Error] :1:1: Premature end of file.
2025-11-28 09:53:26,585 [ERROR] LogOutputStream:75 - [STDERR_REDIRECT] 
2025-11-28 09:53:27,574 [ERROR] LogOutputStream:75 - [STDERR_REDIRECT] [Fatal Error] :1:1: Premature end of file.
2025-11-28 09:53:27,574 [ERROR] LogOutputStream:75 - [STDERR_REDIRECT] 
2025-11-28 09:53:28,572 [ERROR] LogOutputStream:75 - [STDERR_REDIRECT] [Fatal Error] :1:1: Premature end of file.
2025-11-28 09:53:28,572 [ERROR] LogOutputStream:75 - [STDERR_REDIRECT] 
2025-11-28 09:53:29,581 [ERROR] LogOutputStream:75 - [STDERR_REDIRECT] [Fatal Error] :1:1: Premature end of file.
2025-11-28 09:53:29,582 [ERROR] LogOutputStream:75 - [STDERR_REDIRECT] 
2025-11-28 09:53:30,580 [ERROR] LogOutputStream:75 - [STDERR_REDIRECT] [Fatal Error] :1:1: Premature end of file.
2025-11-28 09:53:30,580 [ERROR] LogOutputStream:75 - [STDERR_REDIRECT] 
2025-11-28 09:53:31,571 [ERROR] LogOutputStream:75 - [STDERR_REDIRECT] [Fatal Error] :1:1: Premature end of file.
2025-11-28 09:53:31,571 [ERROR] LogOutputStream:75 - [STDERR_REDIRECT] 
2025-11-28 09:53:32,576 [ERROR] LogOutputStream:75 - [STDERR_REDIRECT] [Fatal Error] :1:1: Premature end of file.
2025-11-28 09:53:32,576 [ERROR] LogOutputStream:75 - [STDERR_REDIRECT] 
2025-11-28 09:53:33,571 [ERROR] LogOutputStream:75 - [STDERR_REDIRECT] [Fatal Error] :1:1: Premature end of file.
2025-11-28 09:53:33,572 [ERROR] LogOutputStream:75 - [STDERR_REDIRECT] 
2025-11-28 09:53:34,572 [ERROR] LogOutputStream:75 - [STDERR_REDIRECT] [Fatal Error] :1:1: Premature end of file.
2025-11-28 09:53:34,573 [ERROR] LogOutputStream:75 - [STDERR_REDIRECT] 
2025-11-28 09:53:35,573 [ERROR] LogOutputStream:75 - [STDERR_REDIRECT] [Fatal Error] :1:1: Premature end of file.
2025-11-28 09:53:35,573 [ERROR] LogOutputStream:75 - [STDERR_REDIRECT] 
2025-11-28 09:53:36,571 [ERROR] LogOutputStream:75 - [STDERR_REDIRECT] [Fatal Error] :1:1: Premature end of file.
2025-11-28 09:53:36,572 [ERROR] LogOutputStream:75 - [STDERR_REDIRECT] 
2025-11-28 09:53:37,587 [ERROR] LogOutputStream:75 - [STDERR_REDIRECT] [Fatal Error] :1:1: Premature end of file.
2025-11-28 09:53:37,588 [ERROR] LogOutputStream:75 - [STDERR_REDIRECT] 
2025-11-28 09:53:38,578 [ERROR] LogOutputStream:75 - [STDERR_REDIRECT] [Fatal Error] :1:1: Premature end of file.
2025-11-28 09:53:38,579 [ERROR] LogOutputStream:75 - [STDERR_REDIRECT] 
2025-11-28 09:53:39,578 [ERROR] LogOutputStream:75 - [STDERR_REDIRECT] [Fatal Error] :1:1: Premature end of file.
2025-11-28 09:53:39,578 [ERROR] LogOutputStream:75 - [STDERR_REDIRECT] 
2025-11-28 09:53:40,578 [ERROR] LogOutputStream:75 - [STDERR_REDIRECT] [Fatal Error] :1:1: Premature end of file.
2025-11-28 09:53:40,578 [ERROR] LogOutputStream:75 - [STDERR_REDIRECT] 
2025-11-28 09:53:41,578 [ERROR] LogOutputStream:75 - [STDERR_REDIRECT] [Fatal Error] :1:1: Premature end of file.
2025-11-28 09:53:41,578 [ERROR] LogOutputStream:75 - [STDERR_REDIRECT] 
2025-11-28 09:53:42,574 [ERROR] LogOutputStream:75 - [STDERR_REDIRECT] [Fatal Error] :1:1: Premature end of file.
2025-11-28 09:53:42,574 [ERROR] LogOutputStream:75 - [STDERR_REDIRECT] 
2025-11-28 09:53:43,577 [ERROR] LogOutputStream:75 - [STDERR_REDIRECT] [Fatal Error] :1:1: Premature end of file.
2025-11-28 09:53:43,578 [ERROR] LogOutputStream:75 - [STDERR_REDIRECT] 
2025-11-28 09:53:44,575 [ERROR] LogOutputStream:75 - [STDERR_REDIRECT] [Fatal Error] :1:1: Premature end of file.
2025-11-28 09:53:44,575 [ERROR] LogOutputStream:75 - [STDERR_REDIRECT] 
2025-11-28 09:53:45,573 [ERROR] LogOutputStream:75 - [STDERR_REDIRECT] [Fatal Error] :1:1: Premature end of file.
2025-11-28 09:53:45,573 [ERROR] LogOutputStream:75 - [STDERR_REDIRECT] 
2025-11-28 09:53:46,582 [ERROR] LogOutputStream:75 - [STDERR_REDIRECT] [Fatal Error] :1:1: Premature end of file.
2025-11-28 09:53:46,582 [ERROR] LogOutputStream:75 - [STDERR_REDIRECT] 
2025-11-28 09:53:47,580 [ERROR] LogOutputStream:75 - [STDERR_REDIRECT] [Fatal Error] :1:1: Premature end of file.
2025-11-28 09:53:47,580 [ERROR] LogOutputStream:75 - [STDERR_REDIRECT] 
2025-11-28 09:53:48,578 [ERROR] LogOutputStream:75 - [STDERR_REDIRECT] [Fatal Error] :1:1: Premature end of file.
2025-11-28 09:53:48,578 [ERROR] LogOutputStream:75 - [STDERR_REDIRECT] 
2025-11-28 09:53:49,579 [ERROR] LogOutputStream:75 - [STDERR_REDIRECT] [Fatal Error] :1:1: Premature end of file.
2025-11-28 09:53:49,579 [ERROR] LogOutputStream:75 - [STDERR_REDIRECT] 
2025-11-28 09:53:50,572 [ERROR] LogOutputStream:75 - [STDERR_REDIRECT] [Fatal Error] :1:1: Premature end of file.
2025-11-28 09:53:50,572 [ERROR] LogOutputStream:75 - [STDERR_REDIRECT] 
2025-11-28 09:53:51,575 [ERROR] LogOutputStream:75 - [STDERR_REDIRECT] [Fatal Error] :1:1: Premature end of file.
2025-11-28 09:53:51,576 [ERROR] LogOutputStream:75 - [STDERR_REDIRECT] 
2025-11-28 09:53:52,583 [ERROR] LogOutputStream:75 - [STDERR_REDIRECT] [Fatal Error] :1:1: Premature end of file.
2025-11-28 09:53:52,583 [ERROR] LogOutputStream:75 - [STDERR_REDIRECT] 
2025-11-28 09:53:53,581 [ERROR] LogOutputStream:75 - [STDERR_REDIRECT] [Fatal Error] :1:1: Premature end of file.
2025-11-28 09:53:53,581 [ERROR] LogOutputStream:75 - [STDERR_REDIRECT] 
2025-11-28 09:53:54,570 [ERROR] LogOutputStream:75 - [STDERR_REDIRECT] [Fatal Error] :1:1: Premature end of file.
2025-11-28 09:53:54,571 [ERROR] LogOutputStream:75 - [STDERR_REDIRECT] 
2025-11-28 09:53:55,573 [ERROR] LogOutputStream:75 - [STDERR_REDIRECT] [Fatal Error] :1:1: Premature end of file.
2025-11-28 09:53:55,573 [ERROR] LogOutputStream:75 - [STDERR_REDIRECT] 
2025-11-28 09:53:56,571 [ERROR] LogOutputStream:75 - [STDERR_REDIRECT] [Fatal Error] :1:1: Premature end of file.
2025-11-28 09:53:56,571 [ERROR] LogOutputStream:75 - [STDERR_REDIRECT] 
2025-11-28 09:53:57,577 [ERROR] LogOutputStream:75 - [STDERR_REDIRECT] [Fatal Error] :1:1: Premature end of file.
2025-11-28 09:53:57,577 [ERROR] LogOutputStream:75 - [STDERR_REDIRECT] 
2025-11-28 09:53:58,576 [ERROR] LogOutputStream:75 - [STDERR_REDIRECT] [Fatal Error] :1:1: Premature end of file.
2025-11-28 09:53:58,576 [ERROR] LogOutputStream:75 - [STDERR_REDIRECT] 
2025-11-28 09:53:59,576 [ERROR] LogOutputStream:75 - [STDERR_REDIRECT] [Fatal Error] :1:1: Premature end of file.
2025-11-28 09:53:59,577 [ERROR] LogOutputStream:75 - [STDERR_REDIRECT] 
2025-11-28 09:54:00,578 [ERROR] LogOutputStream:75 - [STDERR_REDIRECT] [Fatal Error] :1:1: Premature end of file.
2025-11-28 09:54:00,579 [ERROR] LogOutputStream:75 - [STDERR_REDIRECT] 
2025-11-28 09:54:01,579 [ERROR] LogOutputStream:75 - [STDERR_REDIRECT] [Fatal Error] :1:1: Premature end of file.
2025-11-28 09:54:01,579 [ERROR] LogOutputStream:75 - [STDERR_REDIRECT] 
2025-11-28 09:54:02,582 [ERROR] LogOutputStream:75 - [STDERR_REDIRECT] [Fatal Error] :1:1: Premature end of file.
2025-11-28 09:54:02,582 [ERROR] LogOutputStream:75 - [STDERR_REDIRECT] 
2025-11-28 09:54:03,580 [ERROR] LogOutputStream:75 - [STDERR_REDIRECT] [Fatal Error] :1:1: Premature end of file.
2025-11-28 09:54:03,580 [ERROR] LogOutputStream:75 - [STDERR_REDIRECT] 
2025-11-28 09:54:04,583 [ERROR] LogOutputStream:75 - [STDERR_REDIRECT] [Fatal Error] :1:1: Premature end of file.
2025-11-28 09:54:04,583 [ERROR] LogOutputStream:75 - [STDERR_REDIRECT] 
2025-11-28 09:54:05,583 [ERROR] LogOutputStream:75 - [STDERR_REDIRECT] [Fatal Error] :1:1: Premature end of file.
2025-11-28 09:54:05,583 [ERROR] LogOutputStream:75 - [STDERR_REDIRECT] 
2025-11-28 09:54:06,579 [ERROR] LogOutputStream:75 - [STDERR_REDIRECT] [Fatal Error] :1:1: Premature end of file.
2025-11-28 09:54:06,579 [ERROR] LogOutputStream:75 - [STDERR_REDIRECT] 
2025-11-28 09:54:07,592 [ERROR] LogOutputStream:75 - [STDERR_REDIRECT] [Fatal Error] :1:1: Premature end of file.
2025-11-28 09:54:07,592 [ERROR] LogOutputStream:75 - [STDERR_REDIRECT] 
2025-11-28 09:54:08,582 [ERROR] LogOutputStream:75 - [STDERR_REDIRECT] [Fatal Error] :1:1: Premature end of file.
2025-11-28 09:54:08,582 [ERROR] LogOutputStream:75 - [STDERR_REDIRECT] 
2025-11-28 09:54:09,575 [ERROR] LogOutputStream:75 - [STDERR_REDIRECT] [Fatal Error] :1:1: Premature end of file.
2025-11-28 09:54:09,575 [ERROR] LogOutputStream:75 - [STDERR_REDIRECT] 
2025-11-28 09:54:10,584 [ERROR] LogOutputStream:75 - [STDERR_REDIRECT] [Fatal Error] :1:1: Premature end of file.
2025-11-28 09:54:10,584 [ERROR] LogOutputStream:75 - [STDERR_REDIRECT] 
2025-11-28 09:54:11,585 [ERROR] LogOutputStream:75 - [STDERR_REDIRECT] [Fatal Error] :1:1: Premature end of file.
2025-11-28 09:54:11,585 [ERROR] LogOutputStream:75 - [STDERR_REDIRECT] 
2025-11-28 09:54:12,576 [ERROR] LogOutputStream:75 - [STDERR_REDIRECT] [Fatal Error] :1:1: Premature end of file.
2025-11-28 09:54:12,576 [ERROR] LogOutputStream:75 - [STDERR_REDIRECT] 
2025-11-28 09:54:13,583 [ERROR] LogOutputStream:75 - [STDERR_REDIRECT] [Fatal Error] :1:1: Premature end of file.
2025-11-28 09:54:13,583 [ERROR] LogOutputStream:75 - [STDERR_REDIRECT] 
2025-11-28 09:54:14,589 [ERROR] LogOutputStream:75 - [STDERR_REDIRECT] [Fatal Error] :1:1: Premature end of file.
2025-11-28 09:54:14,590 [ERROR] LogOutputStream:75 - [STDERR_REDIRECT] 
2025-11-28 09:54:15,603 [ERROR] LogOutputStream:75 - [STDERR_REDIRECT] [Fatal Error] :1:1: Premature end of file.
2025-11-28 09:54:15,603 [ERROR] LogOutputStream:75 - [STDERR_REDIRECT] 
2025-11-28 09:54:16,587 [ERROR] LogOutputStream:75 - [STDERR_REDIRECT] [Fatal Error] :1:1: Premature end of file.
2025-11-28 09:54:16,587 [ERROR] LogOutputStream:75 - [STDERR_REDIRECT] 
2025-11-28 09:54:17,581 [ERROR] LogOutputStream:75 - [STDERR_REDIRECT] [Fatal Error] :1:1: Premature end of file.
2025-11-28 09:54:17,581 [ERROR] LogOutputStream:75 - [STDERR_REDIRECT] 
2025-11-28 09:54:18,588 [ERROR] LogOutputStream:75 - [STDERR_REDIRECT] [Fatal Error] :1:1: Premature end of file.
2025-11-28 09:54:18,588 [ERROR] LogOutputStream:75 - [STDERR_REDIRECT] 
2025-11-28 09:54:19,590 [ERROR] LogOutputStream:75 - [STDERR_REDIRECT] [Fatal Error] :1:1: Premature end of file.
2025-11-28 09:54:19,590 [ERROR] LogOutputStream:75 - [STDERR_REDIRECT] 
2025-11-28 09:54:20,582 [ERROR] LogOutputStream:75 - [STDERR_REDIRECT] [Fatal Error] :1:1: Premature end of file.
2025-11-28 09:54:20,582 [ERROR] LogOutputStream:75 - [STDERR_REDIRECT] 
2025-11-28 09:54:21,584 [ERROR] LogOutputStream:75 - [STDERR_REDIRECT] [Fatal Error] :1:1: Premature end of file.
2025-11-28 09:54:21,584 [ERROR] LogOutputStream:75 - [STDERR_REDIRECT] 
2025-11-28 09:54:22,571 [ERROR] LogOutputStream:75 - [STDERR_REDIRECT] [Fatal Error] :1:1: Premature end of file.
2025-11-28 09:54:22,571 [ERROR] LogOutputStream:75 - [STDERR_REDIRECT] 
2025-11-28 09:54:23,569 [ERROR] LogOutputStream:75 - [STDERR_REDIRECT] [Fatal Error] :1:1: Premature end of file.
2025-11-28 09:54:23,570 [ERROR] LogOutputStream:75 - [STDERR_REDIRECT] 
2025-11-28 09:54:24,587 [ERROR] LogOutputStream:75 - [STDERR_REDIRECT] [Fatal Error] :1:1: Premature end of file.
2025-11-28 09:54:24,587 [ERROR] LogOutputStream:75 - [STDERR_REDIRECT] 
2025-11-28 09:54:25,584 [ERROR] LogOutputStream:75 - [STDERR_REDIRECT] [Fatal Error] :1:1: Premature end of file.
2025-11-28 09:54:25,584 [ERROR] LogOutputStream:75 - [STDERR_REDIRECT] 
2025-11-28 09:54:26,578 [ERROR] LogOutputStream:75 - [STDERR_REDIRECT] [Fatal Error] :1:1: Premature end of file.
2025-11-28 09:54:26,579 [ERROR] LogOutputStream:75 - [STDERR_REDIRECT] 
2025-11-28 09:54:27,578 [ERROR] LogOutputStream:75 - [STDERR_REDIRECT] [Fatal Error] :1:1: Premature end of file.
2025-11-28 09:54:27,578 [ERROR] LogOutputStream:75 - [STDERR_REDIRECT] 
2025-11-28 09:54:28,574 [ERROR] LogOutputStream:75 - [STDERR_REDIRECT] [Fatal Error] :1:1: Premature end of file.
2025-11-28 09:54:28,574 [ERROR] LogOutputStream:75 - [STDERR_REDIRECT] 
2025-11-28 09:54:29,583 [ERROR] LogOutputStream:75 - [STDERR_REDIRECT] [Fatal Error] :1:1: Premature end of file.
2025-11-28 09:54:29,584 [ERROR] LogOutputStream:75 - [STDERR_REDIRECT] 
2025-11-28 09:54:30,578 [ERROR] LogOutputStream:75 - [STDERR_REDIRECT] [Fatal Error] :1:1: Premature end of file.
2025-11-28 09:54:30,578 [ERROR] LogOutputStream:75 - [STDERR_REDIRECT] 
2025-11-28 09:54:31,575 [ERROR] LogOutputStream:75 - [STDERR_REDIRECT] [Fatal Error] :1:1: Premature end of file.
2025-11-28 09:54:31,575 [ERROR] LogOutputStream:75 - [STDERR_REDIRECT] 
2025-11-28 09:54:32,582 [ERROR] LogOutputStream:75 - [STDERR_REDIRECT] [Fatal Error] :1:1: Premature end of file.
2025-11-28 09:54:32,582 [ERROR] LogOutputStream:75 - [STDERR_REDIRECT] 
2025-11-28 09:54:33,578 [ERROR] LogOutputStream:75 - [STDERR_REDIRECT] [Fatal Error] :1:1: Premature end of file.
2025-11-28 09:54:33,578 [ERROR] LogOutputStream:75 - [STDERR_REDIRECT] 
2025-11-28 09:54:34,589 [ERROR] LogOutputStream:75 - [STDERR_REDIRECT] [Fatal Error] :1:1: Premature end of file.
2025-11-28 09:54:34,589 [ERROR] LogOutputStream:75 - [STDERR_REDIRECT] 
2025-11-28 09:54:35,584 [ERROR] LogOutputStream:75 - [STDERR_REDIRECT] [Fatal Error] :1:1: Premature end of file.
2025-11-28 09:54:35,584 [ERROR] LogOutputStream:75 - [STDERR_REDIRECT] 
2025-11-28 09:54:36,576 [ERROR] LogOutputStream:75 - [STDERR_REDIRECT] [Fatal Error] :1:1: Premature end of file.
2025-11-28 09:54:36,576 [ERROR] LogOutputStream:75 - [STDERR_REDIRECT] 
2025-11-28 09:54:37,594 [ERROR] LogOutputStream:75 - [STDERR_REDIRECT] [Fatal Error] :1:1: Premature end of file.
2025-11-28 09:54:37,594 [ERROR] LogOutputStream:75 - [STDERR_REDIRECT] 
2025-11-28 09:54:38,571 [ERROR] LogOutputStream:75 - [STDERR_REDIRECT] [Fatal Error] :1:1: Premature end of file.
2025-11-28 09:54:38,571 [ERROR] LogOutputStream:75 - [STDERR_REDIRECT] 
2025-11-28 09:54:39,584 [ERROR] LogOutputStream:75 - [STDERR_REDIRECT] [Fatal Error] :1:1: Premature end of file.
2025-11-28 09:54:39,584 [ERROR] LogOutputStream:75 - [STDERR_REDIRECT] 
2025-11-28 09:54:40,582 [ERROR] LogOutputStream:75 - [STDERR_REDIRECT] [Fatal Error] :1:1: Premature end of file.
2025-11-28 09:54:40,583 [ERROR] LogOutputStream:75 - [STDERR_REDIRECT] 
2025-11-28 09:54:41,585 [ERROR] LogOutputStream:75 - [STDERR_REDIRECT] [Fatal Error] :1:1: Premature end of file.
2025-11-28 09:54:41,585 [ERROR] LogOutputStream:75 - [STDERR_REDIRECT] 
2025-11-28 09:54:42,580 [ERROR] LogOutputStream:75 - [STDERR_REDIRECT] [Fatal Error] :1:1: Premature end of file.
2025-11-28 09:54:42,580 [ERROR] LogOutputStream:75 - [STDERR_REDIRECT] 
2025-11-28 09:54:43,586 [ERROR] LogOutputStream:75 - [STDERR_REDIRECT] [Fatal Error] :1:1: Premature end of file.
2025-11-28 09:54:43,586 [ERROR] LogOutputStream:75 - [STDERR_REDIRECT] 
2025-11-28 09:54:44,594 [ERROR] LogOutputStream:75 - [STDERR_REDIRECT] [Fatal Error] :1:1: Premature end of file.
2025-11-28 09:54:44,594 [ERROR] LogOutputStream:75 - [STDERR_REDIRECT] 
2025-11-28 09:54:45,596 [ERROR] LogOutputStream:75 - [STDERR_REDIRECT] [Fatal Error] :1:1: Premature end of file.
2025-11-28 09:54:45,596 [ERROR] LogOutputStream:75 - [STDERR_REDIRECT] 
2025-11-28 09:54:46,582 [ERROR] LogOutputStream:75 - [STDERR_REDIRECT] [Fatal Error] :1:1: Premature end of file.
2025-11-28 09:54:46,582 [ERROR] LogOutputStream:75 - [STDERR_REDIRECT] 
2025-11-28 09:54:47,583 [ERROR] LogOutputStream:75 - [STDERR_REDIRECT] [Fatal Error] :1:1: Premature end of file.
2025-11-28 09:54:47,583 [ERROR] LogOutputStream:75 - [STDERR_REDIRECT] 
2025-11-28 09:54:48,599 [ERROR] LogOutputStream:75 - [STDERR_REDIRECT] [Fatal Error] :1:1: Premature end of file.
2025-11-28 09:54:48,599 [ERROR] LogOutputStream:75 - [STDERR_REDIRECT] 
2025-11-28 09:54:49,583 [ERROR] LogOutputStream:75 - [STDERR_REDIRECT] [Fatal Error] :1:1: Premature end of file.
2025-11-28 09:54:49,583 [ERROR] LogOutputStream:75 - [STDERR_REDIRECT] 
2025-11-28 09:54:50,581 [ERROR] LogOutputStream:75 - [STDERR_REDIRECT] [Fatal Error] :1:1: Premature end of file.
2025-11-28 09:54:50,581 [ERROR] LogOutputStream:75 - [STDERR_REDIRECT] 
2025-11-28 09:54:51,575 [ERROR] LogOutputStream:75 - [STDERR_REDIRECT] [Fatal Error] :1:1: Premature end of file.
2025-11-28 09:54:51,575 [ERROR] LogOutputStream:75 - [STDERR_REDIRECT] 
2025-11-28 09:54:52,584 [ERROR] LogOutputStream:75 - [STDERR_REDIRECT] [Fatal Error] :1:1: Premature end of file.
2025-11-28 09:54:52,584 [ERROR] LogOutputStream:75 - [STDERR_REDIRECT] 
2025-11-28 09:54:53,583 [ERROR] LogOutputStream:75 - [STDERR_REDIRECT] [Fatal Error] :1:1: Premature end of file.
2025-11-28 09:54:53,583 [ERROR] LogOutputStream:75 - [STDERR_REDIRECT] 
2025-11-28 09:54:54,579 [ERROR] LogOutputStream:75 - [STDERR_REDIRECT] [Fatal Error] :1:1: Premature end of file.
2025-11-28 09:54:54,579 [ERROR] LogOutputStream:75 - [STDERR_REDIRECT] 
2025-11-28 09:54:55,572 [ERROR] LogOutputStream:75 - [STDERR_REDIRECT] [Fatal Error] :1:1: Premature end of file.
2025-11-28 09:54:55,573 [ERROR] LogOutputStream:75 - [STDERR_REDIRECT] 
2025-11-28 09:54:56,590 [ERROR] LogOutputStream:75 - [STDERR_REDIRECT] [Fatal Error] :1:1: Premature end of file.
2025-11-28 09:54:56,590 [ERROR] LogOutputStream:75 - [STDERR_REDIRECT] 
2025-11-28 09:54:57,578 [ERROR] LogOutputStream:75 - [STDERR_REDIRECT] [Fatal Error] :1:1: Premature end of file.
2025-11-28 09:54:57,578 [ERROR] LogOutputStream:75 - [STDERR_REDIRECT] 
2025-11-28 09:54:58,586 [ERROR] LogOutputStream:75 - [STDERR_REDIRECT] [Fatal Error] :1:1: Premature end of file.
2025-11-28 09:54:58,587 [ERROR] LogOutputStream:75 - [STDERR_REDIRECT] 
2025-11-28 09:54:59,575 [ERROR] LogOutputStream:75 - [STDERR_REDIRECT] [Fatal Error] :1:1: Premature end of file.
2025-11-28 09:54:59,576 [ERROR] LogOutputStream:75 - [STDERR_REDIRECT] 
2025-11-28 09:55:00,582 [ERROR] LogOutputStream:75 - [STDERR_REDIRECT] [Fatal Error] :1:1: Premature end of file.
2025-11-28 09:55:00,582 [ERROR] LogOutputStream:75 - [STDERR_REDIRECT] 
2025-11-28 09:55:01,585 [ERROR] LogOutputStream:75 - [STDERR_REDIRECT] [Fatal Error] :1:1: Premature end of file.
2025-11-28 09:55:01,585 [ERROR] LogOutputStream:75 - [STDERR_REDIRECT] 
2025-11-28 09:55:02,582 [ERROR] LogOutputStream:75 - [STDERR_REDIRECT] [Fatal Error] :1:1: Premature end of file.
2025-11-28 09:55:02,582 [ERROR] LogOutputStream:75 - [STDERR_REDIRECT] 
2025-11-28 09:55:03,586 [ERROR] LogOutputStream:75 - [STDERR_REDIRECT] [Fatal Error] :1:1: Premature end of file.
2025-11-28 09:55:03,587 [ERROR] LogOutputStream:75 - [STDERR_REDIRECT] 
2025-11-28 09:55:04,589 [ERROR] LogOutputStream:75 - [STDERR_REDIRECT] [Fatal Error] :1:1: Premature end of file.
2025-11-28 09:55:04,589 [ERROR] LogOutputStream:75 - [STDERR_REDIRECT] 
2025-11-28 09:55:05,582 [ERROR] LogOutputStream:75 - [STDERR_REDIRECT] [Fatal Error] :1:1: Premature end of file.
2025-11-28 09:55:05,582 [ERROR] LogOutputStream:75 - [STDERR_REDIRECT] 
2025-11-28 09:55:06,587 [ERROR] LogOutputStream:75 - [STDERR_REDIRECT] [Fatal Error] :1:1: Premature end of file.
2025-11-28 09:55:06,587 [ERROR] LogOutputStream:75 - [STDERR_REDIRECT] 
2025-11-28 09:55:07,585 [ERROR] LogOutputStream:75 - [STDERR_REDIRECT] [Fatal Error] :1:1: Premature end of file.
2025-11-28 09:55:07,585 [ERROR] LogOutputStream:75 - [STDERR_REDIRECT] 
2025-11-28 09:55:08,579 [ERROR] LogOutputStream:75 - [STDERR_REDIRECT] [Fatal Error] :1:1: Premature end of file.
2025-11-28 09:55:08,580 [ERROR] LogOutputStream:75 - [STDERR_REDIRECT] 
2025-11-28 09:55:09,578 [ERROR] LogOutputStream:75 - [STDERR_REDIRECT] [Fatal Error] :1:1: Premature end of file.
2025-11-28 09:55:09,578 [ERROR] LogOutputStream:75 - [STDERR_REDIRECT] 
2025-11-28 09:55:10,575 [ERROR] LogOutputStream:75 - [STDERR_REDIRECT] [Fatal Error] :1:1: Premature end of file.
2025-11-28 09:55:10,576 [ERROR] LogOutputStream:75 - [STDERR_REDIRECT] 
2025-11-28 09:55:11,591 [ERROR] LogOutputStream:75 - [STDERR_REDIRECT] [Fatal Error] :1:1: Premature end of file.
2025-11-28 09:55:11,592 [ERROR] LogOutputStream:75 - [STDERR_REDIRECT] 
2025-11-28 09:55:12,578 [ERROR] LogOutputStream:75 - [STDERR_REDIRECT] [Fatal Error] :1:1: Premature end of file.
2025-11-28 09:55:12,578 [ERROR] LogOutputStream:75 - [STDERR_REDIRECT] 
2025-11-28 09:55:13,587 [ERROR] LogOutputStream:75 - [STDERR_REDIRECT] [Fatal Error] :1:1: Premature end of file.
2025-11-28 09:55:13,587 [ERROR] LogOutputStream:75 - [STDERR_REDIRECT] 
2025-11-28 09:55:14,571 [ERROR] LogOutputStream:75 - [STDERR_REDIRECT] [Fatal Error] :1:1: Premature end of file.
2025-11-28 09:55:14,571 [ERROR] LogOutputStream:75 - [STDERR_REDIRECT] 
2025-11-28 09:55:15,591 [ERROR] LogOutputStream:75 - [STDERR_REDIRECT] [Fatal Error] :1:1: Premature end of file.
2025-11-28 09:55:15,591 [ERROR] LogOutputStream:75 - [STDERR_REDIRECT] 
2025-11-28 09:55:16,586 [ERROR] LogOutputStream:75 - [STDERR_REDIRECT] [Fatal Error] :1:1: Premature end of file.
2025-11-28 09:55:16,586 [ERROR] LogOutputStream:75 - [STDERR_REDIRECT] 
2025-11-28 09:55:17,581 [ERROR] LogOutputStream:75 - [STDERR_REDIRECT] [Fatal Error] :1:1: Premature end of file.
2025-11-28 09:55:17,581 [ERROR] LogOutputStream:75 - [STDERR_REDIRECT] 
2025-11-28 09:55:18,578 [ERROR] LogOutputStream:75 - [STDERR_REDIRECT] [Fatal Error] :1:1: Premature end of file.
2025-11-28 09:55:18,578 [ERROR] LogOutputStream:75 - [STDERR_REDIRECT] 
2025-11-28 09:55:19,591 [ERROR] LogOutputStream:75 - [STDERR_REDIRECT] [Fatal Error] :1:1: Premature end of file.
2025-11-28 09:55:19,591 [ERROR] LogOutputStream:75 - [STDERR_REDIRECT] 
2025-11-28 09:55:20,577 [ERROR] LogOutputStream:75 - [STDERR_REDIRECT] [Fatal Error] :1:1: Premature end of file.
2025-11-28 09:55:20,577 [ERROR] LogOutputStream:75 - [STDERR_REDIRECT] 
2025-11-28 09:55:21,578 [ERROR] LogOutputStream:75 - [STDERR_REDIRECT] [Fatal Error] :1:1: Premature end of file.
2025-11-28 09:55:21,578 [ERROR] LogOutputStream:75 - [STDERR_REDIRECT] 
2025-11-28 09:55:22,584 [ERROR] LogOutputStream:75 - [STDERR_REDIRECT] [Fatal Error] :1:1: Premature end of file.
2025-11-28 09:55:22,585 [ERROR] LogOutputStream:75 - [STDERR_REDIRECT] 
2025-11-28 09:55:23,590 [ERROR] LogOutputStream:75 - [STDERR_REDIRECT] [Fatal Error] :1:1: Premature end of file.
2025-11-28 09:55:23,590 [ERROR] LogOutputStream:75 - [STDERR_REDIRECT] 
2025-11-28 09:55:24,577 [ERROR] LogOutputStream:75 - [STDERR_REDIRECT] [Fatal Error] :1:1: Premature end of file.
2025-11-28 09:55:24,577 [ERROR] LogOutputStream:75 - [STDERR_REDIRECT] 
2025-11-28 09:55:25,575 [ERROR] LogOutputStream:75 - [STDERR_REDIRECT] [Fatal Error] :1:1: Premature end of file.
2025-11-28 09:55:25,575 [ERROR] LogOutputStream:75 - [STDERR_REDIRECT] 
2025-11-28 09:55:26,572 [ERROR] LogOutputStream:75 - [STDERR_REDIRECT] [Fatal Error] :1:1: Premature end of file.
2025-11-28 09:55:26,572 [ERROR] LogOutputStream:75 - [STDERR_REDIRECT] 
2025-11-28 09:55:27,586 [ERROR] LogOutputStream:75 - [STDERR_REDIRECT] [Fatal Error] :1:1: Premature end of file.
2025-11-28 09:55:27,586 [ERROR] LogOutputStream:75 - [STDERR_REDIRECT] 
2025-11-28 09:55:28,569 [ERROR] LogOutputStream:75 - [STDERR_REDIRECT] [Fatal Error] :1:1: Premature end of file.
2025-11-28 09:55:28,570 [ERROR] LogOutputStream:75 - [STDERR_REDIRECT] 
2025-11-28 09:55:29,583 [ERROR] LogOutputStream:75 - [STDERR_REDIRECT] [Fatal Error] :1:1: Premature end of file.
2025-11-28 09:55:29,583 [ERROR] LogOutputStream:75 - [STDERR_REDIRECT] 
2025-11-28 09:55:30,577 [ERROR] LogOutputStream:75 - [STDERR_REDIRECT] [Fatal Error] :1:1: Premature end of file.
2025-11-28 09:55:30,577 [ERROR] LogOutputStream:75 - [STDERR_REDIRECT] 
2025-11-28 09:55:31,573 [ERROR] LogOutputStream:75 - [STDERR_REDIRECT] [Fatal Error] :1:1: Premature end of file.
2025-11-28 09:55:31,573 [ERROR] LogOutputStream:75 - [STDERR_REDIRECT] 
2025-11-28 09:55:32,581 [ERROR] LogOutputStream:75 - [STDERR_REDIRECT] [Fatal Error] :1:1: Premature end of file.
2025-11-28 09:55:32,581 [ERROR] LogOutputStream:75 - [STDERR_REDIRECT] 
2025-11-28 09:55:33,576 [ERROR] LogOutputStream:75 - [STDERR_REDIRECT] [Fatal Error] :1:1: Premature end of file.
2025-11-28 09:55:33,576 [ERROR] LogOutputStream:75 - [STDERR_REDIRECT] 
2025-11-28 09:55:34,580 [ERROR] LogOutputStream:75 - [STDERR_REDIRECT] [Fatal Error] :1:1: Premature end of file.
2025-11-28 09:55:34,580 [ERROR] LogOutputStream:75 - [STDERR_REDIRECT] 
2025-11-28 09:55:35,573 [ERROR] LogOutputStream:75 - [STDERR_REDIRECT] [Fatal Error] :1:1: Premature end of file.
2025-11-28 09:55:35,573 [ERROR] LogOutputStream:75 - [STDERR_REDIRECT] 
2025-11-28 09:55:36,585 [ERROR] LogOutputStream:75 - [STDERR_REDIRECT] [Fatal Error] :1:1: Premature end of file.
2025-11-28 09:55:36,585 [ERROR] LogOutputStream:75 - [STDERR_REDIRECT] 
2025-11-28 09:55:37,585 [ERROR] LogOutputStream:75 - [STDERR_REDIRECT] [Fatal Error] :1:1: Premature end of file.
2025-11-28 09:55:37,585 [ERROR] LogOutputStream:75 - [STDERR_REDIRECT] 
2025-11-28 09:55:38,590 [ERROR] LogOutputStream:75 - [STDERR_REDIRECT] [Fatal Error] :1:1: Premature end of file.
2025-11-28 09:55:38,590 [ERROR] LogOutputStream:75 - [STDERR_REDIRECT] 
2025-11-28 09:55:39,575 [ERROR] LogOutputStream:75 - [STDERR_REDIRECT] [Fatal Error] :1:1: Premature end of file.
2025-11-28 09:55:39,575 [ERROR] LogOutputStream:75 - [STDERR_REDIRECT] 
2025-11-28 09:55:40,589 [ERROR] LogOutputStream:75 - [STDERR_REDIRECT] [Fatal Error] :1:1: Premature end of file.
2025-11-28 09:55:40,589 [ERROR] LogOutputStream:75 - [STDERR_REDIRECT] 
2025-11-28 09:55:41,584 [ERROR] LogOutputStream:75 - [STDERR_REDIRECT] [Fatal Error] :1:1: Premature end of file.
2025-11-28 09:55:41,585 [ERROR] LogOutputStream:75 - [STDERR_REDIRECT] 
2025-11-28 09:55:42,586 [ERROR] LogOutputStream:75 - [STDERR_REDIRECT] [Fatal Error] :1:1: Premature end of file.
2025-11-28 09:55:42,586 [ERROR] LogOutputStream:75 - [STDERR_REDIRECT] 
2025-11-28 09:55:43,585 [ERROR] LogOutputStream:75 - [STDERR_REDIRECT] [Fatal Error] :1:1: Premature end of file.
2025-11-28 09:55:43,585 [ERROR] LogOutputStream:75 - [STDERR_REDIRECT] 
2025-11-28 09:55:44,581 [ERROR] LogOutputStream:75 - [STDERR_REDIRECT] [Fatal Error] :1:1: Premature end of file.
2025-11-28 09:55:44,581 [ERROR] LogOutputStream:75 - [STDERR_REDIRECT] 
2025-11-28 09:55:45,578 [ERROR] LogOutputStream:75 - [STDERR_REDIRECT] [Fatal Error] :1:1: Premature end of file.
2025-11-28 09:55:45,578 [ERROR] LogOutputStream:75 - [STDERR_REDIRECT] 
2025-11-28 09:55:46,582 [ERROR] LogOutputStream:75 - [STDERR_REDIRECT] [Fatal Error] :1:1: Premature end of file.
2025-11-28 09:55:46,582 [ERROR] LogOutputStream:75 - [STDERR_REDIRECT] 
2025-11-28 09:55:47,579 [ERROR] LogOutputStream:75 - [STDERR_REDIRECT] [Fatal Error] :1:1: Premature end of file.
2025-11-28 09:55:47,580 [ERROR] LogOutputStream:75 - [STDERR_REDIRECT] 
2025-11-28 09:55:48,578 [ERROR] LogOutputStream:75 - [STDERR_REDIRECT] [Fatal Error] :1:1: Premature end of file.
2025-11-28 09:55:48,578 [ERROR] LogOutputStream:75 - [STDERR_REDIRECT] 
2025-11-28 09:55:49,590 [ERROR] LogOutputStream:75 - [STDERR_REDIRECT] [Fatal Error] :1:1: Premature end of file.
2025-11-28 09:55:49,590 [ERROR] LogOutputStream:75 - [STDERR_REDIRECT] 
2025-11-28 09:55:50,582 [ERROR] LogOutputStream:75 - [STDERR_REDIRECT] [Fatal Error] :1:1: Premature end of file.
2025-11-28 09:55:50,582 [ERROR] LogOutputStream:75 - [STDERR_REDIRECT] 
2025-11-28 09:55:51,583 [ERROR] LogOutputStream:75 - [STDERR_REDIRECT] [Fatal Error] :1:1: Premature end of file.
2025-11-28 09:55:51,583 [ERROR] LogOutputStream:75 - [STDERR_REDIRECT] 
2025-11-28 09:55:52,585 [ERROR] LogOutputStream:75 - [STDERR_REDIRECT] [Fatal Error] :1:1: Premature end of file.
2025-11-28 09:55:52,585 [ERROR] LogOutputStream:75 - [STDERR_REDIRECT] 
2025-11-28 09:55:53,597 [ERROR] LogOutputStream:75 - [STDERR_REDIRECT] [Fatal Error] :1:1: Premature end of file.
2025-11-28 09:55:53,597 [ERROR] LogOutputStream:75 - [STDERR_REDIRECT] 
2025-11-28 09:55:54,576 [ERROR] LogOutputStream:75 - [STDERR_REDIRECT] [Fatal Error] :1:1: Premature end of file.
2025-11-28 09:55:54,576 [ERROR] LogOutputStream:75 - [STDERR_REDIRECT] 
2025-11-28 09:55:55,581 [ERROR] LogOutputStream:75 - [STDERR_REDIRECT] [Fatal Error] :1:1: Premature end of file.
2025-11-28 09:55:55,582 [ERROR] LogOutputStream:75 - [STDERR_REDIRECT] 
2025-11-28 09:55:56,585 [ERROR] LogOutputStream:75 - [STDERR_REDIRECT] [Fatal Error] :1:1: Premature end of file.
2025-11-28 09:55:56,585 [ERROR] LogOutputStream:75 - [STDERR_REDIRECT] 
2025-11-28 09:55:57,575 [ERROR] LogOutputStream:75 - [STDERR_REDIRECT] [Fatal Error] :1:1: Premature end of file.
2025-11-28 09:55:57,575 [ERROR] LogOutputStream:75 - [STDERR_REDIRECT] 
2025-11-28 09:55:58,571 [ERROR] LogOutputStream:75 - [STDERR_REDIRECT] [Fatal Error] :1:1: Premature end of file.
2025-11-28 09:55:58,571 [ERROR] LogOutputStream:75 - [STDERR_REDIRECT] 
2025-11-28 09:55:59,575 [ERROR] LogOutputStream:75 - [STDERR_REDIRECT] [Fatal Error] :1:1: Premature end of file.
2025-11-28 09:55:59,575 [ERROR] LogOutputStream:75 - [STDERR_REDIRECT] 
2025-11-28 09:56:00,579 [ERROR] LogOutputStream:75 - [STDERR_REDIRECT] [Fatal Error] :1:1: Premature end of file.
2025-11-28 09:56:00,579 [ERROR] LogOutputStream:75 - [STDERR_REDIRECT] 
2025-11-28 09:56:01,584 [ERROR] LogOutputStream:75 - [STDERR_REDIRECT] [Fatal Error] :1:1: Premature end of file.
2025-11-28 09:56:01,584 [ERROR] LogOutputStream:75 - [STDERR_REDIRECT] 
2025-11-28 09:56:02,583 [ERROR] LogOutputStream:75 - [STDERR_REDIRECT] [Fatal Error] :1:1: Premature end of file.
2025-11-28 09:56:02,583 [ERROR] LogOutputStream:75 - [STDERR_REDIRECT] 
2025-11-28 09:56:03,591 [ERROR] LogOutputStream:75 - [STDERR_REDIRECT] [Fatal Error] :1:1: Premature end of file.
2025-11-28 09:56:03,591 [ERROR] LogOutputStream:75 - [STDERR_REDIRECT] 
2025-11-28 09:56:04,592 [ERROR] LogOutputStream:75 - [STDERR_REDIRECT] [Fatal Error] :1:1: Premature end of file.
2025-11-28 09:56:04,592 [ERROR] LogOutputStream:75 - [STDERR_REDIRECT] 
2025-11-28 09:56:05,592 [ERROR] LogOutputStream:75 - [STDERR_REDIRECT] [Fatal Error] :1:1: Premature end of file.
2025-11-28 09:56:05,592 [ERROR] LogOutputStream:75 - [STDERR_REDIRECT] 
2025-11-28 09:56:06,579 [ERROR] LogOutputStream:75 - [STDERR_REDIRECT] [Fatal Error] :1:1: Premature end of file.
2025-11-28 09:56:06,579 [ERROR] LogOutputStream:75 - [STDERR_REDIRECT] 
2025-11-28 09:56:07,586 [ERROR] LogOutputStream:75 - [STDERR_REDIRECT] [Fatal Error] :1:1: Premature end of file.
2025-11-28 09:56:07,586 [ERROR] LogOutputStream:75 - [STDERR_REDIRECT] 
2025-11-28 09:56:08,586 [ERROR] LogOutputStream:75 - [STDERR_REDIRECT] [Fatal Error] :1:1: Premature end of file.
2025-11-28 09:56:08,586 [ERROR] LogOutputStream:75 - [STDERR_REDIRECT] 
2025-11-28 09:56:09,575 [ERROR] LogOutputStream:75 - [STDERR_REDIRECT] [Fatal Error] :1:1: Premature end of file.
2025-11-28 09:56:09,575 [ERROR] LogOutputStream:75 - [STDERR_REDIRECT] 
2025-11-28 09:56:10,583 [ERROR] LogOutputStream:75 - [STDERR_REDIRECT] [Fatal Error] :1:1: Premature end of file.
2025-11-28 09:56:10,583 [ERROR] LogOutputStream:75 - [STDERR_REDIRECT] 
2025-11-28 09:56:11,581 [ERROR] LogOutputStream:75 - [STDERR_REDIRECT] [Fatal Error] :1:1: Premature end of file.
2025-11-28 09:56:11,581 [ERROR] LogOutputStream:75 - [STDERR_REDIRECT] 
2025-11-28 09:56:12,578 [ERROR] LogOutputStream:75 - [STDERR_REDIRECT] [Fatal Error] :1:1: Premature end of file.
2025-11-28 09:56:12,579 [ERROR] LogOutputStream:75 - [STDERR_REDIRECT] 
2025-11-28 09:56:13,570 [ERROR] LogOutputStream:75 - [STDERR_REDIRECT] [Fatal Error] :1:1: Premature end of file.
2025-11-28 09:56:13,570 [ERROR] LogOutputStream:75 - [STDERR_REDIRECT] 
2025-11-28 09:56:14,580 [ERROR] LogOutputStream:75 - [STDERR_REDIRECT] [Fatal Error] :1:1: Premature end of file.
2025-11-28 09:56:14,580 [ERROR] LogOutputStream:75 - [STDERR_REDIRECT] 
2025-11-28 09:56:15,576 [ERROR] LogOutputStream:75 - [STDERR_REDIRECT] [Fatal Error] :1:1: Premature end of file.
2025-11-28 09:56:15,576 [ERROR] LogOutputStream:75 - [STDERR_REDIRECT] 
2025-11-28 09:56:16,574 [ERROR] LogOutputStream:75 - [STDERR_REDIRECT] [Fatal Error] :1:1: Premature end of file.
2025-11-28 09:56:16,574 [ERROR] LogOutputStream:75 - [STDERR_REDIRECT] 
2025-11-28 09:56:17,584 [ERROR] LogOutputStream:75 - [STDERR_REDIRECT] [Fatal Error] :1:1: Premature end of file.
2025-11-28 09:56:17,584 [ERROR] LogOutputStream:75 - [STDERR_REDIRECT] 
2025-11-28 09:56:18,574 [ERROR] LogOutputStream:75 - [STDERR_REDIRECT] [Fatal Error] :1:1: Premature end of file.
2025-11-28 09:56:18,574 [ERROR] LogOutputStream:75 - [STDERR_REDIRECT] 
2025-11-28 09:56:19,584 [ERROR] LogOutputStream:75 - [STDERR_REDIRECT] [Fatal Error] :1:1: Premature end of file.
2025-11-28 09:56:19,584 [ERROR] LogOutputStream:75 - [STDERR_REDIRECT] 
2025-11-28 09:56:20,574 [ERROR] LogOutputStream:75 - [STDERR_REDIRECT] [Fatal Error] :1:1: Premature end of file.
2025-11-28 09:56:20,574 [ERROR] LogOutputStream:75 - [STDERR_REDIRECT] 
2025-11-28 09:56:21,576 [ERROR] LogOutputStream:75 - [STDERR_REDIRECT] [Fatal Error] :1:1: Premature end of file.
2025-11-28 09:56:21,576 [ERROR] LogOutputStream:75 - [STDERR_REDIRECT] 
2025-11-28 09:56:22,574 [ERROR] LogOutputStream:75 - [STDERR_REDIRECT] [Fatal Error] :1:1: Premature end of file.
2025-11-28 09:56:22,574 [ERROR] LogOutputStream:75 - [STDERR_REDIRECT] 
2025-11-28 09:56:23,583 [ERROR] LogOutputStream:75 - [STDERR_REDIRECT] [Fatal Error] :1:1: Premature end of file.
2025-11-28 09:56:23,583 [ERROR] LogOutputStream:75 - [STDERR_REDIRECT] 
2025-11-28 09:56:24,576 [ERROR] LogOutputStream:75 - [STDERR_REDIRECT] [Fatal Error] :1:1: Premature end of file.
2025-11-28 09:56:24,576 [ERROR] LogOutputStream:75 - [STDERR_REDIRECT] 
2025-11-28 09:56:25,571 [ERROR] LogOutputStream:75 - [STDERR_REDIRECT] [Fatal Error] :1:1: Premature end of file.
2025-11-28 09:56:25,571 [ERROR] LogOutputStream:75 - [STDERR_REDIRECT] 
2025-11-28 09:56:26,581 [ERROR] LogOutputStream:75 - [STDERR_REDIRECT] [Fatal Error] :1:1: Premature end of file.
2025-11-28 09:56:26,581 [ERROR] LogOutputStream:75 - [STDERR_REDIRECT] 
2025-11-28 09:56:27,580 [ERROR] LogOutputStream:75 - [STDERR_REDIRECT] [Fatal Error] :1:1: Premature end of file.
2025-11-28 09:56:27,580 [ERROR] LogOutputStream:75 - [STDERR_REDIRECT] 
2025-11-28 09:56:28,571 [ERROR] LogOutputStream:75 - [STDERR_REDIRECT] [Fatal Error] :1:1: Premature end of file.
2025-11-28 09:56:28,571 [ERROR] LogOutputStream:75 - [STDERR_REDIRECT] 
2025-11-28 09:56:29,584 [ERROR] LogOutputStream:75 - [STDERR_REDIRECT] [Fatal Error] :1:1: Premature end of file.
2025-11-28 09:56:29,584 [ERROR] LogOutputStream:75 - [STDERR_REDIRECT] 
2025-11-28 09:56:30,589 [ERROR] LogOutputStream:75 - [STDERR_REDIRECT] [Fatal Error] :1:1: Premature end of file.
2025-11-28 09:56:30,589 [ERROR] LogOutputStream:75 - [STDERR_REDIRECT] 
2025-11-28 09:56:31,583 [ERROR] LogOutputStream:75 - [STDERR_REDIRECT] [Fatal Error] :1:1: Premature end of file.
2025-11-28 09:56:31,583 [ERROR] LogOutputStream:75 - [STDERR_REDIRECT] 
2025-11-28 09:56:32,578 [ERROR] LogOutputStream:75 - [STDERR_REDIRECT] [Fatal Error] :1:1: Premature end of file.
2025-11-28 09:56:32,579 [ERROR] LogOutputStream:75 - [STDERR_REDIRECT] 
2025-11-28 09:56:33,577 [ERROR] LogOutputStream:75 - [STDERR_REDIRECT] [Fatal Error] :1:1: Premature end of file.
2025-11-28 09:56:33,577 [ERROR] LogOutputStream:75 - [STDERR_REDIRECT] 
2025-11-28 09:56:34,589 [ERROR] LogOutputStream:75 - [STDERR_REDIRECT] [Fatal Error] :1:1: Premature end of file.
2025-11-28 09:56:34,589 [ERROR] LogOutputStream:75 - [STDERR_REDIRECT] 
2025-11-28 09:56:35,572 [ERROR] LogOutputStream:75 - [STDERR_REDIRECT] [Fatal Error] :1:1: Premature end of file.
2025-11-28 09:56:35,572 [ERROR] LogOutputStream:75 - [STDERR_REDIRECT] 
2025-11-28 09:56:36,571 [ERROR] LogOutputStream:75 - [STDERR_REDIRECT] [Fatal Error] :1:1: Premature end of file.
2025-11-28 09:56:36,572 [ERROR] LogOutputStream:75 - [STDERR_REDIRECT] 
2025-11-28 09:56:37,580 [ERROR] LogOutputStream:75 - [STDERR_REDIRECT] [Fatal Error] :1:1: Premature end of file.
2025-11-28 09:56:37,580 [ERROR] LogOutputStream:75 - [STDERR_REDIRECT] 
2025-11-28 09:56:38,576 [ERROR] LogOutputStream:75 - [STDERR_REDIRECT] [Fatal Error] :1:1: Premature end of file.
2025-11-28 09:56:38,576 [ERROR] LogOutputStream:75 - [STDERR_REDIRECT] 
2025-11-28 09:56:39,578 [ERROR] LogOutputStream:75 - [STDERR_REDIRECT] [Fatal Error] :1:1: Premature end of file.
2025-11-28 09:56:39,578 [ERROR] LogOutputStream:75 - [STDERR_REDIRECT] 
2025-11-28 09:56:40,584 [ERROR] LogOutputStream:75 - [STDERR_REDIRECT] [Fatal Error] :1:1: Premature end of file.
2025-11-28 09:56:40,584 [ERROR] LogOutputStream:75 - [STDERR_REDIRECT] 
2025-11-28 09:56:41,582 [ERROR] LogOutputStream:75 - [STDERR_REDIRECT] [Fatal Error] :1:1: Premature end of file.
2025-11-28 09:56:41,582 [ERROR] LogOutputStream:75 - [STDERR_REDIRECT] 
2025-11-28 09:56:42,581 [ERROR] LogOutputStream:75 - [STDERR_REDIRECT] [Fatal Error] :1:1: Premature end of file.
2025-11-28 09:56:42,581 [ERROR] LogOutputStream:75 - [STDERR_REDIRECT] 
2025-11-28 09:56:43,581 [ERROR] LogOutputStream:75 - [STDERR_REDIRECT] [Fatal Error] :1:1: Premature end of file.
2025-11-28 09:56:43,581 [ERROR] LogOutputStream:75 - [STDERR_REDIRECT] 
2025-11-28 09:56:44,575 [ERROR] LogOutputStream:75 - [STDERR_REDIRECT] [Fatal Error] :1:1: Premature end of file.
2025-11-28 09:56:44,575 [ERROR] LogOutputStream:75 - [STDERR_REDIRECT] 
2025-11-28 09:56:45,581 [ERROR] LogOutputStream:75 - [STDERR_REDIRECT] [Fatal Error] :1:1: Premature end of file.
2025-11-28 09:56:45,581 [ERROR] LogOutputStream:75 - [STDERR_REDIRECT] 
2025-11-28 09:56:46,571 [ERROR] LogOutputStream:75 - [STDERR_REDIRECT] [Fatal Error] :1:1: Premature end of file.
2025-11-28 09:56:46,571 [ERROR] LogOutputStream:75 - [STDERR_REDIRECT] 
2025-11-28 09:56:47,574 [ERROR] LogOutputStream:75 - [STDERR_REDIRECT] [Fatal Error] :1:1: Premature end of file.
2025-11-28 09:56:47,574 [ERROR] LogOutputStream:75 - [STDERR_REDIRECT] 
2025-11-28 09:56:48,591 [ERROR] LogOutputStream:75 - [STDERR_REDIRECT] [Fatal Error] :1:1: Premature end of file.
2025-11-28 09:56:48,592 [ERROR] LogOutputStream:75 - [STDERR_REDIRECT] 
2025-11-28 09:56:49,594 [ERROR] LogOutputStream:75 - [STDERR_REDIRECT] [Fatal Error] :1:1: Premature end of file.
2025-11-28 09:56:49,594 [ERROR] LogOutputStream:75 - [STDERR_REDIRECT] 
2025-11-28 09:56:50,571 [ERROR] LogOutputStream:75 - [STDERR_REDIRECT] [Fatal Error] :1:1: Premature end of file.
2025-11-28 09:56:50,571 [ERROR] LogOutputStream:75 - [STDERR_REDIRECT] 
2025-11-28 09:56:51,578 [ERROR] LogOutputStream:75 - [STDERR_REDIRECT] [Fatal Error] :1:1: Premature end of file.
2025-11-28 09:56:51,578 [ERROR] LogOutputStream:75 - [STDERR_REDIRECT] 
2025-11-28 09:56:52,578 [ERROR] LogOutputStream:75 - [STDERR_REDIRECT] [Fatal Error] :1:1: Premature end of file.
2025-11-28 09:56:52,578 [ERROR] LogOutputStream:75 - [STDERR_REDIRECT] 
2025-11-28 09:56:53,601 [ERROR] LogOutputStream:75 - [STDERR_REDIRECT] [Fatal Error] :1:1: Premature end of file.
2025-11-28 09:56:53,602 [ERROR] LogOutputStream:75 - [STDERR_REDIRECT] 
2025-11-28 09:56:54,576 [ERROR] LogOutputStream:75 - [STDERR_REDIRECT] [Fatal Error] :1:1: Premature end of file.
2025-11-28 09:56:54,576 [ERROR] LogOutputStream:75 - [STDERR_REDIRECT] 
2025-11-28 09:56:55,578 [ERROR] LogOutputStream:75 - [STDERR_REDIRECT] [Fatal Error] :1:1: Premature end of file.
2025-11-28 09:56:55,578 [ERROR] LogOutputStream:75 - [STDERR_REDIRECT] 
2025-11-28 09:56:56,590 [ERROR] LogOutputStream:75 - [STDERR_REDIRECT] [Fatal Error] :1:1: Premature end of file.
2025-11-28 09:56:56,590 [ERROR] LogOutputStream:75 - [STDERR_REDIRECT] 
2025-11-28 09:56:57,594 [ERROR] LogOutputStream:75 - [STDERR_REDIRECT] [Fatal Error] :1:1: Premature end of file.
2025-11-28 09:56:57,594 [ERROR] LogOutputStream:75 - [STDERR_REDIRECT] 
2025-11-28 09:56:58,572 [ERROR] LogOutputStream:75 - [STDERR_REDIRECT] [Fatal Error] :1:1: Premature end of file.
2025-11-28 09:56:58,572 [ERROR] LogOutputStream:75 - [STDERR_REDIRECT] 
2025-11-28 09:56:59,589 [ERROR] LogOutputStream:75 - [STDERR_REDIRECT] [Fatal Error] :1:1: Premature end of file.
2025-11-28 09:56:59,589 [ERROR] LogOutputStream:75 - [STDERR_REDIRECT] 
2025-11-28 09:57:00,582 [ERROR] LogOutputStream:75 - [STDERR_REDIRECT] [Fatal Error] :1:1: Premature end of file.
2025-11-28 09:57:00,582 [ERROR] LogOutputStream:75 - [STDERR_REDIRECT] 
2025-11-28 09:57:01,584 [ERROR] LogOutputStream:75 - [STDERR_REDIRECT] [Fatal Error] :1:1: Premature end of file.
2025-11-28 09:57:01,585 [ERROR] LogOutputStream:75 - [STDERR_REDIRECT] 
2025-11-28 09:57:02,584 [ERROR] LogOutputStream:75 - [STDERR_REDIRECT] [Fatal Error] :1:1: Premature end of file.
2025-11-28 09:57:02,584 [ERROR] LogOutputStream:75 - [STDERR_REDIRECT] 
2025-11-28 09:57:03,585 [ERROR] LogOutputStream:75 - [STDERR_REDIRECT] [Fatal Error] :1:1: Premature end of file.
2025-11-28 09:57:03,586 [ERROR] LogOutputStream:75 - [STDERR_REDIRECT] 
2025-11-28 09:57:04,582 [ERROR] LogOutputStream:75 - [STDERR_REDIRECT] [Fatal Error] :1:1: Premature end of file.
2025-11-28 09:57:04,582 [ERROR] LogOutputStream:75 - [STDERR_REDIRECT] 
2025-11-28 09:57:05,578 [ERROR] LogOutputStream:75 - [STDERR_REDIRECT] [Fatal Error] :1:1: Premature end of file.
2025-11-28 09:57:05,578 [ERROR] LogOutputStream:75 - [STDERR_REDIRECT] 
2025-11-28 09:57:06,577 [ERROR] LogOutputStream:75 - [STDERR_REDIRECT] [Fatal Error] :1:1: Premature end of file.
2025-11-28 09:57:06,577 [ERROR] LogOutputStream:75 - [STDERR_REDIRECT] 
2025-11-28 09:57:07,587 [ERROR] LogOutputStream:75 - [STDERR_REDIRECT] [Fatal Error] :1:1: Premature end of file.
2025-11-28 09:57:07,587 [ERROR] LogOutputStream:75 - [STDERR_REDIRECT] 
2025-11-28 09:57:08,598 [ERROR] LogOutputStream:75 - [STDERR_REDIRECT] [Fatal Error] :1:1: Premature end of file.
2025-11-28 09:57:08,598 [ERROR] LogOutputStream:75 - [STDERR_REDIRECT] 
2025-11-28 09:57:09,584 [ERROR] LogOutputStream:75 - [STDERR_REDIRECT] [Fatal Error] :1:1: Premature end of file.
2025-11-28 09:57:09,585 [ERROR] LogOutputStream:75 - [STDERR_REDIRECT] 
2025-11-28 09:57:10,583 [ERROR] LogOutputStream:75 - [STDERR_REDIRECT] [Fatal Error] :1:1: Premature end of file.
2025-11-28 09:57:10,583 [ERROR] LogOutputStream:75 - [STDERR_REDIRECT] 
2025-11-28 09:57:11,585 [ERROR] LogOutputStream:75 - [STDERR_REDIRECT] [Fatal Error] :1:1: Premature end of file.
2025-11-28 09:57:11,585 [ERROR] LogOutputStream:75 - [STDERR_REDIRECT] 
2025-11-28 09:57:12,579 [ERROR] LogOutputStream:75 - [STDERR_REDIRECT] [Fatal Error] :1:1: Premature end of file.
2025-11-28 09:57:12,579 [ERROR] LogOutputStream:75 - [STDERR_REDIRECT] 
2025-11-28 09:57:13,574 [ERROR] LogOutputStream:75 - [STDERR_REDIRECT] [Fatal Error] :1:1: Premature end of file.
2025-11-28 09:57:13,574 [ERROR] LogOutputStream:75 - [STDERR_REDIRECT] 
2025-11-28 09:57:14,580 [ERROR] LogOutputStream:75 - [STDERR_REDIRECT] [Fatal Error] :1:1: Premature end of file.
2025-11-28 09:57:14,580 [ERROR] LogOutputStream:75 - [STDERR_REDIRECT] 
2025-11-28 09:57:15,572 [ERROR] LogOutputStream:75 - [STDERR_REDIRECT] [Fatal Error] :1:1: Premature end of file.
2025-11-28 09:57:15,572 [ERROR] LogOutputStream:75 - [STDERR_REDIRECT] 
2025-11-28 09:57:16,571 [ERROR] LogOutputStream:75 - [STDERR_REDIRECT] [Fatal Error] :1:1: Premature end of file.
2025-11-28 09:57:16,571 [ERROR] LogOutputStream:75 - [STDERR_REDIRECT] 
2025-11-28 09:57:17,573 [ERROR] LogOutputStream:75 - [STDERR_REDIRECT] [Fatal Error] :1:1: Premature end of file.
2025-11-28 09:57:17,573 [ERROR] LogOutputStream:75 - [STDERR_REDIRECT] 
2025-11-28 09:57:18,573 [ERROR] LogOutputStream:75 - [STDERR_REDIRECT] [Fatal Error] :1:1: Premature end of file.
2025-11-28 09:57:18,573 [ERROR] LogOutputStream:75 - [STDERR_REDIRECT] 
2025-11-28 09:57:19,592 [ERROR] LogOutputStream:75 - [STDERR_REDIRECT] [Fatal Error] :1:1: Premature end of file.
2025-11-28 09:57:19,592 [ERROR] LogOutputStream:75 - [STDERR_REDIRECT] 
2025-11-28 09:57:20,581 [ERROR] LogOutputStream:75 - [STDERR_REDIRECT] [Fatal Error] :1:1: Premature end of file.
2025-11-28 09:57:20,581 [ERROR] LogOutputStream:75 - [STDERR_REDIRECT] 
2025-11-28 09:57:21,577 [ERROR] LogOutputStream:75 - [STDERR_REDIRECT] [Fatal Error] :1:1: Premature end of file.
2025-11-28 09:57:21,577 [ERROR] LogOutputStream:75 - [STDERR_REDIRECT] 
2025-11-28 09:57:22,583 [ERROR] LogOutputStream:75 - [STDERR_REDIRECT] [Fatal Error] :1:1: Premature end of file.
2025-11-28 09:57:22,583 [ERROR] LogOutputStream:75 - [STDERR_REDIRECT] 
2025-11-28 09:57:23,583 [ERROR] LogOutputStream:75 - [STDERR_REDIRECT] [Fatal Error] :1:1: Premature end of file.
2025-11-28 09:57:23,583 [ERROR] LogOutputStream:75 - [STDERR_REDIRECT] 
2025-11-28 09:57:24,587 [ERROR] LogOutputStream:75 - [STDERR_REDIRECT] [Fatal Error] :1:1: Premature end of file.
2025-11-28 09:57:24,587 [ERROR] LogOutputStream:75 - [STDERR_REDIRECT] 
2025-11-28 09:57:25,590 [ERROR] LogOutputStream:75 - [STDERR_REDIRECT] [Fatal Error] :1:1: Premature end of file.
2025-11-28 09:57:25,590 [ERROR] LogOutputStream:75 - [STDERR_REDIRECT] 
2025-11-28 09:57:26,583 [ERROR] LogOutputStream:75 - [STDERR_REDIRECT] [Fatal Error] :1:1: Premature end of file.
2025-11-28 09:57:26,583 [ERROR] LogOutputStream:75 - [STDERR_REDIRECT] 
2025-11-28 09:57:27,580 [ERROR] LogOutputStream:75 - [STDERR_REDIRECT] [Fatal Error] :1:1: Premature end of file.
2025-11-28 09:57:27,580 [ERROR] LogOutputStream:75 - [STDERR_REDIRECT] 
2025-11-28 09:57:28,573 [ERROR] LogOutputStream:75 - [STDERR_REDIRECT] [Fatal Error] :1:1: Premature end of file.
2025-11-28 09:57:28,573 [ERROR] LogOutputStream:75 - [STDERR_REDIRECT] 
2025-11-28 09:57:29,582 [ERROR] LogOutputStream:75 - [STDERR_REDIRECT] [Fatal Error] :1:1: Premature end of file.
2025-11-28 09:57:29,582 [ERROR] LogOutputStream:75 - [STDERR_REDIRECT] 
2025-11-28 09:57:30,576 [ERROR] LogOutputStream:75 - [STDERR_REDIRECT] [Fatal Error] :1:1: Premature end of file.
2025-11-28 09:57:30,576 [ERROR] LogOutputStream:75 - [STDERR_REDIRECT] 
2025-11-28 09:57:31,572 [ERROR] LogOutputStream:75 - [STDERR_REDIRECT] [Fatal Error] :1:1: Premature end of file.
2025-11-28 09:57:31,572 [ERROR] LogOutputStream:75 - [STDERR_REDIRECT] 
2025-11-28 09:57:32,571 [ERROR] LogOutputStream:75 - [STDERR_REDIRECT] [Fatal Error] :1:1: Premature end of file.
2025-11-28 09:57:32,571 [ERROR] LogOutputStream:75 - [STDERR_REDIRECT] 
2025-11-28 09:57:33,576 [ERROR] LogOutputStream:75 - [STDERR_REDIRECT] [Fatal Error] :1:1: Premature end of file.
2025-11-28 09:57:33,576 [ERROR] LogOutputStream:75 - [STDERR_REDIRECT] 
2025-11-28 09:57:34,589 [ERROR] LogOutputStream:75 - [STDERR_REDIRECT] [Fatal Error] :1:1: Premature end of file.
2025-11-28 09:57:34,589 [ERROR] LogOutputStream:75 - [STDERR_REDIRECT] 
2025-11-28 09:57:35,580 [ERROR] LogOutputStream:75 - [STDERR_REDIRECT] [Fatal Error] :1:1: Premature end of file.
2025-11-28 09:57:35,580 [ERROR] LogOutputStream:75 - [STDERR_REDIRECT] 
2025-11-28 09:57:36,572 [ERROR] LogOutputStream:75 - [STDERR_REDIRECT] [Fatal Error] :1:1: Premature end of file.
2025-11-28 09:57:36,572 [ERROR] LogOutputStream:75 - [STDERR_REDIRECT] 
2025-11-28 09:57:37,586 [ERROR] LogOutputStream:75 - [STDERR_REDIRECT] [Fatal Error] :1:1: Premature end of file.
2025-11-28 09:57:37,586 [ERROR] LogOutputStream:75 - [STDERR_REDIRECT] 
2025-11-28 09:57:38,590 [ERROR] LogOutputStream:75 - [STDERR_REDIRECT] [Fatal Error] :1:1: Premature end of file.
2025-11-28 09:57:38,590 [ERROR] LogOutputStream:75 - [STDERR_REDIRECT] 
2025-11-28 09:57:39,574 [ERROR] LogOutputStream:75 - [STDERR_REDIRECT] [Fatal Error] :1:1: Premature end of file.
2025-11-28 09:57:39,574 [ERROR] LogOutputStream:75 - [STDERR_REDIRECT] 
2025-11-28 09:57:40,582 [ERROR] LogOutputStream:75 - [STDERR_REDIRECT] [Fatal Error] :1:1: Premature end of file.
2025-11-28 09:57:40,582 [ERROR] LogOutputStream:75 - [STDERR_REDIRECT] 
2025-11-28 09:57:41,582 [ERROR] LogOutputStream:75 - [STDERR_REDIRECT] [Fatal Error] :1:1: Premature end of file.
2025-11-28 09:57:41,582 [ERROR] LogOutputStream:75 - [STDERR_REDIRECT] 
2025-11-28 09:57:42,581 [ERROR] LogOutputStream:75 - [STDERR_REDIRECT] [Fatal Error] :1:1: Premature end of file.
2025-11-28 09:57:42,581 [ERROR] LogOutputStream:75 - [STDERR_REDIRECT] 
2025-11-28 09:57:43,586 [ERROR] LogOutputStream:75 - [STDERR_REDIRECT] [Fatal Error] :1:1: Premature end of file.
2025-11-28 09:57:43,586 [ERROR] LogOutputStream:75 - [STDERR_REDIRECT] 
2025-11-28 09:57:44,582 [ERROR] LogOutputStream:75 - [STDERR_REDIRECT] [Fatal Error] :1:1: Premature end of file.
2025-11-28 09:57:44,582 [ERROR] LogOutputStream:75 - [STDERR_REDIRECT] 
2025-11-28 09:57:45,577 [ERROR] LogOutputStream:75 - [STDERR_REDIRECT] [Fatal Error] :1:1: Premature end of file.
2025-11-28 09:57:45,577 [ERROR] LogOutputStream:75 - [STDERR_REDIRECT] 
2025-11-28 09:57:46,576 [ERROR] LogOutputStream:75 - [STDERR_REDIRECT] [Fatal Error] :1:1: Premature end of file.
2025-11-28 09:57:46,576 [ERROR] LogOutputStream:75 - [STDERR_REDIRECT] 
2025-11-28 09:57:47,583 [ERROR] LogOutputStream:75 - [STDERR_REDIRECT] [Fatal Error] :1:1: Premature end of file.
2025-11-28 09:57:47,583 [ERROR] LogOutputStream:75 - [STDERR_REDIRECT] 
2025-11-28 09:57:48,578 [ERROR] LogOutputStream:75 - [STDERR_REDIRECT] [Fatal Error] :1:1: Premature end of file.
2025-11-28 09:57:48,578 [ERROR] LogOutputStream:75 - [STDERR_REDIRECT] 
2025-11-28 09:57:49,582 [ERROR] LogOutputStream:75 - [STDERR_REDIRECT] [Fatal Error] :1:1: Premature end of file.
2025-11-28 09:57:49,582 [ERROR] LogOutputStream:75 - [STDERR_REDIRECT] 
2025-11-28 09:57:50,570 [ERROR] LogOutputStream:75 - [STDERR_REDIRECT] [Fatal Error] :1:1: Premature end of file.
2025-11-28 09:57:50,571 [ERROR] LogOutputStream:75 - [STDERR_REDIRECT] 
2025-11-28 09:57:51,582 [ERROR] LogOutputStream:75 - [STDERR_REDIRECT] [Fatal Error] :1:1: Premature end of file.
2025-11-28 09:57:51,582 [ERROR] LogOutputStream:75 - [STDERR_REDIRECT] 
2025-11-28 09:57:52,571 [ERROR] LogOutputStream:75 - [STDERR_REDIRECT] [Fatal Error] :1:1: Premature end of file.
2025-11-28 09:57:52,571 [ERROR] LogOutputStream:75 - [STDERR_REDIRECT] 
2025-11-28 09:57:53,572 [ERROR] LogOutputStream:75 - [STDERR_REDIRECT] [Fatal Error] :1:1: Premature end of file.
2025-11-28 09:57:53,573 [ERROR] LogOutputStream:75 - [STDERR_REDIRECT] 
2025-11-28 09:57:54,575 [ERROR] LogOutputStream:75 - [STDERR_REDIRECT] [Fatal Error] :1:1: Premature end of file.
2025-11-28 09:57:54,575 [ERROR] LogOutputStream:75 - [STDERR_REDIRECT] 
2025-11-28 09:57:55,573 [ERROR] LogOutputStream:75 - [STDERR_REDIRECT] [Fatal Error] :1:1: Premature end of file.
2025-11-28 09:57:55,573 [ERROR] LogOutputStream:75 - [STDERR_REDIRECT] 
2025-11-28 09:57:56,580 [ERROR] LogOutputStream:75 - [STDERR_REDIRECT] [Fatal Error] :1:1: Premature end of file.
2025-11-28 09:57:56,580 [ERROR] LogOutputStream:75 - [STDERR_REDIRECT] 
2025-11-28 09:57:57,580 [ERROR] LogOutputStream:75 - [STDERR_REDIRECT] [Fatal Error] :1:1: Premature end of file.
2025-11-28 09:57:57,580 [ERROR] LogOutputStream:75 - [STDERR_REDIRECT] 
2025-11-28 09:57:58,589 [ERROR] LogOutputStream:75 - [STDERR_REDIRECT] [Fatal Error] :1:1: Premature end of file.
2025-11-28 09:57:58,590 [ERROR] LogOutputStream:75 - [STDERR_REDIRECT] 
2025-11-28 09:57:59,581 [ERROR] LogOutputStream:75 - [STDERR_REDIRECT] [Fatal Error] :1:1: Premature end of file.
2025-11-28 09:57:59,581 [ERROR] LogOutputStream:75 - [STDERR_REDIRECT] 
2025-11-28 09:58:00,578 [ERROR] LogOutputStream:75 - [STDERR_REDIRECT] [Fatal Error] :1:1: Premature end of file.
2025-11-28 09:58:00,579 [ERROR] LogOutputStream:75 - [STDERR_REDIRECT] 
2025-11-28 09:58:01,572 [ERROR] LogOutputStream:75 - [STDERR_REDIRECT] [Fatal Error] :1:1: Premature end of file.
2025-11-28 09:58:01,572 [ERROR] LogOutputStream:75 - [STDERR_REDIRECT] 
2025-11-28 09:58:02,583 [ERROR] LogOutputStream:75 - [STDERR_REDIRECT] [Fatal Error] :1:1: Premature end of file.
2025-11-28 09:58:02,583 [ERROR] LogOutputStream:75 - [STDERR_REDIRECT] 
2025-11-28 09:58:03,578 [ERROR] LogOutputStream:75 - [STDERR_REDIRECT] [Fatal Error] :1:1: Premature end of file.
2025-11-28 09:58:03,578 [ERROR] LogOutputStream:75 - [STDERR_REDIRECT] 
2025-11-28 09:58:04,575 [ERROR] LogOutputStream:75 - [STDERR_REDIRECT] [Fatal Error] :1:1: Premature end of file.
2025-11-28 09:58:04,575 [ERROR] LogOutputStream:75 - [STDERR_REDIRECT] 
2025-11-28 09:58:05,575 [ERROR] LogOutputStream:75 - [STDERR_REDIRECT] [Fatal Error] :1:1: Premature end of file.
2025-11-28 09:58:05,575 [ERROR] LogOutputStream:75 - [STDERR_REDIRECT] 
2025-11-28 09:58:06,571 [ERROR] LogOutputStream:75 - [STDERR_REDIRECT] [Fatal Error] :1:1: Premature end of file.
2025-11-28 09:58:06,572 [ERROR] LogOutputStream:75 - [STDERR_REDIRECT] 
2025-11-28 09:58:07,586 [ERROR] LogOutputStream:75 - [STDERR_REDIRECT] [Fatal Error] :1:1: Premature end of file.
2025-11-28 09:58:07,586 [ERROR] LogOutputStream:75 - [STDERR_REDIRECT] 
2025-11-28 09:58:08,576 [ERROR] LogOutputStream:75 - [STDERR_REDIRECT] [Fatal Error] :1:1: Premature end of file.
2025-11-28 09:58:08,576 [ERROR] LogOutputStream:75 - [STDERR_REDIRECT] 
2025-11-28 09:58:09,578 [ERROR] LogOutputStream:75 - [STDERR_REDIRECT] [Fatal Error] :1:1: Premature end of file.
2025-11-28 09:58:09,578 [ERROR] LogOutputStream:75 - [STDERR_REDIRECT] 
2025-11-28 09:58:10,587 [ERROR] LogOutputStream:75 - [STDERR_REDIRECT] [Fatal Error] :1:1: Premature end of file.
2025-11-28 09:58:10,587 [ERROR] LogOutputStream:75 - [STDERR_REDIRECT] 
2025-11-28 09:58:11,582 [ERROR] LogOutputStream:75 - [STDERR_REDIRECT] [Fatal Error] :1:1: Premature end of file.
2025-11-28 09:58:11,582 [ERROR] LogOutputStream:75 - [STDERR_REDIRECT] 
2025-11-28 09:58:12,572 [ERROR] LogOutputStream:75 - [STDERR_REDIRECT] [Fatal Error] :1:1: Premature end of file.
2025-11-28 09:58:12,572 [ERROR] LogOutputStream:75 - [STDERR_REDIRECT] 
2025-11-28 09:58:13,575 [ERROR] LogOutputStream:75 - [STDERR_REDIRECT] [Fatal Error] :1:1: Premature end of file.
2025-11-28 09:58:13,575 [ERROR] LogOutputStream:75 - [STDERR_REDIRECT] 
2025-11-28 09:58:14,580 [ERROR] LogOutputStream:75 - [STDERR_REDIRECT] [Fatal Error] :1:1: Premature end of file.
2025-11-28 09:58:14,580 [ERROR] LogOutputStream:75 - [STDERR_REDIRECT] 
2025-11-28 09:58:15,576 [ERROR] LogOutputStream:75 - [STDERR_REDIRECT] [Fatal Error] :1:1: Premature end of file.
2025-11-28 09:58:15,576 [ERROR] LogOutputStream:75 - [STDERR_REDIRECT] 
2025-11-28 09:58:16,573 [ERROR] LogOutputStream:75 - [STDERR_REDIRECT] [Fatal Error] :1:1: Premature end of file.
2025-11-28 09:58:16,574 [ERROR] LogOutputStream:75 - [STDERR_REDIRECT] 
2025-11-28 09:58:17,582 [ERROR] LogOutputStream:75 - [STDERR_REDIRECT] [Fatal Error] :1:1: Premature end of file.
2025-11-28 09:58:17,582 [ERROR] LogOutputStream:75 - [STDERR_REDIRECT] 
2025-11-28 09:58:18,577 [ERROR] LogOutputStream:75 - [STDERR_REDIRECT] [Fatal Error] :1:1: Premature end of file.
2025-11-28 09:58:18,577 [ERROR] LogOutputStream:75 - [STDERR_REDIRECT] 
2025-11-28 09:58:19,584 [ERROR] LogOutputStream:75 - [STDERR_REDIRECT] [Fatal Error] :1:1: Premature end of file.
2025-11-28 09:58:19,585 [ERROR] LogOutputStream:75 - [STDERR_REDIRECT] 
2025-11-28 09:58:20,579 [ERROR] LogOutputStream:75 - [STDERR_REDIRECT] [Fatal Error] :1:1: Premature end of file.
2025-11-28 09:58:20,579 [ERROR] LogOutputStream:75 - [STDERR_REDIRECT] 
2025-11-28 09:58:21,583 [ERROR] LogOutputStream:75 - [STDERR_REDIRECT] [Fatal Error] :1:1: Premature end of file.
2025-11-28 09:58:21,583 [ERROR] LogOutputStream:75 - [STDERR_REDIRECT] 
2025-11-28 09:58:22,572 [ERROR] LogOutputStream:75 - [STDERR_REDIRECT] [Fatal Error] :1:1: Premature end of file.
2025-11-28 09:58:22,573 [ERROR] LogOutputStream:75 - [STDERR_REDIRECT] 
2025-11-28 09:58:23,586 [ERROR] LogOutputStream:75 - [STDERR_REDIRECT] [Fatal Error] :1:1: Premature end of file.
2025-11-28 09:58:23,586 [ERROR] LogOutputStream:75 - [STDERR_REDIRECT] 
2025-11-28 09:58:24,575 [ERROR] LogOutputStream:75 - [STDERR_REDIRECT] [Fatal Error] :1:1: Premature end of file.
2025-11-28 09:58:24,575 [ERROR] LogOutputStream:75 - [STDERR_REDIRECT] 
2025-11-28 09:58:25,586 [ERROR] LogOutputStream:75 - [STDERR_REDIRECT] [Fatal Error] :1:1: Premature end of file.
2025-11-28 09:58:25,586 [ERROR] LogOutputStream:75 - [STDERR_REDIRECT] 
2025-11-28 09:58:26,574 [ERROR] LogOutputStream:75 - [STDERR_REDIRECT] [Fatal Error] :1:1: Premature end of file.
2025-11-28 09:58:26,574 [ERROR] LogOutputStream:75 - [STDERR_REDIRECT] 
2025-11-28 09:58:27,581 [ERROR] LogOutputStream:75 - [STDERR_REDIRECT] [Fatal Error] :1:1: Premature end of file.
2025-11-28 09:58:27,581 [ERROR] LogOutputStream:75 - [STDERR_REDIRECT] 
2025-11-28 09:58:28,573 [ERROR] LogOutputStream:75 - [STDERR_REDIRECT] [Fatal Error] :1:1: Premature end of file.
2025-11-28 09:58:28,574 [ERROR] LogOutputStream:75 - [STDERR_REDIRECT] 
2025-11-28 09:58:29,575 [ERROR] LogOutputStream:75 - [STDERR_REDIRECT] [Fatal Error] :1:1: Premature end of file.
2025-11-28 09:58:29,575 [ERROR] LogOutputStream:75 - [STDERR_REDIRECT] 
2025-11-28 09:58:30,584 [ERROR] LogOutputStream:75 - [STDERR_REDIRECT] [Fatal Error] :1:1: Premature end of file.
2025-11-28 09:58:30,584 [ERROR] LogOutputStream:75 - [STDERR_REDIRECT] 
2025-11-28 09:58:31,574 [ERROR] LogOutputStream:75 - [STDERR_REDIRECT] [Fatal Error] :1:1: Premature end of file.
2025-11-28 09:58:31,574 [ERROR] LogOutputStream:75 - [STDERR_REDIRECT] 
2025-11-28 09:58:32,577 [ERROR] LogOutputStream:75 - [STDERR_REDIRECT] [Fatal Error] :1:1: Premature end of file.
2025-11-28 09:58:32,577 [ERROR] LogOutputStream:75 - [STDERR_REDIRECT] 
2025-11-28 09:58:33,592 [ERROR] LogOutputStream:75 - [STDERR_REDIRECT] [Fatal Error] :1:1: Premature end of file.
2025-11-28 09:58:33,592 [ERROR] LogOutputStream:75 - [STDERR_REDIRECT] 
2025-11-28 09:58:34,577 [ERROR] LogOutputStream:75 - [STDERR_REDIRECT] [Fatal Error] :1:1: Premature end of file.
2025-11-28 09:58:34,577 [ERROR] LogOutputStream:75 - [STDERR_REDIRECT] 
2025-11-28 09:58:35,580 [ERROR] LogOutputStream:75 - [STDERR_REDIRECT] [Fatal Error] :1:1: Premature end of file.
2025-11-28 09:58:35,580 [ERROR] LogOutputStream:75 - [STDERR_REDIRECT] 
2025-11-28 09:58:36,577 [ERROR] LogOutputStream:75 - [STDERR_REDIRECT] [Fatal Error] :1:1: Premature end of file.
2025-11-28 09:58:36,577 [ERROR] LogOutputStream:75 - [STDERR_REDIRECT] 
2025-11-28 09:58:37,585 [ERROR] LogOutputStream:75 - [STDERR_REDIRECT] [Fatal Error] :1:1: Premature end of file.
2025-11-28 09:58:37,585 [ERROR] LogOutputStream:75 - [STDERR_REDIRECT] 
2025-11-28 09:58:38,597 [ERROR] LogOutputStream:75 - [STDERR_REDIRECT] [Fatal Error] :1:1: Premature end of file.
2025-11-28 09:58:38,597 [ERROR] LogOutputStream:75 - [STDERR_REDIRECT] 
2025-11-28 09:58:39,582 [ERROR] LogOutputStream:75 - [STDERR_REDIRECT] [Fatal Error] :1:1: Premature end of file.
2025-11-28 09:58:39,582 [ERROR] LogOutputStream:75 - [STDERR_REDIRECT] 
2025-11-28 09:58:40,582 [ERROR] LogOutputStream:75 - [STDERR_REDIRECT] [Fatal Error] :1:1: Premature end of file.
2025-11-28 09:58:40,582 [ERROR] LogOutputStream:75 - [STDERR_REDIRECT] 
2025-11-28 09:58:41,575 [ERROR] LogOutputStream:75 - [STDERR_REDIRECT] [Fatal Error] :1:1: Premature end of file.
2025-11-28 09:58:41,575 [ERROR] LogOutputStream:75 - [STDERR_REDIRECT] 
2025-11-28 09:58:42,591 [ERROR] LogOutputStream:75 - [STDERR_REDIRECT] [Fatal Error] :1:1: Premature end of file.
2025-11-28 09:58:42,591 [ERROR] LogOutputStream:75 - [STDERR_REDIRECT] 
2025-11-28 09:58:43,587 [ERROR] LogOutputStream:75 - [STDERR_REDIRECT] [Fatal Error] :1:1: Premature end of file.
2025-11-28 09:58:43,588 [ERROR] LogOutputStream:75 - [STDERR_REDIRECT] 
2025-11-28 09:58:44,583 [ERROR] LogOutputStream:75 - [STDERR_REDIRECT] [Fatal Error] :1:1: Premature end of file.
2025-11-28 09:58:44,583 [ERROR] LogOutputStream:75 - [STDERR_REDIRECT] 
2025-11-28 09:58:45,597 [ERROR] LogOutputStream:75 - [STDERR_REDIRECT] [Fatal Error] :1:1: Premature end of file.
2025-11-28 09:58:45,597 [ERROR] LogOutputStream:75 - [STDERR_REDIRECT] 
2025-11-28 09:58:46,573 [ERROR] LogOutputStream:75 - [STDERR_REDIRECT] [Fatal Error] :1:1: Premature end of file.
2025-11-28 09:58:46,573 [ERROR] LogOutputStream:75 - [STDERR_REDIRECT] 
2025-11-28 09:58:47,581 [ERROR] LogOutputStream:75 - [STDERR_REDIRECT] [Fatal Error] :1:1: Premature end of file.
2025-11-28 09:58:47,581 [ERROR] LogOutputStream:75 - [STDERR_REDIRECT] 
2025-11-28 09:58:48,579 [ERROR] LogOutputStream:75 - [STDERR_REDIRECT] [Fatal Error] :1:1: Premature end of file.
2025-11-28 09:58:48,579 [ERROR] LogOutputStream:75 - [STDERR_REDIRECT] 
2025-11-28 09:58:49,590 [ERROR] LogOutputStream:75 - [STDERR_REDIRECT] [Fatal Error] :1:1: Premature end of file.
2025-11-28 09:58:49,590 [ERROR] LogOutputStream:75 - [STDERR_REDIRECT] 
2025-11-28 09:58:50,570 [ERROR] LogOutputStream:75 - [STDERR_REDIRECT] [Fatal Error] :1:1: Premature end of file.
2025-11-28 09:58:50,570 [ERROR] LogOutputStream:75 - [STDERR_REDIRECT] 
2025-11-28 09:58:51,569 [ERROR] LogOutputStream:75 - [STDERR_REDIRECT] [Fatal Error] :1:1: Premature end of file.
2025-11-28 09:58:51,569 [ERROR] LogOutputStream:75 - [STDERR_REDIRECT] 
2025-11-28 09:58:52,583 [ERROR] LogOutputStream:75 - [STDERR_REDIRECT] [Fatal Error] :1:1: Premature end of file.
2025-11-28 09:58:52,584 [ERROR] LogOutputStream:75 - [STDERR_REDIRECT] 
2025-11-28 09:58:53,579 [ERROR] LogOutputStream:75 - [STDERR_REDIRECT] [Fatal Error] :1:1: Premature end of file.
2025-11-28 09:58:53,579 [ERROR] LogOutputStream:75 - [STDERR_REDIRECT] 
2025-11-28 09:58:54,577 [ERROR] LogOutputStream:75 - [STDERR_REDIRECT] [Fatal Error] :1:1: Premature end of file.
2025-11-28 09:58:54,577 [ERROR] LogOutputStream:75 - [STDERR_REDIRECT] 
2025-11-28 09:58:55,571 [ERROR] LogOutputStream:75 - [STDERR_REDIRECT] [Fatal Error] :1:1: Premature end of file.
2025-11-28 09:58:55,571 [ERROR] LogOutputStream:75 - [STDERR_REDIRECT] 
2025-11-28 09:58:56,574 [ERROR] LogOutputStream:75 - [STDERR_REDIRECT] [Fatal Error] :1:1: Premature end of file.
2025-11-28 09:58:56,574 [ERROR] LogOutputStream:75 - [STDERR_REDIRECT] 
2025-11-28 09:58:57,580 [ERROR] LogOutputStream:75 - [STDERR_REDIRECT] [Fatal Error] :1:1: Premature end of file.
2025-11-28 09:58:57,580 [ERROR] LogOutputStream:75 - [STDERR_REDIRECT] 
2025-11-28 09:58:58,588 [ERROR] LogOutputStream:75 - [STDERR_REDIRECT] [Fatal Error] :1:1: Premature end of file.
2025-11-28 09:58:58,589 [ERROR] LogOutputStream:75 - [STDERR_REDIRECT] 
2025-11-28 09:58:59,575 [ERROR] LogOutputStream:75 - [STDERR_REDIRECT] [Fatal Error] :1:1: Premature end of file.
2025-11-28 09:58:59,575 [ERROR] LogOutputStream:75 - [STDERR_REDIRECT] 
2025-11-28 09:59:00,582 [ERROR] LogOutputStream:75 - [STDERR_REDIRECT] [Fatal Error] :1:1: Premature end of file.
2025-11-28 09:59:00,582 [ERROR] LogOutputStream:75 - [STDERR_REDIRECT] 
2025-11-28 09:59:01,574 [ERROR] LogOutputStream:75 - [STDERR_REDIRECT] [Fatal Error] :1:1: Premature end of file.
2025-11-28 09:59:01,574 [ERROR] LogOutputStream:75 - [STDERR_REDIRECT] 
2025-11-28 09:59:02,572 [ERROR] LogOutputStream:75 - [STDERR_REDIRECT] [Fatal Error] :1:1: Premature end of file.
2025-11-28 09:59:02,572 [ERROR] LogOutputStream:75 - [STDERR_REDIRECT] 
2025-11-28 09:59:03,599 [ERROR] LogOutputStream:75 - [STDERR_REDIRECT] [Fatal Error] :1:1: Premature end of file.
2025-11-28 09:59:03,600 [ERROR] LogOutputStream:75 - [STDERR_REDIRECT] 
2025-11-28 09:59:04,593 [ERROR] LogOutputStream:75 - [STDERR_REDIRECT] [Fatal Error] :1:1: Premature end of file.
2025-11-28 09:59:04,593 [ERROR] LogOutputStream:75 - [STDERR_REDIRECT] 
2025-11-28 09:59:05,569 [ERROR] LogOutputStream:75 - [STDERR_REDIRECT] [Fatal Error] :1:1: Premature end of file.
2025-11-28 09:59:05,569 [ERROR] LogOutputStream:75 - [STDERR_REDIRECT] 
2025-11-28 09:59:06,576 [ERROR] LogOutputStream:75 - [STDERR_REDIRECT] [Fatal Error] :1:1: Premature end of file.
2025-11-28 09:59:06,576 [ERROR] LogOutputStream:75 - [STDERR_REDIRECT] 
2025-11-28 09:59:07,568 [ERROR] LogOutputStream:75 - [STDERR_REDIRECT] [Fatal Error] :1:1: Premature end of file.
2025-11-28 09:59:07,568 [ERROR] LogOutputStream:75 - [STDERR_REDIRECT] 
2025-11-28 09:59:08,579 [ERROR] LogOutputStream:75 - [STDERR_REDIRECT] [Fatal Error] :1:1: Premature end of file.
2025-11-28 09:59:08,579 [ERROR] LogOutputStream:75 - [STDERR_REDIRECT] 
2025-11-28 09:59:09,572 [ERROR] LogOutputStream:75 - [STDERR_REDIRECT] [Fatal Error] :1:1: Premature end of file.
2025-11-28 09:59:09,572 [ERROR] LogOutputStream:75 - [STDERR_REDIRECT] 
2025-11-28 09:59:10,572 [ERROR] LogOutputStream:75 - [STDERR_REDIRECT] [Fatal Error] :1:1: Premature end of file.
2025-11-28 09:59:10,572 [ERROR] LogOutputStream:75 - [STDERR_REDIRECT] 
2025-11-28 09:59:11,581 [ERROR] LogOutputStream:75 - [STDERR_REDIRECT] [Fatal Error] :1:1: Premature end of file.
2025-11-28 09:59:11,581 [ERROR] LogOutputStream:75 - [STDERR_REDIRECT] 
2025-11-28 09:59:12,576 [ERROR] LogOutputStream:75 - [STDERR_REDIRECT] [Fatal Error] :1:1: Premature end of file.
2025-11-28 09:59:12,576 [ERROR] LogOutputStream:75 - [STDERR_REDIRECT] 
2025-11-28 09:59:13,571 [ERROR] LogOutputStream:75 - [STDERR_REDIRECT] [Fatal Error] :1:1: Premature end of file.
2025-11-28 09:59:13,571 [ERROR] LogOutputStream:75 - [STDERR_REDIRECT] 
2025-11-28 09:59:14,570 [ERROR] LogOutputStream:75 - [STDERR_REDIRECT] [Fatal Error] :1:1: Premature end of file.
2025-11-28 09:59:14,570 [ERROR] LogOutputStream:75 - [STDERR_REDIRECT] 
2025-11-28 09:59:15,574 [ERROR] LogOutputStream:75 - [STDERR_REDIRECT] [Fatal Error] :1:1: Premature end of file.
2025-11-28 09:59:15,574 [ERROR] LogOutputStream:75 - [STDERR_REDIRECT] 
2025-11-28 09:59:16,579 [ERROR] LogOutputStream:75 - [STDERR_REDIRECT] [Fatal Error] :1:1: Premature end of file.
2025-11-28 09:59:16,579 [ERROR] LogOutputStream:75 - [STDERR_REDIRECT] 
2025-11-28 09:59:17,583 [ERROR] LogOutputStream:75 - [STDERR_REDIRECT] [Fatal Error] :1:1: Premature end of file.
2025-11-28 09:59:17,583 [ERROR] LogOutputStream:75 - [STDERR_REDIRECT] 
2025-11-28 09:59:18,586 [ERROR] LogOutputStream:75 - [STDERR_REDIRECT] [Fatal Error] :1:1: Premature end of file.
2025-11-28 09:59:18,586 [ERROR] LogOutputStream:75 - [STDERR_REDIRECT] 
2025-11-28 09:59:19,605 [ERROR] LogOutputStream:75 - [STDERR_REDIRECT] [Fatal Error] :1:1: Premature end of file.
2025-11-28 09:59:19,605 [ERROR] LogOutputStream:75 - [STDERR_REDIRECT] 
2025-11-28 09:59:20,580 [ERROR] LogOutputStream:75 - [STDERR_REDIRECT] [Fatal Error] :1:1: Premature end of file.
2025-11-28 09:59:20,580 [ERROR] LogOutputStream:75 - [STDERR_REDIRECT] 
2025-11-28 09:59:21,582 [ERROR] LogOutputStream:75 - [STDERR_REDIRECT] [Fatal Error] :1:1: Premature end of file.
2025-11-28 09:59:21,582 [ERROR] LogOutputStream:75 - [STDERR_REDIRECT] 
2025-11-28 09:59:22,584 [ERROR] LogOutputStream:75 - [STDERR_REDIRECT] [Fatal Error] :1:1: Premature end of file.
2025-11-28 09:59:22,584 [ERROR] LogOutputStream:75 - [STDERR_REDIRECT] 
2025-11-28 09:59:23,585 [ERROR] LogOutputStream:75 - [STDERR_REDIRECT] [Fatal Error] :1:1: Premature end of file.
2025-11-28 09:59:23,585 [ERROR] LogOutputStream:75 - [STDERR_REDIRECT] 
2025-11-28 09:59:24,585 [ERROR] LogOutputStream:75 - [STDERR_REDIRECT] [Fatal Error] :1:1: Premature end of file.
2025-11-28 09:59:24,585 [ERROR] LogOutputStream:75 - [STDERR_REDIRECT] 
2025-11-28 09:59:25,585 [ERROR] LogOutputStream:75 - [STDERR_REDIRECT] [Fatal Error] :1:1: Premature end of file.
2025-11-28 09:59:25,585 [ERROR] LogOutputStream:75 - [STDERR_REDIRECT] 
2025-11-28 09:59:26,582 [ERROR] LogOutputStream:75 - [STDERR_REDIRECT] [Fatal Error] :1:1: Premature end of file.
2025-11-28 09:59:26,582 [ERROR] LogOutputStream:75 - [STDERR_REDIRECT] 
2025-11-28 09:59:27,585 [ERROR] LogOutputStream:75 - [STDERR_REDIRECT] [Fatal Error] :1:1: Premature end of file.
2025-11-28 09:59:27,585 [ERROR] LogOutputStream:75 - [STDERR_REDIRECT] 
2025-11-28 09:59:28,583 [ERROR] LogOutputStream:75 - [STDERR_REDIRECT] [Fatal Error] :1:1: Premature end of file.
2025-11-28 09:59:28,583 [ERROR] LogOutputStream:75 - [STDERR_REDIRECT] 
2025-11-28 09:59:29,581 [ERROR] LogOutputStream:75 - [STDERR_REDIRECT] [Fatal Error] :1:1: Premature end of file.
2025-11-28 09:59:29,581 [ERROR] LogOutputStream:75 - [STDERR_REDIRECT] 
2025-11-28 09:59:30,600 [ERROR] LogOutputStream:75 - [STDERR_REDIRECT] [Fatal Error] :1:1: Premature end of file.
2025-11-28 09:59:30,600 [ERROR] LogOutputStream:75 - [STDERR_REDIRECT] 
2025-11-28 09:59:31,572 [ERROR] LogOutputStream:75 - [STDERR_REDIRECT] [Fatal Error] :1:1: Premature end of file.
2025-11-28 09:59:31,572 [ERROR] LogOutputStream:75 - [STDERR_REDIRECT] 
2025-11-28 09:59:32,580 [ERROR] LogOutputStream:75 - [STDERR_REDIRECT] [Fatal Error] :1:1: Premature end of file.
2025-11-28 09:59:32,580 [ERROR] LogOutputStream:75 - [STDERR_REDIRECT] 
2025-11-28 09:59:33,576 [ERROR] LogOutputStream:75 - [STDERR_REDIRECT] [Fatal Error] :1:1: Premature end of file.
2025-11-28 09:59:33,576 [ERROR] LogOutputStream:75 - [STDERR_REDIRECT] 
2025-11-28 09:59:34,583 [ERROR] LogOutputStream:75 - [STDERR_REDIRECT] [Fatal Error] :1:1: Premature end of file.
2025-11-28 09:59:34,583 [ERROR] LogOutputStream:75 - [STDERR_REDIRECT] 
2025-11-28 09:59:35,572 [ERROR] LogOutputStream:75 - [STDERR_REDIRECT] [Fatal Error] :1:1: Premature end of file.
2025-11-28 09:59:35,572 [ERROR] LogOutputStream:75 - [STDERR_REDIRECT] 
2025-11-28 09:59:36,570 [ERROR] LogOutputStream:75 - [STDERR_REDIRECT] [Fatal Error] :1:1: Premature end of file.
2025-11-28 09:59:36,570 [ERROR] LogOutputStream:75 - [STDERR_REDIRECT] 
2025-11-28 09:59:37,571 [ERROR] LogOutputStream:75 - [STDERR_REDIRECT] [Fatal Error] :1:1: Premature end of file.
2025-11-28 09:59:37,571 [ERROR] LogOutputStream:75 - [STDERR_REDIRECT] 
2025-11-28 09:59:38,585 [ERROR] LogOutputStream:75 - [STDERR_REDIRECT] [Fatal Error] :1:1: Premature end of file.
2025-11-28 09:59:38,585 [ERROR] LogOutputStream:75 - [STDERR_REDIRECT] 
2025-11-28 09:59:39,574 [ERROR] LogOutputStream:75 - [STDERR_REDIRECT] [Fatal Error] :1:1: Premature end of file.
2025-11-28 09:59:39,574 [ERROR] LogOutputStream:75 - [STDERR_REDIRECT] 
2025-11-28 09:59:40,588 [ERROR] LogOutputStream:75 - [STDERR_REDIRECT] [Fatal Error] :1:1: Premature end of file.
2025-11-28 09:59:40,588 [ERROR] LogOutputStream:75 - [STDERR_REDIRECT] 
2025-11-28 09:59:41,579 [ERROR] LogOutputStream:75 - [STDERR_REDIRECT] [Fatal Error] :1:1: Premature end of file.
2025-11-28 09:59:41,579 [ERROR] LogOutputStream:75 - [STDERR_REDIRECT] 
2025-11-28 09:59:42,582 [ERROR] LogOutputStream:75 - [STDERR_REDIRECT] [Fatal Error] :1:1: Premature end of file.
2025-11-28 09:59:42,582 [ERROR] LogOutputStream:75 - [STDERR_REDIRECT] 
2025-11-28 09:59:43,573 [ERROR] LogOutputStream:75 - [STDERR_REDIRECT] [Fatal Error] :1:1: Premature end of file.
2025-11-28 09:59:43,573 [ERROR] LogOutputStream:75 - [STDERR_REDIRECT] 
2025-11-28 09:59:44,581 [ERROR] LogOutputStream:75 - [STDERR_REDIRECT] [Fatal Error] :1:1: Premature end of file.
2025-11-28 09:59:44,581 [ERROR] LogOutputStream:75 - [STDERR_REDIRECT] 
2025-11-28 09:59:45,575 [ERROR] LogOutputStream:75 - [STDERR_REDIRECT] [Fatal Error] :1:1: Premature end of file.
2025-11-28 09:59:45,575 [ERROR] LogOutputStream:75 - [STDERR_REDIRECT] 
2025-11-28 09:59:46,581 [ERROR] LogOutputStream:75 - [STDERR_REDIRECT] [Fatal Error] :1:1: Premature end of file.
2025-11-28 09:59:46,581 [ERROR] LogOutputStream:75 - [STDERR_REDIRECT] 
2025-11-28 09:59:47,573 [ERROR] LogOutputStream:75 - [STDERR_REDIRECT] [Fatal Error] :1:1: Premature end of file.
2025-11-28 09:59:47,573 [ERROR] LogOutputStream:75 - [STDERR_REDIRECT] 
2025-11-28 09:59:48,586 [ERROR] LogOutputStream:75 - [STDERR_REDIRECT] [Fatal Error] :1:1: Premature end of file.
2025-11-28 09:59:48,586 [ERROR] LogOutputStream:75 - [STDERR_REDIRECT] 
2025-11-28 09:59:49,588 [ERROR] LogOutputStream:75 - [STDERR_REDIRECT] [Fatal Error] :1:1: Premature end of file.
2025-11-28 09:59:49,588 [ERROR] LogOutputStream:75 - [STDERR_REDIRECT] 
2025-11-28 09:59:50,594 [ERROR] LogOutputStream:75 - [STDERR_REDIRECT] [Fatal Error] :1:1: Premature end of file.
2025-11-28 09:59:50,594 [ERROR] LogOutputStream:75 - [STDERR_REDIRECT] 
2025-11-28 09:59:51,583 [ERROR] LogOutputStream:75 - [STDERR_REDIRECT] [Fatal Error] :1:1: Premature end of file.
2025-11-28 09:59:51,583 [ERROR] LogOutputStream:75 - [STDERR_REDIRECT] 
2025-11-28 09:59:52,587 [ERROR] LogOutputStream:75 - [STDERR_REDIRECT] [Fatal Error] :1:1: Premature end of file.
2025-11-28 09:59:52,587 [ERROR] LogOutputStream:75 - [STDERR_REDIRECT] 
2025-11-28 09:59:53,584 [ERROR] LogOutputStream:75 - [STDERR_REDIRECT] [Fatal Error] :1:1: Premature end of file.
2025-11-28 09:59:53,584 [ERROR] LogOutputStream:75 - [STDERR_REDIRECT] 
2025-11-28 09:59:54,584 [ERROR] LogOutputStream:75 - [STDERR_REDIRECT] [Fatal Error] :1:1: Premature end of file.
2025-11-28 09:59:54,584 [ERROR] LogOutputStream:75 - [STDERR_REDIRECT] 
2025-11-28 09:59:55,580 [ERROR] LogOutputStream:75 - [STDERR_REDIRECT] [Fatal Error] :1:1: Premature end of file.
2025-11-28 09:59:55,580 [ERROR] LogOutputStream:75 - [STDERR_REDIRECT] 
2025-11-28 09:59:56,570 [ERROR] LogOutputStream:75 - [STDERR_REDIRECT] [Fatal Error] :1:1: Premature end of file.
2025-11-28 09:59:56,570 [ERROR] LogOutputStream:75 - [STDERR_REDIRECT] 
2025-11-28 09:59:57,580 [ERROR] LogOutputStream:75 - [STDERR_REDIRECT] [Fatal Error] :1:1: Premature end of file.
2025-11-28 09:59:57,580 [ERROR] LogOutputStream:75 - [STDERR_REDIRECT] 
2025-11-28 09:59:58,572 [ERROR] LogOutputStream:75 - [STDERR_REDIRECT] [Fatal Error] :1:1: Premature end of file.
2025-11-28 09:59:58,572 [ERROR] LogOutputStream:75 - [STDERR_REDIRECT] 
2025-11-28 09:59:59,577 [ERROR] LogOutputStream:75 - [STDERR_REDIRECT] [Fatal Error] :1:1: Premature end of file.
2025-11-28 09:59:59,577 [ERROR] LogOutputStream:75 - [STDERR_REDIRECT] 
2025-11-28 10:00:00,572 [ERROR] LogOutputStream:75 - [STDERR_REDIRECT] [Fatal Error] :1:1: Premature end of file.
2025-11-28 10:00:00,572 [ERROR] LogOutputStream:75 - [STDERR_REDIRECT] 
2025-11-28 10:00:01,574 [ERROR] LogOutputStream:75 - [STDERR_REDIRECT] [Fatal Error] :1:1: Premature end of file.
2025-11-28 10:00:01,574 [ERROR] LogOutputStream:75 - [STDERR_REDIRECT] 
2025-11-28 10:00:02,581 [ERROR] LogOutputStream:75 - [STDERR_REDIRECT] [Fatal Error] :1:1: Premature end of file.
2025-11-28 10:00:02,581 [ERROR] LogOutputStream:75 - [STDERR_REDIRECT] 
2025-11-28 10:00:03,578 [ERROR] LogOutputStream:75 - [STDERR_REDIRECT] [Fatal Error] :1:1: Premature end of file.
2025-11-28 10:00:03,578 [ERROR] LogOutputStream:75 - [STDERR_REDIRECT] 
2025-11-28 10:00:04,577 [ERROR] LogOutputStream:75 - [STDERR_REDIRECT] [Fatal Error] :1:1: Premature end of file.
2025-11-28 10:00:04,577 [ERROR] LogOutputStream:75 - [STDERR_REDIRECT] 
2025-11-28 10:00:05,579 [ERROR] LogOutputStream:75 - [STDERR_REDIRECT] [Fatal Error] :1:1: Premature end of file.
2025-11-28 10:00:05,579 [ERROR] LogOutputStream:75 - [STDERR_REDIRECT] 
2025-11-28 10:00:06,575 [ERROR] LogOutputStream:75 - [STDERR_REDIRECT] [Fatal Error] :1:1: Premature end of file.
2025-11-28 10:00:06,575 [ERROR] LogOutputStream:75 - [STDERR_REDIRECT] 
2025-11-28 10:00:07,569 [ERROR] LogOutputStream:75 - [STDERR_REDIRECT] [Fatal Error] :1:1: Premature end of file.
2025-11-28 10:00:07,570 [ERROR] LogOutputStream:75 - [STDERR_REDIRECT] 
2025-11-28 10:00:08,581 [ERROR] LogOutputStream:75 - [STDERR_REDIRECT] [Fatal Error] :1:1: Premature end of file.
2025-11-28 10:00:08,581 [ERROR] LogOutputStream:75 - [STDERR_REDIRECT] 
2025-11-28 10:00:09,583 [ERROR] LogOutputStream:75 - [STDERR_REDIRECT] [Fatal Error] :1:1: Premature end of file.
2025-11-28 10:00:09,583 [ERROR] LogOutputStream:75 - [STDERR_REDIRECT] 
2025-11-28 10:00:10,572 [ERROR] LogOutputStream:75 - [STDERR_REDIRECT] [Fatal Error] :1:1: Premature end of file.
2025-11-28 10:00:10,572 [ERROR] LogOutputStream:75 - [STDERR_REDIRECT] 
2025-11-28 10:00:11,569 [ERROR] LogOutputStream:75 - [STDERR_REDIRECT] [Fatal Error] :1:1: Premature end of file.
2025-11-28 10:00:11,569 [ERROR] LogOutputStream:75 - [STDERR_REDIRECT] 
2025-11-28 10:00:12,576 [ERROR] LogOutputStream:75 - [STDERR_REDIRECT] [Fatal Error] :1:1: Premature end of file.
2025-11-28 10:00:12,576 [ERROR] LogOutputStream:75 - [STDERR_REDIRECT] 
2025-11-28 10:00:13,587 [ERROR] LogOutputStream:75 - [STDERR_REDIRECT] [Fatal Error] :1:1: Premature end of file.
2025-11-28 10:00:13,587 [ERROR] LogOutputStream:75 - [STDERR_REDIRECT] 
2025-11-28 10:00:14,580 [ERROR] LogOutputStream:75 - [STDERR_REDIRECT] [Fatal Error] :1:1: Premature end of file.
2025-11-28 10:00:14,580 [ERROR] LogOutputStream:75 - [STDERR_REDIRECT] 
2025-11-28 10:00:15,572 [ERROR] LogOutputStream:75 - [STDERR_REDIRECT] [Fatal Error] :1:1: Premature end of file.
2025-11-28 10:00:15,572 [ERROR] LogOutputStream:75 - [STDERR_REDIRECT] 
2025-11-28 10:00:16,572 [ERROR] LogOutputStream:75 - [STDERR_REDIRECT] [Fatal Error] :1:1: Premature end of file.
2025-11-28 10:00:16,573 [ERROR] LogOutputStream:75 - [STDERR_REDIRECT] 
2025-11-28 10:00:17,590 [ERROR] LogOutputStream:75 - [STDERR_REDIRECT] [Fatal Error] :1:1: Premature end of file.
2025-11-28 10:00:17,590 [ERROR] LogOutputStream:75 - [STDERR_REDIRECT] 
2025-11-28 10:00:18,572 [ERROR] LogOutputStream:75 - [STDERR_REDIRECT] [Fatal Error] :1:1: Premature end of file.
2025-11-28 10:00:18,573 [ERROR] LogOutputStream:75 - [STDERR_REDIRECT] 
2025-11-28 10:00:19,573 [ERROR] LogOutputStream:75 - [STDERR_REDIRECT] [Fatal Error] :1:1: Premature end of file.
2025-11-28 10:00:19,573 [ERROR] LogOutputStream:75 - [STDERR_REDIRECT] 
2025-11-28 10:00:20,576 [ERROR] LogOutputStream:75 - [STDERR_REDIRECT] [Fatal Error] :1:1: Premature end of file.
2025-11-28 10:00:20,576 [ERROR] LogOutputStream:75 - [STDERR_REDIRECT] 
2025-11-28 10:00:21,573 [ERROR] LogOutputStream:75 - [STDERR_REDIRECT] [Fatal Error] :1:1: Premature end of file.
2025-11-28 10:00:21,573 [ERROR] LogOutputStream:75 - [STDERR_REDIRECT] 
2025-11-28 10:00:22,585 [ERROR] LogOutputStream:75 - [STDERR_REDIRECT] [Fatal Error] :1:1: Premature end of file.
2025-11-28 10:00:22,585 [ERROR] LogOutputStream:75 - [STDERR_REDIRECT] 
2025-11-28 10:00:23,577 [ERROR] LogOutputStream:75 - [STDERR_REDIRECT] [Fatal Error] :1:1: Premature end of file.
2025-11-28 10:00:23,577 [ERROR] LogOutputStream:75 - [STDERR_REDIRECT] 
2025-11-28 10:00:24,574 [ERROR] LogOutputStream:75 - [STDERR_REDIRECT] [Fatal Error] :1:1: Premature end of file.
2025-11-28 10:00:24,574 [ERROR] LogOutputStream:75 - [STDERR_REDIRECT] 
2025-11-28 10:00:25,584 [ERROR] LogOutputStream:75 - [STDERR_REDIRECT] [Fatal Error] :1:1: Premature end of file.
2025-11-28 10:00:25,584 [ERROR] LogOutputStream:75 - [STDERR_REDIRECT] 
2025-11-28 10:00:26,573 [ERROR] LogOutputStream:75 - [STDERR_REDIRECT] [Fatal Error] :1:1: Premature end of file.
2025-11-28 10:00:26,573 [ERROR] LogOutputStream:75 - [STDERR_REDIRECT] 
2025-11-28 10:00:27,579 [ERROR] LogOutputStream:75 - [STDERR_REDIRECT] [Fatal Error] :1:1: Premature end of file.
2025-11-28 10:00:27,579 [ERROR] LogOutputStream:75 - [STDERR_REDIRECT] 
2025-11-28 10:00:28,572 [ERROR] LogOutputStream:75 - [STDERR_REDIRECT] [Fatal Error] :1:1: Premature end of file.
2025-11-28 10:00:28,572 [ERROR] LogOutputStream:75 - [STDERR_REDIRECT] 
2025-11-28 10:00:29,570 [ERROR] LogOutputStream:75 - [STDERR_REDIRECT] [Fatal Error] :1:1: Premature end of file.
2025-11-28 10:00:29,570 [ERROR] LogOutputStream:75 - [STDERR_REDIRECT] 
2025-11-28 10:00:30,572 [ERROR] LogOutputStream:75 - [STDERR_REDIRECT] [Fatal Error] :1:1: Premature end of file.
2025-11-28 10:00:30,572 [ERROR] LogOutputStream:75 - [STDERR_REDIRECT] 
2025-11-28 10:00:31,586 [ERROR] LogOutputStream:75 - [STDERR_REDIRECT] [Fatal Error] :1:1: Premature end of file.
2025-11-28 10:00:31,586 [ERROR] LogOutputStream:75 - [STDERR_REDIRECT] 
2025-11-28 10:00:32,574 [ERROR] LogOutputStream:75 - [STDERR_REDIRECT] [Fatal Error] :1:1: Premature end of file.
2025-11-28 10:00:32,574 [ERROR] LogOutputStream:75 - [STDERR_REDIRECT] 
2025-11-28 10:00:33,571 [ERROR] LogOutputStream:75 - [STDERR_REDIRECT] [Fatal Error] :1:1: Premature end of file.
2025-11-28 10:00:33,571 [ERROR] LogOutputStream:75 - [STDERR_REDIRECT] 
2025-11-28 10:00:34,570 [ERROR] LogOutputStream:75 - [STDERR_REDIRECT] [Fatal Error] :1:1: Premature end of file.
2025-11-28 10:00:34,570 [ERROR] LogOutputStream:75 - [STDERR_REDIRECT] 
2025-11-28 10:00:35,573 [ERROR] LogOutputStream:75 - [STDERR_REDIRECT] [Fatal Error] :1:1: Premature end of file.
2025-11-28 10:00:35,573 [ERROR] LogOutputStream:75 - [STDERR_REDIRECT] 
2025-11-28 10:00:36,614 [ERROR] LogOutputStream:75 - [STDERR_REDIRECT] [Fatal Error] :1:1: Premature end of file.
2025-11-28 10:00:36,614 [ERROR] LogOutputStream:75 - [STDERR_REDIRECT] 
2025-11-28 10:00:37,570 [ERROR] LogOutputStream:75 - [STDERR_REDIRECT] [Fatal Error] :1:1: Premature end of file.
2025-11-28 10:00:37,570 [ERROR] LogOutputStream:75 - [STDERR_REDIRECT] 
2025-11-28 10:00:38,573 [ERROR] LogOutputStream:75 - [STDERR_REDIRECT] [Fatal Error] :1:1: Premature end of file.
2025-11-28 10:00:38,573 [ERROR] LogOutputStream:75 - [STDERR_REDIRECT] 
2025-11-28 10:00:39,575 [ERROR] LogOutputStream:75 - [STDERR_REDIRECT] [Fatal Error] :1:1: Premature end of file.
2025-11-28 10:00:39,575 [ERROR] LogOutputStream:75 - [STDERR_REDIRECT] 
2025-11-28 10:00:40,574 [ERROR] LogOutputStream:75 - [STDERR_REDIRECT] [Fatal Error] :1:1: Premature end of file.
2025-11-28 10:00:40,574 [ERROR] LogOutputStream:75 - [STDERR_REDIRECT] 
2025-11-28 10:00:41,573 [ERROR] LogOutputStream:75 - [STDERR_REDIRECT] [Fatal Error] :1:1: Premature end of file.
2025-11-28 10:00:41,573 [ERROR] LogOutputStream:75 - [STDERR_REDIRECT] 
2025-11-28 10:00:42,576 [ERROR] LogOutputStream:75 - [STDERR_REDIRECT] [Fatal Error] :1:1: Premature end of file.
2025-11-28 10:00:42,576 [ERROR] LogOutputStream:75 - [STDERR_REDIRECT] 
2025-11-28 10:00:43,584 [ERROR] LogOutputStream:75 - [STDERR_REDIRECT] [Fatal Error] :1:1: Premature end of file.
2025-11-28 10:00:43,584 [ERROR] LogOutputStream:75 - [STDERR_REDIRECT] 
2025-11-28 10:00:44,576 [ERROR] LogOutputStream:75 - [STDERR_REDIRECT] [Fatal Error] :1:1: Premature end of file.
2025-11-28 10:00:44,576 [ERROR] LogOutputStream:75 - [STDERR_REDIRECT] 
2025-11-28 10:00:45,575 [ERROR] LogOutputStream:75 - [STDERR_REDIRECT] [Fatal Error] :1:1: Premature end of file.
2025-11-28 10:00:45,575 [ERROR] LogOutputStream:75 - [STDERR_REDIRECT] 
2025-11-28 10:00:46,665 [ERROR] LogOutputStream:75 - [STDERR_REDIRECT] [Fatal Error] :1:1: Premature end of file.
2025-11-28 10:00:46,665 [ERROR] LogOutputStream:75 - [STDERR_REDIRECT] 
2025-11-28 10:00:47,572 [ERROR] LogOutputStream:75 - [STDERR_REDIRECT] [Fatal Error] :1:1: Premature end of file.
2025-11-28 10:00:47,572 [ERROR] LogOutputStream:75 - [STDERR_REDIRECT] 
2025-11-28 10:00:48,572 [ERROR] LogOutputStream:75 - [STDERR_REDIRECT] [Fatal Error] :1:1: Premature end of file.
2025-11-28 10:00:48,572 [ERROR] LogOutputStream:75 - [STDERR_REDIRECT] 
2025-11-28 10:00:49,573 [ERROR] LogOutputStream:75 - [STDERR_REDIRECT] [Fatal Error] :1:1: Premature end of file.
2025-11-28 10:00:49,573 [ERROR] LogOutputStream:75 - [STDERR_REDIRECT] 
2025-11-28 10:00:50,629 [ERROR] LogOutputStream:75 - [STDERR_REDIRECT] [Fatal Error] :1:1: Premature end of file.
2025-11-28 10:00:50,629 [ERROR] LogOutputStream:75 - [STDERR_REDIRECT] 
2025-11-28 10:00:51,572 [ERROR] LogOutputStream:75 - [STDERR_REDIRECT] [Fatal Error] :1:1: Premature end of file.
2025-11-28 10:00:51,572 [ERROR] LogOutputStream:75 - [STDERR_REDIRECT] 
2025-11-28 10:00:52,570 [ERROR] LogOutputStream:75 - [STDERR_REDIRECT] [Fatal Error] :1:1: Premature end of file.
2025-11-28 10:00:52,570 [ERROR] LogOutputStream:75 - [STDERR_REDIRECT] 
2025-11-28 10:00:53,573 [ERROR] LogOutputStream:75 - [STDERR_REDIRECT] [Fatal Error] :1:1: Premature end of file.
2025-11-28 10:00:53,573 [ERROR] LogOutputStream:75 - [STDERR_REDIRECT] 
2025-11-28 10:00:54,577 [ERROR] LogOutputStream:75 - [STDERR_REDIRECT] [Fatal Error] :1:1: Premature end of file.
2025-11-28 10:00:54,577 [ERROR] LogOutputStream:75 - [STDERR_REDIRECT] 
2025-11-28 10:00:55,571 [ERROR] LogOutputStream:75 - [STDERR_REDIRECT] [Fatal Error] :1:1: Premature end of file.
2025-11-28 10:00:55,572 [ERROR] LogOutputStream:75 - [STDERR_REDIRECT] 
2025-11-28 10:00:56,573 [ERROR] LogOutputStream:75 - [STDERR_REDIRECT] [Fatal Error] :1:1: Premature end of file.
2025-11-28 10:00:56,573 [ERROR] LogOutputStream:75 - [STDERR_REDIRECT] 
2025-11-28 10:00:57,590 [ERROR] LogOutputStream:75 - [STDERR_REDIRECT] [Fatal Error] :1:1: Premature end of file.
2025-11-28 10:00:57,590 [ERROR] LogOutputStream:75 - [STDERR_REDIRECT] 
2025-11-28 10:00:58,577 [ERROR] LogOutputStream:75 - [STDERR_REDIRECT] [Fatal Error] :1:1: Premature end of file.
2025-11-28 10:00:58,578 [ERROR] LogOutputStream:75 - [STDERR_REDIRECT] 
2025-11-28 10:00:59,579 [ERROR] LogOutputStream:75 - [STDERR_REDIRECT] [Fatal Error] :1:1: Premature end of file.
2025-11-28 10:00:59,579 [ERROR] LogOutputStream:75 - [STDERR_REDIRECT] 
2025-11-28 10:01:00,577 [ERROR] LogOutputStream:75 - [STDERR_REDIRECT] [Fatal Error] :1:1: Premature end of file.
2025-11-28 10:01:00,577 [ERROR] LogOutputStream:75 - [STDERR_REDIRECT] 
2025-11-28 10:01:01,606 [ERROR] LogOutputStream:75 - [STDERR_REDIRECT] [Fatal Error] :1:1: Premature end of file.
2025-11-28 10:01:01,606 [ERROR] LogOutputStream:75 - [STDERR_REDIRECT] 
2025-11-28 10:01:02,573 [ERROR] LogOutputStream:75 - [STDERR_REDIRECT] [Fatal Error] :1:1: Premature end of file.
2025-11-28 10:01:02,573 [ERROR] LogOutputStream:75 - [STDERR_REDIRECT] 
2025-11-28 10:01:03,575 [ERROR] LogOutputStream:75 - [STDERR_REDIRECT] [Fatal Error] :1:1: Premature end of file.
2025-11-28 10:01:03,575 [ERROR] LogOutputStream:75 - [STDERR_REDIRECT] 
2025-11-28 10:01:04,586 [ERROR] LogOutputStream:75 - [STDERR_REDIRECT] [Fatal Error] :1:1: Premature end of file.
2025-11-28 10:01:04,586 [ERROR] LogOutputStream:75 - [STDERR_REDIRECT] 
2025-11-28 10:01:05,583 [ERROR] LogOutputStream:75 - [STDERR_REDIRECT] [Fatal Error] :1:1: Premature end of file.
2025-11-28 10:01:05,583 [ERROR] LogOutputStream:75 - [STDERR_REDIRECT] 
2025-11-28 10:01:06,595 [ERROR] LogOutputStream:75 - [STDERR_REDIRECT] [Fatal Error] :1:1: Premature end of file.
2025-11-28 10:01:06,595 [ERROR] LogOutputStream:75 - [STDERR_REDIRECT] 
2025-11-28 10:01:07,581 [ERROR] LogOutputStream:75 - [STDERR_REDIRECT] [Fatal Error] :1:1: Premature end of file.
2025-11-28 10:01:07,581 [ERROR] LogOutputStream:75 - [STDERR_REDIRECT] 
2025-11-28 10:01:08,584 [ERROR] LogOutputStream:75 - [STDERR_REDIRECT] [Fatal Error] :1:1: Premature end of file.
2025-11-28 10:01:08,584 [ERROR] LogOutputStream:75 - [STDERR_REDIRECT] 
2025-11-28 10:01:09,576 [ERROR] LogOutputStream:75 - [STDERR_REDIRECT] [Fatal Error] :1:1: Premature end of file.
2025-11-28 10:01:09,576 [ERROR] LogOutputStream:75 - [STDERR_REDIRECT] 
2025-11-28 10:01:10,584 [ERROR] LogOutputStream:75 - [STDERR_REDIRECT] [Fatal Error] :1:1: Premature end of file.
2025-11-28 10:01:10,584 [ERROR] LogOutputStream:75 - [STDERR_REDIRECT] 
2025-11-28 10:01:11,585 [ERROR] LogOutputStream:75 - [STDERR_REDIRECT] [Fatal Error] :1:1: Premature end of file.
2025-11-28 10:01:11,585 [ERROR] LogOutputStream:75 - [STDERR_REDIRECT] 
2025-11-28 10:01:12,575 [ERROR] LogOutputStream:75 - [STDERR_REDIRECT] [Fatal Error] :1:1: Premature end of file.
2025-11-28 10:01:12,575 [ERROR] LogOutputStream:75 - [STDERR_REDIRECT] 
2025-11-28 10:01:13,573 [ERROR] LogOutputStream:75 - [STDERR_REDIRECT] [Fatal Error] :1:1: Premature end of file.
2025-11-28 10:01:13,573 [ERROR] LogOutputStream:75 - [STDERR_REDIRECT] 
2025-11-28 10:01:14,593 [ERROR] LogOutputStream:75 - [STDERR_REDIRECT] [Fatal Error] :1:1: Premature end of file.
2025-11-28 10:01:14,593 [ERROR] LogOutputStream:75 - [STDERR_REDIRECT] 
2025-11-28 10:01:15,576 [ERROR] LogOutputStream:75 - [STDERR_REDIRECT] [Fatal Error] :1:1: Premature end of file.
2025-11-28 10:01:15,576 [ERROR] LogOutputStream:75 - [STDERR_REDIRECT] 
2025-11-28 10:01:16,590 [ERROR] LogOutputStream:75 - [STDERR_REDIRECT] [Fatal Error] :1:1: Premature end of file.
2025-11-28 10:01:16,590 [ERROR] LogOutputStream:75 - [STDERR_REDIRECT] 
2025-11-28 10:01:17,571 [ERROR] LogOutputStream:75 - [STDERR_REDIRECT] [Fatal Error] :1:1: Premature end of file.
2025-11-28 10:01:17,571 [ERROR] LogOutputStream:75 - [STDERR_REDIRECT] 
2025-11-28 10:01:18,587 [ERROR] LogOutputStream:75 - [STDERR_REDIRECT] [Fatal Error] :1:1: Premature end of file.
2025-11-28 10:01:18,587 [ERROR] LogOutputStream:75 - [STDERR_REDIRECT] 
2025-11-28 10:01:19,576 [ERROR] LogOutputStream:75 - [STDERR_REDIRECT] [Fatal Error] :1:1: Premature end of file.
2025-11-28 10:01:19,576 [ERROR] LogOutputStream:75 - [STDERR_REDIRECT] 
2025-11-28 10:01:20,580 [ERROR] LogOutputStream:75 - [STDERR_REDIRECT] [Fatal Error] :1:1: Premature end of file.
2025-11-28 10:01:20,580 [ERROR] LogOutputStream:75 - [STDERR_REDIRECT] 
2025-11-28 10:01:21,582 [ERROR] LogOutputStream:75 - [STDERR_REDIRECT] [Fatal Error] :1:1: Premature end of file.
2025-11-28 10:01:21,582 [ERROR] LogOutputStream:75 - [STDERR_REDIRECT] 
2025-11-28 10:01:22,593 [ERROR] LogOutputStream:75 - [STDERR_REDIRECT] [Fatal Error] :1:1: Premature end of file.
2025-11-28 10:01:22,593 [ERROR] LogOutputStream:75 - [STDERR_REDIRECT] 
2025-11-28 10:01:23,587 [ERROR] LogOutputStream:75 - [STDERR_REDIRECT] [Fatal Error] :1:1: Premature end of file.
2025-11-28 10:01:23,587 [ERROR] LogOutputStream:75 - [STDERR_REDIRECT] 
2025-11-28 10:01:24,579 [ERROR] LogOutputStream:75 - [STDERR_REDIRECT] [Fatal Error] :1:1: Premature end of file.
2025-11-28 10:01:24,579 [ERROR] LogOutputStream:75 - [STDERR_REDIRECT] 
2025-11-28 10:01:25,570 [ERROR] LogOutputStream:75 - [STDERR_REDIRECT] [Fatal Error] :1:1: Premature end of file.
2025-11-28 10:01:25,570 [ERROR] LogOutputStream:75 - [STDERR_REDIRECT] 
2025-11-28 10:01:26,577 [ERROR] LogOutputStream:75 - [STDERR_REDIRECT] [Fatal Error] :1:1: Premature end of file.
2025-11-28 10:01:26,577 [ERROR] LogOutputStream:75 - [STDERR_REDIRECT] 
2025-11-28 10:01:27,577 [ERROR] LogOutputStream:75 - [STDERR_REDIRECT] [Fatal Error] :1:1: Premature end of file.
2025-11-28 10:01:27,577 [ERROR] LogOutputStream:75 - [STDERR_REDIRECT] 
2025-11-28 10:01:28,573 [ERROR] LogOutputStream:75 - [STDERR_REDIRECT] [Fatal Error] :1:1: Premature end of file.
2025-11-28 10:01:28,573 [ERROR] LogOutputStream:75 - [STDERR_REDIRECT] 
2025-11-28 10:01:29,571 [ERROR] LogOutputStream:75 - [STDERR_REDIRECT] [Fatal Error] :1:1: Premature end of file.
2025-11-28 10:01:29,572 [ERROR] LogOutputStream:75 - [STDERR_REDIRECT] 
2025-11-28 10:01:30,574 [ERROR] LogOutputStream:75 - [STDERR_REDIRECT] [Fatal Error] :1:1: Premature end of file.
2025-11-28 10:01:30,574 [ERROR] LogOutputStream:75 - [STDERR_REDIRECT] 
2025-11-28 10:01:31,577 [ERROR] LogOutputStream:75 - [STDERR_REDIRECT] [Fatal Error] :1:1: Premature end of file.
2025-11-28 10:01:31,577 [ERROR] LogOutputStream:75 - [STDERR_REDIRECT] 
2025-11-28 10:01:32,571 [ERROR] LogOutputStream:75 - [STDERR_REDIRECT] [Fatal Error] :1:1: Premature end of file.
2025-11-28 10:01:32,571 [ERROR] LogOutputStream:75 - [STDERR_REDIRECT] 
2025-11-28 10:01:33,570 [ERROR] LogOutputStream:75 - [STDERR_REDIRECT] [Fatal Error] :1:1: Premature end of file.
2025-11-28 10:01:33,570 [ERROR] LogOutputStream:75 - [STDERR_REDIRECT] 
2025-11-28 10:01:34,576 [ERROR] LogOutputStream:75 - [STDERR_REDIRECT] [Fatal Error] :1:1: Premature end of file.
2025-11-28 10:01:34,576 [ERROR] LogOutputStream:75 - [STDERR_REDIRECT] 
2025-11-28 10:01:35,584 [ERROR] LogOutputStream:75 - [STDERR_REDIRECT] [Fatal Error] :1:1: Premature end of file.
2025-11-28 10:01:35,584 [ERROR] LogOutputStream:75 - [STDERR_REDIRECT] 
2025-11-28 10:01:36,572 [ERROR] LogOutputStream:75 - [STDERR_REDIRECT] [Fatal Error] :1:1: Premature end of file.
2025-11-28 10:01:36,572 [ERROR] LogOutputStream:75 - [STDERR_REDIRECT] 
2025-11-28 10:01:37,582 [ERROR] LogOutputStream:75 - [STDERR_REDIRECT] [Fatal Error] :1:1: Premature end of file.
2025-11-28 10:01:37,583 [ERROR] LogOutputStream:75 - [STDERR_REDIRECT] 
2025-11-28 10:01:38,573 [ERROR] LogOutputStream:75 - [STDERR_REDIRECT] [Fatal Error] :1:1: Premature end of file.
2025-11-28 10:01:38,573 [ERROR] LogOutputStream:75 - [STDERR_REDIRECT] 
2025-11-28 10:01:39,577 [ERROR] LogOutputStream:75 - [STDERR_REDIRECT] [Fatal Error] :1:1: Premature end of file.
2025-11-28 10:01:39,577 [ERROR] LogOutputStream:75 - [STDERR_REDIRECT] 
2025-11-28 10:01:40,583 [ERROR] LogOutputStream:75 - [STDERR_REDIRECT] [Fatal Error] :1:1: Premature end of file.
2025-11-28 10:01:40,583 [ERROR] LogOutputStream:75 - [STDERR_REDIRECT] 
2025-11-28 10:01:41,582 [ERROR] LogOutputStream:75 - [STDERR_REDIRECT] [Fatal Error] :1:1: Premature end of file.
2025-11-28 10:01:41,582 [ERROR] LogOutputStream:75 - [STDERR_REDIRECT] 
2025-11-28 10:01:42,577 [ERROR] LogOutputStream:75 - [STDERR_REDIRECT] [Fatal Error] :1:1: Premature end of file.
2025-11-28 10:01:42,577 [ERROR] LogOutputStream:75 - [STDERR_REDIRECT] 
2025-11-28 10:01:43,580 [ERROR] LogOutputStream:75 - [STDERR_REDIRECT] [Fatal Error] :1:1: Premature end of file.
2025-11-28 10:01:43,581 [ERROR] LogOutputStream:75 - [STDERR_REDIRECT] 
2025-11-28 10:01:44,577 [ERROR] LogOutputStream:75 - [STDERR_REDIRECT] [Fatal Error] :1:1: Premature end of file.
2025-11-28 10:01:44,577 [ERROR] LogOutputStream:75 - [STDERR_REDIRECT] 
2025-11-28 10:01:45,578 [ERROR] LogOutputStream:75 - [STDERR_REDIRECT] [Fatal Error] :1:1: Premature end of file.
2025-11-28 10:01:45,578 [ERROR] LogOutputStream:75 - [STDERR_REDIRECT] 
2025-11-28 10:01:46,599 [ERROR] LogOutputStream:75 - [STDERR_REDIRECT] [Fatal Error] :1:1: Premature end of file.
2025-11-28 10:01:46,599 [ERROR] LogOutputStream:75 - [STDERR_REDIRECT] 
2025-11-28 10:01:47,571 [ERROR] LogOutputStream:75 - [STDERR_REDIRECT] [Fatal Error] :1:1: Premature end of file.
2025-11-28 10:01:47,571 [ERROR] LogOutputStream:75 - [STDERR_REDIRECT] 
2025-11-28 10:01:48,571 [ERROR] LogOutputStream:75 - [STDERR_REDIRECT] [Fatal Error] :1:1: Premature end of file.
2025-11-28 10:01:48,572 [ERROR] LogOutputStream:75 - [STDERR_REDIRECT] 
2025-11-28 10:01:49,571 [ERROR] LogOutputStream:75 - [STDERR_REDIRECT] [Fatal Error] :1:1: Premature end of file.
2025-11-28 10:01:49,571 [ERROR] LogOutputStream:75 - [STDERR_REDIRECT] 
2025-11-28 10:01:50,575 [ERROR] LogOutputStream:75 - [STDERR_REDIRECT] [Fatal Error] :1:1: Premature end of file.
2025-11-28 10:01:50,575 [ERROR] LogOutputStream:75 - [STDERR_REDIRECT] 
2025-11-28 10:01:51,573 [ERROR] LogOutputStream:75 - [STDERR_REDIRECT] [Fatal Error] :1:1: Premature end of file.
2025-11-28 10:01:51,573 [ERROR] LogOutputStream:75 - [STDERR_REDIRECT] 
2025-11-28 10:01:52,580 [ERROR] LogOutputStream:75 - [STDERR_REDIRECT] [Fatal Error] :1:1: Premature end of file.
2025-11-28 10:01:52,580 [ERROR] LogOutputStream:75 - [STDERR_REDIRECT] 
2025-11-28 10:01:53,571 [ERROR] LogOutputStream:75 - [STDERR_REDIRECT] [Fatal Error] :1:1: Premature end of file.
2025-11-28 10:01:53,572 [ERROR] LogOutputStream:75 - [STDERR_REDIRECT] 
2025-11-28 10:01:54,577 [ERROR] LogOutputStream:75 - [STDERR_REDIRECT] [Fatal Error] :1:1: Premature end of file.
2025-11-28 10:01:54,577 [ERROR] LogOutputStream:75 - [STDERR_REDIRECT] 
2025-11-28 10:01:55,585 [ERROR] LogOutputStream:75 - [STDERR_REDIRECT] [Fatal Error] :1:1: Premature end of file.
2025-11-28 10:01:55,585 [ERROR] LogOutputStream:75 - [STDERR_REDIRECT] 
2025-11-28 10:01:56,570 [ERROR] LogOutputStream:75 - [STDERR_REDIRECT] [Fatal Error] :1:1: Premature end of file.
2025-11-28 10:01:56,571 [ERROR] LogOutputStream:75 - [STDERR_REDIRECT] 
2025-11-28 10:01:57,579 [ERROR] LogOutputStream:75 - [STDERR_REDIRECT] [Fatal Error] :1:1: Premature end of file.
2025-11-28 10:01:57,579 [ERROR] LogOutputStream:75 - [STDERR_REDIRECT] 
2025-11-28 10:01:58,571 [ERROR] LogOutputStream:75 - [STDERR_REDIRECT] [Fatal Error] :1:1: Premature end of file.
2025-11-28 10:01:58,571 [ERROR] LogOutputStream:75 - [STDERR_REDIRECT] 
2025-11-28 10:01:59,583 [ERROR] LogOutputStream:75 - [STDERR_REDIRECT] [Fatal Error] :1:1: Premature end of file.
2025-11-28 10:01:59,584 [ERROR] LogOutputStream:75 - [STDERR_REDIRECT] 
2025-11-28 10:02:00,578 [ERROR] LogOutputStream:75 - [STDERR_REDIRECT] [Fatal Error] :1:1: Premature end of file.
2025-11-28 10:02:00,578 [ERROR] LogOutputStream:75 - [STDERR_REDIRECT] 
2025-11-28 10:02:01,581 [ERROR] LogOutputStream:75 - [STDERR_REDIRECT] [Fatal Error] :1:1: Premature end of file.
2025-11-28 10:02:01,581 [ERROR] LogOutputStream:75 - [STDERR_REDIRECT] 
2025-11-28 10:02:02,570 [ERROR] LogOutputStream:75 - [STDERR_REDIRECT] [Fatal Error] :1:1: Premature end of file.
2025-11-28 10:02:02,570 [ERROR] LogOutputStream:75 - [STDERR_REDIRECT] 
2025-11-28 10:02:03,574 [ERROR] LogOutputStream:75 - [STDERR_REDIRECT] [Fatal Error] :1:1: Premature end of file.
2025-11-28 10:02:03,575 [ERROR] LogOutputStream:75 - [STDERR_REDIRECT] 
2025-11-28 10:02:04,575 [ERROR] LogOutputStream:75 - [STDERR_REDIRECT] [Fatal Error] :1:1: Premature end of file.
2025-11-28 10:02:04,575 [ERROR] LogOutputStream:75 - [STDERR_REDIRECT] 
2025-11-28 10:02:05,579 [ERROR] LogOutputStream:75 - [STDERR_REDIRECT] [Fatal Error] :1:1: Premature end of file.
2025-11-28 10:02:05,579 [ERROR] LogOutputStream:75 - [STDERR_REDIRECT] 
2025-11-28 10:02:06,577 [ERROR] LogOutputStream:75 - [STDERR_REDIRECT] [Fatal Error] :1:1: Premature end of file.
2025-11-28 10:02:06,577 [ERROR] LogOutputStream:75 - [STDERR_REDIRECT] 
2025-11-28 10:02:07,587 [ERROR] LogOutputStream:75 - [STDERR_REDIRECT] [Fatal Error] :1:1: Premature end of file.
2025-11-28 10:02:07,587 [ERROR] LogOutputStream:75 - [STDERR_REDIRECT] 
2025-11-28 10:02:08,573 [ERROR] LogOutputStream:75 - [STDERR_REDIRECT] [Fatal Error] :1:1: Premature end of file.
2025-11-28 10:02:08,573 [ERROR] LogOutputStream:75 - [STDERR_REDIRECT] 
2025-11-28 10:02:09,575 [ERROR] LogOutputStream:75 - [STDERR_REDIRECT] [Fatal Error] :1:1: Premature end of file.
2025-11-28 10:02:09,575 [ERROR] LogOutputStream:75 - [STDERR_REDIRECT] 
2025-11-28 10:02:10,570 [ERROR] LogOutputStream:75 - [STDERR_REDIRECT] [Fatal Error] :1:1: Premature end of file.
2025-11-28 10:02:10,570 [ERROR] LogOutputStream:75 - [STDERR_REDIRECT] 
2025-11-28 10:02:11,571 [ERROR] LogOutputStream:75 - [STDERR_REDIRECT] [Fatal Error] :1:1: Premature end of file.
2025-11-28 10:02:11,571 [ERROR] LogOutputStream:75 - [STDERR_REDIRECT] 
2025-11-28 10:02:12,585 [ERROR] LogOutputStream:75 - [STDERR_REDIRECT] [Fatal Error] :1:1: Premature end of file.
2025-11-28 10:02:12,585 [ERROR] LogOutputStream:75 - [STDERR_REDIRECT] 
2025-11-28 10:02:13,572 [ERROR] LogOutputStream:75 - [STDERR_REDIRECT] [Fatal Error] :1:1: Premature end of file.
2025-11-28 10:02:13,572 [ERROR] LogOutputStream:75 - [STDERR_REDIRECT] 
2025-11-28 10:02:14,571 [ERROR] LogOutputStream:75 - [STDERR_REDIRECT] [Fatal Error] :1:1: Premature end of file.
2025-11-28 10:02:14,571 [ERROR] LogOutputStream:75 - [STDERR_REDIRECT] 
2025-11-28 10:02:15,579 [ERROR] LogOutputStream:75 - [STDERR_REDIRECT] [Fatal Error] :1:1: Premature end of file.
2025-11-28 10:02:15,579 [ERROR] LogOutputStream:75 - [STDERR_REDIRECT] 
2025-11-28 10:02:16,585 [ERROR] LogOutputStream:75 - [STDERR_REDIRECT] [Fatal Error] :1:1: Premature end of file.
2025-11-28 10:02:16,585 [ERROR] LogOutputStream:75 - [STDERR_REDIRECT] 
2025-11-28 10:02:17,572 [ERROR] LogOutputStream:75 - [STDERR_REDIRECT] [Fatal Error] :1:1: Premature end of file.
2025-11-28 10:02:17,572 [ERROR] LogOutputStream:75 - [STDERR_REDIRECT] 
2025-11-28 10:02:18,580 [ERROR] LogOutputStream:75 - [STDERR_REDIRECT] [Fatal Error] :1:1: Premature end of file.
2025-11-28 10:02:18,580 [ERROR] LogOutputStream:75 - [STDERR_REDIRECT] 
2025-11-28 10:02:19,573 [ERROR] LogOutputStream:75 - [STDERR_REDIRECT] [Fatal Error] :1:1: Premature end of file.
2025-11-28 10:02:19,573 [ERROR] LogOutputStream:75 - [STDERR_REDIRECT] 
2025-11-28 10:02:20,577 [ERROR] LogOutputStream:75 - [STDERR_REDIRECT] [Fatal Error] :1:1: Premature end of file.
2025-11-28 10:02:20,577 [ERROR] LogOutputStream:75 - [STDERR_REDIRECT] 
2025-11-28 10:02:21,572 [ERROR] LogOutputStream:75 - [STDERR_REDIRECT] [Fatal Error] :1:1: Premature end of file.
2025-11-28 10:02:21,572 [ERROR] LogOutputStream:75 - [STDERR_REDIRECT] 
2025-11-28 10:02:22,574 [ERROR] LogOutputStream:75 - [STDERR_REDIRECT] [Fatal Error] :1:1: Premature end of file.
2025-11-28 10:02:22,574 [ERROR] LogOutputStream:75 - [STDERR_REDIRECT] 
2025-11-28 10:02:23,580 [ERROR] LogOutputStream:75 - [STDERR_REDIRECT] [Fatal Error] :1:1: Premature end of file.
2025-11-28 10:02:23,580 [ERROR] LogOutputStream:75 - [STDERR_REDIRECT] 
2025-11-28 10:02:24,577 [ERROR] LogOutputStream:75 - [STDERR_REDIRECT] [Fatal Error] :1:1: Premature end of file.
2025-11-28 10:02:24,577 [ERROR] LogOutputStream:75 - [STDERR_REDIRECT] 
2025-11-28 10:02:25,587 [ERROR] LogOutputStream:75 - [STDERR_REDIRECT] [Fatal Error] :1:1: Premature end of file.
2025-11-28 10:02:25,587 [ERROR] LogOutputStream:75 - [STDERR_REDIRECT] 
2025-11-28 10:02:26,582 [ERROR] LogOutputStream:75 - [STDERR_REDIRECT] [Fatal Error] :1:1: Premature end of file.
2025-11-28 10:02:26,582 [ERROR] LogOutputStream:75 - [STDERR_REDIRECT] 
2025-11-28 10:02:27,588 [ERROR] LogOutputStream:75 - [STDERR_REDIRECT] [Fatal Error] :1:1: Premature end of file.
2025-11-28 10:02:27,588 [ERROR] LogOutputStream:75 - [STDERR_REDIRECT] 
2025-11-28 10:02:28,581 [ERROR] LogOutputStream:75 - [STDERR_REDIRECT] [Fatal Error] :1:1: Premature end of file.
2025-11-28 10:02:28,581 [ERROR] LogOutputStream:75 - [STDERR_REDIRECT] 
2025-11-28 10:02:29,581 [ERROR] LogOutputStream:75 - [STDERR_REDIRECT] [Fatal Error] :1:1: Premature end of file.
2025-11-28 10:02:29,581 [ERROR] LogOutputStream:75 - [STDERR_REDIRECT] 
2025-11-28 10:02:30,573 [ERROR] LogOutputStream:75 - [STDERR_REDIRECT] [Fatal Error] :1:1: Premature end of file.
2025-11-28 10:02:30,573 [ERROR] LogOutputStream:75 - [STDERR_REDIRECT] 
2025-11-28 10:02:31,587 [ERROR] LogOutputStream:75 - [STDERR_REDIRECT] [Fatal Error] :1:1: Premature end of file.
2025-11-28 10:02:31,588 [ERROR] LogOutputStream:75 - [STDERR_REDIRECT] 
2025-11-28 10:02:32,580 [ERROR] LogOutputStream:75 - [STDERR_REDIRECT] [Fatal Error] :1:1: Premature end of file.
2025-11-28 10:02:32,580 [ERROR] LogOutputStream:75 - [STDERR_REDIRECT] 
2025-11-28 10:02:33,577 [ERROR] LogOutputStream:75 - [STDERR_REDIRECT] [Fatal Error] :1:1: Premature end of file.
2025-11-28 10:02:33,577 [ERROR] LogOutputStream:75 - [STDERR_REDIRECT] 
2025-11-28 10:02:34,578 [ERROR] LogOutputStream:75 - [STDERR_REDIRECT] [Fatal Error] :1:1: Premature end of file.
2025-11-28 10:02:34,579 [ERROR] LogOutputStream:75 - [STDERR_REDIRECT] 
2025-11-28 10:02:35,584 [ERROR] LogOutputStream:75 - [STDERR_REDIRECT] [Fatal Error] :1:1: Premature end of file.
2025-11-28 10:02:35,584 [ERROR] LogOutputStream:75 - [STDERR_REDIRECT] 
2025-11-28 10:02:36,578 [ERROR] LogOutputStream:75 - [STDERR_REDIRECT] [Fatal Error] :1:1: Premature end of file.
2025-11-28 10:02:36,578 [ERROR] LogOutputStream:75 - [STDERR_REDIRECT] 
2025-11-28 10:02:37,583 [ERROR] LogOutputStream:75 - [STDERR_REDIRECT] [Fatal Error] :1:1: Premature end of file.
2025-11-28 10:02:37,583 [ERROR] LogOutputStream:75 - [STDERR_REDIRECT] 
2025-11-28 10:02:38,575 [ERROR] LogOutputStream:75 - [STDERR_REDIRECT] [Fatal Error] :1:1: Premature end of file.
2025-11-28 10:02:38,575 [ERROR] LogOutputStream:75 - [STDERR_REDIRECT] 
2025-11-28 10:02:39,571 [ERROR] LogOutputStream:75 - [STDERR_REDIRECT] [Fatal Error] :1:1: Premature end of file.
2025-11-28 10:02:39,571 [ERROR] LogOutputStream:75 - [STDERR_REDIRECT] 
2025-11-28 10:02:40,575 [ERROR] LogOutputStream:75 - [STDERR_REDIRECT] [Fatal Error] :1:1: Premature end of file.
2025-11-28 10:02:40,575 [ERROR] LogOutputStream:75 - [STDERR_REDIRECT] 
2025-11-28 10:02:41,582 [ERROR] LogOutputStream:75 - [STDERR_REDIRECT] [Fatal Error] :1:1: Premature end of file.
2025-11-28 10:02:41,582 [ERROR] LogOutputStream:75 - [STDERR_REDIRECT] 
