2025-12-20 12:05:34,071 [INFO] Activator:176 - 


2025-12-20 12:05:34,071 [INFO] Activator:177 - !SESSION log4j initialized
2025-12-20 12:05:40,327 [INFO] LogOutputStream:77 - [STDOUT_REDIRECT] 
2025-12-20 12:05:42,506 [INFO] ApplicationProperties:184 - Using Application install path: C:\ST\STM32CubeIDE_1.19.0\STM32CubeIDE\plugins\com.st.stm32cube.common.mx_6.15.0.202507011659
2025-12-20 12:05:42,528 [INFO] DbMcusXml:78 - Set database path to: C:\ST\STM32CubeIDE_1.19.0\STM32CubeIDE\plugins\com.st.stm32cube.common.mx_6.15.0.202507011659\\db\/mcu/
2025-12-20 12:05:42,528 [INFO] ApiDb:274 - Set plugin database path to: C:\ST\STM32CubeIDE_1.19.0\STM32CubeIDE\plugins\com.st.stm32cube.common.mx_6.15.0.202507011659\\db\/plugins/boardmanager/
2025-12-20 12:05:42,535 [WARN] ApiDb:259 - Overriding images path with different value:  => C:\ST\STM32CubeIDE_1.19.0\STM32CubeIDE\plugins\com.st.stm32cube.common.mx_6.15.0.202507011659\\db\/plugins/mcufinder/images/
2025-12-20 12:05:42,545 [INFO] ApiDb:250 - Set database path to: C:\Users\kerem\.stmcufinder\plugins\mcufinder//mcu/
2025-12-20 12:05:42,546 [INFO] DbMcusAds:125 - Set database path to: C:\Users\kerem\.stmcufinder\plugins\mcufinder//mcu/
2025-12-20 12:05:42,549 [INFO] CrossReferenceDbSqlite:203 - Set database path to: C:\Users\kerem\.stmcufinder\plugins\mcufinder//mcu/cs/
2025-12-20 12:05:42,718 [INFO] RulesReader:64 - Compatibility file has been processed (317 Rules)
2025-12-20 12:05:42,820 [INFO] DbMcusXml:78 - Set database path to: C:\ST\STM32CubeIDE_1.19.0\STM32CubeIDE\plugins\com.st.stm32cube.common.mx_6.15.0.202507011659\\db\/mcu/
2025-12-20 12:05:42,820 [INFO] ApiDb:274 - Set plugin database path to: C:\ST\STM32CubeIDE_1.19.0\STM32CubeIDE\plugins\com.st.stm32cube.common.mx_6.15.0.202507011659\\db\/plugins/boardmanager/
2025-12-20 12:05:42,820 [INFO] ApiDb:261 - Set plugin images path to: C:\ST\STM32CubeIDE_1.19.0\STM32CubeIDE\plugins\com.st.stm32cube.common.mx_6.15.0.202507011659\\db\/plugins/mcufinder/images/
2025-12-20 12:05:42,820 [WARN] DbFile:41 - Overriding database path with different value: C:\Users\kerem\.stmcufinder\plugins\mcufinder/ => C:\Users\kerem\.stmcufinder\plugins\mcufinder
2025-12-20 12:05:42,820 [INFO] ApiDb:250 - Set database path to: C:\Users\kerem\.stmcufinder\plugins\mcufinder//mcu/
2025-12-20 12:05:42,821 [WARN] DbFile:41 - Overriding database path with different value: C:\Users\kerem\.stmcufinder\plugins\mcufinder/ => C:\Users\kerem\.stmcufinder\plugins\mcufinder
2025-12-20 12:05:42,821 [INFO] DbMcusAds:125 - Set database path to: C:\Users\kerem\.stmcufinder\plugins\mcufinder//mcu/
2025-12-20 12:05:42,821 [WARN] DbFile:41 - Overriding database path with different value: C:\Users\kerem\.stmcufinder\plugins\mcufinder/ => C:\Users\kerem\.stmcufinder\plugins\mcufinder
2025-12-20 12:05:42,821 [WARN] DbFile:41 - Overriding database path with different value: C:\Users\kerem\.stmcufinder\plugins\mcufinder/ => C:\Users\kerem\.stmcufinder\plugins\mcufinder
2025-12-20 12:05:42,821 [INFO] CrossReferenceDbSqlite:203 - Set database path to: C:\Users\kerem\.stmcufinder\plugins\mcufinder//mcu/cs/
2025-12-20 12:05:42,914 [INFO] MainPanel:274 - HeapMemory: 269484032
2025-12-20 12:05:43,115 [INFO] DbMcusXml:78 - Set database path to: C:\ST\STM32CubeIDE_1.19.0\STM32CubeIDE\plugins\com.st.stm32cube.common.mx_6.15.0.202507011659\\db\/mcu/
2025-12-20 12:05:43,115 [INFO] ApiDb:274 - Set plugin database path to: C:\ST\STM32CubeIDE_1.19.0\STM32CubeIDE\plugins\com.st.stm32cube.common.mx_6.15.0.202507011659\\db\/plugins/boardmanager/
2025-12-20 12:05:43,115 [INFO] ApiDb:261 - Set plugin images path to: C:\ST\STM32CubeIDE_1.19.0\STM32CubeIDE\plugins\com.st.stm32cube.common.mx_6.15.0.202507011659\\db\/plugins/mcufinder/images/
2025-12-20 12:05:43,116 [WARN] DbFile:41 - Overriding database path with different value: C:\Users\kerem\.stmcufinder\plugins\mcufinder/ => C:\Users\kerem\.stmcufinder\plugins\mcufinder
2025-12-20 12:05:43,116 [INFO] ApiDb:250 - Set database path to: C:\Users\kerem\.stmcufinder\plugins\mcufinder//mcu/
2025-12-20 12:05:43,116 [WARN] DbFile:41 - Overriding database path with different value: C:\Users\kerem\.stmcufinder\plugins\mcufinder/ => C:\Users\kerem\.stmcufinder\plugins\mcufinder
2025-12-20 12:05:43,116 [INFO] DbMcusAds:125 - Set database path to: C:\Users\kerem\.stmcufinder\plugins\mcufinder//mcu/
2025-12-20 12:05:43,116 [WARN] DbFile:41 - Overriding database path with different value: C:\Users\kerem\.stmcufinder\plugins\mcufinder/ => C:\Users\kerem\.stmcufinder\plugins\mcufinder
2025-12-20 12:05:43,116 [WARN] DbFile:41 - Overriding database path with different value: C:\Users\kerem\.stmcufinder\plugins\mcufinder/ => C:\Users\kerem\.stmcufinder\plugins\mcufinder
2025-12-20 12:05:43,116 [INFO] CrossReferenceDbSqlite:203 - Set database path to: C:\Users\kerem\.stmcufinder\plugins\mcufinder//mcu/cs/
2025-12-20 12:05:43,136 [INFO] ApplicationProperties:184 - Using Application install path: C:\ST\STM32CubeIDE_1.19.0\STM32CubeIDE\plugins\com.st.stm32cube.common.mx_6.15.0.202507011659
2025-12-20 12:05:43,138 [INFO] PluginManage:196 - Search for loadable plugins [exclusion list=, ]
2025-12-20 12:05:43,139 [INFO] PluginManage:310 - Check plugin analytics
2025-12-20 12:05:43,361 [INFO] AnalyticsPlugin:253 - Accepted Software Licenses: STM32CubeMX.6.15.0
2025-12-20 12:05:43,362 [INFO] AnalyticsPlugin:255 - Accepted CMSIS Pack Licenses: STMicroelectronics.X-CUBE-BLE1.7.1.0,STMicroelectronics.X-CUBE-BLEMGR.4.1.0,Infineon.AIROC-Wi-Fi-Bluetooth-STM32.1.7.1,STMicroelectronics.FP-SNS-STBOX1.2.1.0
2025-12-20 12:05:43,362 [INFO] AnalyticsPlugin:257 - Accepted Firmware Licenses: FW.U5.1.8.0
2025-12-20 12:05:43,368 [INFO] PluginManage:359 - Loaded plugin analytics (category:tool,tabindex:-1)
2025-12-20 12:05:43,368 [INFO] PluginManage:310 - Check plugin cadmodel
2025-12-20 12:05:43,373 [INFO] CADModel:105 - Init CAD model plugin
2025-12-20 12:05:43,374 [INFO] PluginManage:359 - Loaded plugin cadmodel (category:power,tabindex:5)
2025-12-20 12:05:43,374 [INFO] PluginManage:310 - Check plugin clock
2025-12-20 12:05:43,380 [INFO] PluginManage:359 - Loaded plugin clock (category:base,tabindex:2)
2025-12-20 12:05:43,381 [INFO] PluginManage:310 - Check plugin ddr
2025-12-20 12:05:43,383 [INFO] PluginManage:359 - Loaded plugin ddr (category:tool,tabindex:6)
2025-12-20 12:05:43,383 [INFO] PluginManage:310 - Check plugin filemanager
2025-12-20 12:05:43,500 [INFO] PluginManage:359 - Loaded plugin filemanager (category:base,tabindex:10)
2025-12-20 12:05:43,500 [INFO] PluginManage:310 - Check plugin ipmanager
2025-12-20 12:05:43,506 [INFO] PluginManage:359 - Loaded plugin ipmanager (category:base,tabindex:5)
2025-12-20 12:05:43,506 [INFO] PluginManage:310 - Check plugin lpbam
2025-12-20 12:05:43,513 [INFO] PluginManage:359 - Loaded plugin lpbam (category:base,tabindex:0)
2025-12-20 12:05:43,513 [INFO] PluginManage:310 - Check plugin memorymap
2025-12-20 12:05:43,522 [INFO] PluginManage:359 - Loaded plugin memorymap (category:base,tabindex:4)
2025-12-20 12:05:43,522 [INFO] PluginManage:310 - Check plugin pinoutandconfiguration
2025-12-20 12:05:43,529 [INFO] PluginManage:359 - Loaded plugin pinoutandconfiguration (category:base,tabindex:1)
2025-12-20 12:05:43,529 [INFO] PluginManage:310 - Check plugin pinoutconfig
2025-12-20 12:05:43,594 [WARN] SupportedApi:132 - Cannot load RTOS API schema: s4s-elt-must-match.1: The content of 'definitions' must match (annotation?, (simpleType | complexType)?, (unique | key | keyref)*)). A problem was found starting at: attribute.
2025-12-20 12:05:43,706 [INFO] PluginManage:359 - Loaded plugin pinoutconfig (category:base,tabindex:0)
2025-12-20 12:05:43,706 [INFO] PluginManage:310 - Check plugin power
2025-12-20 12:05:43,713 [INFO] PluginManage:359 - Loaded plugin power (category:power,tabindex:4)
2025-12-20 12:05:43,713 [INFO] PluginManage:310 - Check plugin projectmanager
2025-12-20 12:05:43,737 [INFO] PluginManage:359 - Loaded plugin projectmanager (category:projectmanager,tabindex:4)
2025-12-20 12:05:43,738 [INFO] PluginManage:310 - Check plugin rif
2025-12-20 12:05:43,743 [INFO] PluginManage:359 - Loaded plugin rif (category:base,tabindex:3)
2025-12-20 12:05:43,744 [INFO] PluginManage:310 - Check plugin thirdparty
2025-12-20 12:05:43,890 [INFO] PluginManage:359 - Loaded plugin thirdparty (category:base,tabindex:-1)
2025-12-20 12:05:43,890 [WARN] IntegrityCheckThread:84 - waiting for thirdparty lock release [integrity check]
2025-12-20 12:05:43,891 [INFO] PluginManage:310 - Check plugin tools
2025-12-20 12:05:43,891 [INFO] IntegrityCheckThread:86 - entering critical section [integrity check]
2025-12-20 12:05:43,891 [INFO] ThirdPartyUpdaterWithRetryManager:70 - Updater plugin not ready yet. [1/15]
2025-12-20 12:05:43,893 [INFO] PluginManage:359 - Loaded plugin tools (category:base,tabindex:7)
2025-12-20 12:05:43,893 [INFO] PluginManage:310 - Check plugin tutovideos
2025-12-20 12:05:44,063 [INFO] PluginManage:359 - Loaded plugin tutovideos (category:base,tabindex:-1)
2025-12-20 12:05:44,063 [INFO] PluginManage:310 - Check plugin updater
2025-12-20 12:05:44,093 [INFO] PluginManage:359 - Loaded plugin updater (category:base,tabindex:12)
2025-12-20 12:05:44,094 [INFO] PluginManage:310 - Check plugin userauth
2025-12-20 12:05:44,097 [INFO] UserAuth:118 - Init User Auth plugin
2025-12-20 12:05:44,099 [INFO] PluginManage:359 - Loaded plugin userauth (category:base,tabindex:14)
2025-12-20 12:05:44,100 [INFO] PluginManage:283 - PluginManage : Loaded plugins [18]
2025-12-20 12:05:44,341 [INFO] PinOutPanel:1589 - setPackage(No Configuration,No Configuration)
2025-12-20 12:05:44,424 [INFO] CADModel:165 - CPN selected for project level
2025-12-20 12:05:44,425 [INFO] CADModel:114 - Register for checkConnection events
2025-12-20 12:05:44,438 [INFO] IPUIPlugin:80 - create IPUIPlugin
2025-12-20 12:05:44,438 [INFO] PluginManager:220 - loadIPPluginJar : add adc
2025-12-20 12:05:44,441 [INFO] IPUIPlugin:80 - create IPUIPlugin
2025-12-20 12:05:44,441 [INFO] PluginManager:220 - loadIPPluginJar : add aes
2025-12-20 12:05:44,443 [INFO] IPUIPlugin:80 - create IPUIPlugin
2025-12-20 12:05:44,443 [INFO] PluginManager:220 - loadIPPluginJar : add can
2025-12-20 12:05:44,445 [INFO] IPUIPlugin:80 - create IPUIPlugin
2025-12-20 12:05:44,445 [INFO] PluginManager:220 - loadIPPluginJar : add comp
2025-12-20 12:05:44,447 [INFO] IPUIPlugin:80 - create IPUIPlugin
2025-12-20 12:05:44,447 [INFO] PluginManager:220 - loadIPPluginJar : add cryp
2025-12-20 12:05:44,450 [INFO] IPUIPlugin:80 - create IPUIPlugin
2025-12-20 12:05:44,451 [INFO] PluginManager:220 - loadIPPluginJar : add ddr_ctrl_phy
2025-12-20 12:05:44,453 [INFO] IPUIPlugin:80 - create IPUIPlugin
2025-12-20 12:05:44,453 [INFO] PluginManager:220 - loadIPPluginJar : add dfsdm
2025-12-20 12:05:44,456 [INFO] IPUIPlugin:80 - create IPUIPlugin
2025-12-20 12:05:44,457 [INFO] PluginManager:220 - loadIPPluginJar : add dma
2025-12-20 12:05:44,458 [INFO] IPUIPlugin:80 - create IPUIPlugin
2025-12-20 12:05:44,459 [INFO] PluginManager:220 - loadIPPluginJar : add dma3
2025-12-20 12:05:44,460 [INFO] IPUIPlugin:80 - create IPUIPlugin
2025-12-20 12:05:44,461 [INFO] PluginManager:220 - loadIPPluginJar : add extmemmanager
2025-12-20 12:05:44,462 [INFO] IPUIPlugin:80 - create IPUIPlugin
2025-12-20 12:05:44,462 [INFO] PluginManager:220 - loadIPPluginJar : add fatfs
2025-12-20 12:05:44,465 [INFO] IPUIPlugin:80 - create IPUIPlugin
2025-12-20 12:05:44,465 [INFO] PluginManager:220 - loadIPPluginJar : add fmc
2025-12-20 12:05:44,469 [INFO] IPUIPlugin:80 - create IPUIPlugin
2025-12-20 12:05:44,469 [INFO] PluginManager:220 - loadIPPluginJar : add freertos
2025-12-20 12:05:44,470 [INFO] IPUIPlugin:80 - create IPUIPlugin
2025-12-20 12:05:44,470 [INFO] PluginManager:220 - loadIPPluginJar : add genericplugin
2025-12-20 12:05:44,471 [INFO] IPUIPlugin:80 - create IPUIPlugin
2025-12-20 12:05:44,471 [INFO] PluginManager:220 - loadIPPluginJar : add gfxmmu
2025-12-20 12:05:44,474 [INFO] IPUIPlugin:80 - create IPUIPlugin
2025-12-20 12:05:44,474 [INFO] PluginManager:220 - loadIPPluginJar : add gic
2025-12-20 12:05:44,477 [INFO] IPUIPlugin:80 - create IPUIPlugin
2025-12-20 12:05:44,477 [INFO] PluginManager:220 - loadIPPluginJar : add gpio
2025-12-20 12:05:44,480 [INFO] IPUIPlugin:80 - create IPUIPlugin
2025-12-20 12:05:44,480 [INFO] PluginManager:220 - loadIPPluginJar : add gtzc
2025-12-20 12:05:44,483 [INFO] IPUIPlugin:80 - create IPUIPlugin
2025-12-20 12:05:44,483 [INFO] PluginManager:220 - loadIPPluginJar : add hash
2025-12-20 12:05:44,486 [INFO] IPUIPlugin:80 - create IPUIPlugin
2025-12-20 12:05:44,486 [INFO] PluginManager:220 - loadIPPluginJar : add i2c
2025-12-20 12:05:44,490 [INFO] IPUIPlugin:80 - create IPUIPlugin
2025-12-20 12:05:44,490 [INFO] PluginManager:220 - loadIPPluginJar : add i2s
2025-12-20 12:05:44,494 [INFO] IPUIPlugin:80 - create IPUIPlugin
2025-12-20 12:05:44,494 [INFO] PluginManager:220 - loadIPPluginJar : add i3c
2025-12-20 12:05:44,498 [INFO] IPUIPlugin:80 - create IPUIPlugin
2025-12-20 12:05:44,499 [INFO] PluginManager:220 - loadIPPluginJar : add ipddr
2025-12-20 12:05:44,507 [INFO] IPUIPlugin:80 - create IPUIPlugin
2025-12-20 12:05:44,508 [INFO] PluginManager:220 - loadIPPluginJar : add linkedlist
2025-12-20 12:05:44,511 [INFO] IPUIPlugin:80 - create IPUIPlugin
2025-12-20 12:05:44,511 [INFO] PluginManager:220 - loadIPPluginJar : add lorawan
2025-12-20 12:05:44,513 [INFO] IPUIPlugin:80 - create IPUIPlugin
2025-12-20 12:05:44,513 [INFO] PluginManager:220 - loadIPPluginJar : add ltdc
2025-12-20 12:05:44,520 [INFO] IPUIPlugin:80 - create IPUIPlugin
2025-12-20 12:05:44,521 [INFO] PluginManager:220 - loadIPPluginJar : add mdma
2025-12-20 12:05:44,524 [INFO] IPUIPlugin:80 - create IPUIPlugin
2025-12-20 12:05:44,525 [INFO] PluginManager:220 - loadIPPluginJar : add nvic
2025-12-20 12:05:44,527 [INFO] IPUIPlugin:80 - create IPUIPlugin
2025-12-20 12:05:44,527 [INFO] PluginManager:220 - loadIPPluginJar : add opamp
2025-12-20 12:05:44,530 [INFO] IPUIPlugin:80 - create IPUIPlugin
2025-12-20 12:05:44,530 [INFO] PluginManager:220 - loadIPPluginJar : add openamp
2025-12-20 12:05:44,533 [INFO] IPUIPlugin:80 - create IPUIPlugin
2025-12-20 12:05:44,533 [INFO] PluginManager:220 - loadIPPluginJar : add pdm2pcm
2025-12-20 12:05:44,539 [INFO] IPUIPlugin:80 - create IPUIPlugin
2025-12-20 12:05:44,541 [INFO] PluginManager:220 - loadIPPluginJar : add plateformsettings
2025-12-20 12:05:44,543 [INFO] IPUIPlugin:80 - create IPUIPlugin
2025-12-20 12:05:44,543 [INFO] PluginManager:220 - loadIPPluginJar : add quadspi
2025-12-20 12:05:44,545 [INFO] IPUIPlugin:80 - create IPUIPlugin
2025-12-20 12:05:44,546 [INFO] PluginManager:220 - loadIPPluginJar : add radio
2025-12-20 12:05:44,549 [INFO] IPUIPlugin:80 - create IPUIPlugin
2025-12-20 12:05:44,549 [INFO] PluginManager:220 - loadIPPluginJar : add resmgrutility
2025-12-20 12:05:44,552 [INFO] IPUIPlugin:80 - create IPUIPlugin
2025-12-20 12:05:44,552 [INFO] PluginManager:220 - loadIPPluginJar : add sai
2025-12-20 12:05:44,554 [INFO] IPUIPlugin:80 - create IPUIPlugin
2025-12-20 12:05:44,554 [INFO] PluginManager:220 - loadIPPluginJar : add spi
2025-12-20 12:05:44,559 [INFO] IPUIPlugin:80 - create IPUIPlugin
2025-12-20 12:05:44,560 [INFO] PluginManager:220 - loadIPPluginJar : add stm32_wpan
2025-12-20 12:05:44,562 [INFO] IPUIPlugin:80 - create IPUIPlugin
2025-12-20 12:05:44,562 [INFO] PluginManager:220 - loadIPPluginJar : add tim
2025-12-20 12:05:44,566 [INFO] IPUIPlugin:80 - create IPUIPlugin
2025-12-20 12:05:44,566 [INFO] PluginManager:220 - loadIPPluginJar : add touchsensing
2025-12-20 12:05:44,568 [INFO] IPUIPlugin:80 - create IPUIPlugin
2025-12-20 12:05:44,568 [INFO] PluginManager:220 - loadIPPluginJar : add tracer_emb
2025-12-20 12:05:44,571 [INFO] IPUIPlugin:80 - create IPUIPlugin
2025-12-20 12:05:44,571 [INFO] PluginManager:220 - loadIPPluginJar : add ts
2025-12-20 12:05:44,574 [INFO] IPUIPlugin:80 - create IPUIPlugin
2025-12-20 12:05:44,574 [INFO] PluginManager:220 - loadIPPluginJar : add tsc
2025-12-20 12:05:44,579 [INFO] IPUIPlugin:80 - create IPUIPlugin
2025-12-20 12:05:44,579 [INFO] PluginManager:220 - loadIPPluginJar : add ucpd
2025-12-20 12:05:44,582 [INFO] IPUIPlugin:80 - create IPUIPlugin
2025-12-20 12:05:44,582 [INFO] PluginManager:220 - loadIPPluginJar : add usart
2025-12-20 12:05:44,586 [INFO] IPUIPlugin:80 - create IPUIPlugin
2025-12-20 12:05:44,587 [INFO] PluginManager:220 - loadIPPluginJar : add usbx
2025-12-20 12:05:44,720 [FATAL] Updater:351 - Updater called before beeing initialized
2025-12-20 12:05:44,787 [INFO] RulesReader:64 - Compatibility file has been processed (317 Rules)
2025-12-20 12:05:44,812 [INFO] RulesReader:64 - Compatibility file has been processed (317 Rules)
2025-12-20 12:05:44,832 [INFO] CADModel:165 - CPN selected for project level
2025-12-20 12:05:44,833 [INFO] CADModel:114 - Register for checkConnection events
2025-12-20 12:05:44,833 [FATAL] Updater:351 - Updater called before beeing initialized
2025-12-20 12:05:44,833 [ERROR] CADModel:125 - Updater not yet initialized, retry later 
2025-12-20 12:05:44,992 [FATAL] Updater:351 - Updater called before beeing initialized
2025-12-20 12:05:44,994 [INFO] CADModel:165 - CPN selected for project level
2025-12-20 12:05:44,994 [INFO] CADModel:114 - Register for checkConnection events
2025-12-20 12:05:44,994 [FATAL] Updater:351 - Updater called before beeing initialized
2025-12-20 12:05:44,994 [ERROR] CADModel:125 - Updater not yet initialized, retry later 
2025-12-20 12:05:44,996 [FATAL] Updater:351 - Updater called before beeing initialized
2025-12-20 12:05:45,102 [FATAL] Updater:351 - Updater called before beeing initialized
2025-12-20 12:05:45,106 [INFO] DbMcusAds:53 - JSON generation date=Mon Dec 08 15:28:09 CET 2025 (1765204089911)
2025-12-20 12:05:45,106 [FATAL] Updater:351 - Updater called before beeing initialized
2025-12-20 12:05:45,154 [WARN] DetailPanel:346 - Failed to get advertising image, set to default
2025-12-20 12:05:45,271 [FATAL] Updater:351 - Updater called before beeing initialized
2025-12-20 12:05:45,275 [FATAL] Updater:351 - Updater called before beeing initialized
2025-12-20 12:05:45,275 [FATAL] Updater:351 - Updater called before beeing initialized
2025-12-20 12:05:45,275 [WARN] DetailPanel:346 - Failed to get advertising image, set to default
2025-12-20 12:05:45,277 [FATAL] Updater:351 - Updater called before beeing initialized
2025-12-20 12:05:45,335 [ERROR] Updater:1198 - MainUpdater not yet initialized. External WinMGr cannot be set.
2025-12-20 12:05:45,336 [INFO] Updater:1134 - Updater Version found : 6.15.0
2025-12-20 12:05:45,350 [INFO] ApplicationProperties:184 - Using Application install path: C:\ST\STM32CubeIDE_1.19.0\STM32CubeIDE\plugins\com.st.stm32cube.common.mx_6.15.0.202507011659
2025-12-20 12:05:45,645 [INFO] MainUpdater:2872 - connection check result : 10
2025-12-20 12:05:45,645 [INFO] MainUpdater:289 - Updater Check For Update Now.
2025-12-20 12:05:45,645 [INFO] MicroXplorer:498 - Change Database Version : DB.6.0.150
2025-12-20 12:05:45,654 [INFO] McuFinderGlobals:63 - Set McuFinder mode to 2 (CubeIDE integrated)
2025-12-20 12:05:45,657 [INFO] UserAuth:171 - activating auth plugin
2025-12-20 12:05:45,671 [INFO] UserAuth:487 - Internet connection configuration mode: 1
2025-12-20 12:05:45,702 [INFO] JxBrowserEngine:152 - Initiate JxBrowser Engine with user profile folder
2025-12-20 12:05:45,875 [INFO] CheckServerUpdateThread:120 - End of CheckServer Thread
2025-12-20 12:05:46,665 [INFO] WebApp:169 - Instantiating new browser for Auth
2025-12-20 12:05:47,173 [WARN] PackLoader:240 - Cannot read IP mode file for STMicroelectronics.FP-SNS-MOTENVWB1.1.4.0
2025-12-20 12:05:47,181 [WARN] PackLoader:240 - Cannot read IP mode file for STMicroelectronics.FP-ATR-ASTRA1.2.0.2
2025-12-20 12:05:47,191 [WARN] PackLoader:240 - Cannot read IP mode file for STMicroelectronics.X-CUBE-SMBUS.2.1.0
2025-12-20 12:05:47,196 [WARN] PackLoader:240 - Cannot read IP mode file for STMicroelectronics.X-CUBE-ST60.1.0.0
2025-12-20 12:05:47,234 [WARN] PackLoader:240 - Cannot read IP mode file for STMicroelectronics.X-CUBE-AZRTOS-F7.1.1.0
2025-12-20 12:05:47,244 [WARN] PackLoader:240 - Cannot read IP mode file for STMicroelectronics.FP-SNS-MOTENV1.5.1.0
2025-12-20 12:05:47,290 [WARN] PackLoader:240 - Cannot read IP mode file for Infineon.AIROC-Wi-Fi-Bluetooth-STM32.1.7.1
2025-12-20 12:05:47,536 [WARN] PackLoader:240 - Cannot read IP mode file for STMicroelectronics.X-CUBE-AZRTOS-H7.3.4.0
2025-12-20 12:05:47,556 [WARN] PackLoader:240 - Cannot read IP mode file for STMicroelectronics.X-CUBE-DISPLAY.3.0.0
2025-12-20 12:05:47,573 [WARN] PackLoader:240 - Cannot read IP mode file for STMicroelectronics.X-CUBE-NFC10.1.0.0
2025-12-20 12:05:47,581 [WARN] PackLoader:240 - Cannot read IP mode file for STMicroelectronics.X-CUBE-ST60.1.1.0
2025-12-20 12:05:47,587 [WARN] PackLoader:240 - Cannot read IP mode file for emotas.I-CUBE-CANOPEN.1.3.0
2025-12-20 12:05:47,593 [WARN] PackLoader:240 - Cannot read IP mode file for STMicroelectronics.X-CUBE-GNSS1.7.1.0
2025-12-20 12:05:47,602 [WARN] ConditionMgr:438 - getConditionDescription Invalid condition id : Cortex-A Device cause : null
2025-12-20 12:05:47,604 [INFO] WebApp:463 - Apply proxy settings
2025-12-20 12:05:47,604 [INFO] WebApp:548 - Chromium requires no authentication
2025-12-20 12:05:47,611 [WARN] ConditionMgr:1044 - genDependencies : Invalid condition id : Cortex-A Device cause : null
2025-12-20 12:05:47,612 [WARN] ConditionMgr:1044 - genDependencies : Invalid condition id : Cortex-A Device cause : null
2025-12-20 12:05:47,612 [WARN] ConditionMgr:1044 - genDependencies : Invalid condition id : Cortex-A Device cause : null
2025-12-20 12:05:47,618 [INFO] WebApp:491 - Direct internet connection detected
2025-12-20 12:05:47,620 [WARN] PackLoader:240 - Cannot read IP mode file for STMicroelectronics.FP-SNS-STBOX1.2.1.0
2025-12-20 12:05:47,671 [INFO] WebApp:900 - Register for checkConnection events
2025-12-20 12:05:47,671 [INFO] WebApp:463 - Apply proxy settings
2025-12-20 12:05:47,671 [INFO] WebApp:548 - Chromium requires no authentication
2025-12-20 12:05:47,672 [INFO] WebApp:491 - Direct internet connection detected
2025-12-20 12:05:47,680 [WARN] PackLoader:240 - Cannot read IP mode file for STMicroelectronics.FP-SNS-SMARTAG2.1.2.0
2025-12-20 12:05:47,685 [WARN] PackLoader:240 - Cannot read IP mode file for STMicroelectronics.FP-SNS-FLIGHT1.5.1.0
2025-12-20 12:05:47,696 [INFO] LogOutputStream:77 - [STDOUT_REDIRECT] 1 : Invalid condition id : UX_CORESTACK_Condition cause : null
2025-12-20 12:05:47,698 [INFO] LogOutputStream:77 - [STDOUT_REDIRECT] 1 : Invalid condition id : UX_CORESTACK_Condition cause : null
2025-12-20 12:05:47,700 [INFO] LogOutputStream:77 - [STDOUT_REDIRECT] 1 : Invalid condition id : UX_CORESTACK_Condition cause : null
2025-12-20 12:05:47,702 [INFO] LogOutputStream:77 - [STDOUT_REDIRECT] 1 : Invalid condition id : UX_CORESTACK_Condition cause : null
2025-12-20 12:05:47,704 [INFO] LogOutputStream:77 - [STDOUT_REDIRECT] 1 : Invalid condition id : UX_CORESTACK_Condition cause : null
2025-12-20 12:05:47,708 [WARN] PackLoader:240 - Cannot read IP mode file for STMicroelectronics.X-CUBE-AZRTOS-WL.2.0.0
2025-12-20 12:05:47,716 [WARN] PackLoader:240 - Cannot read IP mode file for STMicroelectronics.FP-SNS-MOTENV1.5.0.0
2025-12-20 12:05:47,749 [WARN] PackLoader:240 - Cannot read IP mode file for STMicroelectronics.X-CUBE-AZRTOS-H7RS.1.2.0
2025-12-20 12:05:47,769 [WARN] PackLoader:240 - Cannot read IP mode file for WES.I-CUBE-Cesium.1.3.0
2025-12-20 12:05:47,773 [WARN] PackLoader:240 - Cannot read IP mode file for STMicroelectronics.X-CUBE-BLE2.3.3.0
2025-12-20 12:05:47,800 [WARN] PackLoader:240 - Cannot read IP mode file for STMicroelectronics.X-CUBE-NFC9.1.0.0
2025-12-20 12:05:47,810 [WARN] PackLoader:240 - Cannot read IP mode file for wolfSSL.I-CUBE-wolfSSL.5.8.0
2025-12-20 12:05:47,823 [WARN] PackLoader:240 - Cannot read IP mode file for STMicroelectronics.X-CUBE-BLE1.7.1.0
2025-12-20 12:05:47,866 [WARN] PackLoader:240 - Cannot read IP mode file for wolfSSL.I-CUBE-wolfMQTT.1.19.2
2025-12-20 12:05:47,875 [WARN] PackLoader:240 - Cannot read IP mode file for STMicroelectronics.X-CUBE-FREERTOS.1.4.0
2025-12-20 12:05:47,884 [WARN] PackLoader:240 - Cannot read IP mode file for STMicroelectronics.X-CUBE-EEPRMA1.5.2.0
2025-12-20 12:05:47,890 [WARN] PackLoader:240 - Cannot read IP mode file for STMicroelectronics.X-CUBE-ST67W61.1.1.0
2025-12-20 12:05:47,897 [WARN] PackLoader:240 - Cannot read IP mode file for STMicroelectronics.X-CUBE-AI.10.1.0
2025-12-20 12:05:47,911 [INFO] WebApp:191 - Connection restablished
2025-12-20 12:05:47,944 [WARN] PackLoader:240 - Cannot read IP mode file for STMicroelectronics.X-CUBE-MEMS1.12.0.0
2025-12-20 12:05:48,022 [WARN] PackLoader:240 - Cannot read IP mode file for STMicroelectronics.X-CUBE-AZRTOS-G0.1.1.0
2025-12-20 12:05:48,032 [WARN] PackLoader:240 - Cannot read IP mode file for STMicroelectronics.X-CUBE-SAFEA1.1.2.2
2025-12-20 12:05:48,048 [WARN] PackLoader:240 - Cannot read IP mode file for STMicroelectronics.X-CUBE-NFC4.3.0.0
2025-12-20 12:05:48,055 [WARN] PackLoader:240 - Cannot read IP mode file for EmbeddedOffice.I-CUBE-FS-RTOS.1.0.1
2025-12-20 12:05:48,063 [WARN] PackLoader:240 - Cannot read IP mode file for STMicroelectronics.X-CUBE-WB05N.2.0.0
2025-12-20 12:05:48,072 [WARN] PackLoader:240 - Cannot read IP mode file for wolfSSL.I-CUBE-wolfTPM.3.8.0
2025-12-20 12:05:48,078 [WARN] PackLoader:240 - Cannot read IP mode file for STMicroelectronics.X-CUBE-TCPP.4.2.0
2025-12-20 12:05:48,086 [INFO] WebApp:225 - Starting web application
2025-12-20 12:05:48,087 [INFO] WebApp:593 - Web application path used C:\ST\STM32CubeIDE_1.19.0\STM32CubeIDE\plugins\com.st.stm32cube.common.mx_6.15.0.202507011659\db\plugins\mcufinder\reactClient1\index.html
2025-12-20 12:05:48,088 [WARN] PackLoader:240 - Cannot read IP mode file for RealThread.X-CUBE-RT-Thread_Nano.4.1.1
2025-12-20 12:05:48,095 [WARN] PackLoader:240 - Cannot read IP mode file for STMicroelectronics.FP-ATR-SIGFOX1.3.2.0
2025-12-20 12:05:48,104 [WARN] PackLoader:240 - Cannot read IP mode file for ITTIA_DB.I-CUBE-ITTIADB.8.9.0
2025-12-20 12:05:48,109 [WARN] PackLoader:240 - Cannot read IP mode file for STMicroelectronics.X-CUBE-ST67W61.1.0.0
2025-12-20 12:05:48,114 [WARN] PackLoader:240 - Cannot read IP mode file for STMicroelectronics.X-CUBE-AI.10.2.0
2025-12-20 12:05:48,134 [WARN] PackLoader:240 - Cannot read IP mode file for SEGGER.I-CUBE-embOS.1.3.1
2025-12-20 12:05:48,160 [WARN] PackLoader:240 - Cannot read IP mode file for STMicroelectronics.X-CUBE-ALGOBUILD.1.4.0
2025-12-20 12:05:48,197 [WARN] PackLoader:240 - Cannot read IP mode file for STMicroelectronics.X-CUBE-MEMS1.11.3.0
2025-12-20 12:05:48,286 [WARN] PackLoader:240 - Cannot read IP mode file for STMicroelectronics.X-CUBE-PM33A1.1.0.0
2025-12-20 12:05:48,301 [WARN] PackLoader:240 - Cannot read IP mode file for STMicroelectronics.X-CUBE-AZRTOS-F4.1.1.0
2025-12-20 12:05:48,309 [WARN] PackLoader:240 - Cannot read IP mode file for Avnet-IotConnect.X-CUBE-IoTC-DA16k-PMOD.1.0.0
2025-12-20 12:05:48,317 [WARN] PackLoader:240 - Cannot read IP mode file for STMicroelectronics.X-CUBE-ISPU.2.1.0
2025-12-20 12:05:48,354 [WARN] PackLoader:240 - Cannot read IP mode file for STMicroelectronics.X-CUBE-IPS.3.2.0
2025-12-20 12:05:48,372 [WARN] PackLoader:240 - Cannot read IP mode file for STMicroelectronics.X-CUBE-NFC12.1.0.0
2025-12-20 12:05:48,394 [WARN] PackLoader:240 - Cannot read IP mode file for STMicroelectronics.X-CUBE-AZRTOS-L5.2.0.0
2025-12-20 12:05:48,411 [WARN] PackLoader:240 - Cannot read IP mode file for STMicroelectronics.X-CUBE-NFC6.3.1.0
2025-12-20 12:05:48,424 [WARN] PackLoader:240 - Cannot read IP mode file for STMicroelectronics.X-CUBE-FREERTOS.1.3.1
2025-12-20 12:05:48,441 [WARN] PackLoader:240 - Cannot read IP mode file for STMicroelectronics.X-CUBE-TOUCHGFX.4.26.0
2025-12-20 12:05:48,447 [WARN] PackLoader:240 - Cannot read IP mode file for STMicroelectronics.FP-SNS-STAIOTCFT.1.0.0
2025-12-20 12:05:48,461 [WARN] PackLoader:240 - Cannot read IP mode file for STMicroelectronics.X-CUBE-DPower.1.3.0
2025-12-20 12:05:48,477 [WARN] ConditionMgr:438 - getConditionDescription Invalid condition id : LAN8742 Phy interface Condition cause : null
2025-12-20 12:05:48,479 [WARN] PackLoader:240 - Cannot read IP mode file for STMicroelectronics.X-CUBE-AZRTOS-L4.2.0.0
2025-12-20 12:05:48,481 [WARN] ConditionMgr:1044 - genDependencies : Invalid condition id : LAN8742 Phy interface Condition cause : null
2025-12-20 12:05:48,482 [WARN] ConditionMgr:1044 - genDependencies : Invalid condition id : LAN8742 Phy interface Condition cause : null
2025-12-20 12:05:48,483 [WARN] ConditionMgr:1044 - genDependencies : Invalid condition id : LAN8742 Phy interface Condition cause : null
2025-12-20 12:05:48,493 [WARN] PackLoader:240 - Cannot read IP mode file for STMicroelectronics.X-CUBE-SFXS2LP1.4.0.0
2025-12-20 12:05:48,506 [WARN] PackLoader:240 - Cannot read IP mode file for STMicroelectronics.X-CUBE-BLEMGR.4.1.0
2025-12-20 12:05:48,574 [WARN] ConditionMgr:438 - getConditionDescription Invalid condition id : UX DEVICE CLASS RTOS Condition cause : null
2025-12-20 12:05:48,574 [WARN] ConditionMgr:438 - getConditionDescription Invalid condition id : UX DEVICE CLASS RTOS Condition cause : null
2025-12-20 12:05:48,575 [WARN] PackLoader:240 - Cannot read IP mode file for STMicroelectronics.X-CUBE-AZRTOS-WB.2.0.0
2025-12-20 12:05:48,575 [WARN] ConditionMgr:1044 - genDependencies : Invalid condition id : UX DEVICE CLASS RTOS Condition cause : null
2025-12-20 12:05:48,575 [WARN] ConditionMgr:1044 - genDependencies : Invalid condition id : UX DEVICE CLASS RTOS Condition cause : null
2025-12-20 12:05:48,581 [WARN] ConditionMgr:1044 - genDependencies : Invalid condition id : UX DEVICE CLASS RTOS Condition cause : null
2025-12-20 12:05:48,582 [WARN] ConditionMgr:1044 - genDependencies : Invalid condition id : UX DEVICE CLASS RTOS Condition cause : null
2025-12-20 12:05:48,582 [WARN] ConditionMgr:1044 - genDependencies : Invalid condition id : UX DEVICE CLASS RTOS Condition cause : null
2025-12-20 12:05:48,588 [WARN] PackLoader:240 - Cannot read IP mode file for STMicroelectronics.X-CUBE-GNSS1.7.0.1
2025-12-20 12:05:48,593 [WARN] PackLoader:240 - Cannot read IP mode file for STMicroelectronics.X-CUBE-TOUCHGFX.4.25.0
2025-12-20 12:05:48,600 [WARN] PackLoader:240 - Cannot read IP mode file for STMicroelectronics.FP-SNS-STBOX1.2.0.0
2025-12-20 12:05:48,610 [WARN] PackLoader:240 - Cannot read IP mode file for STMicroelectronics.X-CUBE-SUBG2.5.0.0
2025-12-20 12:05:48,630 [WARN] PackLoader:240 - Cannot read IP mode file for STMicroelectronics.X-CUBE-AZRTOS-H7RS.1.1.0
2025-12-20 12:05:48,637 [WARN] PackLoader:240 - Cannot read IP mode file for Cesanta.I-CUBE-Mongoose.7.13.0
2025-12-20 12:05:48,643 [WARN] PackLoader:240 - Cannot read IP mode file for STMicroelectronics.X-CUBE-AZRTOS-G4.2.0.0
2025-12-20 12:05:48,649 [WARN] PackLoader:240 - Cannot read IP mode file for wolfSSL.I-CUBE-wolfSSH.1.4.20
2025-12-20 12:05:48,655 [WARN] PackLoader:240 - Cannot read IP mode file for STMicroelectronics.X-CUBE-NFC7.2.0.0
2025-12-20 12:05:48,663 [WARN] PackLoader:240 - Cannot read IP mode file for STMicroelectronics.X-CUBE-IPS.3.1.0
2025-12-20 12:05:48,673 [WARN] PackLoader:240 - Cannot read IP mode file for STMicroelectronics.X-CUBE-ALS.1.0.2
2025-12-20 12:05:48,680 [WARN] PackLoader:240 - Cannot read IP mode file for STMicroelectronics.X-CUBE-STSE01.1.0.0
2025-12-20 12:05:48,687 [WARN] PackLoader:240 - Cannot read IP mode file for portGmbH.I-Cube-SoM-uGOAL.1.1.0
2025-12-20 12:05:48,697 [WARN] PackLoader:240 - Cannot read IP mode file for STMicroelectronics.X-CUBE-TOF1.3.4.3
2025-12-20 12:05:48,703 [INFO] ThirdParty:978 - Integrity check success = true
2025-12-20 12:05:48,703 [INFO] IntegrityCheckThread:100 - exiting critical section [integrity check]
2025-12-20 12:05:48,703 [INFO] IntegrityCheckThread:103 - End integrity checks thread
2025-12-20 12:05:49,050 [ERROR] LogOutputStream:75 - [STDERR_REDIRECT] [Fatal Error] :1:1: Premature end of file.
2025-12-20 12:05:49,052 [ERROR] LogOutputStream:75 - [STDERR_REDIRECT] 
2025-12-20 12:05:50,035 [ERROR] LogOutputStream:75 - [STDERR_REDIRECT] [Fatal Error] :1:1: Premature end of file.
2025-12-20 12:05:50,035 [ERROR] LogOutputStream:75 - [STDERR_REDIRECT] 
2025-12-20 12:05:51,029 [ERROR] LogOutputStream:75 - [STDERR_REDIRECT] [Fatal Error] :1:1: Premature end of file.
2025-12-20 12:05:51,030 [ERROR] LogOutputStream:75 - [STDERR_REDIRECT] 
2025-12-20 12:05:52,017 [ERROR] LogOutputStream:75 - [STDERR_REDIRECT] [Fatal Error] :1:1: Premature end of file.
2025-12-20 12:05:52,017 [ERROR] LogOutputStream:75 - [STDERR_REDIRECT] 
2025-12-20 12:05:53,012 [ERROR] LogOutputStream:75 - [STDERR_REDIRECT] [Fatal Error] :1:1: Premature end of file.
2025-12-20 12:05:53,012 [ERROR] LogOutputStream:75 - [STDERR_REDIRECT] 
2025-12-20 12:05:54,029 [ERROR] LogOutputStream:75 - [STDERR_REDIRECT] [Fatal Error] :1:1: Premature end of file.
2025-12-20 12:05:54,029 [ERROR] LogOutputStream:75 - [STDERR_REDIRECT] 
2025-12-20 12:05:55,004 [ERROR] LogOutputStream:75 - [STDERR_REDIRECT] [Fatal Error] :1:1: Premature end of file.
2025-12-20 12:05:55,004 [ERROR] LogOutputStream:75 - [STDERR_REDIRECT] 
2025-12-20 12:05:56,017 [ERROR] LogOutputStream:75 - [STDERR_REDIRECT] [Fatal Error] :1:1: Premature end of file.
2025-12-20 12:05:56,018 [ERROR] LogOutputStream:75 - [STDERR_REDIRECT] 
2025-12-20 12:05:57,012 [ERROR] LogOutputStream:75 - [STDERR_REDIRECT] [Fatal Error] :1:1: Premature end of file.
2025-12-20 12:05:57,012 [ERROR] LogOutputStream:75 - [STDERR_REDIRECT] 
2025-12-20 12:05:58,003 [ERROR] LogOutputStream:75 - [STDERR_REDIRECT] [Fatal Error] :1:1: Premature end of file.
2025-12-20 12:05:58,004 [ERROR] LogOutputStream:75 - [STDERR_REDIRECT] 
2025-12-20 12:05:59,035 [ERROR] LogOutputStream:75 - [STDERR_REDIRECT] [Fatal Error] :1:1: Premature end of file.
2025-12-20 12:05:59,035 [ERROR] LogOutputStream:75 - [STDERR_REDIRECT] 
2025-12-20 12:06:00,004 [ERROR] LogOutputStream:75 - [STDERR_REDIRECT] [Fatal Error] :1:1: Premature end of file.
2025-12-20 12:06:00,004 [ERROR] LogOutputStream:75 - [STDERR_REDIRECT] 
2025-12-20 12:06:01,020 [ERROR] LogOutputStream:75 - [STDERR_REDIRECT] [Fatal Error] :1:1: Premature end of file.
2025-12-20 12:06:01,020 [ERROR] LogOutputStream:75 - [STDERR_REDIRECT] 
2025-12-20 12:06:02,000 [ERROR] LogOutputStream:75 - [STDERR_REDIRECT] [Fatal Error] :1:1: Premature end of file.
2025-12-20 12:06:02,001 [ERROR] LogOutputStream:75 - [STDERR_REDIRECT] 
2025-12-20 12:06:03,018 [ERROR] LogOutputStream:75 - [STDERR_REDIRECT] [Fatal Error] :1:1: Premature end of file.
2025-12-20 12:06:03,019 [ERROR] LogOutputStream:75 - [STDERR_REDIRECT] 
2025-12-20 12:06:04,017 [ERROR] LogOutputStream:75 - [STDERR_REDIRECT] [Fatal Error] :1:1: Premature end of file.
2025-12-20 12:06:04,018 [ERROR] LogOutputStream:75 - [STDERR_REDIRECT] 
2025-12-20 12:06:05,031 [ERROR] LogOutputStream:75 - [STDERR_REDIRECT] [Fatal Error] :1:1: Premature end of file.
2025-12-20 12:06:05,031 [ERROR] LogOutputStream:75 - [STDERR_REDIRECT] 
2025-12-20 12:06:06,013 [ERROR] LogOutputStream:75 - [STDERR_REDIRECT] [Fatal Error] :1:1: Premature end of file.
2025-12-20 12:06:06,014 [ERROR] LogOutputStream:75 - [STDERR_REDIRECT] 
2025-12-20 12:06:07,011 [ERROR] LogOutputStream:75 - [STDERR_REDIRECT] [Fatal Error] :1:1: Premature end of file.
2025-12-20 12:06:07,011 [ERROR] LogOutputStream:75 - [STDERR_REDIRECT] 
2025-12-20 12:06:08,015 [ERROR] LogOutputStream:75 - [STDERR_REDIRECT] [Fatal Error] :1:1: Premature end of file.
2025-12-20 12:06:08,015 [ERROR] LogOutputStream:75 - [STDERR_REDIRECT] 
2025-12-20 12:06:09,034 [ERROR] LogOutputStream:75 - [STDERR_REDIRECT] [Fatal Error] :1:1: Premature end of file.
2025-12-20 12:06:09,035 [ERROR] LogOutputStream:75 - [STDERR_REDIRECT] 
2025-12-20 12:06:10,006 [ERROR] LogOutputStream:75 - [STDERR_REDIRECT] [Fatal Error] :1:1: Premature end of file.
2025-12-20 12:06:10,006 [ERROR] LogOutputStream:75 - [STDERR_REDIRECT] 
2025-12-20 12:06:11,003 [ERROR] LogOutputStream:75 - [STDERR_REDIRECT] [Fatal Error] :1:1: Premature end of file.
2025-12-20 12:06:11,003 [ERROR] LogOutputStream:75 - [STDERR_REDIRECT] 
2025-12-20 12:06:12,045 [ERROR] LogOutputStream:75 - [STDERR_REDIRECT] [Fatal Error] :1:1: Premature end of file.
2025-12-20 12:06:12,045 [ERROR] LogOutputStream:75 - [STDERR_REDIRECT] 
2025-12-20 12:06:13,020 [ERROR] LogOutputStream:75 - [STDERR_REDIRECT] [Fatal Error] :1:1: Premature end of file.
2025-12-20 12:06:13,020 [ERROR] LogOutputStream:75 - [STDERR_REDIRECT] 
2025-12-20 12:06:14,023 [ERROR] LogOutputStream:75 - [STDERR_REDIRECT] [Fatal Error] :1:1: Premature end of file.
2025-12-20 12:06:14,023 [ERROR] LogOutputStream:75 - [STDERR_REDIRECT] 
2025-12-20 12:06:15,062 [ERROR] LogOutputStream:75 - [STDERR_REDIRECT] [Fatal Error] :1:1: Premature end of file.
2025-12-20 12:06:15,062 [ERROR] LogOutputStream:75 - [STDERR_REDIRECT] 
2025-12-20 12:06:16,035 [ERROR] LogOutputStream:75 - [STDERR_REDIRECT] [Fatal Error] :1:1: Premature end of file.
2025-12-20 12:06:16,035 [ERROR] LogOutputStream:75 - [STDERR_REDIRECT] 
2025-12-20 12:06:17,047 [ERROR] LogOutputStream:75 - [STDERR_REDIRECT] [Fatal Error] :1:1: Premature end of file.
2025-12-20 12:06:17,047 [ERROR] LogOutputStream:75 - [STDERR_REDIRECT] 
2025-12-20 12:06:18,043 [ERROR] LogOutputStream:75 - [STDERR_REDIRECT] [Fatal Error] :1:1: Premature end of file.
2025-12-20 12:06:18,043 [ERROR] LogOutputStream:75 - [STDERR_REDIRECT] 
2025-12-20 12:06:19,034 [ERROR] LogOutputStream:75 - [STDERR_REDIRECT] [Fatal Error] :1:1: Premature end of file.
2025-12-20 12:06:19,034 [ERROR] LogOutputStream:75 - [STDERR_REDIRECT] 
2025-12-20 12:06:20,047 [ERROR] LogOutputStream:75 - [STDERR_REDIRECT] [Fatal Error] :1:1: Premature end of file.
2025-12-20 12:06:20,047 [ERROR] LogOutputStream:75 - [STDERR_REDIRECT] 
2025-12-20 12:06:21,035 [ERROR] LogOutputStream:75 - [STDERR_REDIRECT] [Fatal Error] :1:1: Premature end of file.
2025-12-20 12:06:21,035 [ERROR] LogOutputStream:75 - [STDERR_REDIRECT] 
2025-12-20 12:06:22,027 [ERROR] LogOutputStream:75 - [STDERR_REDIRECT] [Fatal Error] :1:1: Premature end of file.
2025-12-20 12:06:22,027 [ERROR] LogOutputStream:75 - [STDERR_REDIRECT] 
2025-12-20 12:06:23,029 [ERROR] LogOutputStream:75 - [STDERR_REDIRECT] [Fatal Error] :1:1: Premature end of file.
2025-12-20 12:06:23,030 [ERROR] LogOutputStream:75 - [STDERR_REDIRECT] 
2025-12-20 12:06:24,105 [ERROR] LogOutputStream:75 - [STDERR_REDIRECT] [Fatal Error] :1:1: Premature end of file.
2025-12-20 12:06:24,105 [ERROR] LogOutputStream:75 - [STDERR_REDIRECT] 
2025-12-20 12:06:25,030 [ERROR] LogOutputStream:75 - [STDERR_REDIRECT] [Fatal Error] :1:1: Premature end of file.
2025-12-20 12:06:25,030 [ERROR] LogOutputStream:75 - [STDERR_REDIRECT] 
2025-12-20 12:06:26,038 [ERROR] LogOutputStream:75 - [STDERR_REDIRECT] [Fatal Error] :1:1: Premature end of file.
2025-12-20 12:06:26,040 [ERROR] LogOutputStream:75 - [STDERR_REDIRECT] 
2025-12-20 12:06:27,041 [ERROR] LogOutputStream:75 - [STDERR_REDIRECT] [Fatal Error] :1:1: Premature end of file.
2025-12-20 12:06:27,042 [ERROR] LogOutputStream:75 - [STDERR_REDIRECT] 
2025-12-20 12:06:28,024 [ERROR] LogOutputStream:75 - [STDERR_REDIRECT] [Fatal Error] :1:1: Premature end of file.
2025-12-20 12:06:28,024 [ERROR] LogOutputStream:75 - [STDERR_REDIRECT] 
2025-12-20 12:06:29,025 [ERROR] LogOutputStream:75 - [STDERR_REDIRECT] [Fatal Error] :1:1: Premature end of file.
2025-12-20 12:06:29,025 [ERROR] LogOutputStream:75 - [STDERR_REDIRECT] 
2025-12-20 12:06:30,022 [ERROR] LogOutputStream:75 - [STDERR_REDIRECT] [Fatal Error] :1:1: Premature end of file.
2025-12-20 12:06:30,022 [ERROR] LogOutputStream:75 - [STDERR_REDIRECT] 
2025-12-20 12:06:31,028 [ERROR] LogOutputStream:75 - [STDERR_REDIRECT] [Fatal Error] :1:1: Premature end of file.
2025-12-20 12:06:31,028 [ERROR] LogOutputStream:75 - [STDERR_REDIRECT] 
2025-12-20 12:06:32,029 [ERROR] LogOutputStream:75 - [STDERR_REDIRECT] [Fatal Error] :1:1: Premature end of file.
2025-12-20 12:06:32,029 [ERROR] LogOutputStream:75 - [STDERR_REDIRECT] 
2025-12-20 12:06:33,027 [ERROR] LogOutputStream:75 - [STDERR_REDIRECT] [Fatal Error] :1:1: Premature end of file.
2025-12-20 12:06:33,027 [ERROR] LogOutputStream:75 - [STDERR_REDIRECT] 
2025-12-20 12:06:34,026 [ERROR] LogOutputStream:75 - [STDERR_REDIRECT] [Fatal Error] :1:1: Premature end of file.
2025-12-20 12:06:34,026 [ERROR] LogOutputStream:75 - [STDERR_REDIRECT] 
2025-12-20 12:06:35,020 [ERROR] LogOutputStream:75 - [STDERR_REDIRECT] [Fatal Error] :1:1: Premature end of file.
2025-12-20 12:06:35,020 [ERROR] LogOutputStream:75 - [STDERR_REDIRECT] 
2025-12-20 12:06:36,026 [ERROR] LogOutputStream:75 - [STDERR_REDIRECT] [Fatal Error] :1:1: Premature end of file.
2025-12-20 12:06:36,026 [ERROR] LogOutputStream:75 - [STDERR_REDIRECT] 
2025-12-20 12:06:37,059 [ERROR] LogOutputStream:75 - [STDERR_REDIRECT] [Fatal Error] :1:1: Premature end of file.
2025-12-20 12:06:37,061 [ERROR] LogOutputStream:75 - [STDERR_REDIRECT] 
2025-12-20 12:06:38,026 [ERROR] LogOutputStream:75 - [STDERR_REDIRECT] [Fatal Error] :1:1: Premature end of file.
2025-12-20 12:06:38,026 [ERROR] LogOutputStream:75 - [STDERR_REDIRECT] 
2025-12-20 12:06:39,033 [ERROR] LogOutputStream:75 - [STDERR_REDIRECT] [Fatal Error] :1:1: Premature end of file.
2025-12-20 12:06:39,033 [ERROR] LogOutputStream:75 - [STDERR_REDIRECT] 
2025-12-20 12:06:40,028 [ERROR] LogOutputStream:75 - [STDERR_REDIRECT] [Fatal Error] :1:1: Premature end of file.
2025-12-20 12:06:40,031 [ERROR] LogOutputStream:75 - [STDERR_REDIRECT] 
2025-12-20 12:06:41,014 [ERROR] LogOutputStream:75 - [STDERR_REDIRECT] [Fatal Error] :1:1: Premature end of file.
2025-12-20 12:06:41,014 [ERROR] LogOutputStream:75 - [STDERR_REDIRECT] 
2025-12-20 12:06:42,027 [ERROR] LogOutputStream:75 - [STDERR_REDIRECT] [Fatal Error] :1:1: Premature end of file.
2025-12-20 12:06:42,027 [ERROR] LogOutputStream:75 - [STDERR_REDIRECT] 
2025-12-20 12:06:43,041 [ERROR] LogOutputStream:75 - [STDERR_REDIRECT] [Fatal Error] :1:1: Premature end of file.
2025-12-20 12:06:43,041 [ERROR] LogOutputStream:75 - [STDERR_REDIRECT] 
2025-12-20 12:06:44,041 [ERROR] LogOutputStream:75 - [STDERR_REDIRECT] [Fatal Error] :1:1: Premature end of file.
2025-12-20 12:06:44,041 [ERROR] LogOutputStream:75 - [STDERR_REDIRECT] 
2025-12-20 12:06:45,057 [ERROR] LogOutputStream:75 - [STDERR_REDIRECT] [Fatal Error] :1:1: Premature end of file.
2025-12-20 12:06:45,057 [ERROR] LogOutputStream:75 - [STDERR_REDIRECT] 
2025-12-20 12:06:46,107 [ERROR] LogOutputStream:75 - [STDERR_REDIRECT] [Fatal Error] :1:1: Premature end of file.
2025-12-20 12:06:46,107 [ERROR] LogOutputStream:75 - [STDERR_REDIRECT] 
2025-12-20 12:06:47,038 [ERROR] LogOutputStream:75 - [STDERR_REDIRECT] [Fatal Error] :1:1: Premature end of file.
2025-12-20 12:06:47,039 [ERROR] LogOutputStream:75 - [STDERR_REDIRECT] 
2025-12-20 12:06:48,030 [ERROR] LogOutputStream:75 - [STDERR_REDIRECT] [Fatal Error] :1:1: Premature end of file.
2025-12-20 12:06:48,030 [ERROR] LogOutputStream:75 - [STDERR_REDIRECT] 
2025-12-20 12:06:49,026 [ERROR] LogOutputStream:75 - [STDERR_REDIRECT] [Fatal Error] :1:1: Premature end of file.
2025-12-20 12:06:49,026 [ERROR] LogOutputStream:75 - [STDERR_REDIRECT] 
2025-12-20 12:06:50,074 [ERROR] LogOutputStream:75 - [STDERR_REDIRECT] [Fatal Error] :1:1: Premature end of file.
2025-12-20 12:06:50,074 [ERROR] LogOutputStream:75 - [STDERR_REDIRECT] 
2025-12-20 12:06:51,063 [ERROR] LogOutputStream:75 - [STDERR_REDIRECT] [Fatal Error] :1:1: Premature end of file.
2025-12-20 12:06:51,063 [ERROR] LogOutputStream:75 - [STDERR_REDIRECT] 
2025-12-20 12:06:52,207 [ERROR] LogOutputStream:75 - [STDERR_REDIRECT] [Fatal Error] :1:1: Premature end of file.
2025-12-20 12:06:52,207 [ERROR] LogOutputStream:75 - [STDERR_REDIRECT] 
2025-12-20 12:06:53,021 [ERROR] LogOutputStream:75 - [STDERR_REDIRECT] [Fatal Error] :1:1: Premature end of file.
2025-12-20 12:06:53,021 [ERROR] LogOutputStream:75 - [STDERR_REDIRECT] 
2025-12-20 12:06:54,020 [ERROR] LogOutputStream:75 - [STDERR_REDIRECT] [Fatal Error] :1:1: Premature end of file.
2025-12-20 12:06:54,020 [ERROR] LogOutputStream:75 - [STDERR_REDIRECT] 
2025-12-20 12:06:55,019 [ERROR] LogOutputStream:75 - [STDERR_REDIRECT] [Fatal Error] :1:1: Premature end of file.
2025-12-20 12:06:55,019 [ERROR] LogOutputStream:75 - [STDERR_REDIRECT] 
2025-12-20 12:06:56,177 [ERROR] LogOutputStream:75 - [STDERR_REDIRECT] [Fatal Error] :1:1: Premature end of file.
2025-12-20 12:06:56,179 [ERROR] LogOutputStream:75 - [STDERR_REDIRECT] 
2025-12-20 12:06:57,012 [ERROR] LogOutputStream:75 - [STDERR_REDIRECT] [Fatal Error] :1:1: Premature end of file.
2025-12-20 12:06:57,012 [ERROR] LogOutputStream:75 - [STDERR_REDIRECT] 
2025-12-20 12:06:58,066 [ERROR] LogOutputStream:75 - [STDERR_REDIRECT] [Fatal Error] :1:1: Premature end of file.
2025-12-20 12:06:58,066 [ERROR] LogOutputStream:75 - [STDERR_REDIRECT] 
2025-12-20 12:06:59,013 [ERROR] LogOutputStream:75 - [STDERR_REDIRECT] [Fatal Error] :1:1: Premature end of file.
2025-12-20 12:06:59,013 [ERROR] LogOutputStream:75 - [STDERR_REDIRECT] 
2025-12-20 12:07:00,089 [ERROR] LogOutputStream:75 - [STDERR_REDIRECT] [Fatal Error] :1:1: Premature end of file.
2025-12-20 12:07:00,089 [ERROR] LogOutputStream:75 - [STDERR_REDIRECT] 
2025-12-20 12:07:01,026 [ERROR] LogOutputStream:75 - [STDERR_REDIRECT] [Fatal Error] :1:1: Premature end of file.
2025-12-20 12:07:01,026 [ERROR] LogOutputStream:75 - [STDERR_REDIRECT] 
2025-12-20 12:07:02,018 [ERROR] LogOutputStream:75 - [STDERR_REDIRECT] [Fatal Error] :1:1: Premature end of file.
2025-12-20 12:07:02,018 [ERROR] LogOutputStream:75 - [STDERR_REDIRECT] 
2025-12-20 12:07:03,030 [ERROR] LogOutputStream:75 - [STDERR_REDIRECT] [Fatal Error] :1:1: Premature end of file.
2025-12-20 12:07:03,030 [ERROR] LogOutputStream:75 - [STDERR_REDIRECT] 
2025-12-20 12:07:04,033 [ERROR] LogOutputStream:75 - [STDERR_REDIRECT] [Fatal Error] :1:1: Premature end of file.
2025-12-20 12:07:04,034 [ERROR] LogOutputStream:75 - [STDERR_REDIRECT] 
2025-12-20 12:07:05,033 [ERROR] LogOutputStream:75 - [STDERR_REDIRECT] [Fatal Error] :1:1: Premature end of file.
2025-12-20 12:07:05,034 [ERROR] LogOutputStream:75 - [STDERR_REDIRECT] 
2025-12-20 12:07:06,022 [ERROR] LogOutputStream:75 - [STDERR_REDIRECT] [Fatal Error] :1:1: Premature end of file.
2025-12-20 12:07:06,022 [ERROR] LogOutputStream:75 - [STDERR_REDIRECT] 
2025-12-20 12:07:07,035 [ERROR] LogOutputStream:75 - [STDERR_REDIRECT] [Fatal Error] :1:1: Premature end of file.
2025-12-20 12:07:07,036 [ERROR] LogOutputStream:75 - [STDERR_REDIRECT] 
2025-12-20 12:07:08,037 [ERROR] LogOutputStream:75 - [STDERR_REDIRECT] [Fatal Error] :1:1: Premature end of file.
2025-12-20 12:07:08,037 [ERROR] LogOutputStream:75 - [STDERR_REDIRECT] 
2025-12-20 12:07:09,026 [ERROR] LogOutputStream:75 - [STDERR_REDIRECT] [Fatal Error] :1:1: Premature end of file.
2025-12-20 12:07:09,026 [ERROR] LogOutputStream:75 - [STDERR_REDIRECT] 
2025-12-20 12:07:10,035 [ERROR] LogOutputStream:75 - [STDERR_REDIRECT] [Fatal Error] :1:1: Premature end of file.
2025-12-20 12:07:10,035 [ERROR] LogOutputStream:75 - [STDERR_REDIRECT] 
2025-12-20 12:07:11,042 [ERROR] LogOutputStream:75 - [STDERR_REDIRECT] [Fatal Error] :1:1: Premature end of file.
2025-12-20 12:07:11,042 [ERROR] LogOutputStream:75 - [STDERR_REDIRECT] 
2025-12-20 12:07:12,036 [ERROR] LogOutputStream:75 - [STDERR_REDIRECT] [Fatal Error] :1:1: Premature end of file.
2025-12-20 12:07:12,036 [ERROR] LogOutputStream:75 - [STDERR_REDIRECT] 
2025-12-20 12:07:13,044 [ERROR] LogOutputStream:75 - [STDERR_REDIRECT] [Fatal Error] :1:1: Premature end of file.
2025-12-20 12:07:13,044 [ERROR] LogOutputStream:75 - [STDERR_REDIRECT] 
2025-12-20 12:07:14,036 [ERROR] LogOutputStream:75 - [STDERR_REDIRECT] [Fatal Error] :1:1: Premature end of file.
2025-12-20 12:07:14,036 [ERROR] LogOutputStream:75 - [STDERR_REDIRECT] 
2025-12-20 12:07:15,035 [ERROR] LogOutputStream:75 - [STDERR_REDIRECT] [Fatal Error] :1:1: Premature end of file.
2025-12-20 12:07:15,035 [ERROR] LogOutputStream:75 - [STDERR_REDIRECT] 
2025-12-20 12:07:16,028 [ERROR] LogOutputStream:75 - [STDERR_REDIRECT] [Fatal Error] :1:1: Premature end of file.
2025-12-20 12:07:16,028 [ERROR] LogOutputStream:75 - [STDERR_REDIRECT] 
2025-12-20 12:07:17,018 [ERROR] LogOutputStream:75 - [STDERR_REDIRECT] [Fatal Error] :1:1: Premature end of file.
2025-12-20 12:07:17,018 [ERROR] LogOutputStream:75 - [STDERR_REDIRECT] 
2025-12-20 12:07:18,038 [ERROR] LogOutputStream:75 - [STDERR_REDIRECT] [Fatal Error] :1:1: Premature end of file.
2025-12-20 12:07:18,038 [ERROR] LogOutputStream:75 - [STDERR_REDIRECT] 
2025-12-20 12:07:19,029 [ERROR] LogOutputStream:75 - [STDERR_REDIRECT] [Fatal Error] :1:1: Premature end of file.
2025-12-20 12:07:19,030 [ERROR] LogOutputStream:75 - [STDERR_REDIRECT] 
2025-12-20 12:07:20,040 [ERROR] LogOutputStream:75 - [STDERR_REDIRECT] [Fatal Error] :1:1: Premature end of file.
2025-12-20 12:07:20,040 [ERROR] LogOutputStream:75 - [STDERR_REDIRECT] 
2025-12-20 12:07:21,023 [ERROR] LogOutputStream:75 - [STDERR_REDIRECT] [Fatal Error] :1:1: Premature end of file.
2025-12-20 12:07:21,023 [ERROR] LogOutputStream:75 - [STDERR_REDIRECT] 
2025-12-20 12:07:22,018 [ERROR] LogOutputStream:75 - [STDERR_REDIRECT] [Fatal Error] :1:1: Premature end of file.
2025-12-20 12:07:22,018 [ERROR] LogOutputStream:75 - [STDERR_REDIRECT] 
2025-12-20 12:07:23,038 [ERROR] LogOutputStream:75 - [STDERR_REDIRECT] [Fatal Error] :1:1: Premature end of file.
2025-12-20 12:07:23,038 [ERROR] LogOutputStream:75 - [STDERR_REDIRECT] 
2025-12-20 12:07:24,032 [ERROR] LogOutputStream:75 - [STDERR_REDIRECT] [Fatal Error] :1:1: Premature end of file.
2025-12-20 12:07:24,032 [ERROR] LogOutputStream:75 - [STDERR_REDIRECT] 
2025-12-20 12:07:25,030 [ERROR] LogOutputStream:75 - [STDERR_REDIRECT] [Fatal Error] :1:1: Premature end of file.
2025-12-20 12:07:25,030 [ERROR] LogOutputStream:75 - [STDERR_REDIRECT] 
2025-12-20 12:07:26,031 [ERROR] LogOutputStream:75 - [STDERR_REDIRECT] [Fatal Error] :1:1: Premature end of file.
2025-12-20 12:07:26,031 [ERROR] LogOutputStream:75 - [STDERR_REDIRECT] 
2025-12-20 12:07:27,034 [ERROR] LogOutputStream:75 - [STDERR_REDIRECT] [Fatal Error] :1:1: Premature end of file.
2025-12-20 12:07:27,034 [ERROR] LogOutputStream:75 - [STDERR_REDIRECT] 
2025-12-20 12:07:28,041 [ERROR] LogOutputStream:75 - [STDERR_REDIRECT] [Fatal Error] :1:1: Premature end of file.
2025-12-20 12:07:28,041 [ERROR] LogOutputStream:75 - [STDERR_REDIRECT] 
2025-12-20 12:07:29,044 [ERROR] LogOutputStream:75 - [STDERR_REDIRECT] [Fatal Error] :1:1: Premature end of file.
2025-12-20 12:07:29,044 [ERROR] LogOutputStream:75 - [STDERR_REDIRECT] 
2025-12-20 12:07:30,051 [ERROR] LogOutputStream:75 - [STDERR_REDIRECT] [Fatal Error] :1:1: Premature end of file.
2025-12-20 12:07:30,051 [ERROR] LogOutputStream:75 - [STDERR_REDIRECT] 
2025-12-20 12:07:31,035 [ERROR] LogOutputStream:75 - [STDERR_REDIRECT] [Fatal Error] :1:1: Premature end of file.
2025-12-20 12:07:31,035 [ERROR] LogOutputStream:75 - [STDERR_REDIRECT] 
2025-12-20 12:07:32,022 [ERROR] LogOutputStream:75 - [STDERR_REDIRECT] [Fatal Error] :1:1: Premature end of file.
2025-12-20 12:07:32,022 [ERROR] LogOutputStream:75 - [STDERR_REDIRECT] 
2025-12-20 12:07:33,037 [ERROR] LogOutputStream:75 - [STDERR_REDIRECT] [Fatal Error] :1:1: Premature end of file.
2025-12-20 12:07:33,037 [ERROR] LogOutputStream:75 - [STDERR_REDIRECT] 
2025-12-20 12:07:34,039 [ERROR] LogOutputStream:75 - [STDERR_REDIRECT] [Fatal Error] :1:1: Premature end of file.
2025-12-20 12:07:34,039 [ERROR] LogOutputStream:75 - [STDERR_REDIRECT] 
2025-12-20 12:07:35,020 [ERROR] LogOutputStream:75 - [STDERR_REDIRECT] [Fatal Error] :1:1: Premature end of file.
2025-12-20 12:07:35,020 [ERROR] LogOutputStream:75 - [STDERR_REDIRECT] 
2025-12-20 12:07:36,027 [ERROR] LogOutputStream:75 - [STDERR_REDIRECT] [Fatal Error] :1:1: Premature end of file.
2025-12-20 12:07:36,027 [ERROR] LogOutputStream:75 - [STDERR_REDIRECT] 
2025-12-20 12:07:37,023 [ERROR] LogOutputStream:75 - [STDERR_REDIRECT] [Fatal Error] :1:1: Premature end of file.
2025-12-20 12:07:37,023 [ERROR] LogOutputStream:75 - [STDERR_REDIRECT] 
2025-12-20 12:07:38,039 [ERROR] LogOutputStream:75 - [STDERR_REDIRECT] [Fatal Error] :1:1: Premature end of file.
2025-12-20 12:07:38,039 [ERROR] LogOutputStream:75 - [STDERR_REDIRECT] 
2025-12-20 12:07:39,046 [ERROR] LogOutputStream:75 - [STDERR_REDIRECT] [Fatal Error] :1:1: Premature end of file.
2025-12-20 12:07:39,046 [ERROR] LogOutputStream:75 - [STDERR_REDIRECT] 
2025-12-20 12:07:40,038 [ERROR] LogOutputStream:75 - [STDERR_REDIRECT] [Fatal Error] :1:1: Premature end of file.
2025-12-20 12:07:40,038 [ERROR] LogOutputStream:75 - [STDERR_REDIRECT] 
2025-12-20 12:07:41,055 [ERROR] LogOutputStream:75 - [STDERR_REDIRECT] [Fatal Error] :1:1: Premature end of file.
2025-12-20 12:07:41,055 [ERROR] LogOutputStream:75 - [STDERR_REDIRECT] 
2025-12-20 12:07:42,044 [ERROR] LogOutputStream:75 - [STDERR_REDIRECT] [Fatal Error] :1:1: Premature end of file.
2025-12-20 12:07:42,044 [ERROR] LogOutputStream:75 - [STDERR_REDIRECT] 
2025-12-20 12:07:43,052 [ERROR] LogOutputStream:75 - [STDERR_REDIRECT] [Fatal Error] :1:1: Premature end of file.
2025-12-20 12:07:43,052 [ERROR] LogOutputStream:75 - [STDERR_REDIRECT] 
2025-12-20 12:07:44,031 [ERROR] LogOutputStream:75 - [STDERR_REDIRECT] [Fatal Error] :1:1: Premature end of file.
2025-12-20 12:07:44,031 [ERROR] LogOutputStream:75 - [STDERR_REDIRECT] 
2025-12-20 12:07:45,050 [ERROR] LogOutputStream:75 - [STDERR_REDIRECT] [Fatal Error] :1:1: Premature end of file.
2025-12-20 12:07:45,050 [ERROR] LogOutputStream:75 - [STDERR_REDIRECT] 
2025-12-20 12:07:46,042 [ERROR] LogOutputStream:75 - [STDERR_REDIRECT] [Fatal Error] :1:1: Premature end of file.
2025-12-20 12:07:46,043 [ERROR] LogOutputStream:75 - [STDERR_REDIRECT] 
2025-12-20 12:07:47,030 [ERROR] LogOutputStream:75 - [STDERR_REDIRECT] [Fatal Error] :1:1: Premature end of file.
2025-12-20 12:07:47,030 [ERROR] LogOutputStream:75 - [STDERR_REDIRECT] 
2025-12-20 12:07:48,034 [ERROR] LogOutputStream:75 - [STDERR_REDIRECT] [Fatal Error] :1:1: Premature end of file.
2025-12-20 12:07:48,034 [ERROR] LogOutputStream:75 - [STDERR_REDIRECT] 
2025-12-20 12:07:49,040 [ERROR] LogOutputStream:75 - [STDERR_REDIRECT] [Fatal Error] :1:1: Premature end of file.
2025-12-20 12:07:49,040 [ERROR] LogOutputStream:75 - [STDERR_REDIRECT] 
2025-12-20 12:07:50,040 [ERROR] LogOutputStream:75 - [STDERR_REDIRECT] [Fatal Error] :1:1: Premature end of file.
2025-12-20 12:07:50,040 [ERROR] LogOutputStream:75 - [STDERR_REDIRECT] 
2025-12-20 12:07:51,056 [ERROR] LogOutputStream:75 - [STDERR_REDIRECT] [Fatal Error] :1:1: Premature end of file.
2025-12-20 12:07:51,056 [ERROR] LogOutputStream:75 - [STDERR_REDIRECT] 
2025-12-20 12:07:52,054 [ERROR] LogOutputStream:75 - [STDERR_REDIRECT] [Fatal Error] :1:1: Premature end of file.
2025-12-20 12:07:52,055 [ERROR] LogOutputStream:75 - [STDERR_REDIRECT] 
2025-12-20 12:07:53,015 [ERROR] LogOutputStream:75 - [STDERR_REDIRECT] [Fatal Error] :1:1: Premature end of file.
2025-12-20 12:07:53,015 [ERROR] LogOutputStream:75 - [STDERR_REDIRECT] 
2025-12-20 12:07:54,041 [ERROR] LogOutputStream:75 - [STDERR_REDIRECT] [Fatal Error] :1:1: Premature end of file.
2025-12-20 12:07:54,041 [ERROR] LogOutputStream:75 - [STDERR_REDIRECT] 
2025-12-20 12:07:55,046 [ERROR] LogOutputStream:75 - [STDERR_REDIRECT] [Fatal Error] :1:1: Premature end of file.
2025-12-20 12:07:55,046 [ERROR] LogOutputStream:75 - [STDERR_REDIRECT] 
2025-12-20 12:07:56,152 [ERROR] LogOutputStream:75 - [STDERR_REDIRECT] [Fatal Error] :1:1: Premature end of file.
2025-12-20 12:07:56,152 [ERROR] LogOutputStream:75 - [STDERR_REDIRECT] 
2025-12-20 12:07:57,069 [ERROR] LogOutputStream:75 - [STDERR_REDIRECT] [Fatal Error] :1:1: Premature end of file.
2025-12-20 12:07:57,069 [ERROR] LogOutputStream:75 - [STDERR_REDIRECT] 
2025-12-20 12:07:58,039 [ERROR] LogOutputStream:75 - [STDERR_REDIRECT] [Fatal Error] :1:1: Premature end of file.
2025-12-20 12:07:58,039 [ERROR] LogOutputStream:75 - [STDERR_REDIRECT] 
2025-12-20 12:07:59,088 [ERROR] LogOutputStream:75 - [STDERR_REDIRECT] [Fatal Error] :1:1: Premature end of file.
2025-12-20 12:07:59,088 [ERROR] LogOutputStream:75 - [STDERR_REDIRECT] 
2025-12-20 12:08:00,152 [ERROR] LogOutputStream:75 - [STDERR_REDIRECT] [Fatal Error] :1:1: Premature end of file.
2025-12-20 12:08:00,153 [ERROR] LogOutputStream:75 - [STDERR_REDIRECT] 
2025-12-20 12:08:01,032 [ERROR] LogOutputStream:75 - [STDERR_REDIRECT] [Fatal Error] :1:1: Premature end of file.
2025-12-20 12:08:01,036 [ERROR] LogOutputStream:75 - [STDERR_REDIRECT] 
2025-12-20 12:08:02,105 [ERROR] LogOutputStream:75 - [STDERR_REDIRECT] [Fatal Error] :1:1: Premature end of file.
2025-12-20 12:08:02,107 [ERROR] LogOutputStream:75 - [STDERR_REDIRECT] 
2025-12-20 12:08:03,041 [ERROR] LogOutputStream:75 - [STDERR_REDIRECT] [Fatal Error] :1:1: Premature end of file.
2025-12-20 12:08:03,041 [ERROR] LogOutputStream:75 - [STDERR_REDIRECT] 
2025-12-20 12:08:04,043 [ERROR] LogOutputStream:75 - [STDERR_REDIRECT] [Fatal Error] :1:1: Premature end of file.
2025-12-20 12:08:04,045 [ERROR] LogOutputStream:75 - [STDERR_REDIRECT] 
2025-12-20 12:08:05,036 [ERROR] LogOutputStream:75 - [STDERR_REDIRECT] [Fatal Error] :1:1: Premature end of file.
2025-12-20 12:08:05,036 [ERROR] LogOutputStream:75 - [STDERR_REDIRECT] 
2025-12-20 12:08:06,070 [ERROR] LogOutputStream:75 - [STDERR_REDIRECT] [Fatal Error] :1:1: Premature end of file.
2025-12-20 12:08:06,070 [ERROR] LogOutputStream:75 - [STDERR_REDIRECT] 
2025-12-20 12:08:07,035 [ERROR] LogOutputStream:75 - [STDERR_REDIRECT] [Fatal Error] :1:1: Premature end of file.
2025-12-20 12:08:07,035 [ERROR] LogOutputStream:75 - [STDERR_REDIRECT] 
2025-12-20 12:08:08,045 [ERROR] LogOutputStream:75 - [STDERR_REDIRECT] [Fatal Error] :1:1: Premature end of file.
2025-12-20 12:08:08,045 [ERROR] LogOutputStream:75 - [STDERR_REDIRECT] 
2025-12-20 12:08:09,054 [ERROR] LogOutputStream:75 - [STDERR_REDIRECT] [Fatal Error] :1:1: Premature end of file.
2025-12-20 12:08:09,054 [ERROR] LogOutputStream:75 - [STDERR_REDIRECT] 
2025-12-20 12:08:10,042 [ERROR] LogOutputStream:75 - [STDERR_REDIRECT] [Fatal Error] :1:1: Premature end of file.
2025-12-20 12:08:10,042 [ERROR] LogOutputStream:75 - [STDERR_REDIRECT] 
2025-12-20 12:08:11,052 [ERROR] LogOutputStream:75 - [STDERR_REDIRECT] [Fatal Error] :1:1: Premature end of file.
2025-12-20 12:08:11,052 [ERROR] LogOutputStream:75 - [STDERR_REDIRECT] 
2025-12-20 12:08:12,051 [ERROR] LogOutputStream:75 - [STDERR_REDIRECT] [Fatal Error] :1:1: Premature end of file.
2025-12-20 12:08:12,052 [ERROR] LogOutputStream:75 - [STDERR_REDIRECT] 
2025-12-20 12:08:13,051 [ERROR] LogOutputStream:75 - [STDERR_REDIRECT] [Fatal Error] :1:1: Premature end of file.
2025-12-20 12:08:13,057 [ERROR] LogOutputStream:75 - [STDERR_REDIRECT] 
2025-12-20 12:08:14,038 [ERROR] LogOutputStream:75 - [STDERR_REDIRECT] [Fatal Error] :1:1: Premature end of file.
2025-12-20 12:08:14,038 [ERROR] LogOutputStream:75 - [STDERR_REDIRECT] 
2025-12-20 12:08:15,053 [ERROR] LogOutputStream:75 - [STDERR_REDIRECT] [Fatal Error] :1:1: Premature end of file.
2025-12-20 12:08:15,053 [ERROR] LogOutputStream:75 - [STDERR_REDIRECT] 
2025-12-20 12:08:16,039 [ERROR] LogOutputStream:75 - [STDERR_REDIRECT] [Fatal Error] :1:1: Premature end of file.
2025-12-20 12:08:16,039 [ERROR] LogOutputStream:75 - [STDERR_REDIRECT] 
2025-12-20 12:08:17,046 [ERROR] LogOutputStream:75 - [STDERR_REDIRECT] [Fatal Error] :1:1: Premature end of file.
2025-12-20 12:08:17,046 [ERROR] LogOutputStream:75 - [STDERR_REDIRECT] 
2025-12-20 12:08:18,045 [ERROR] LogOutputStream:75 - [STDERR_REDIRECT] [Fatal Error] :1:1: Premature end of file.
2025-12-20 12:08:18,045 [ERROR] LogOutputStream:75 - [STDERR_REDIRECT] 
2025-12-20 12:08:19,038 [ERROR] LogOutputStream:75 - [STDERR_REDIRECT] [Fatal Error] :1:1: Premature end of file.
2025-12-20 12:08:19,038 [ERROR] LogOutputStream:75 - [STDERR_REDIRECT] 
2025-12-20 12:08:20,046 [ERROR] LogOutputStream:75 - [STDERR_REDIRECT] [Fatal Error] :1:1: Premature end of file.
2025-12-20 12:08:20,047 [ERROR] LogOutputStream:75 - [STDERR_REDIRECT] 
2025-12-20 12:08:21,045 [ERROR] LogOutputStream:75 - [STDERR_REDIRECT] [Fatal Error] :1:1: Premature end of file.
2025-12-20 12:08:21,045 [ERROR] LogOutputStream:75 - [STDERR_REDIRECT] 
2025-12-20 12:08:22,030 [ERROR] LogOutputStream:75 - [STDERR_REDIRECT] [Fatal Error] :1:1: Premature end of file.
2025-12-20 12:08:22,032 [ERROR] LogOutputStream:75 - [STDERR_REDIRECT] 
2025-12-20 12:08:23,029 [ERROR] LogOutputStream:75 - [STDERR_REDIRECT] [Fatal Error] :1:1: Premature end of file.
2025-12-20 12:08:23,029 [ERROR] LogOutputStream:75 - [STDERR_REDIRECT] 
2025-12-20 12:08:24,045 [ERROR] LogOutputStream:75 - [STDERR_REDIRECT] [Fatal Error] :1:1: Premature end of file.
2025-12-20 12:08:24,045 [ERROR] LogOutputStream:75 - [STDERR_REDIRECT] 
2025-12-20 12:08:25,054 [ERROR] LogOutputStream:75 - [STDERR_REDIRECT] [Fatal Error] :1:1: Premature end of file.
2025-12-20 12:08:25,054 [ERROR] LogOutputStream:75 - [STDERR_REDIRECT] 
2025-12-20 12:08:26,042 [ERROR] LogOutputStream:75 - [STDERR_REDIRECT] [Fatal Error] :1:1: Premature end of file.
2025-12-20 12:08:26,042 [ERROR] LogOutputStream:75 - [STDERR_REDIRECT] 
2025-12-20 12:08:27,037 [ERROR] LogOutputStream:75 - [STDERR_REDIRECT] [Fatal Error] :1:1: Premature end of file.
2025-12-20 12:08:27,037 [ERROR] LogOutputStream:75 - [STDERR_REDIRECT] 
2025-12-20 12:08:28,052 [ERROR] LogOutputStream:75 - [STDERR_REDIRECT] [Fatal Error] :1:1: Premature end of file.
2025-12-20 12:08:28,052 [ERROR] LogOutputStream:75 - [STDERR_REDIRECT] 
2025-12-20 12:08:29,036 [ERROR] LogOutputStream:75 - [STDERR_REDIRECT] [Fatal Error] :1:1: Premature end of file.
2025-12-20 12:08:29,036 [ERROR] LogOutputStream:75 - [STDERR_REDIRECT] 
2025-12-20 12:08:30,044 [ERROR] LogOutputStream:75 - [STDERR_REDIRECT] [Fatal Error] :1:1: Premature end of file.
2025-12-20 12:08:30,044 [ERROR] LogOutputStream:75 - [STDERR_REDIRECT] 
2025-12-20 12:08:31,041 [ERROR] LogOutputStream:75 - [STDERR_REDIRECT] [Fatal Error] :1:1: Premature end of file.
2025-12-20 12:08:31,041 [ERROR] LogOutputStream:75 - [STDERR_REDIRECT] 
2025-12-20 12:08:32,052 [ERROR] LogOutputStream:75 - [STDERR_REDIRECT] [Fatal Error] :1:1: Premature end of file.
2025-12-20 12:08:32,052 [ERROR] LogOutputStream:75 - [STDERR_REDIRECT] 
2025-12-20 12:08:33,039 [ERROR] LogOutputStream:75 - [STDERR_REDIRECT] [Fatal Error] :1:1: Premature end of file.
2025-12-20 12:08:33,039 [ERROR] LogOutputStream:75 - [STDERR_REDIRECT] 
2025-12-20 12:08:34,041 [ERROR] LogOutputStream:75 - [STDERR_REDIRECT] [Fatal Error] :1:1: Premature end of file.
2025-12-20 12:08:34,041 [ERROR] LogOutputStream:75 - [STDERR_REDIRECT] 
2025-12-20 12:08:35,056 [ERROR] LogOutputStream:75 - [STDERR_REDIRECT] [Fatal Error] :1:1: Premature end of file.
2025-12-20 12:08:35,056 [ERROR] LogOutputStream:75 - [STDERR_REDIRECT] 
2025-12-20 12:08:36,037 [ERROR] LogOutputStream:75 - [STDERR_REDIRECT] [Fatal Error] :1:1: Premature end of file.
2025-12-20 12:08:36,037 [ERROR] LogOutputStream:75 - [STDERR_REDIRECT] 
2025-12-20 12:08:37,039 [ERROR] LogOutputStream:75 - [STDERR_REDIRECT] [Fatal Error] :1:1: Premature end of file.
2025-12-20 12:08:37,039 [ERROR] LogOutputStream:75 - [STDERR_REDIRECT] 
2025-12-20 12:08:38,045 [ERROR] LogOutputStream:75 - [STDERR_REDIRECT] [Fatal Error] :1:1: Premature end of file.
2025-12-20 12:08:38,045 [ERROR] LogOutputStream:75 - [STDERR_REDIRECT] 
2025-12-20 12:08:39,043 [ERROR] LogOutputStream:75 - [STDERR_REDIRECT] [Fatal Error] :1:1: Premature end of file.
2025-12-20 12:08:39,043 [ERROR] LogOutputStream:75 - [STDERR_REDIRECT] 
2025-12-20 12:08:40,055 [ERROR] LogOutputStream:75 - [STDERR_REDIRECT] [Fatal Error] :1:1: Premature end of file.
2025-12-20 12:08:40,055 [ERROR] LogOutputStream:75 - [STDERR_REDIRECT] 
2025-12-20 12:08:41,057 [ERROR] LogOutputStream:75 - [STDERR_REDIRECT] [Fatal Error] :1:1: Premature end of file.
2025-12-20 12:08:41,057 [ERROR] LogOutputStream:75 - [STDERR_REDIRECT] 
2025-12-20 12:08:42,053 [ERROR] LogOutputStream:75 - [STDERR_REDIRECT] [Fatal Error] :1:1: Premature end of file.
2025-12-20 12:08:42,053 [ERROR] LogOutputStream:75 - [STDERR_REDIRECT] 
2025-12-20 12:08:43,029 [ERROR] LogOutputStream:75 - [STDERR_REDIRECT] [Fatal Error] :1:1: Premature end of file.
2025-12-20 12:08:43,029 [ERROR] LogOutputStream:75 - [STDERR_REDIRECT] 
2025-12-20 12:08:44,033 [ERROR] LogOutputStream:75 - [STDERR_REDIRECT] [Fatal Error] :1:1: Premature end of file.
2025-12-20 12:08:44,034 [ERROR] LogOutputStream:75 - [STDERR_REDIRECT] 
2025-12-20 12:08:45,039 [ERROR] LogOutputStream:75 - [STDERR_REDIRECT] [Fatal Error] :1:1: Premature end of file.
2025-12-20 12:08:45,039 [ERROR] LogOutputStream:75 - [STDERR_REDIRECT] 
2025-12-20 12:08:46,054 [ERROR] LogOutputStream:75 - [STDERR_REDIRECT] [Fatal Error] :1:1: Premature end of file.
2025-12-20 12:08:46,054 [ERROR] LogOutputStream:75 - [STDERR_REDIRECT] 
2025-12-20 12:08:47,043 [ERROR] LogOutputStream:75 - [STDERR_REDIRECT] [Fatal Error] :1:1: Premature end of file.
2025-12-20 12:08:47,044 [ERROR] LogOutputStream:75 - [STDERR_REDIRECT] 
2025-12-20 12:08:48,054 [ERROR] LogOutputStream:75 - [STDERR_REDIRECT] [Fatal Error] :1:1: Premature end of file.
2025-12-20 12:08:48,054 [ERROR] LogOutputStream:75 - [STDERR_REDIRECT] 
2025-12-20 12:08:49,026 [ERROR] LogOutputStream:75 - [STDERR_REDIRECT] [Fatal Error] :1:1: Premature end of file.
2025-12-20 12:08:49,026 [ERROR] LogOutputStream:75 - [STDERR_REDIRECT] 
2025-12-20 12:08:50,075 [ERROR] LogOutputStream:75 - [STDERR_REDIRECT] [Fatal Error] :1:1: Premature end of file.
2025-12-20 12:08:50,075 [ERROR] LogOutputStream:75 - [STDERR_REDIRECT] 
2025-12-20 12:08:51,029 [ERROR] LogOutputStream:75 - [STDERR_REDIRECT] [Fatal Error] :1:1: Premature end of file.
2025-12-20 12:08:51,029 [ERROR] LogOutputStream:75 - [STDERR_REDIRECT] 
2025-12-20 12:08:52,044 [ERROR] LogOutputStream:75 - [STDERR_REDIRECT] [Fatal Error] :1:1: Premature end of file.
2025-12-20 12:08:52,044 [ERROR] LogOutputStream:75 - [STDERR_REDIRECT] 
2025-12-20 12:08:53,035 [ERROR] LogOutputStream:75 - [STDERR_REDIRECT] [Fatal Error] :1:1: Premature end of file.
2025-12-20 12:08:53,035 [ERROR] LogOutputStream:75 - [STDERR_REDIRECT] 
2025-12-20 12:08:54,043 [ERROR] LogOutputStream:75 - [STDERR_REDIRECT] [Fatal Error] :1:1: Premature end of file.
2025-12-20 12:08:54,043 [ERROR] LogOutputStream:75 - [STDERR_REDIRECT] 
2025-12-20 12:08:55,040 [ERROR] LogOutputStream:75 - [STDERR_REDIRECT] [Fatal Error] :1:1: Premature end of file.
2025-12-20 12:08:55,040 [ERROR] LogOutputStream:75 - [STDERR_REDIRECT] 
2025-12-20 12:08:56,048 [ERROR] LogOutputStream:75 - [STDERR_REDIRECT] [Fatal Error] :1:1: Premature end of file.
2025-12-20 12:08:56,054 [ERROR] LogOutputStream:75 - [STDERR_REDIRECT] 
2025-12-20 12:08:57,044 [ERROR] LogOutputStream:75 - [STDERR_REDIRECT] [Fatal Error] :1:1: Premature end of file.
2025-12-20 12:08:57,044 [ERROR] LogOutputStream:75 - [STDERR_REDIRECT] 
2025-12-20 12:08:58,050 [ERROR] LogOutputStream:75 - [STDERR_REDIRECT] [Fatal Error] :1:1: Premature end of file.
2025-12-20 12:08:58,050 [ERROR] LogOutputStream:75 - [STDERR_REDIRECT] 
2025-12-20 12:08:59,041 [ERROR] LogOutputStream:75 - [STDERR_REDIRECT] [Fatal Error] :1:1: Premature end of file.
2025-12-20 12:08:59,041 [ERROR] LogOutputStream:75 - [STDERR_REDIRECT] 
2025-12-20 12:09:00,042 [ERROR] LogOutputStream:75 - [STDERR_REDIRECT] [Fatal Error] :1:1: Premature end of file.
2025-12-20 12:09:00,042 [ERROR] LogOutputStream:75 - [STDERR_REDIRECT] 
2025-12-20 12:09:01,056 [ERROR] LogOutputStream:75 - [STDERR_REDIRECT] [Fatal Error] :1:1: Premature end of file.
2025-12-20 12:09:01,056 [ERROR] LogOutputStream:75 - [STDERR_REDIRECT] 
2025-12-20 12:09:02,039 [ERROR] LogOutputStream:75 - [STDERR_REDIRECT] [Fatal Error] :1:1: Premature end of file.
2025-12-20 12:09:02,039 [ERROR] LogOutputStream:75 - [STDERR_REDIRECT] 
2025-12-20 12:09:03,034 [ERROR] LogOutputStream:75 - [STDERR_REDIRECT] [Fatal Error] :1:1: Premature end of file.
2025-12-20 12:09:03,034 [ERROR] LogOutputStream:75 - [STDERR_REDIRECT] 
2025-12-20 12:09:04,036 [ERROR] LogOutputStream:75 - [STDERR_REDIRECT] [Fatal Error] :1:1: Premature end of file.
2025-12-20 12:09:04,038 [ERROR] LogOutputStream:75 - [STDERR_REDIRECT] 
2025-12-20 12:09:05,038 [ERROR] LogOutputStream:75 - [STDERR_REDIRECT] [Fatal Error] :1:1: Premature end of file.
2025-12-20 12:09:05,038 [ERROR] LogOutputStream:75 - [STDERR_REDIRECT] 
2025-12-20 12:09:06,039 [ERROR] LogOutputStream:75 - [STDERR_REDIRECT] [Fatal Error] :1:1: Premature end of file.
2025-12-20 12:09:06,039 [ERROR] LogOutputStream:75 - [STDERR_REDIRECT] 
2025-12-20 12:09:07,017 [ERROR] LogOutputStream:75 - [STDERR_REDIRECT] [Fatal Error] :1:1: Premature end of file.
2025-12-20 12:09:07,017 [ERROR] LogOutputStream:75 - [STDERR_REDIRECT] 
2025-12-20 12:09:08,025 [ERROR] LogOutputStream:75 - [STDERR_REDIRECT] [Fatal Error] :1:1: Premature end of file.
2025-12-20 12:09:08,025 [ERROR] LogOutputStream:75 - [STDERR_REDIRECT] 
2025-12-20 12:09:09,045 [ERROR] LogOutputStream:75 - [STDERR_REDIRECT] [Fatal Error] :1:1: Premature end of file.
2025-12-20 12:09:09,045 [ERROR] LogOutputStream:75 - [STDERR_REDIRECT] 
2025-12-20 12:09:10,052 [ERROR] LogOutputStream:75 - [STDERR_REDIRECT] [Fatal Error] :1:1: Premature end of file.
2025-12-20 12:09:10,052 [ERROR] LogOutputStream:75 - [STDERR_REDIRECT] 
2025-12-20 12:09:11,047 [ERROR] LogOutputStream:75 - [STDERR_REDIRECT] [Fatal Error] :1:1: Premature end of file.
2025-12-20 12:09:11,047 [ERROR] LogOutputStream:75 - [STDERR_REDIRECT] 
2025-12-20 12:09:12,043 [ERROR] LogOutputStream:75 - [STDERR_REDIRECT] [Fatal Error] :1:1: Premature end of file.
2025-12-20 12:09:12,045 [ERROR] LogOutputStream:75 - [STDERR_REDIRECT] 
2025-12-20 12:09:13,033 [ERROR] LogOutputStream:75 - [STDERR_REDIRECT] [Fatal Error] :1:1: Premature end of file.
2025-12-20 12:09:13,033 [ERROR] LogOutputStream:75 - [STDERR_REDIRECT] 
2025-12-20 12:09:14,045 [ERROR] LogOutputStream:75 - [STDERR_REDIRECT] [Fatal Error] :1:1: Premature end of file.
2025-12-20 12:09:14,047 [ERROR] LogOutputStream:75 - [STDERR_REDIRECT] 
2025-12-20 12:09:15,041 [ERROR] LogOutputStream:75 - [STDERR_REDIRECT] [Fatal Error] :1:1: Premature end of file.
2025-12-20 12:09:15,041 [ERROR] LogOutputStream:75 - [STDERR_REDIRECT] 
2025-12-20 12:09:16,051 [ERROR] LogOutputStream:75 - [STDERR_REDIRECT] [Fatal Error] :1:1: Premature end of file.
2025-12-20 12:09:16,052 [ERROR] LogOutputStream:75 - [STDERR_REDIRECT] 
2025-12-20 12:09:17,058 [ERROR] LogOutputStream:75 - [STDERR_REDIRECT] [Fatal Error] :1:1: Premature end of file.
2025-12-20 12:09:17,058 [ERROR] LogOutputStream:75 - [STDERR_REDIRECT] 
2025-12-20 12:09:18,063 [ERROR] LogOutputStream:75 - [STDERR_REDIRECT] [Fatal Error] :1:1: Premature end of file.
2025-12-20 12:09:18,063 [ERROR] LogOutputStream:75 - [STDERR_REDIRECT] 
2025-12-20 12:09:19,040 [ERROR] LogOutputStream:75 - [STDERR_REDIRECT] [Fatal Error] :1:1: Premature end of file.
2025-12-20 12:09:19,040 [ERROR] LogOutputStream:75 - [STDERR_REDIRECT] 
2025-12-20 12:09:20,044 [ERROR] LogOutputStream:75 - [STDERR_REDIRECT] [Fatal Error] :1:1: Premature end of file.
2025-12-20 12:09:20,044 [ERROR] LogOutputStream:75 - [STDERR_REDIRECT] 
2025-12-20 12:09:21,047 [ERROR] LogOutputStream:75 - [STDERR_REDIRECT] [Fatal Error] :1:1: Premature end of file.
2025-12-20 12:09:21,047 [ERROR] LogOutputStream:75 - [STDERR_REDIRECT] 
2025-12-20 12:09:22,042 [ERROR] LogOutputStream:75 - [STDERR_REDIRECT] [Fatal Error] :1:1: Premature end of file.
2025-12-20 12:09:22,042 [ERROR] LogOutputStream:75 - [STDERR_REDIRECT] 
2025-12-20 12:09:23,024 [ERROR] LogOutputStream:75 - [STDERR_REDIRECT] [Fatal Error] :1:1: Premature end of file.
2025-12-20 12:09:23,024 [ERROR] LogOutputStream:75 - [STDERR_REDIRECT] 
2025-12-20 12:09:24,038 [ERROR] LogOutputStream:75 - [STDERR_REDIRECT] [Fatal Error] :1:1: Premature end of file.
2025-12-20 12:09:24,038 [ERROR] LogOutputStream:75 - [STDERR_REDIRECT] 
2025-12-20 12:09:25,037 [ERROR] LogOutputStream:75 - [STDERR_REDIRECT] [Fatal Error] :1:1: Premature end of file.
2025-12-20 12:09:25,037 [ERROR] LogOutputStream:75 - [STDERR_REDIRECT] 
2025-12-20 12:09:26,041 [ERROR] LogOutputStream:75 - [STDERR_REDIRECT] [Fatal Error] :1:1: Premature end of file.
2025-12-20 12:09:26,042 [ERROR] LogOutputStream:75 - [STDERR_REDIRECT] 
2025-12-20 12:09:27,041 [ERROR] LogOutputStream:75 - [STDERR_REDIRECT] [Fatal Error] :1:1: Premature end of file.
2025-12-20 12:09:27,041 [ERROR] LogOutputStream:75 - [STDERR_REDIRECT] 
2025-12-20 12:09:28,047 [ERROR] LogOutputStream:75 - [STDERR_REDIRECT] [Fatal Error] :1:1: Premature end of file.
2025-12-20 12:09:28,047 [ERROR] LogOutputStream:75 - [STDERR_REDIRECT] 
2025-12-20 12:09:29,036 [ERROR] LogOutputStream:75 - [STDERR_REDIRECT] [Fatal Error] :1:1: Premature end of file.
2025-12-20 12:09:29,036 [ERROR] LogOutputStream:75 - [STDERR_REDIRECT] 
2025-12-20 12:09:30,044 [ERROR] LogOutputStream:75 - [STDERR_REDIRECT] [Fatal Error] :1:1: Premature end of file.
2025-12-20 12:09:30,044 [ERROR] LogOutputStream:75 - [STDERR_REDIRECT] 
2025-12-20 12:09:31,034 [ERROR] LogOutputStream:75 - [STDERR_REDIRECT] [Fatal Error] :1:1: Premature end of file.
2025-12-20 12:09:31,034 [ERROR] LogOutputStream:75 - [STDERR_REDIRECT] 
2025-12-20 12:09:32,052 [ERROR] LogOutputStream:75 - [STDERR_REDIRECT] [Fatal Error] :1:1: Premature end of file.
2025-12-20 12:09:32,053 [ERROR] LogOutputStream:75 - [STDERR_REDIRECT] 
2025-12-20 12:09:33,052 [ERROR] LogOutputStream:75 - [STDERR_REDIRECT] [Fatal Error] :1:1: Premature end of file.
2025-12-20 12:09:33,052 [ERROR] LogOutputStream:75 - [STDERR_REDIRECT] 
2025-12-20 12:09:34,060 [ERROR] LogOutputStream:75 - [STDERR_REDIRECT] [Fatal Error] :1:1: Premature end of file.
2025-12-20 12:09:34,061 [ERROR] LogOutputStream:75 - [STDERR_REDIRECT] 
2025-12-20 12:09:35,038 [ERROR] LogOutputStream:75 - [STDERR_REDIRECT] [Fatal Error] :1:1: Premature end of file.
2025-12-20 12:09:35,038 [ERROR] LogOutputStream:75 - [STDERR_REDIRECT] 
2025-12-20 12:09:36,041 [ERROR] LogOutputStream:75 - [STDERR_REDIRECT] [Fatal Error] :1:1: Premature end of file.
2025-12-20 12:09:36,041 [ERROR] LogOutputStream:75 - [STDERR_REDIRECT] 
2025-12-20 12:09:37,040 [ERROR] LogOutputStream:75 - [STDERR_REDIRECT] [Fatal Error] :1:1: Premature end of file.
2025-12-20 12:09:37,040 [ERROR] LogOutputStream:75 - [STDERR_REDIRECT] 
2025-12-20 12:09:38,038 [ERROR] LogOutputStream:75 - [STDERR_REDIRECT] [Fatal Error] :1:1: Premature end of file.
2025-12-20 12:09:38,038 [ERROR] LogOutputStream:75 - [STDERR_REDIRECT] 
2025-12-20 12:09:39,042 [ERROR] LogOutputStream:75 - [STDERR_REDIRECT] [Fatal Error] :1:1: Premature end of file.
2025-12-20 12:09:39,042 [ERROR] LogOutputStream:75 - [STDERR_REDIRECT] 
2025-12-20 12:09:40,043 [ERROR] LogOutputStream:75 - [STDERR_REDIRECT] [Fatal Error] :1:1: Premature end of file.
2025-12-20 12:09:40,043 [ERROR] LogOutputStream:75 - [STDERR_REDIRECT] 
2025-12-20 12:09:41,034 [ERROR] LogOutputStream:75 - [STDERR_REDIRECT] [Fatal Error] :1:1: Premature end of file.
2025-12-20 12:09:41,034 [ERROR] LogOutputStream:75 - [STDERR_REDIRECT] 
2025-12-20 12:09:42,035 [ERROR] LogOutputStream:75 - [STDERR_REDIRECT] [Fatal Error] :1:1: Premature end of file.
2025-12-20 12:09:42,035 [ERROR] LogOutputStream:75 - [STDERR_REDIRECT] 
2025-12-20 12:09:43,044 [ERROR] LogOutputStream:75 - [STDERR_REDIRECT] [Fatal Error] :1:1: Premature end of file.
2025-12-20 12:09:43,044 [ERROR] LogOutputStream:75 - [STDERR_REDIRECT] 
2025-12-20 12:09:44,036 [ERROR] LogOutputStream:75 - [STDERR_REDIRECT] [Fatal Error] :1:1: Premature end of file.
2025-12-20 12:09:44,036 [ERROR] LogOutputStream:75 - [STDERR_REDIRECT] 
2025-12-20 12:09:45,037 [ERROR] LogOutputStream:75 - [STDERR_REDIRECT] [Fatal Error] :1:1: Premature end of file.
2025-12-20 12:09:45,037 [ERROR] LogOutputStream:75 - [STDERR_REDIRECT] 
2025-12-20 12:09:46,036 [ERROR] LogOutputStream:75 - [STDERR_REDIRECT] [Fatal Error] :1:1: Premature end of file.
2025-12-20 12:09:46,036 [ERROR] LogOutputStream:75 - [STDERR_REDIRECT] 
2025-12-20 12:09:47,086 [ERROR] LogOutputStream:75 - [STDERR_REDIRECT] [Fatal Error] :1:1: Premature end of file.
2025-12-20 12:09:47,086 [ERROR] LogOutputStream:75 - [STDERR_REDIRECT] 
2025-12-20 12:09:48,044 [ERROR] LogOutputStream:75 - [STDERR_REDIRECT] [Fatal Error] :1:1: Premature end of file.
2025-12-20 12:09:48,044 [ERROR] LogOutputStream:75 - [STDERR_REDIRECT] 
2025-12-20 12:09:49,057 [ERROR] LogOutputStream:75 - [STDERR_REDIRECT] [Fatal Error] :1:1: Premature end of file.
2025-12-20 12:09:49,057 [ERROR] LogOutputStream:75 - [STDERR_REDIRECT] 
2025-12-20 12:09:50,026 [ERROR] LogOutputStream:75 - [STDERR_REDIRECT] [Fatal Error] :1:1: Premature end of file.
2025-12-20 12:09:50,026 [ERROR] LogOutputStream:75 - [STDERR_REDIRECT] 
2025-12-20 12:09:51,024 [ERROR] LogOutputStream:75 - [STDERR_REDIRECT] [Fatal Error] :1:1: Premature end of file.
2025-12-20 12:09:51,024 [ERROR] LogOutputStream:75 - [STDERR_REDIRECT] 
2025-12-20 12:09:52,036 [ERROR] LogOutputStream:75 - [STDERR_REDIRECT] [Fatal Error] :1:1: Premature end of file.
2025-12-20 12:09:52,037 [ERROR] LogOutputStream:75 - [STDERR_REDIRECT] 
2025-12-20 12:09:53,034 [ERROR] LogOutputStream:75 - [STDERR_REDIRECT] [Fatal Error] :1:1: Premature end of file.
2025-12-20 12:09:53,035 [ERROR] LogOutputStream:75 - [STDERR_REDIRECT] 
2025-12-20 12:09:54,037 [ERROR] LogOutputStream:75 - [STDERR_REDIRECT] [Fatal Error] :1:1: Premature end of file.
2025-12-20 12:09:54,037 [ERROR] LogOutputStream:75 - [STDERR_REDIRECT] 
2025-12-20 12:09:55,027 [ERROR] LogOutputStream:75 - [STDERR_REDIRECT] [Fatal Error] :1:1: Premature end of file.
2025-12-20 12:09:55,027 [ERROR] LogOutputStream:75 - [STDERR_REDIRECT] 
2025-12-20 12:09:56,025 [ERROR] LogOutputStream:75 - [STDERR_REDIRECT] [Fatal Error] :1:1: Premature end of file.
2025-12-20 12:09:56,025 [ERROR] LogOutputStream:75 - [STDERR_REDIRECT] 
2025-12-20 12:09:57,021 [ERROR] LogOutputStream:75 - [STDERR_REDIRECT] [Fatal Error] :1:1: Premature end of file.
2025-12-20 12:09:57,021 [ERROR] LogOutputStream:75 - [STDERR_REDIRECT] 
2025-12-20 12:09:58,026 [ERROR] LogOutputStream:75 - [STDERR_REDIRECT] [Fatal Error] :1:1: Premature end of file.
2025-12-20 12:09:58,027 [ERROR] LogOutputStream:75 - [STDERR_REDIRECT] 
2025-12-20 12:09:59,044 [ERROR] LogOutputStream:75 - [STDERR_REDIRECT] [Fatal Error] :1:1: Premature end of file.
2025-12-20 12:09:59,045 [ERROR] LogOutputStream:75 - [STDERR_REDIRECT] 
2025-12-20 12:10:00,045 [ERROR] LogOutputStream:75 - [STDERR_REDIRECT] [Fatal Error] :1:1: Premature end of file.
2025-12-20 12:10:00,046 [ERROR] LogOutputStream:75 - [STDERR_REDIRECT] 
2025-12-20 12:10:01,038 [ERROR] LogOutputStream:75 - [STDERR_REDIRECT] [Fatal Error] :1:1: Premature end of file.
2025-12-20 12:10:01,038 [ERROR] LogOutputStream:75 - [STDERR_REDIRECT] 
2025-12-20 12:10:02,030 [ERROR] LogOutputStream:75 - [STDERR_REDIRECT] [Fatal Error] :1:1: Premature end of file.
2025-12-20 12:10:02,030 [ERROR] LogOutputStream:75 - [STDERR_REDIRECT] 
2025-12-20 12:10:03,038 [ERROR] LogOutputStream:75 - [STDERR_REDIRECT] [Fatal Error] :1:1: Premature end of file.
2025-12-20 12:10:03,039 [ERROR] LogOutputStream:75 - [STDERR_REDIRECT] 
2025-12-20 12:10:04,027 [ERROR] LogOutputStream:75 - [STDERR_REDIRECT] [Fatal Error] :1:1: Premature end of file.
2025-12-20 12:10:04,027 [ERROR] LogOutputStream:75 - [STDERR_REDIRECT] 
2025-12-20 12:10:05,035 [ERROR] LogOutputStream:75 - [STDERR_REDIRECT] [Fatal Error] :1:1: Premature end of file.
2025-12-20 12:10:05,035 [ERROR] LogOutputStream:75 - [STDERR_REDIRECT] 
2025-12-20 12:10:06,039 [ERROR] LogOutputStream:75 - [STDERR_REDIRECT] [Fatal Error] :1:1: Premature end of file.
2025-12-20 12:10:06,039 [ERROR] LogOutputStream:75 - [STDERR_REDIRECT] 
2025-12-20 12:10:07,037 [ERROR] LogOutputStream:75 - [STDERR_REDIRECT] [Fatal Error] :1:1: Premature end of file.
2025-12-20 12:10:07,037 [ERROR] LogOutputStream:75 - [STDERR_REDIRECT] 
2025-12-20 12:10:08,042 [ERROR] LogOutputStream:75 - [STDERR_REDIRECT] [Fatal Error] :1:1: Premature end of file.
2025-12-20 12:10:08,042 [ERROR] LogOutputStream:75 - [STDERR_REDIRECT] 
2025-12-20 12:10:09,031 [ERROR] LogOutputStream:75 - [STDERR_REDIRECT] [Fatal Error] :1:1: Premature end of file.
2025-12-20 12:10:09,031 [ERROR] LogOutputStream:75 - [STDERR_REDIRECT] 
2025-12-20 12:10:10,031 [ERROR] LogOutputStream:75 - [STDERR_REDIRECT] [Fatal Error] :1:1: Premature end of file.
2025-12-20 12:10:10,031 [ERROR] LogOutputStream:75 - [STDERR_REDIRECT] 
2025-12-20 12:10:11,047 [ERROR] LogOutputStream:75 - [STDERR_REDIRECT] [Fatal Error] :1:1: Premature end of file.
2025-12-20 12:10:11,047 [ERROR] LogOutputStream:75 - [STDERR_REDIRECT] 
2025-12-20 12:10:12,061 [ERROR] LogOutputStream:75 - [STDERR_REDIRECT] [Fatal Error] :1:1: Premature end of file.
2025-12-20 12:10:12,061 [ERROR] LogOutputStream:75 - [STDERR_REDIRECT] 
2025-12-20 12:10:13,012 [ERROR] LogOutputStream:75 - [STDERR_REDIRECT] [Fatal Error] :1:1: Premature end of file.
2025-12-20 12:10:13,013 [ERROR] LogOutputStream:75 - [STDERR_REDIRECT] 
2025-12-20 12:10:14,006 [ERROR] LogOutputStream:75 - [STDERR_REDIRECT] [Fatal Error] :1:1: Premature end of file.
2025-12-20 12:10:14,006 [ERROR] LogOutputStream:75 - [STDERR_REDIRECT] 
2025-12-20 12:10:15,003 [ERROR] LogOutputStream:75 - [STDERR_REDIRECT] [Fatal Error] :1:1: Premature end of file.
2025-12-20 12:10:15,003 [ERROR] LogOutputStream:75 - [STDERR_REDIRECT] 
2025-12-20 12:10:16,019 [ERROR] LogOutputStream:75 - [STDERR_REDIRECT] [Fatal Error] :1:1: Premature end of file.
2025-12-20 12:10:16,019 [ERROR] LogOutputStream:75 - [STDERR_REDIRECT] 
2025-12-20 12:10:17,059 [ERROR] LogOutputStream:75 - [STDERR_REDIRECT] [Fatal Error] :1:1: Premature end of file.
2025-12-20 12:10:17,059 [ERROR] LogOutputStream:75 - [STDERR_REDIRECT] 
2025-12-20 12:10:18,040 [ERROR] LogOutputStream:75 - [STDERR_REDIRECT] [Fatal Error] :1:1: Premature end of file.
2025-12-20 12:10:18,040 [ERROR] LogOutputStream:75 - [STDERR_REDIRECT] 
2025-12-20 12:10:19,040 [ERROR] LogOutputStream:75 - [STDERR_REDIRECT] [Fatal Error] :1:1: Premature end of file.
2025-12-20 12:10:19,040 [ERROR] LogOutputStream:75 - [STDERR_REDIRECT] 
2025-12-20 12:10:20,056 [ERROR] LogOutputStream:75 - [STDERR_REDIRECT] [Fatal Error] :1:1: Premature end of file.
2025-12-20 12:10:20,056 [ERROR] LogOutputStream:75 - [STDERR_REDIRECT] 
2025-12-20 12:10:21,024 [ERROR] LogOutputStream:75 - [STDERR_REDIRECT] [Fatal Error] :1:1: Premature end of file.
2025-12-20 12:10:21,024 [ERROR] LogOutputStream:75 - [STDERR_REDIRECT] 
2025-12-20 12:10:22,045 [ERROR] LogOutputStream:75 - [STDERR_REDIRECT] [Fatal Error] :1:1: Premature end of file.
2025-12-20 12:10:22,045 [ERROR] LogOutputStream:75 - [STDERR_REDIRECT] 
2025-12-20 12:10:23,043 [ERROR] LogOutputStream:75 - [STDERR_REDIRECT] [Fatal Error] :1:1: Premature end of file.
2025-12-20 12:10:23,043 [ERROR] LogOutputStream:75 - [STDERR_REDIRECT] 
2025-12-20 12:10:24,028 [ERROR] LogOutputStream:75 - [STDERR_REDIRECT] [Fatal Error] :1:1: Premature end of file.
2025-12-20 12:10:24,029 [ERROR] LogOutputStream:75 - [STDERR_REDIRECT] 
2025-12-20 12:10:25,036 [ERROR] LogOutputStream:75 - [STDERR_REDIRECT] [Fatal Error] :1:1: Premature end of file.
2025-12-20 12:10:25,037 [ERROR] LogOutputStream:75 - [STDERR_REDIRECT] 
2025-12-20 12:10:26,047 [ERROR] LogOutputStream:75 - [STDERR_REDIRECT] [Fatal Error] :1:1: Premature end of file.
2025-12-20 12:10:26,047 [ERROR] LogOutputStream:75 - [STDERR_REDIRECT] 
2025-12-20 12:10:27,039 [ERROR] LogOutputStream:75 - [STDERR_REDIRECT] [Fatal Error] :1:1: Premature end of file.
2025-12-20 12:10:27,039 [ERROR] LogOutputStream:75 - [STDERR_REDIRECT] 
2025-12-20 12:10:28,038 [ERROR] LogOutputStream:75 - [STDERR_REDIRECT] [Fatal Error] :1:1: Premature end of file.
2025-12-20 12:10:28,039 [ERROR] LogOutputStream:75 - [STDERR_REDIRECT] 
2025-12-20 12:10:29,034 [ERROR] LogOutputStream:75 - [STDERR_REDIRECT] [Fatal Error] :1:1: Premature end of file.
2025-12-20 12:10:29,034 [ERROR] LogOutputStream:75 - [STDERR_REDIRECT] 
2025-12-20 12:10:30,042 [ERROR] LogOutputStream:75 - [STDERR_REDIRECT] [Fatal Error] :1:1: Premature end of file.
2025-12-20 12:10:30,042 [ERROR] LogOutputStream:75 - [STDERR_REDIRECT] 
2025-12-20 12:10:31,344 [ERROR] LogOutputStream:75 - [STDERR_REDIRECT] [Fatal Error] :1:1: Premature end of file.
2025-12-20 12:10:31,345 [ERROR] LogOutputStream:75 - [STDERR_REDIRECT] 
2025-12-20 12:10:32,006 [ERROR] LogOutputStream:75 - [STDERR_REDIRECT] [Fatal Error] :1:1: Premature end of file.
2025-12-20 12:10:32,006 [ERROR] LogOutputStream:75 - [STDERR_REDIRECT] 
2025-12-20 12:10:33,020 [ERROR] LogOutputStream:75 - [STDERR_REDIRECT] [Fatal Error] :1:1: Premature end of file.
2025-12-20 12:10:33,020 [ERROR] LogOutputStream:75 - [STDERR_REDIRECT] 
2025-12-20 12:10:34,046 [ERROR] LogOutputStream:75 - [STDERR_REDIRECT] [Fatal Error] :1:1: Premature end of file.
2025-12-20 12:10:34,046 [ERROR] LogOutputStream:75 - [STDERR_REDIRECT] 
2025-12-20 12:10:35,020 [ERROR] LogOutputStream:75 - [STDERR_REDIRECT] [Fatal Error] :1:1: Premature end of file.
2025-12-20 12:10:35,021 [ERROR] LogOutputStream:75 - [STDERR_REDIRECT] 
2025-12-20 12:10:36,039 [ERROR] LogOutputStream:75 - [STDERR_REDIRECT] [Fatal Error] :1:1: Premature end of file.
2025-12-20 12:10:36,039 [ERROR] LogOutputStream:75 - [STDERR_REDIRECT] 
2025-12-20 12:10:37,078 [ERROR] LogOutputStream:75 - [STDERR_REDIRECT] [Fatal Error] :1:1: Premature end of file.
2025-12-20 12:10:37,079 [ERROR] LogOutputStream:75 - [STDERR_REDIRECT] 
2025-12-20 12:10:38,031 [ERROR] LogOutputStream:75 - [STDERR_REDIRECT] [Fatal Error] :1:1: Premature end of file.
2025-12-20 12:10:38,031 [ERROR] LogOutputStream:75 - [STDERR_REDIRECT] 
2025-12-20 12:10:39,006 [ERROR] LogOutputStream:75 - [STDERR_REDIRECT] [Fatal Error] :1:1: Premature end of file.
2025-12-20 12:10:39,006 [ERROR] LogOutputStream:75 - [STDERR_REDIRECT] 
2025-12-20 12:10:40,033 [ERROR] LogOutputStream:75 - [STDERR_REDIRECT] [Fatal Error] :1:1: Premature end of file.
2025-12-20 12:10:40,034 [ERROR] LogOutputStream:75 - [STDERR_REDIRECT] 
2025-12-20 12:10:41,012 [ERROR] LogOutputStream:75 - [STDERR_REDIRECT] [Fatal Error] :1:1: Premature end of file.
2025-12-20 12:10:41,012 [ERROR] LogOutputStream:75 - [STDERR_REDIRECT] 
2025-12-20 12:10:42,029 [ERROR] LogOutputStream:75 - [STDERR_REDIRECT] [Fatal Error] :1:1: Premature end of file.
2025-12-20 12:10:42,029 [ERROR] LogOutputStream:75 - [STDERR_REDIRECT] 
2025-12-20 12:10:43,016 [ERROR] LogOutputStream:75 - [STDERR_REDIRECT] [Fatal Error] :1:1: Premature end of file.
2025-12-20 12:10:43,017 [ERROR] LogOutputStream:75 - [STDERR_REDIRECT] 
2025-12-20 12:10:44,006 [ERROR] LogOutputStream:75 - [STDERR_REDIRECT] [Fatal Error] :1:1: Premature end of file.
2025-12-20 12:10:44,006 [ERROR] LogOutputStream:75 - [STDERR_REDIRECT] 
2025-12-20 12:10:45,046 [ERROR] LogOutputStream:75 - [STDERR_REDIRECT] [Fatal Error] :1:1: Premature end of file.
2025-12-20 12:10:45,046 [ERROR] LogOutputStream:75 - [STDERR_REDIRECT] 
2025-12-20 12:10:46,030 [ERROR] LogOutputStream:75 - [STDERR_REDIRECT] [Fatal Error] :1:1: Premature end of file.
2025-12-20 12:10:46,030 [ERROR] LogOutputStream:75 - [STDERR_REDIRECT] 
2025-12-20 12:10:47,094 [ERROR] LogOutputStream:75 - [STDERR_REDIRECT] [Fatal Error] :1:1: Premature end of file.
2025-12-20 12:10:47,094 [ERROR] LogOutputStream:75 - [STDERR_REDIRECT] 
2025-12-20 12:10:48,027 [ERROR] LogOutputStream:75 - [STDERR_REDIRECT] [Fatal Error] :1:1: Premature end of file.
2025-12-20 12:10:48,028 [ERROR] LogOutputStream:75 - [STDERR_REDIRECT] 
2025-12-20 12:10:49,022 [ERROR] LogOutputStream:75 - [STDERR_REDIRECT] [Fatal Error] :1:1: Premature end of file.
2025-12-20 12:10:49,022 [ERROR] LogOutputStream:75 - [STDERR_REDIRECT] 
2025-12-20 12:10:50,037 [ERROR] LogOutputStream:75 - [STDERR_REDIRECT] [Fatal Error] :1:1: Premature end of file.
2025-12-20 12:10:50,038 [ERROR] LogOutputStream:75 - [STDERR_REDIRECT] 
2025-12-20 12:10:51,042 [ERROR] LogOutputStream:75 - [STDERR_REDIRECT] [Fatal Error] :1:1: Premature end of file.
2025-12-20 12:10:51,043 [ERROR] LogOutputStream:75 - [STDERR_REDIRECT] 
2025-12-20 12:10:52,045 [ERROR] LogOutputStream:75 - [STDERR_REDIRECT] [Fatal Error] :1:1: Premature end of file.
2025-12-20 12:10:52,045 [ERROR] LogOutputStream:75 - [STDERR_REDIRECT] 
2025-12-20 12:10:53,044 [ERROR] LogOutputStream:75 - [STDERR_REDIRECT] [Fatal Error] :1:1: Premature end of file.
2025-12-20 12:10:53,044 [ERROR] LogOutputStream:75 - [STDERR_REDIRECT] 
2025-12-20 12:10:54,039 [ERROR] LogOutputStream:75 - [STDERR_REDIRECT] [Fatal Error] :1:1: Premature end of file.
2025-12-20 12:10:54,040 [ERROR] LogOutputStream:75 - [STDERR_REDIRECT] 
2025-12-20 12:10:55,043 [ERROR] LogOutputStream:75 - [STDERR_REDIRECT] [Fatal Error] :1:1: Premature end of file.
2025-12-20 12:10:55,044 [ERROR] LogOutputStream:75 - [STDERR_REDIRECT] 
2025-12-20 12:10:56,040 [ERROR] LogOutputStream:75 - [STDERR_REDIRECT] [Fatal Error] :1:1: Premature end of file.
2025-12-20 12:10:56,040 [ERROR] LogOutputStream:75 - [STDERR_REDIRECT] 
2025-12-20 12:10:57,045 [ERROR] LogOutputStream:75 - [STDERR_REDIRECT] [Fatal Error] :1:1: Premature end of file.
2025-12-20 12:10:57,046 [ERROR] LogOutputStream:75 - [STDERR_REDIRECT] 
2025-12-20 12:10:58,047 [ERROR] LogOutputStream:75 - [STDERR_REDIRECT] [Fatal Error] :1:1: Premature end of file.
2025-12-20 12:10:58,047 [ERROR] LogOutputStream:75 - [STDERR_REDIRECT] 
2025-12-20 12:10:59,025 [ERROR] LogOutputStream:75 - [STDERR_REDIRECT] [Fatal Error] :1:1: Premature end of file.
2025-12-20 12:10:59,025 [ERROR] LogOutputStream:75 - [STDERR_REDIRECT] 
2025-12-20 12:11:00,046 [ERROR] LogOutputStream:75 - [STDERR_REDIRECT] [Fatal Error] :1:1: Premature end of file.
2025-12-20 12:11:00,047 [ERROR] LogOutputStream:75 - [STDERR_REDIRECT] 
2025-12-20 12:11:01,040 [ERROR] LogOutputStream:75 - [STDERR_REDIRECT] [Fatal Error] :1:1: Premature end of file.
2025-12-20 12:11:01,040 [ERROR] LogOutputStream:75 - [STDERR_REDIRECT] 
2025-12-20 12:11:02,043 [ERROR] LogOutputStream:75 - [STDERR_REDIRECT] [Fatal Error] :1:1: Premature end of file.
2025-12-20 12:11:02,043 [ERROR] LogOutputStream:75 - [STDERR_REDIRECT] 
2025-12-20 12:11:03,037 [ERROR] LogOutputStream:75 - [STDERR_REDIRECT] [Fatal Error] :1:1: Premature end of file.
2025-12-20 12:11:03,037 [ERROR] LogOutputStream:75 - [STDERR_REDIRECT] 
2025-12-20 12:11:04,056 [ERROR] LogOutputStream:75 - [STDERR_REDIRECT] [Fatal Error] :1:1: Premature end of file.
2025-12-20 12:11:04,056 [ERROR] LogOutputStream:75 - [STDERR_REDIRECT] 
2025-12-20 12:11:05,025 [ERROR] LogOutputStream:75 - [STDERR_REDIRECT] [Fatal Error] :1:1: Premature end of file.
2025-12-20 12:11:05,026 [ERROR] LogOutputStream:75 - [STDERR_REDIRECT] 
2025-12-20 12:11:06,037 [ERROR] LogOutputStream:75 - [STDERR_REDIRECT] [Fatal Error] :1:1: Premature end of file.
2025-12-20 12:11:06,037 [ERROR] LogOutputStream:75 - [STDERR_REDIRECT] 
2025-12-20 12:11:07,027 [ERROR] LogOutputStream:75 - [STDERR_REDIRECT] [Fatal Error] :1:1: Premature end of file.
2025-12-20 12:11:07,027 [ERROR] LogOutputStream:75 - [STDERR_REDIRECT] 
2025-12-20 12:11:08,041 [ERROR] LogOutputStream:75 - [STDERR_REDIRECT] [Fatal Error] :1:1: Premature end of file.
2025-12-20 12:11:08,041 [ERROR] LogOutputStream:75 - [STDERR_REDIRECT] 
2025-12-20 12:11:09,043 [ERROR] LogOutputStream:75 - [STDERR_REDIRECT] [Fatal Error] :1:1: Premature end of file.
2025-12-20 12:11:09,043 [ERROR] LogOutputStream:75 - [STDERR_REDIRECT] 
2025-12-20 12:11:10,031 [ERROR] LogOutputStream:75 - [STDERR_REDIRECT] [Fatal Error] :1:1: Premature end of file.
2025-12-20 12:11:10,034 [ERROR] LogOutputStream:75 - [STDERR_REDIRECT] 
2025-12-20 12:11:11,019 [ERROR] LogOutputStream:75 - [STDERR_REDIRECT] [Fatal Error] :1:1: Premature end of file.
2025-12-20 12:11:11,020 [ERROR] LogOutputStream:75 - [STDERR_REDIRECT] 
2025-12-20 12:11:12,043 [ERROR] LogOutputStream:75 - [STDERR_REDIRECT] [Fatal Error] :1:1: Premature end of file.
2025-12-20 12:11:12,044 [ERROR] LogOutputStream:75 - [STDERR_REDIRECT] 
2025-12-20 12:11:13,044 [ERROR] LogOutputStream:75 - [STDERR_REDIRECT] [Fatal Error] :1:1: Premature end of file.
2025-12-20 12:11:13,045 [ERROR] LogOutputStream:75 - [STDERR_REDIRECT] 
2025-12-20 12:11:14,037 [ERROR] LogOutputStream:75 - [STDERR_REDIRECT] [Fatal Error] :1:1: Premature end of file.
2025-12-20 12:11:14,037 [ERROR] LogOutputStream:75 - [STDERR_REDIRECT] 
2025-12-20 12:11:15,046 [ERROR] LogOutputStream:75 - [STDERR_REDIRECT] [Fatal Error] :1:1: Premature end of file.
2025-12-20 12:11:15,046 [ERROR] LogOutputStream:75 - [STDERR_REDIRECT] 
2025-12-20 12:11:16,020 [ERROR] LogOutputStream:75 - [STDERR_REDIRECT] [Fatal Error] :1:1: Premature end of file.
2025-12-20 12:11:16,020 [ERROR] LogOutputStream:75 - [STDERR_REDIRECT] 
2025-12-20 12:11:17,116 [ERROR] LogOutputStream:75 - [STDERR_REDIRECT] [Fatal Error] :1:1: Premature end of file.
2025-12-20 12:11:17,116 [ERROR] LogOutputStream:75 - [STDERR_REDIRECT] 
2025-12-20 12:11:18,007 [ERROR] LogOutputStream:75 - [STDERR_REDIRECT] [Fatal Error] :1:1: Premature end of file.
2025-12-20 12:11:18,007 [ERROR] LogOutputStream:75 - [STDERR_REDIRECT] 
2025-12-20 12:11:19,044 [ERROR] LogOutputStream:75 - [STDERR_REDIRECT] [Fatal Error] :1:1: Premature end of file.
2025-12-20 12:11:19,044 [ERROR] LogOutputStream:75 - [STDERR_REDIRECT] 
2025-12-20 12:11:20,023 [ERROR] LogOutputStream:75 - [STDERR_REDIRECT] [Fatal Error] :1:1: Premature end of file.
2025-12-20 12:11:20,023 [ERROR] LogOutputStream:75 - [STDERR_REDIRECT] 
2025-12-20 12:11:21,025 [ERROR] LogOutputStream:75 - [STDERR_REDIRECT] [Fatal Error] :1:1: Premature end of file.
2025-12-20 12:11:21,025 [ERROR] LogOutputStream:75 - [STDERR_REDIRECT] 
2025-12-20 12:11:22,040 [ERROR] LogOutputStream:75 - [STDERR_REDIRECT] [Fatal Error] :1:1: Premature end of file.
2025-12-20 12:11:22,041 [ERROR] LogOutputStream:75 - [STDERR_REDIRECT] 
2025-12-20 12:11:23,069 [ERROR] LogOutputStream:75 - [STDERR_REDIRECT] [Fatal Error] :1:1: Premature end of file.
2025-12-20 12:11:23,070 [ERROR] LogOutputStream:75 - [STDERR_REDIRECT] 
2025-12-20 12:11:24,034 [ERROR] LogOutputStream:75 - [STDERR_REDIRECT] [Fatal Error] :1:1: Premature end of file.
2025-12-20 12:11:24,034 [ERROR] LogOutputStream:75 - [STDERR_REDIRECT] 
2025-12-20 12:11:25,038 [ERROR] LogOutputStream:75 - [STDERR_REDIRECT] [Fatal Error] :1:1: Premature end of file.
2025-12-20 12:11:25,038 [ERROR] LogOutputStream:75 - [STDERR_REDIRECT] 
2025-12-20 12:11:26,040 [ERROR] LogOutputStream:75 - [STDERR_REDIRECT] [Fatal Error] :1:1: Premature end of file.
2025-12-20 12:11:26,040 [ERROR] LogOutputStream:75 - [STDERR_REDIRECT] 
2025-12-20 12:11:27,035 [ERROR] LogOutputStream:75 - [STDERR_REDIRECT] [Fatal Error] :1:1: Premature end of file.
2025-12-20 12:11:27,035 [ERROR] LogOutputStream:75 - [STDERR_REDIRECT] 
2025-12-20 12:11:28,052 [ERROR] LogOutputStream:75 - [STDERR_REDIRECT] [Fatal Error] :1:1: Premature end of file.
2025-12-20 12:11:28,052 [ERROR] LogOutputStream:75 - [STDERR_REDIRECT] 
2025-12-20 12:11:29,038 [ERROR] LogOutputStream:75 - [STDERR_REDIRECT] [Fatal Error] :1:1: Premature end of file.
2025-12-20 12:11:29,038 [ERROR] LogOutputStream:75 - [STDERR_REDIRECT] 
2025-12-20 12:11:30,052 [ERROR] LogOutputStream:75 - [STDERR_REDIRECT] [Fatal Error] :1:1: Premature end of file.
2025-12-20 12:11:30,052 [ERROR] LogOutputStream:75 - [STDERR_REDIRECT] 
2025-12-20 12:11:31,033 [ERROR] LogOutputStream:75 - [STDERR_REDIRECT] [Fatal Error] :1:1: Premature end of file.
2025-12-20 12:11:31,033 [ERROR] LogOutputStream:75 - [STDERR_REDIRECT] 
2025-12-20 12:11:32,046 [ERROR] LogOutputStream:75 - [STDERR_REDIRECT] [Fatal Error] :1:1: Premature end of file.
2025-12-20 12:11:32,046 [ERROR] LogOutputStream:75 - [STDERR_REDIRECT] 
2025-12-20 12:11:33,043 [ERROR] LogOutputStream:75 - [STDERR_REDIRECT] [Fatal Error] :1:1: Premature end of file.
2025-12-20 12:11:33,043 [ERROR] LogOutputStream:75 - [STDERR_REDIRECT] 
2025-12-20 12:11:34,040 [ERROR] LogOutputStream:75 - [STDERR_REDIRECT] [Fatal Error] :1:1: Premature end of file.
2025-12-20 12:11:34,040 [ERROR] LogOutputStream:75 - [STDERR_REDIRECT] 
2025-12-20 12:11:35,040 [ERROR] LogOutputStream:75 - [STDERR_REDIRECT] [Fatal Error] :1:1: Premature end of file.
2025-12-20 12:11:35,040 [ERROR] LogOutputStream:75 - [STDERR_REDIRECT] 
2025-12-20 12:11:36,029 [ERROR] LogOutputStream:75 - [STDERR_REDIRECT] [Fatal Error] :1:1: Premature end of file.
2025-12-20 12:11:36,029 [ERROR] LogOutputStream:75 - [STDERR_REDIRECT] 
2025-12-20 12:11:37,045 [ERROR] LogOutputStream:75 - [STDERR_REDIRECT] [Fatal Error] :1:1: Premature end of file.
2025-12-20 12:11:37,045 [ERROR] LogOutputStream:75 - [STDERR_REDIRECT] 
2025-12-20 12:11:38,044 [ERROR] LogOutputStream:75 - [STDERR_REDIRECT] [Fatal Error] :1:1: Premature end of file.
2025-12-20 12:11:38,044 [ERROR] LogOutputStream:75 - [STDERR_REDIRECT] 
2025-12-20 12:11:39,035 [ERROR] LogOutputStream:75 - [STDERR_REDIRECT] [Fatal Error] :1:1: Premature end of file.
2025-12-20 12:11:39,035 [ERROR] LogOutputStream:75 - [STDERR_REDIRECT] 
2025-12-20 12:11:40,052 [ERROR] LogOutputStream:75 - [STDERR_REDIRECT] [Fatal Error] :1:1: Premature end of file.
2025-12-20 12:11:40,052 [ERROR] LogOutputStream:75 - [STDERR_REDIRECT] 
2025-12-20 12:11:41,024 [ERROR] LogOutputStream:75 - [STDERR_REDIRECT] [Fatal Error] :1:1: Premature end of file.
2025-12-20 12:11:41,033 [ERROR] LogOutputStream:75 - [STDERR_REDIRECT] 
2025-12-20 12:11:42,052 [ERROR] LogOutputStream:75 - [STDERR_REDIRECT] [Fatal Error] :1:1: Premature end of file.
2025-12-20 12:11:42,052 [ERROR] LogOutputStream:75 - [STDERR_REDIRECT] 
2025-12-20 12:11:43,043 [ERROR] LogOutputStream:75 - [STDERR_REDIRECT] [Fatal Error] :1:1: Premature end of file.
2025-12-20 12:11:43,043 [ERROR] LogOutputStream:75 - [STDERR_REDIRECT] 
2025-12-20 12:11:44,043 [ERROR] LogOutputStream:75 - [STDERR_REDIRECT] [Fatal Error] :1:1: Premature end of file.
2025-12-20 12:11:44,043 [ERROR] LogOutputStream:75 - [STDERR_REDIRECT] 
2025-12-20 12:11:45,044 [ERROR] LogOutputStream:75 - [STDERR_REDIRECT] [Fatal Error] :1:1: Premature end of file.
2025-12-20 12:11:45,044 [ERROR] LogOutputStream:75 - [STDERR_REDIRECT] 
2025-12-20 12:11:46,058 [ERROR] LogOutputStream:75 - [STDERR_REDIRECT] [Fatal Error] :1:1: Premature end of file.
2025-12-20 12:11:46,058 [ERROR] LogOutputStream:75 - [STDERR_REDIRECT] 
2025-12-20 12:11:47,053 [ERROR] LogOutputStream:75 - [STDERR_REDIRECT] [Fatal Error] :1:1: Premature end of file.
2025-12-20 12:11:47,053 [ERROR] LogOutputStream:75 - [STDERR_REDIRECT] 
2025-12-20 12:11:48,043 [ERROR] LogOutputStream:75 - [STDERR_REDIRECT] [Fatal Error] :1:1: Premature end of file.
2025-12-20 12:11:48,043 [ERROR] LogOutputStream:75 - [STDERR_REDIRECT] 
2025-12-20 12:11:49,044 [ERROR] LogOutputStream:75 - [STDERR_REDIRECT] [Fatal Error] :1:1: Premature end of file.
2025-12-20 12:11:49,044 [ERROR] LogOutputStream:75 - [STDERR_REDIRECT] 
2025-12-20 12:11:50,056 [ERROR] LogOutputStream:75 - [STDERR_REDIRECT] [Fatal Error] :1:1: Premature end of file.
2025-12-20 12:11:50,059 [ERROR] LogOutputStream:75 - [STDERR_REDIRECT] 
2025-12-20 12:11:51,033 [ERROR] LogOutputStream:75 - [STDERR_REDIRECT] [Fatal Error] :1:1: Premature end of file.
2025-12-20 12:11:51,035 [ERROR] LogOutputStream:75 - [STDERR_REDIRECT] 
2025-12-20 12:11:52,069 [ERROR] LogOutputStream:75 - [STDERR_REDIRECT] [Fatal Error] :1:1: Premature end of file.
2025-12-20 12:11:52,070 [ERROR] LogOutputStream:75 - [STDERR_REDIRECT] 
2025-12-20 12:11:53,031 [ERROR] LogOutputStream:75 - [STDERR_REDIRECT] [Fatal Error] :1:1: Premature end of file.
2025-12-20 12:11:53,031 [ERROR] LogOutputStream:75 - [STDERR_REDIRECT] 
2025-12-20 12:11:54,038 [ERROR] LogOutputStream:75 - [STDERR_REDIRECT] [Fatal Error] :1:1: Premature end of file.
2025-12-20 12:11:54,038 [ERROR] LogOutputStream:75 - [STDERR_REDIRECT] 
2025-12-20 12:11:55,037 [ERROR] LogOutputStream:75 - [STDERR_REDIRECT] [Fatal Error] :1:1: Premature end of file.
2025-12-20 12:11:55,038 [ERROR] LogOutputStream:75 - [STDERR_REDIRECT] 
2025-12-20 12:11:56,052 [ERROR] LogOutputStream:75 - [STDERR_REDIRECT] [Fatal Error] :1:1: Premature end of file.
2025-12-20 12:11:56,053 [ERROR] LogOutputStream:75 - [STDERR_REDIRECT] 
2025-12-20 12:11:57,039 [ERROR] LogOutputStream:75 - [STDERR_REDIRECT] [Fatal Error] :1:1: Premature end of file.
2025-12-20 12:11:57,039 [ERROR] LogOutputStream:75 - [STDERR_REDIRECT] 
2025-12-20 12:11:58,028 [ERROR] LogOutputStream:75 - [STDERR_REDIRECT] [Fatal Error] :1:1: Premature end of file.
2025-12-20 12:11:58,028 [ERROR] LogOutputStream:75 - [STDERR_REDIRECT] 
2025-12-20 12:11:59,029 [ERROR] LogOutputStream:75 - [STDERR_REDIRECT] [Fatal Error] :1:1: Premature end of file.
2025-12-20 12:11:59,029 [ERROR] LogOutputStream:75 - [STDERR_REDIRECT] 
2025-12-20 12:12:00,041 [ERROR] LogOutputStream:75 - [STDERR_REDIRECT] [Fatal Error] :1:1: Premature end of file.
2025-12-20 12:12:00,041 [ERROR] LogOutputStream:75 - [STDERR_REDIRECT] 
2025-12-20 12:12:01,029 [ERROR] LogOutputStream:75 - [STDERR_REDIRECT] [Fatal Error] :1:1: Premature end of file.
2025-12-20 12:12:01,030 [ERROR] LogOutputStream:75 - [STDERR_REDIRECT] 
2025-12-20 12:12:02,025 [ERROR] LogOutputStream:75 - [STDERR_REDIRECT] [Fatal Error] :1:1: Premature end of file.
2025-12-20 12:12:02,026 [ERROR] LogOutputStream:75 - [STDERR_REDIRECT] 
2025-12-20 12:12:03,038 [ERROR] LogOutputStream:75 - [STDERR_REDIRECT] [Fatal Error] :1:1: Premature end of file.
2025-12-20 12:12:03,038 [ERROR] LogOutputStream:75 - [STDERR_REDIRECT] 
2025-12-20 12:12:04,047 [ERROR] LogOutputStream:75 - [STDERR_REDIRECT] [Fatal Error] :1:1: Premature end of file.
2025-12-20 12:12:04,047 [ERROR] LogOutputStream:75 - [STDERR_REDIRECT] 
2025-12-20 12:12:05,056 [ERROR] LogOutputStream:75 - [STDERR_REDIRECT] [Fatal Error] :1:1: Premature end of file.
2025-12-20 12:12:05,057 [ERROR] LogOutputStream:75 - [STDERR_REDIRECT] 
2025-12-20 12:12:06,037 [ERROR] LogOutputStream:75 - [STDERR_REDIRECT] [Fatal Error] :1:1: Premature end of file.
2025-12-20 12:12:06,037 [ERROR] LogOutputStream:75 - [STDERR_REDIRECT] 
2025-12-20 12:12:07,030 [ERROR] LogOutputStream:75 - [STDERR_REDIRECT] [Fatal Error] :1:1: Premature end of file.
2025-12-20 12:12:07,030 [ERROR] LogOutputStream:75 - [STDERR_REDIRECT] 
2025-12-20 12:12:08,026 [ERROR] LogOutputStream:75 - [STDERR_REDIRECT] [Fatal Error] :1:1: Premature end of file.
2025-12-20 12:12:08,026 [ERROR] LogOutputStream:75 - [STDERR_REDIRECT] 
2025-12-20 12:12:09,023 [ERROR] LogOutputStream:75 - [STDERR_REDIRECT] [Fatal Error] :1:1: Premature end of file.
2025-12-20 12:12:09,023 [ERROR] LogOutputStream:75 - [STDERR_REDIRECT] 
2025-12-20 12:12:10,043 [ERROR] LogOutputStream:75 - [STDERR_REDIRECT] [Fatal Error] :1:1: Premature end of file.
2025-12-20 12:12:10,043 [ERROR] LogOutputStream:75 - [STDERR_REDIRECT] 
2025-12-20 12:12:11,045 [ERROR] LogOutputStream:75 - [STDERR_REDIRECT] [Fatal Error] :1:1: Premature end of file.
2025-12-20 12:12:11,045 [ERROR] LogOutputStream:75 - [STDERR_REDIRECT] 
2025-12-20 12:12:12,030 [ERROR] LogOutputStream:75 - [STDERR_REDIRECT] [Fatal Error] :1:1: Premature end of file.
2025-12-20 12:12:12,030 [ERROR] LogOutputStream:75 - [STDERR_REDIRECT] 
2025-12-20 12:12:13,037 [ERROR] LogOutputStream:75 - [STDERR_REDIRECT] [Fatal Error] :1:1: Premature end of file.
2025-12-20 12:12:13,037 [ERROR] LogOutputStream:75 - [STDERR_REDIRECT] 
2025-12-20 12:12:14,043 [ERROR] LogOutputStream:75 - [STDERR_REDIRECT] [Fatal Error] :1:1: Premature end of file.
2025-12-20 12:12:14,043 [ERROR] LogOutputStream:75 - [STDERR_REDIRECT] 
2025-12-20 12:12:15,036 [ERROR] LogOutputStream:75 - [STDERR_REDIRECT] [Fatal Error] :1:1: Premature end of file.
2025-12-20 12:12:15,036 [ERROR] LogOutputStream:75 - [STDERR_REDIRECT] 
2025-12-20 12:12:16,022 [ERROR] LogOutputStream:75 - [STDERR_REDIRECT] [Fatal Error] :1:1: Premature end of file.
2025-12-20 12:12:16,022 [ERROR] LogOutputStream:75 - [STDERR_REDIRECT] 
2025-12-20 12:12:17,030 [ERROR] LogOutputStream:75 - [STDERR_REDIRECT] [Fatal Error] :1:1: Premature end of file.
2025-12-20 12:12:17,031 [ERROR] LogOutputStream:75 - [STDERR_REDIRECT] 
2025-12-20 12:12:18,028 [ERROR] LogOutputStream:75 - [STDERR_REDIRECT] [Fatal Error] :1:1: Premature end of file.
2025-12-20 12:12:18,028 [ERROR] LogOutputStream:75 - [STDERR_REDIRECT] 
2025-12-20 12:12:19,041 [ERROR] LogOutputStream:75 - [STDERR_REDIRECT] [Fatal Error] :1:1: Premature end of file.
2025-12-20 12:12:19,041 [ERROR] LogOutputStream:75 - [STDERR_REDIRECT] 
2025-12-20 12:12:20,046 [ERROR] LogOutputStream:75 - [STDERR_REDIRECT] [Fatal Error] :1:1: Premature end of file.
2025-12-20 12:12:20,046 [ERROR] LogOutputStream:75 - [STDERR_REDIRECT] 
2025-12-20 12:12:21,050 [ERROR] LogOutputStream:75 - [STDERR_REDIRECT] [Fatal Error] :1:1: Premature end of file.
2025-12-20 12:12:21,090 [ERROR] LogOutputStream:75 - [STDERR_REDIRECT] 
2025-12-20 12:12:22,034 [ERROR] LogOutputStream:75 - [STDERR_REDIRECT] [Fatal Error] :1:1: Premature end of file.
2025-12-20 12:12:22,034 [ERROR] LogOutputStream:75 - [STDERR_REDIRECT] 
2025-12-20 12:12:23,038 [ERROR] LogOutputStream:75 - [STDERR_REDIRECT] [Fatal Error] :1:1: Premature end of file.
2025-12-20 12:12:23,038 [ERROR] LogOutputStream:75 - [STDERR_REDIRECT] 
2025-12-20 12:12:24,034 [ERROR] LogOutputStream:75 - [STDERR_REDIRECT] [Fatal Error] :1:1: Premature end of file.
2025-12-20 12:12:24,035 [ERROR] LogOutputStream:75 - [STDERR_REDIRECT] 
2025-12-20 12:12:25,055 [ERROR] LogOutputStream:75 - [STDERR_REDIRECT] [Fatal Error] :1:1: Premature end of file.
2025-12-20 12:12:25,055 [ERROR] LogOutputStream:75 - [STDERR_REDIRECT] 
2025-12-20 12:12:26,053 [ERROR] LogOutputStream:75 - [STDERR_REDIRECT] [Fatal Error] :1:1: Premature end of file.
2025-12-20 12:12:26,053 [ERROR] LogOutputStream:75 - [STDERR_REDIRECT] 
2025-12-20 12:12:27,039 [ERROR] LogOutputStream:75 - [STDERR_REDIRECT] [Fatal Error] :1:1: Premature end of file.
2025-12-20 12:12:27,039 [ERROR] LogOutputStream:75 - [STDERR_REDIRECT] 
2025-12-20 12:12:28,044 [ERROR] LogOutputStream:75 - [STDERR_REDIRECT] [Fatal Error] :1:1: Premature end of file.
2025-12-20 12:12:28,044 [ERROR] LogOutputStream:75 - [STDERR_REDIRECT] 
2025-12-20 12:12:29,062 [ERROR] LogOutputStream:75 - [STDERR_REDIRECT] [Fatal Error] :1:1: Premature end of file.
2025-12-20 12:12:29,062 [ERROR] LogOutputStream:75 - [STDERR_REDIRECT] 
2025-12-20 12:12:30,040 [ERROR] LogOutputStream:75 - [STDERR_REDIRECT] [Fatal Error] :1:1: Premature end of file.
2025-12-20 12:12:30,040 [ERROR] LogOutputStream:75 - [STDERR_REDIRECT] 
2025-12-20 12:12:31,059 [ERROR] LogOutputStream:75 - [STDERR_REDIRECT] [Fatal Error] :1:1: Premature end of file.
2025-12-20 12:12:31,059 [ERROR] LogOutputStream:75 - [STDERR_REDIRECT] 
2025-12-20 12:12:32,034 [ERROR] LogOutputStream:75 - [STDERR_REDIRECT] [Fatal Error] :1:1: Premature end of file.
2025-12-20 12:12:32,034 [ERROR] LogOutputStream:75 - [STDERR_REDIRECT] 
2025-12-20 12:12:33,038 [ERROR] LogOutputStream:75 - [STDERR_REDIRECT] [Fatal Error] :1:1: Premature end of file.
2025-12-20 12:12:33,038 [ERROR] LogOutputStream:75 - [STDERR_REDIRECT] 
2025-12-20 12:12:34,042 [ERROR] LogOutputStream:75 - [STDERR_REDIRECT] [Fatal Error] :1:1: Premature end of file.
2025-12-20 12:12:34,042 [ERROR] LogOutputStream:75 - [STDERR_REDIRECT] 
2025-12-20 12:12:35,033 [ERROR] LogOutputStream:75 - [STDERR_REDIRECT] [Fatal Error] :1:1: Premature end of file.
2025-12-20 12:12:35,033 [ERROR] LogOutputStream:75 - [STDERR_REDIRECT] 
2025-12-20 12:12:36,041 [ERROR] LogOutputStream:75 - [STDERR_REDIRECT] [Fatal Error] :1:1: Premature end of file.
2025-12-20 12:12:36,041 [ERROR] LogOutputStream:75 - [STDERR_REDIRECT] 
2025-12-20 12:12:37,059 [ERROR] LogOutputStream:75 - [STDERR_REDIRECT] [Fatal Error] :1:1: Premature end of file.
2025-12-20 12:12:37,059 [ERROR] LogOutputStream:75 - [STDERR_REDIRECT] 
2025-12-20 12:12:38,059 [ERROR] LogOutputStream:75 - [STDERR_REDIRECT] [Fatal Error] :1:1: Premature end of file.
2025-12-20 12:12:38,059 [ERROR] LogOutputStream:75 - [STDERR_REDIRECT] 
2025-12-20 12:12:39,036 [ERROR] LogOutputStream:75 - [STDERR_REDIRECT] [Fatal Error] :1:1: Premature end of file.
2025-12-20 12:12:39,036 [ERROR] LogOutputStream:75 - [STDERR_REDIRECT] 
2025-12-20 12:12:40,046 [ERROR] LogOutputStream:75 - [STDERR_REDIRECT] [Fatal Error] :1:1: Premature end of file.
2025-12-20 12:12:40,046 [ERROR] LogOutputStream:75 - [STDERR_REDIRECT] 
2025-12-20 12:12:41,050 [ERROR] LogOutputStream:75 - [STDERR_REDIRECT] [Fatal Error] :1:1: Premature end of file.
2025-12-20 12:12:41,052 [ERROR] LogOutputStream:75 - [STDERR_REDIRECT] 
2025-12-20 12:12:42,052 [ERROR] LogOutputStream:75 - [STDERR_REDIRECT] [Fatal Error] :1:1: Premature end of file.
2025-12-20 12:12:42,052 [ERROR] LogOutputStream:75 - [STDERR_REDIRECT] 
2025-12-20 12:12:43,048 [ERROR] LogOutputStream:75 - [STDERR_REDIRECT] [Fatal Error] :1:1: Premature end of file.
2025-12-20 12:12:43,048 [ERROR] LogOutputStream:75 - [STDERR_REDIRECT] 
2025-12-20 12:12:44,033 [ERROR] LogOutputStream:75 - [STDERR_REDIRECT] [Fatal Error] :1:1: Premature end of file.
2025-12-20 12:12:44,034 [ERROR] LogOutputStream:75 - [STDERR_REDIRECT] 
2025-12-20 12:12:45,030 [ERROR] LogOutputStream:75 - [STDERR_REDIRECT] [Fatal Error] :1:1: Premature end of file.
2025-12-20 12:12:45,030 [ERROR] LogOutputStream:75 - [STDERR_REDIRECT] 
2025-12-20 12:12:46,045 [ERROR] LogOutputStream:75 - [STDERR_REDIRECT] [Fatal Error] :1:1: Premature end of file.
2025-12-20 12:12:46,045 [ERROR] LogOutputStream:75 - [STDERR_REDIRECT] 
2025-12-20 12:12:47,048 [ERROR] LogOutputStream:75 - [STDERR_REDIRECT] [Fatal Error] :1:1: Premature end of file.
2025-12-20 12:12:47,048 [ERROR] LogOutputStream:75 - [STDERR_REDIRECT] 
2025-12-20 12:12:48,043 [ERROR] LogOutputStream:75 - [STDERR_REDIRECT] [Fatal Error] :1:1: Premature end of file.
2025-12-20 12:12:48,045 [ERROR] LogOutputStream:75 - [STDERR_REDIRECT] 
2025-12-20 12:12:49,044 [ERROR] LogOutputStream:75 - [STDERR_REDIRECT] [Fatal Error] :1:1: Premature end of file.
2025-12-20 12:12:49,044 [ERROR] LogOutputStream:75 - [STDERR_REDIRECT] 
2025-12-20 12:12:50,042 [ERROR] LogOutputStream:75 - [STDERR_REDIRECT] [Fatal Error] :1:1: Premature end of file.
2025-12-20 12:12:50,043 [ERROR] LogOutputStream:75 - [STDERR_REDIRECT] 
2025-12-20 12:12:51,046 [ERROR] LogOutputStream:75 - [STDERR_REDIRECT] [Fatal Error] :1:1: Premature end of file.
2025-12-20 12:12:51,047 [ERROR] LogOutputStream:75 - [STDERR_REDIRECT] 
2025-12-20 12:12:52,041 [ERROR] LogOutputStream:75 - [STDERR_REDIRECT] [Fatal Error] :1:1: Premature end of file.
2025-12-20 12:12:52,041 [ERROR] LogOutputStream:75 - [STDERR_REDIRECT] 
2025-12-20 12:12:53,060 [ERROR] LogOutputStream:75 - [STDERR_REDIRECT] [Fatal Error] :1:1: Premature end of file.
2025-12-20 12:12:53,060 [ERROR] LogOutputStream:75 - [STDERR_REDIRECT] 
2025-12-20 12:12:54,044 [ERROR] LogOutputStream:75 - [STDERR_REDIRECT] [Fatal Error] :1:1: Premature end of file.
2025-12-20 12:12:54,044 [ERROR] LogOutputStream:75 - [STDERR_REDIRECT] 
2025-12-20 12:12:55,043 [ERROR] LogOutputStream:75 - [STDERR_REDIRECT] [Fatal Error] :1:1: Premature end of file.
2025-12-20 12:12:55,043 [ERROR] LogOutputStream:75 - [STDERR_REDIRECT] 
2025-12-20 12:12:56,044 [ERROR] LogOutputStream:75 - [STDERR_REDIRECT] [Fatal Error] :1:1: Premature end of file.
2025-12-20 12:12:56,044 [ERROR] LogOutputStream:75 - [STDERR_REDIRECT] 
2025-12-20 12:12:57,035 [ERROR] LogOutputStream:75 - [STDERR_REDIRECT] [Fatal Error] :1:1: Premature end of file.
2025-12-20 12:12:57,035 [ERROR] LogOutputStream:75 - [STDERR_REDIRECT] 
2025-12-20 12:12:58,054 [ERROR] LogOutputStream:75 - [STDERR_REDIRECT] [Fatal Error] :1:1: Premature end of file.
2025-12-20 12:12:58,055 [ERROR] LogOutputStream:75 - [STDERR_REDIRECT] 
2025-12-20 12:12:59,026 [ERROR] LogOutputStream:75 - [STDERR_REDIRECT] [Fatal Error] :1:1: Premature end of file.
2025-12-20 12:12:59,026 [ERROR] LogOutputStream:75 - [STDERR_REDIRECT] 
2025-12-20 12:13:00,053 [ERROR] LogOutputStream:75 - [STDERR_REDIRECT] [Fatal Error] :1:1: Premature end of file.
2025-12-20 12:13:00,053 [ERROR] LogOutputStream:75 - [STDERR_REDIRECT] 
2025-12-20 12:13:01,057 [ERROR] LogOutputStream:75 - [STDERR_REDIRECT] [Fatal Error] :1:1: Premature end of file.
2025-12-20 12:13:01,057 [ERROR] LogOutputStream:75 - [STDERR_REDIRECT] 
2025-12-20 12:13:02,045 [ERROR] LogOutputStream:75 - [STDERR_REDIRECT] [Fatal Error] :1:1: Premature end of file.
2025-12-20 12:13:02,045 [ERROR] LogOutputStream:75 - [STDERR_REDIRECT] 
2025-12-20 12:13:03,037 [ERROR] LogOutputStream:75 - [STDERR_REDIRECT] [Fatal Error] :1:1: Premature end of file.
2025-12-20 12:13:03,037 [ERROR] LogOutputStream:75 - [STDERR_REDIRECT] 
2025-12-20 12:13:04,036 [ERROR] LogOutputStream:75 - [STDERR_REDIRECT] [Fatal Error] :1:1: Premature end of file.
2025-12-20 12:13:04,036 [ERROR] LogOutputStream:75 - [STDERR_REDIRECT] 
2025-12-20 12:13:05,053 [ERROR] LogOutputStream:75 - [STDERR_REDIRECT] [Fatal Error] :1:1: Premature end of file.
2025-12-20 12:13:05,053 [ERROR] LogOutputStream:75 - [STDERR_REDIRECT] 
2025-12-20 12:13:06,035 [ERROR] LogOutputStream:75 - [STDERR_REDIRECT] [Fatal Error] :1:1: Premature end of file.
2025-12-20 12:13:06,035 [ERROR] LogOutputStream:75 - [STDERR_REDIRECT] 
2025-12-20 12:13:07,053 [ERROR] LogOutputStream:75 - [STDERR_REDIRECT] [Fatal Error] :1:1: Premature end of file.
2025-12-20 12:13:07,055 [ERROR] LogOutputStream:75 - [STDERR_REDIRECT] 
2025-12-20 12:13:08,037 [ERROR] LogOutputStream:75 - [STDERR_REDIRECT] [Fatal Error] :1:1: Premature end of file.
2025-12-20 12:13:08,037 [ERROR] LogOutputStream:75 - [STDERR_REDIRECT] 
2025-12-20 12:13:09,022 [ERROR] LogOutputStream:75 - [STDERR_REDIRECT] [Fatal Error] :1:1: Premature end of file.
2025-12-20 12:13:09,022 [ERROR] LogOutputStream:75 - [STDERR_REDIRECT] 
2025-12-20 12:13:10,036 [ERROR] LogOutputStream:75 - [STDERR_REDIRECT] [Fatal Error] :1:1: Premature end of file.
2025-12-20 12:13:10,036 [ERROR] LogOutputStream:75 - [STDERR_REDIRECT] 
2025-12-20 12:13:11,035 [ERROR] LogOutputStream:75 - [STDERR_REDIRECT] [Fatal Error] :1:1: Premature end of file.
2025-12-20 12:13:11,036 [ERROR] LogOutputStream:75 - [STDERR_REDIRECT] 
2025-12-20 12:13:12,029 [ERROR] LogOutputStream:75 - [STDERR_REDIRECT] [Fatal Error] :1:1: Premature end of file.
2025-12-20 12:13:12,029 [ERROR] LogOutputStream:75 - [STDERR_REDIRECT] 
2025-12-20 12:13:13,037 [ERROR] LogOutputStream:75 - [STDERR_REDIRECT] [Fatal Error] :1:1: Premature end of file.
2025-12-20 12:13:13,037 [ERROR] LogOutputStream:75 - [STDERR_REDIRECT] 
2025-12-20 12:13:14,061 [ERROR] LogOutputStream:75 - [STDERR_REDIRECT] [Fatal Error] :1:1: Premature end of file.
2025-12-20 12:13:14,061 [ERROR] LogOutputStream:75 - [STDERR_REDIRECT] 
2025-12-20 12:13:15,046 [ERROR] LogOutputStream:75 - [STDERR_REDIRECT] [Fatal Error] :1:1: Premature end of file.
2025-12-20 12:13:15,046 [ERROR] LogOutputStream:75 - [STDERR_REDIRECT] 
2025-12-20 12:13:16,051 [ERROR] LogOutputStream:75 - [STDERR_REDIRECT] [Fatal Error] :1:1: Premature end of file.
2025-12-20 12:13:16,051 [ERROR] LogOutputStream:75 - [STDERR_REDIRECT] 
2025-12-20 12:13:17,042 [ERROR] LogOutputStream:75 - [STDERR_REDIRECT] [Fatal Error] :1:1: Premature end of file.
2025-12-20 12:13:17,042 [ERROR] LogOutputStream:75 - [STDERR_REDIRECT] 
2025-12-20 12:13:18,043 [ERROR] LogOutputStream:75 - [STDERR_REDIRECT] [Fatal Error] :1:1: Premature end of file.
2025-12-20 12:13:18,044 [ERROR] LogOutputStream:75 - [STDERR_REDIRECT] 
2025-12-20 12:13:19,057 [ERROR] LogOutputStream:75 - [STDERR_REDIRECT] [Fatal Error] :1:1: Premature end of file.
2025-12-20 12:13:19,059 [ERROR] LogOutputStream:75 - [STDERR_REDIRECT] 
2025-12-20 12:13:20,026 [ERROR] LogOutputStream:75 - [STDERR_REDIRECT] [Fatal Error] :1:1: Premature end of file.
2025-12-20 12:13:20,026 [ERROR] LogOutputStream:75 - [STDERR_REDIRECT] 
2025-12-20 12:13:21,037 [ERROR] LogOutputStream:75 - [STDERR_REDIRECT] [Fatal Error] :1:1: Premature end of file.
2025-12-20 12:13:21,038 [ERROR] LogOutputStream:75 - [STDERR_REDIRECT] 
2025-12-20 12:13:22,053 [ERROR] LogOutputStream:75 - [STDERR_REDIRECT] [Fatal Error] :1:1: Premature end of file.
2025-12-20 12:13:22,053 [ERROR] LogOutputStream:75 - [STDERR_REDIRECT] 
2025-12-20 12:13:23,021 [ERROR] LogOutputStream:75 - [STDERR_REDIRECT] [Fatal Error] :1:1: Premature end of file.
2025-12-20 12:13:23,021 [ERROR] LogOutputStream:75 - [STDERR_REDIRECT] 
2025-12-20 12:13:24,025 [ERROR] LogOutputStream:75 - [STDERR_REDIRECT] [Fatal Error] :1:1: Premature end of file.
2025-12-20 12:13:24,025 [ERROR] LogOutputStream:75 - [STDERR_REDIRECT] 
2025-12-20 12:13:25,043 [ERROR] LogOutputStream:75 - [STDERR_REDIRECT] [Fatal Error] :1:1: Premature end of file.
2025-12-20 12:13:25,043 [ERROR] LogOutputStream:75 - [STDERR_REDIRECT] 
2025-12-20 12:13:26,038 [ERROR] LogOutputStream:75 - [STDERR_REDIRECT] [Fatal Error] :1:1: Premature end of file.
2025-12-20 12:13:26,038 [ERROR] LogOutputStream:75 - [STDERR_REDIRECT] 
2025-12-20 12:13:27,037 [ERROR] LogOutputStream:75 - [STDERR_REDIRECT] [Fatal Error] :1:1: Premature end of file.
2025-12-20 12:13:27,037 [ERROR] LogOutputStream:75 - [STDERR_REDIRECT] 
2025-12-20 12:13:28,062 [ERROR] LogOutputStream:75 - [STDERR_REDIRECT] [Fatal Error] :1:1: Premature end of file.
2025-12-20 12:13:28,062 [ERROR] LogOutputStream:75 - [STDERR_REDIRECT] 
2025-12-20 12:13:29,043 [ERROR] LogOutputStream:75 - [STDERR_REDIRECT] [Fatal Error] :1:1: Premature end of file.
2025-12-20 12:13:29,044 [ERROR] LogOutputStream:75 - [STDERR_REDIRECT] 
2025-12-20 12:13:30,046 [ERROR] LogOutputStream:75 - [STDERR_REDIRECT] [Fatal Error] :1:1: Premature end of file.
2025-12-20 12:13:30,046 [ERROR] LogOutputStream:75 - [STDERR_REDIRECT] 
2025-12-20 12:13:31,063 [ERROR] LogOutputStream:75 - [STDERR_REDIRECT] [Fatal Error] :1:1: Premature end of file.
2025-12-20 12:13:31,064 [ERROR] LogOutputStream:75 - [STDERR_REDIRECT] 
2025-12-20 12:13:32,031 [ERROR] LogOutputStream:75 - [STDERR_REDIRECT] [Fatal Error] :1:1: Premature end of file.
2025-12-20 12:13:32,031 [ERROR] LogOutputStream:75 - [STDERR_REDIRECT] 
2025-12-20 12:13:33,023 [ERROR] LogOutputStream:75 - [STDERR_REDIRECT] [Fatal Error] :1:1: Premature end of file.
2025-12-20 12:13:33,023 [ERROR] LogOutputStream:75 - [STDERR_REDIRECT] 
2025-12-20 12:13:34,038 [ERROR] LogOutputStream:75 - [STDERR_REDIRECT] [Fatal Error] :1:1: Premature end of file.
2025-12-20 12:13:34,044 [ERROR] LogOutputStream:75 - [STDERR_REDIRECT] 
2025-12-20 12:13:35,030 [ERROR] LogOutputStream:75 - [STDERR_REDIRECT] [Fatal Error] :1:1: Premature end of file.
2025-12-20 12:13:35,030 [ERROR] LogOutputStream:75 - [STDERR_REDIRECT] 
2025-12-20 12:13:36,028 [ERROR] LogOutputStream:75 - [STDERR_REDIRECT] [Fatal Error] :1:1: Premature end of file.
2025-12-20 12:13:36,028 [ERROR] LogOutputStream:75 - [STDERR_REDIRECT] 
2025-12-20 12:13:37,037 [ERROR] LogOutputStream:75 - [STDERR_REDIRECT] [Fatal Error] :1:1: Premature end of file.
2025-12-20 12:13:37,037 [ERROR] LogOutputStream:75 - [STDERR_REDIRECT] 
2025-12-20 12:13:38,045 [ERROR] LogOutputStream:75 - [STDERR_REDIRECT] [Fatal Error] :1:1: Premature end of file.
2025-12-20 12:13:38,045 [ERROR] LogOutputStream:75 - [STDERR_REDIRECT] 
2025-12-20 12:13:39,041 [ERROR] LogOutputStream:75 - [STDERR_REDIRECT] [Fatal Error] :1:1: Premature end of file.
2025-12-20 12:13:39,041 [ERROR] LogOutputStream:75 - [STDERR_REDIRECT] 
2025-12-20 12:13:40,036 [ERROR] LogOutputStream:75 - [STDERR_REDIRECT] [Fatal Error] :1:1: Premature end of file.
2025-12-20 12:13:40,036 [ERROR] LogOutputStream:75 - [STDERR_REDIRECT] 
2025-12-20 12:13:41,045 [ERROR] LogOutputStream:75 - [STDERR_REDIRECT] [Fatal Error] :1:1: Premature end of file.
2025-12-20 12:13:41,045 [ERROR] LogOutputStream:75 - [STDERR_REDIRECT] 
2025-12-20 12:13:42,031 [ERROR] LogOutputStream:75 - [STDERR_REDIRECT] [Fatal Error] :1:1: Premature end of file.
2025-12-20 12:13:42,031 [ERROR] LogOutputStream:75 - [STDERR_REDIRECT] 
2025-12-20 12:13:43,042 [ERROR] LogOutputStream:75 - [STDERR_REDIRECT] [Fatal Error] :1:1: Premature end of file.
2025-12-20 12:13:43,042 [ERROR] LogOutputStream:75 - [STDERR_REDIRECT] 
2025-12-20 12:13:44,024 [ERROR] LogOutputStream:75 - [STDERR_REDIRECT] [Fatal Error] :1:1: Premature end of file.
2025-12-20 12:13:44,024 [ERROR] LogOutputStream:75 - [STDERR_REDIRECT] 
2025-12-20 12:13:45,040 [ERROR] LogOutputStream:75 - [STDERR_REDIRECT] [Fatal Error] :1:1: Premature end of file.
2025-12-20 12:13:45,040 [ERROR] LogOutputStream:75 - [STDERR_REDIRECT] 
2025-12-20 12:13:46,040 [ERROR] LogOutputStream:75 - [STDERR_REDIRECT] [Fatal Error] :1:1: Premature end of file.
2025-12-20 12:13:46,040 [ERROR] LogOutputStream:75 - [STDERR_REDIRECT] 
2025-12-20 12:13:47,050 [ERROR] LogOutputStream:75 - [STDERR_REDIRECT] [Fatal Error] :1:1: Premature end of file.
2025-12-20 12:13:47,050 [ERROR] LogOutputStream:75 - [STDERR_REDIRECT] 
2025-12-20 12:13:48,035 [ERROR] LogOutputStream:75 - [STDERR_REDIRECT] [Fatal Error] :1:1: Premature end of file.
2025-12-20 12:13:48,035 [ERROR] LogOutputStream:75 - [STDERR_REDIRECT] 
2025-12-20 12:13:49,050 [ERROR] LogOutputStream:75 - [STDERR_REDIRECT] [Fatal Error] :1:1: Premature end of file.
2025-12-20 12:13:49,050 [ERROR] LogOutputStream:75 - [STDERR_REDIRECT] 
2025-12-20 12:13:50,040 [ERROR] LogOutputStream:75 - [STDERR_REDIRECT] [Fatal Error] :1:1: Premature end of file.
2025-12-20 12:13:50,040 [ERROR] LogOutputStream:75 - [STDERR_REDIRECT] 
2025-12-20 12:13:51,043 [ERROR] LogOutputStream:75 - [STDERR_REDIRECT] [Fatal Error] :1:1: Premature end of file.
2025-12-20 12:13:51,043 [ERROR] LogOutputStream:75 - [STDERR_REDIRECT] 
2025-12-20 12:13:52,038 [ERROR] LogOutputStream:75 - [STDERR_REDIRECT] [Fatal Error] :1:1: Premature end of file.
2025-12-20 12:13:52,038 [ERROR] LogOutputStream:75 - [STDERR_REDIRECT] 
2025-12-20 12:13:53,037 [ERROR] LogOutputStream:75 - [STDERR_REDIRECT] [Fatal Error] :1:1: Premature end of file.
2025-12-20 12:13:53,037 [ERROR] LogOutputStream:75 - [STDERR_REDIRECT] 
2025-12-20 12:13:54,043 [ERROR] LogOutputStream:75 - [STDERR_REDIRECT] [Fatal Error] :1:1: Premature end of file.
2025-12-20 12:13:54,043 [ERROR] LogOutputStream:75 - [STDERR_REDIRECT] 
2025-12-20 12:13:55,046 [ERROR] LogOutputStream:75 - [STDERR_REDIRECT] [Fatal Error] :1:1: Premature end of file.
2025-12-20 12:13:55,046 [ERROR] LogOutputStream:75 - [STDERR_REDIRECT] 
2025-12-20 12:13:56,040 [ERROR] LogOutputStream:75 - [STDERR_REDIRECT] [Fatal Error] :1:1: Premature end of file.
2025-12-20 12:13:56,040 [ERROR] LogOutputStream:75 - [STDERR_REDIRECT] 
2025-12-20 12:13:57,030 [ERROR] LogOutputStream:75 - [STDERR_REDIRECT] [Fatal Error] :1:1: Premature end of file.
2025-12-20 12:13:57,030 [ERROR] LogOutputStream:75 - [STDERR_REDIRECT] 
2025-12-20 12:13:58,040 [ERROR] LogOutputStream:75 - [STDERR_REDIRECT] [Fatal Error] :1:1: Premature end of file.
2025-12-20 12:13:58,040 [ERROR] LogOutputStream:75 - [STDERR_REDIRECT] 
2025-12-20 12:13:59,035 [ERROR] LogOutputStream:75 - [STDERR_REDIRECT] [Fatal Error] :1:1: Premature end of file.
2025-12-20 12:13:59,035 [ERROR] LogOutputStream:75 - [STDERR_REDIRECT] 
2025-12-20 12:14:00,051 [ERROR] LogOutputStream:75 - [STDERR_REDIRECT] [Fatal Error] :1:1: Premature end of file.
2025-12-20 12:14:00,051 [ERROR] LogOutputStream:75 - [STDERR_REDIRECT] 
2025-12-20 12:14:01,055 [ERROR] LogOutputStream:75 - [STDERR_REDIRECT] [Fatal Error] :1:1: Premature end of file.
2025-12-20 12:14:01,055 [ERROR] LogOutputStream:75 - [STDERR_REDIRECT] 
2025-12-20 12:14:02,045 [ERROR] LogOutputStream:75 - [STDERR_REDIRECT] [Fatal Error] :1:1: Premature end of file.
2025-12-20 12:14:02,045 [ERROR] LogOutputStream:75 - [STDERR_REDIRECT] 
2025-12-20 12:14:03,058 [ERROR] LogOutputStream:75 - [STDERR_REDIRECT] [Fatal Error] :1:1: Premature end of file.
2025-12-20 12:14:03,058 [ERROR] LogOutputStream:75 - [STDERR_REDIRECT] 
2025-12-20 12:14:04,051 [ERROR] LogOutputStream:75 - [STDERR_REDIRECT] [Fatal Error] :1:1: Premature end of file.
2025-12-20 12:14:04,051 [ERROR] LogOutputStream:75 - [STDERR_REDIRECT] 
2025-12-20 12:14:05,052 [ERROR] LogOutputStream:75 - [STDERR_REDIRECT] [Fatal Error] :1:1: Premature end of file.
2025-12-20 12:14:05,052 [ERROR] LogOutputStream:75 - [STDERR_REDIRECT] 
2025-12-20 12:14:06,038 [ERROR] LogOutputStream:75 - [STDERR_REDIRECT] [Fatal Error] :1:1: Premature end of file.
2025-12-20 12:14:06,038 [ERROR] LogOutputStream:75 - [STDERR_REDIRECT] 
2025-12-20 12:14:07,046 [ERROR] LogOutputStream:75 - [STDERR_REDIRECT] [Fatal Error] :1:1: Premature end of file.
2025-12-20 12:14:07,046 [ERROR] LogOutputStream:75 - [STDERR_REDIRECT] 
2025-12-20 12:14:08,045 [ERROR] LogOutputStream:75 - [STDERR_REDIRECT] [Fatal Error] :1:1: Premature end of file.
2025-12-20 12:14:08,045 [ERROR] LogOutputStream:75 - [STDERR_REDIRECT] 
2025-12-20 12:14:09,073 [ERROR] LogOutputStream:75 - [STDERR_REDIRECT] [Fatal Error] :1:1: Premature end of file.
2025-12-20 12:14:09,073 [ERROR] LogOutputStream:75 - [STDERR_REDIRECT] 
2025-12-20 12:14:10,044 [ERROR] LogOutputStream:75 - [STDERR_REDIRECT] [Fatal Error] :1:1: Premature end of file.
2025-12-20 12:14:10,044 [ERROR] LogOutputStream:75 - [STDERR_REDIRECT] 
2025-12-20 12:14:11,044 [ERROR] LogOutputStream:75 - [STDERR_REDIRECT] [Fatal Error] :1:1: Premature end of file.
2025-12-20 12:14:11,044 [ERROR] LogOutputStream:75 - [STDERR_REDIRECT] 
2025-12-20 12:14:12,046 [ERROR] LogOutputStream:75 - [STDERR_REDIRECT] [Fatal Error] :1:1: Premature end of file.
2025-12-20 12:14:12,046 [ERROR] LogOutputStream:75 - [STDERR_REDIRECT] 
2025-12-20 12:14:13,072 [ERROR] LogOutputStream:75 - [STDERR_REDIRECT] [Fatal Error] :1:1: Premature end of file.
2025-12-20 12:14:13,072 [ERROR] LogOutputStream:75 - [STDERR_REDIRECT] 
2025-12-20 12:14:14,054 [ERROR] LogOutputStream:75 - [STDERR_REDIRECT] [Fatal Error] :1:1: Premature end of file.
2025-12-20 12:14:14,054 [ERROR] LogOutputStream:75 - [STDERR_REDIRECT] 
2025-12-20 12:14:15,043 [ERROR] LogOutputStream:75 - [STDERR_REDIRECT] [Fatal Error] :1:1: Premature end of file.
2025-12-20 12:14:15,043 [ERROR] LogOutputStream:75 - [STDERR_REDIRECT] 
2025-12-20 12:14:16,039 [ERROR] LogOutputStream:75 - [STDERR_REDIRECT] [Fatal Error] :1:1: Premature end of file.
2025-12-20 12:14:16,039 [ERROR] LogOutputStream:75 - [STDERR_REDIRECT] 
2025-12-20 12:14:17,044 [ERROR] LogOutputStream:75 - [STDERR_REDIRECT] [Fatal Error] :1:1: Premature end of file.
2025-12-20 12:14:17,044 [ERROR] LogOutputStream:75 - [STDERR_REDIRECT] 
2025-12-20 12:14:18,041 [ERROR] LogOutputStream:75 - [STDERR_REDIRECT] [Fatal Error] :1:1: Premature end of file.
2025-12-20 12:14:18,041 [ERROR] LogOutputStream:75 - [STDERR_REDIRECT] 
2025-12-20 12:14:19,054 [ERROR] LogOutputStream:75 - [STDERR_REDIRECT] [Fatal Error] :1:1: Premature end of file.
2025-12-20 12:14:19,057 [ERROR] LogOutputStream:75 - [STDERR_REDIRECT] 
2025-12-20 12:14:20,057 [ERROR] LogOutputStream:75 - [STDERR_REDIRECT] [Fatal Error] :1:1: Premature end of file.
2025-12-20 12:14:20,057 [ERROR] LogOutputStream:75 - [STDERR_REDIRECT] 
2025-12-20 12:14:21,037 [ERROR] LogOutputStream:75 - [STDERR_REDIRECT] [Fatal Error] :1:1: Premature end of file.
2025-12-20 12:14:21,037 [ERROR] LogOutputStream:75 - [STDERR_REDIRECT] 
2025-12-20 12:14:22,052 [ERROR] LogOutputStream:75 - [STDERR_REDIRECT] [Fatal Error] :1:1: Premature end of file.
2025-12-20 12:14:22,052 [ERROR] LogOutputStream:75 - [STDERR_REDIRECT] 
2025-12-20 12:14:23,044 [ERROR] LogOutputStream:75 - [STDERR_REDIRECT] [Fatal Error] :1:1: Premature end of file.
2025-12-20 12:14:23,044 [ERROR] LogOutputStream:75 - [STDERR_REDIRECT] 
2025-12-20 12:14:24,040 [ERROR] LogOutputStream:75 - [STDERR_REDIRECT] [Fatal Error] :1:1: Premature end of file.
2025-12-20 12:14:24,040 [ERROR] LogOutputStream:75 - [STDERR_REDIRECT] 
2025-12-20 12:14:25,044 [ERROR] LogOutputStream:75 - [STDERR_REDIRECT] [Fatal Error] :1:1: Premature end of file.
2025-12-20 12:14:25,044 [ERROR] LogOutputStream:75 - [STDERR_REDIRECT] 
2025-12-20 12:14:26,038 [ERROR] LogOutputStream:75 - [STDERR_REDIRECT] [Fatal Error] :1:1: Premature end of file.
2025-12-20 12:14:26,038 [ERROR] LogOutputStream:75 - [STDERR_REDIRECT] 
2025-12-20 12:14:27,060 [ERROR] LogOutputStream:75 - [STDERR_REDIRECT] [Fatal Error] :1:1: Premature end of file.
2025-12-20 12:14:27,060 [ERROR] LogOutputStream:75 - [STDERR_REDIRECT] 
2025-12-20 12:14:28,036 [ERROR] LogOutputStream:75 - [STDERR_REDIRECT] [Fatal Error] :1:1: Premature end of file.
2025-12-20 12:14:28,036 [ERROR] LogOutputStream:75 - [STDERR_REDIRECT] 
2025-12-20 12:14:29,030 [ERROR] LogOutputStream:75 - [STDERR_REDIRECT] [Fatal Error] :1:1: Premature end of file.
2025-12-20 12:14:29,030 [ERROR] LogOutputStream:75 - [STDERR_REDIRECT] 
2025-12-20 12:14:30,041 [ERROR] LogOutputStream:75 - [STDERR_REDIRECT] [Fatal Error] :1:1: Premature end of file.
2025-12-20 12:14:30,041 [ERROR] LogOutputStream:75 - [STDERR_REDIRECT] 
2025-12-20 12:14:31,055 [ERROR] LogOutputStream:75 - [STDERR_REDIRECT] [Fatal Error] :1:1: Premature end of file.
2025-12-20 12:14:31,055 [ERROR] LogOutputStream:75 - [STDERR_REDIRECT] 
2025-12-20 12:14:32,051 [ERROR] LogOutputStream:75 - [STDERR_REDIRECT] [Fatal Error] :1:1: Premature end of file.
2025-12-20 12:14:32,051 [ERROR] LogOutputStream:75 - [STDERR_REDIRECT] 
2025-12-20 12:14:33,058 [ERROR] LogOutputStream:75 - [STDERR_REDIRECT] [Fatal Error] :1:1: Premature end of file.
2025-12-20 12:14:33,058 [ERROR] LogOutputStream:75 - [STDERR_REDIRECT] 
2025-12-20 12:14:34,052 [ERROR] LogOutputStream:75 - [STDERR_REDIRECT] [Fatal Error] :1:1: Premature end of file.
2025-12-20 12:14:34,054 [ERROR] LogOutputStream:75 - [STDERR_REDIRECT] 
2025-12-20 12:14:35,057 [ERROR] LogOutputStream:75 - [STDERR_REDIRECT] [Fatal Error] :1:1: Premature end of file.
2025-12-20 12:14:35,057 [ERROR] LogOutputStream:75 - [STDERR_REDIRECT] 
2025-12-20 12:14:36,067 [ERROR] LogOutputStream:75 - [STDERR_REDIRECT] [Fatal Error] :1:1: Premature end of file.
2025-12-20 12:14:36,068 [ERROR] LogOutputStream:75 - [STDERR_REDIRECT] 
2025-12-20 12:14:37,051 [ERROR] LogOutputStream:75 - [STDERR_REDIRECT] [Fatal Error] :1:1: Premature end of file.
2025-12-20 12:14:37,052 [ERROR] LogOutputStream:75 - [STDERR_REDIRECT] 
2025-12-20 12:14:38,043 [ERROR] LogOutputStream:75 - [STDERR_REDIRECT] [Fatal Error] :1:1: Premature end of file.
2025-12-20 12:14:38,043 [ERROR] LogOutputStream:75 - [STDERR_REDIRECT] 
2025-12-20 12:14:39,033 [ERROR] LogOutputStream:75 - [STDERR_REDIRECT] [Fatal Error] :1:1: Premature end of file.
2025-12-20 12:14:39,033 [ERROR] LogOutputStream:75 - [STDERR_REDIRECT] 
2025-12-20 12:14:40,041 [ERROR] LogOutputStream:75 - [STDERR_REDIRECT] [Fatal Error] :1:1: Premature end of file.
2025-12-20 12:14:40,041 [ERROR] LogOutputStream:75 - [STDERR_REDIRECT] 
2025-12-20 12:14:41,039 [ERROR] LogOutputStream:75 - [STDERR_REDIRECT] [Fatal Error] :1:1: Premature end of file.
2025-12-20 12:14:41,039 [ERROR] LogOutputStream:75 - [STDERR_REDIRECT] 
2025-12-20 12:14:42,035 [ERROR] LogOutputStream:75 - [STDERR_REDIRECT] [Fatal Error] :1:1: Premature end of file.
2025-12-20 12:14:42,035 [ERROR] LogOutputStream:75 - [STDERR_REDIRECT] 
2025-12-20 12:14:43,052 [ERROR] LogOutputStream:75 - [STDERR_REDIRECT] [Fatal Error] :1:1: Premature end of file.
2025-12-20 12:14:43,052 [ERROR] LogOutputStream:75 - [STDERR_REDIRECT] 
2025-12-20 12:14:44,054 [ERROR] LogOutputStream:75 - [STDERR_REDIRECT] [Fatal Error] :1:1: Premature end of file.
2025-12-20 12:14:44,054 [ERROR] LogOutputStream:75 - [STDERR_REDIRECT] 
2025-12-20 12:14:45,061 [ERROR] LogOutputStream:75 - [STDERR_REDIRECT] [Fatal Error] :1:1: Premature end of file.
2025-12-20 12:14:45,061 [ERROR] LogOutputStream:75 - [STDERR_REDIRECT] 
2025-12-20 12:14:46,056 [ERROR] LogOutputStream:75 - [STDERR_REDIRECT] [Fatal Error] :1:1: Premature end of file.
2025-12-20 12:14:46,056 [ERROR] LogOutputStream:75 - [STDERR_REDIRECT] 
2025-12-20 12:14:47,053 [ERROR] LogOutputStream:75 - [STDERR_REDIRECT] [Fatal Error] :1:1: Premature end of file.
2025-12-20 12:14:47,053 [ERROR] LogOutputStream:75 - [STDERR_REDIRECT] 
2025-12-20 12:14:48,067 [ERROR] LogOutputStream:75 - [STDERR_REDIRECT] [Fatal Error] :1:1: Premature end of file.
2025-12-20 12:14:48,068 [ERROR] LogOutputStream:75 - [STDERR_REDIRECT] 
2025-12-20 12:14:49,036 [ERROR] LogOutputStream:75 - [STDERR_REDIRECT] [Fatal Error] :1:1: Premature end of file.
2025-12-20 12:14:49,036 [ERROR] LogOutputStream:75 - [STDERR_REDIRECT] 
2025-12-20 12:14:50,038 [ERROR] LogOutputStream:75 - [STDERR_REDIRECT] [Fatal Error] :1:1: Premature end of file.
2025-12-20 12:14:50,038 [ERROR] LogOutputStream:75 - [STDERR_REDIRECT] 
2025-12-20 12:14:51,039 [ERROR] LogOutputStream:75 - [STDERR_REDIRECT] [Fatal Error] :1:1: Premature end of file.
2025-12-20 12:14:51,039 [ERROR] LogOutputStream:75 - [STDERR_REDIRECT] 
2025-12-20 12:14:52,057 [ERROR] LogOutputStream:75 - [STDERR_REDIRECT] [Fatal Error] :1:1: Premature end of file.
2025-12-20 12:14:52,057 [ERROR] LogOutputStream:75 - [STDERR_REDIRECT] 
2025-12-20 12:14:53,037 [ERROR] LogOutputStream:75 - [STDERR_REDIRECT] [Fatal Error] :1:1: Premature end of file.
2025-12-20 12:14:53,037 [ERROR] LogOutputStream:75 - [STDERR_REDIRECT] 
2025-12-20 12:14:54,061 [ERROR] LogOutputStream:75 - [STDERR_REDIRECT] [Fatal Error] :1:1: Premature end of file.
2025-12-20 12:14:54,061 [ERROR] LogOutputStream:75 - [STDERR_REDIRECT] 
2025-12-20 12:14:55,042 [ERROR] LogOutputStream:75 - [STDERR_REDIRECT] [Fatal Error] :1:1: Premature end of file.
2025-12-20 12:14:55,042 [ERROR] LogOutputStream:75 - [STDERR_REDIRECT] 
2025-12-20 12:14:56,047 [ERROR] LogOutputStream:75 - [STDERR_REDIRECT] [Fatal Error] :1:1: Premature end of file.
2025-12-20 12:14:56,047 [ERROR] LogOutputStream:75 - [STDERR_REDIRECT] 
2025-12-20 12:14:57,039 [ERROR] LogOutputStream:75 - [STDERR_REDIRECT] [Fatal Error] :1:1: Premature end of file.
2025-12-20 12:14:57,039 [ERROR] LogOutputStream:75 - [STDERR_REDIRECT] 
2025-12-20 12:14:58,041 [ERROR] LogOutputStream:75 - [STDERR_REDIRECT] [Fatal Error] :1:1: Premature end of file.
2025-12-20 12:14:58,041 [ERROR] LogOutputStream:75 - [STDERR_REDIRECT] 
2025-12-20 12:14:59,040 [ERROR] LogOutputStream:75 - [STDERR_REDIRECT] [Fatal Error] :1:1: Premature end of file.
2025-12-20 12:14:59,047 [ERROR] LogOutputStream:75 - [STDERR_REDIRECT] 
2025-12-20 12:15:00,037 [ERROR] LogOutputStream:75 - [STDERR_REDIRECT] [Fatal Error] :1:1: Premature end of file.
2025-12-20 12:15:00,038 [ERROR] LogOutputStream:75 - [STDERR_REDIRECT] 
2025-12-20 12:15:01,052 [ERROR] LogOutputStream:75 - [STDERR_REDIRECT] [Fatal Error] :1:1: Premature end of file.
2025-12-20 12:15:01,052 [ERROR] LogOutputStream:75 - [STDERR_REDIRECT] 
2025-12-20 12:15:02,039 [ERROR] LogOutputStream:75 - [STDERR_REDIRECT] [Fatal Error] :1:1: Premature end of file.
2025-12-20 12:15:02,039 [ERROR] LogOutputStream:75 - [STDERR_REDIRECT] 
2025-12-20 12:15:03,035 [ERROR] LogOutputStream:75 - [STDERR_REDIRECT] [Fatal Error] :1:1: Premature end of file.
2025-12-20 12:15:03,035 [ERROR] LogOutputStream:75 - [STDERR_REDIRECT] 
2025-12-20 12:15:04,053 [ERROR] LogOutputStream:75 - [STDERR_REDIRECT] [Fatal Error] :1:1: Premature end of file.
2025-12-20 12:15:04,053 [ERROR] LogOutputStream:75 - [STDERR_REDIRECT] 
2025-12-20 12:15:05,037 [ERROR] LogOutputStream:75 - [STDERR_REDIRECT] [Fatal Error] :1:1: Premature end of file.
2025-12-20 12:15:05,037 [ERROR] LogOutputStream:75 - [STDERR_REDIRECT] 
2025-12-20 12:15:06,042 [ERROR] LogOutputStream:75 - [STDERR_REDIRECT] [Fatal Error] :1:1: Premature end of file.
2025-12-20 12:15:06,044 [ERROR] LogOutputStream:75 - [STDERR_REDIRECT] 
2025-12-20 12:15:07,068 [ERROR] LogOutputStream:75 - [STDERR_REDIRECT] [Fatal Error] :1:1: Premature end of file.
2025-12-20 12:15:07,068 [ERROR] LogOutputStream:75 - [STDERR_REDIRECT] 
2025-12-20 12:15:08,038 [ERROR] LogOutputStream:75 - [STDERR_REDIRECT] [Fatal Error] :1:1: Premature end of file.
2025-12-20 12:15:08,038 [ERROR] LogOutputStream:75 - [STDERR_REDIRECT] 
2025-12-20 12:15:09,053 [ERROR] LogOutputStream:75 - [STDERR_REDIRECT] [Fatal Error] :1:1: Premature end of file.
2025-12-20 12:15:09,053 [ERROR] LogOutputStream:75 - [STDERR_REDIRECT] 
2025-12-20 12:15:10,054 [ERROR] LogOutputStream:75 - [STDERR_REDIRECT] [Fatal Error] :1:1: Premature end of file.
2025-12-20 12:15:10,054 [ERROR] LogOutputStream:75 - [STDERR_REDIRECT] 
2025-12-20 12:15:11,035 [ERROR] LogOutputStream:75 - [STDERR_REDIRECT] [Fatal Error] :1:1: Premature end of file.
2025-12-20 12:15:11,035 [ERROR] LogOutputStream:75 - [STDERR_REDIRECT] 
2025-12-20 12:15:12,055 [ERROR] LogOutputStream:75 - [STDERR_REDIRECT] [Fatal Error] :1:1: Premature end of file.
2025-12-20 12:15:12,055 [ERROR] LogOutputStream:75 - [STDERR_REDIRECT] 
2025-12-20 12:15:13,028 [ERROR] LogOutputStream:75 - [STDERR_REDIRECT] [Fatal Error] :1:1: Premature end of file.
2025-12-20 12:15:13,028 [ERROR] LogOutputStream:75 - [STDERR_REDIRECT] 
2025-12-20 12:15:14,035 [ERROR] LogOutputStream:75 - [STDERR_REDIRECT] [Fatal Error] :1:1: Premature end of file.
2025-12-20 12:15:14,035 [ERROR] LogOutputStream:75 - [STDERR_REDIRECT] 
2025-12-20 12:15:15,043 [ERROR] LogOutputStream:75 - [STDERR_REDIRECT] [Fatal Error] :1:1: Premature end of file.
2025-12-20 12:15:15,043 [ERROR] LogOutputStream:75 - [STDERR_REDIRECT] 
2025-12-20 12:15:16,039 [ERROR] LogOutputStream:75 - [STDERR_REDIRECT] [Fatal Error] :1:1: Premature end of file.
2025-12-20 12:15:16,039 [ERROR] LogOutputStream:75 - [STDERR_REDIRECT] 
2025-12-20 12:15:17,043 [ERROR] LogOutputStream:75 - [STDERR_REDIRECT] [Fatal Error] :1:1: Premature end of file.
2025-12-20 12:15:17,043 [ERROR] LogOutputStream:75 - [STDERR_REDIRECT] 
2025-12-20 12:15:18,051 [ERROR] LogOutputStream:75 - [STDERR_REDIRECT] [Fatal Error] :1:1: Premature end of file.
2025-12-20 12:15:18,051 [ERROR] LogOutputStream:75 - [STDERR_REDIRECT] 
2025-12-20 12:15:19,052 [ERROR] LogOutputStream:75 - [STDERR_REDIRECT] [Fatal Error] :1:1: Premature end of file.
2025-12-20 12:15:19,052 [ERROR] LogOutputStream:75 - [STDERR_REDIRECT] 
2025-12-20 12:15:20,041 [ERROR] LogOutputStream:75 - [STDERR_REDIRECT] [Fatal Error] :1:1: Premature end of file.
2025-12-20 12:15:20,052 [ERROR] LogOutputStream:75 - [STDERR_REDIRECT] 
2025-12-20 12:15:21,039 [ERROR] LogOutputStream:75 - [STDERR_REDIRECT] [Fatal Error] :1:1: Premature end of file.
2025-12-20 12:15:21,039 [ERROR] LogOutputStream:75 - [STDERR_REDIRECT] 
2025-12-20 12:15:22,052 [ERROR] LogOutputStream:75 - [STDERR_REDIRECT] [Fatal Error] :1:1: Premature end of file.
2025-12-20 12:15:22,052 [ERROR] LogOutputStream:75 - [STDERR_REDIRECT] 
2025-12-20 12:15:23,036 [ERROR] LogOutputStream:75 - [STDERR_REDIRECT] [Fatal Error] :1:1: Premature end of file.
2025-12-20 12:15:23,036 [ERROR] LogOutputStream:75 - [STDERR_REDIRECT] 
2025-12-20 12:15:24,040 [ERROR] LogOutputStream:75 - [STDERR_REDIRECT] [Fatal Error] :1:1: Premature end of file.
2025-12-20 12:15:24,040 [ERROR] LogOutputStream:75 - [STDERR_REDIRECT] 
2025-12-20 12:15:25,044 [ERROR] LogOutputStream:75 - [STDERR_REDIRECT] [Fatal Error] :1:1: Premature end of file.
2025-12-20 12:15:25,044 [ERROR] LogOutputStream:75 - [STDERR_REDIRECT] 
2025-12-20 12:15:26,045 [ERROR] LogOutputStream:75 - [STDERR_REDIRECT] [Fatal Error] :1:1: Premature end of file.
2025-12-20 12:15:26,045 [ERROR] LogOutputStream:75 - [STDERR_REDIRECT] 
2025-12-20 12:15:27,055 [ERROR] LogOutputStream:75 - [STDERR_REDIRECT] [Fatal Error] :1:1: Premature end of file.
2025-12-20 12:15:27,055 [ERROR] LogOutputStream:75 - [STDERR_REDIRECT] 
2025-12-20 12:15:28,029 [ERROR] LogOutputStream:75 - [STDERR_REDIRECT] [Fatal Error] :1:1: Premature end of file.
2025-12-20 12:15:28,029 [ERROR] LogOutputStream:75 - [STDERR_REDIRECT] 
2025-12-20 12:15:29,063 [ERROR] LogOutputStream:75 - [STDERR_REDIRECT] [Fatal Error] :1:1: Premature end of file.
2025-12-20 12:15:29,063 [ERROR] LogOutputStream:75 - [STDERR_REDIRECT] 
2025-12-20 12:15:30,036 [ERROR] LogOutputStream:75 - [STDERR_REDIRECT] [Fatal Error] :1:1: Premature end of file.
2025-12-20 12:15:30,036 [ERROR] LogOutputStream:75 - [STDERR_REDIRECT] 
2025-12-20 12:15:31,054 [ERROR] LogOutputStream:75 - [STDERR_REDIRECT] [Fatal Error] :1:1: Premature end of file.
2025-12-20 12:15:31,054 [ERROR] LogOutputStream:75 - [STDERR_REDIRECT] 
2025-12-20 12:15:32,036 [ERROR] LogOutputStream:75 - [STDERR_REDIRECT] [Fatal Error] :1:1: Premature end of file.
2025-12-20 12:15:32,036 [ERROR] LogOutputStream:75 - [STDERR_REDIRECT] 
2025-12-20 12:15:33,075 [ERROR] LogOutputStream:75 - [STDERR_REDIRECT] [Fatal Error] :1:1: Premature end of file.
2025-12-20 12:15:33,075 [ERROR] LogOutputStream:75 - [STDERR_REDIRECT] 
2025-12-20 12:15:34,047 [ERROR] LogOutputStream:75 - [STDERR_REDIRECT] [Fatal Error] :1:1: Premature end of file.
2025-12-20 12:15:34,050 [ERROR] LogOutputStream:75 - [STDERR_REDIRECT] 
2025-12-20 12:15:35,045 [ERROR] LogOutputStream:75 - [STDERR_REDIRECT] [Fatal Error] :1:1: Premature end of file.
2025-12-20 12:15:35,045 [ERROR] LogOutputStream:75 - [STDERR_REDIRECT] 
2025-12-20 12:15:36,055 [ERROR] LogOutputStream:75 - [STDERR_REDIRECT] [Fatal Error] :1:1: Premature end of file.
2025-12-20 12:15:36,055 [ERROR] LogOutputStream:75 - [STDERR_REDIRECT] 
2025-12-20 12:15:37,043 [ERROR] LogOutputStream:75 - [STDERR_REDIRECT] [Fatal Error] :1:1: Premature end of file.
2025-12-20 12:15:37,043 [ERROR] LogOutputStream:75 - [STDERR_REDIRECT] 
2025-12-20 12:15:38,046 [ERROR] LogOutputStream:75 - [STDERR_REDIRECT] [Fatal Error] :1:1: Premature end of file.
2025-12-20 12:15:38,046 [ERROR] LogOutputStream:75 - [STDERR_REDIRECT] 
2025-12-20 12:15:39,057 [ERROR] LogOutputStream:75 - [STDERR_REDIRECT] [Fatal Error] :1:1: Premature end of file.
2025-12-20 12:15:39,057 [ERROR] LogOutputStream:75 - [STDERR_REDIRECT] 
2025-12-20 12:15:40,042 [ERROR] LogOutputStream:75 - [STDERR_REDIRECT] [Fatal Error] :1:1: Premature end of file.
2025-12-20 12:15:40,042 [ERROR] LogOutputStream:75 - [STDERR_REDIRECT] 
2025-12-20 12:15:41,052 [ERROR] LogOutputStream:75 - [STDERR_REDIRECT] [Fatal Error] :1:1: Premature end of file.
2025-12-20 12:15:41,053 [ERROR] LogOutputStream:75 - [STDERR_REDIRECT] 
2025-12-20 12:15:42,036 [ERROR] LogOutputStream:75 - [STDERR_REDIRECT] [Fatal Error] :1:1: Premature end of file.
2025-12-20 12:15:42,037 [ERROR] LogOutputStream:75 - [STDERR_REDIRECT] 
2025-12-20 12:15:43,019 [ERROR] LogOutputStream:75 - [STDERR_REDIRECT] [Fatal Error] :1:1: Premature end of file.
2025-12-20 12:15:43,019 [ERROR] LogOutputStream:75 - [STDERR_REDIRECT] 
2025-12-20 12:15:44,026 [ERROR] LogOutputStream:75 - [STDERR_REDIRECT] [Fatal Error] :1:1: Premature end of file.
2025-12-20 12:15:44,026 [ERROR] LogOutputStream:75 - [STDERR_REDIRECT] 
2025-12-20 12:15:45,047 [ERROR] LogOutputStream:75 - [STDERR_REDIRECT] [Fatal Error] :1:1: Premature end of file.
2025-12-20 12:15:45,048 [ERROR] LogOutputStream:75 - [STDERR_REDIRECT] 
2025-12-20 12:15:46,052 [ERROR] LogOutputStream:75 - [STDERR_REDIRECT] [Fatal Error] :1:1: Premature end of file.
2025-12-20 12:15:46,052 [ERROR] LogOutputStream:75 - [STDERR_REDIRECT] 
2025-12-20 12:15:47,028 [ERROR] LogOutputStream:75 - [STDERR_REDIRECT] [Fatal Error] :1:1: Premature end of file.
2025-12-20 12:15:47,029 [ERROR] LogOutputStream:75 - [STDERR_REDIRECT] 
2025-12-20 12:15:48,032 [ERROR] LogOutputStream:75 - [STDERR_REDIRECT] [Fatal Error] :1:1: Premature end of file.
2025-12-20 12:15:48,033 [ERROR] LogOutputStream:75 - [STDERR_REDIRECT] 
2025-12-20 12:15:49,030 [ERROR] LogOutputStream:75 - [STDERR_REDIRECT] [Fatal Error] :1:1: Premature end of file.
2025-12-20 12:15:49,030 [ERROR] LogOutputStream:75 - [STDERR_REDIRECT] 
2025-12-20 12:15:50,045 [ERROR] LogOutputStream:75 - [STDERR_REDIRECT] [Fatal Error] :1:1: Premature end of file.
2025-12-20 12:15:50,045 [ERROR] LogOutputStream:75 - [STDERR_REDIRECT] 
2025-12-20 12:15:51,046 [ERROR] LogOutputStream:75 - [STDERR_REDIRECT] [Fatal Error] :1:1: Premature end of file.
2025-12-20 12:15:51,046 [ERROR] LogOutputStream:75 - [STDERR_REDIRECT] 
2025-12-20 12:15:52,054 [ERROR] LogOutputStream:75 - [STDERR_REDIRECT] [Fatal Error] :1:1: Premature end of file.
2025-12-20 12:15:52,054 [ERROR] LogOutputStream:75 - [STDERR_REDIRECT] 
2025-12-20 12:15:53,042 [ERROR] LogOutputStream:75 - [STDERR_REDIRECT] [Fatal Error] :1:1: Premature end of file.
2025-12-20 12:15:53,042 [ERROR] LogOutputStream:75 - [STDERR_REDIRECT] 
2025-12-20 12:15:54,047 [ERROR] LogOutputStream:75 - [STDERR_REDIRECT] [Fatal Error] :1:1: Premature end of file.
2025-12-20 12:15:54,047 [ERROR] LogOutputStream:75 - [STDERR_REDIRECT] 
2025-12-20 12:15:55,041 [ERROR] LogOutputStream:75 - [STDERR_REDIRECT] [Fatal Error] :1:1: Premature end of file.
2025-12-20 12:15:55,041 [ERROR] LogOutputStream:75 - [STDERR_REDIRECT] 
2025-12-20 12:15:56,053 [ERROR] LogOutputStream:75 - [STDERR_REDIRECT] [Fatal Error] :1:1: Premature end of file.
2025-12-20 12:15:56,053 [ERROR] LogOutputStream:75 - [STDERR_REDIRECT] 
2025-12-20 12:15:57,034 [ERROR] LogOutputStream:75 - [STDERR_REDIRECT] [Fatal Error] :1:1: Premature end of file.
2025-12-20 12:15:57,034 [ERROR] LogOutputStream:75 - [STDERR_REDIRECT] 
2025-12-20 12:15:58,052 [ERROR] LogOutputStream:75 - [STDERR_REDIRECT] [Fatal Error] :1:1: Premature end of file.
2025-12-20 12:15:58,052 [ERROR] LogOutputStream:75 - [STDERR_REDIRECT] 
2025-12-20 12:15:59,045 [ERROR] LogOutputStream:75 - [STDERR_REDIRECT] [Fatal Error] :1:1: Premature end of file.
2025-12-20 12:15:59,045 [ERROR] LogOutputStream:75 - [STDERR_REDIRECT] 
2025-12-20 12:16:00,036 [ERROR] LogOutputStream:75 - [STDERR_REDIRECT] [Fatal Error] :1:1: Premature end of file.
2025-12-20 12:16:00,036 [ERROR] LogOutputStream:75 - [STDERR_REDIRECT] 
2025-12-20 12:16:01,038 [ERROR] LogOutputStream:75 - [STDERR_REDIRECT] [Fatal Error] :1:1: Premature end of file.
2025-12-20 12:16:01,038 [ERROR] LogOutputStream:75 - [STDERR_REDIRECT] 
2025-12-20 12:16:02,037 [ERROR] LogOutputStream:75 - [STDERR_REDIRECT] [Fatal Error] :1:1: Premature end of file.
2025-12-20 12:16:02,037 [ERROR] LogOutputStream:75 - [STDERR_REDIRECT] 
2025-12-20 12:16:03,028 [ERROR] LogOutputStream:75 - [STDERR_REDIRECT] [Fatal Error] :1:1: Premature end of file.
2025-12-20 12:16:03,028 [ERROR] LogOutputStream:75 - [STDERR_REDIRECT] 
2025-12-20 12:16:04,057 [ERROR] LogOutputStream:75 - [STDERR_REDIRECT] [Fatal Error] :1:1: Premature end of file.
2025-12-20 12:16:04,057 [ERROR] LogOutputStream:75 - [STDERR_REDIRECT] 
2025-12-20 12:16:05,045 [ERROR] LogOutputStream:75 - [STDERR_REDIRECT] [Fatal Error] :1:1: Premature end of file.
2025-12-20 12:16:05,045 [ERROR] LogOutputStream:75 - [STDERR_REDIRECT] 
2025-12-20 12:16:06,026 [ERROR] LogOutputStream:75 - [STDERR_REDIRECT] [Fatal Error] :1:1: Premature end of file.
2025-12-20 12:16:06,026 [ERROR] LogOutputStream:75 - [STDERR_REDIRECT] 
2025-12-20 12:16:07,047 [ERROR] LogOutputStream:75 - [STDERR_REDIRECT] [Fatal Error] :1:1: Premature end of file.
2025-12-20 12:16:07,048 [ERROR] LogOutputStream:75 - [STDERR_REDIRECT] 
2025-12-20 12:16:08,062 [ERROR] LogOutputStream:75 - [STDERR_REDIRECT] [Fatal Error] :1:1: Premature end of file.
2025-12-20 12:16:08,062 [ERROR] LogOutputStream:75 - [STDERR_REDIRECT] 
2025-12-20 12:16:09,052 [ERROR] LogOutputStream:75 - [STDERR_REDIRECT] [Fatal Error] :1:1: Premature end of file.
2025-12-20 12:16:09,052 [ERROR] LogOutputStream:75 - [STDERR_REDIRECT] 
2025-12-20 12:16:10,038 [ERROR] LogOutputStream:75 - [STDERR_REDIRECT] [Fatal Error] :1:1: Premature end of file.
2025-12-20 12:16:10,038 [ERROR] LogOutputStream:75 - [STDERR_REDIRECT] 
2025-12-20 12:16:11,042 [ERROR] LogOutputStream:75 - [STDERR_REDIRECT] [Fatal Error] :1:1: Premature end of file.
2025-12-20 12:16:11,042 [ERROR] LogOutputStream:75 - [STDERR_REDIRECT] 
2025-12-20 12:16:12,157 [ERROR] LogOutputStream:75 - [STDERR_REDIRECT] [Fatal Error] :1:1: Premature end of file.
2025-12-20 12:16:12,157 [ERROR] LogOutputStream:75 - [STDERR_REDIRECT] 
2025-12-20 12:16:13,054 [ERROR] LogOutputStream:75 - [STDERR_REDIRECT] [Fatal Error] :1:1: Premature end of file.
2025-12-20 12:16:13,054 [ERROR] LogOutputStream:75 - [STDERR_REDIRECT] 
2025-12-20 12:16:14,030 [ERROR] LogOutputStream:75 - [STDERR_REDIRECT] [Fatal Error] :1:1: Premature end of file.
2025-12-20 12:16:14,030 [ERROR] LogOutputStream:75 - [STDERR_REDIRECT] 
2025-12-20 12:16:15,035 [ERROR] LogOutputStream:75 - [STDERR_REDIRECT] [Fatal Error] :1:1: Premature end of file.
2025-12-20 12:16:15,035 [ERROR] LogOutputStream:75 - [STDERR_REDIRECT] 
2025-12-20 12:16:16,045 [ERROR] LogOutputStream:75 - [STDERR_REDIRECT] [Fatal Error] :1:1: Premature end of file.
2025-12-20 12:16:16,045 [ERROR] LogOutputStream:75 - [STDERR_REDIRECT] 
2025-12-20 12:16:17,041 [ERROR] LogOutputStream:75 - [STDERR_REDIRECT] [Fatal Error] :1:1: Premature end of file.
2025-12-20 12:16:17,041 [ERROR] LogOutputStream:75 - [STDERR_REDIRECT] 
2025-12-20 12:16:18,040 [ERROR] LogOutputStream:75 - [STDERR_REDIRECT] [Fatal Error] :1:1: Premature end of file.
2025-12-20 12:16:18,040 [ERROR] LogOutputStream:75 - [STDERR_REDIRECT] 
2025-12-20 12:16:19,036 [ERROR] LogOutputStream:75 - [STDERR_REDIRECT] [Fatal Error] :1:1: Premature end of file.
2025-12-20 12:16:19,036 [ERROR] LogOutputStream:75 - [STDERR_REDIRECT] 
2025-12-20 12:16:20,054 [ERROR] LogOutputStream:75 - [STDERR_REDIRECT] [Fatal Error] :1:1: Premature end of file.
2025-12-20 12:16:20,054 [ERROR] LogOutputStream:75 - [STDERR_REDIRECT] 
2025-12-20 12:16:21,046 [ERROR] LogOutputStream:75 - [STDERR_REDIRECT] [Fatal Error] :1:1: Premature end of file.
2025-12-20 12:16:21,046 [ERROR] LogOutputStream:75 - [STDERR_REDIRECT] 
2025-12-20 12:16:22,051 [ERROR] LogOutputStream:75 - [STDERR_REDIRECT] [Fatal Error] :1:1: Premature end of file.
2025-12-20 12:16:22,051 [ERROR] LogOutputStream:75 - [STDERR_REDIRECT] 
2025-12-20 12:16:23,045 [ERROR] LogOutputStream:75 - [STDERR_REDIRECT] [Fatal Error] :1:1: Premature end of file.
2025-12-20 12:16:23,045 [ERROR] LogOutputStream:75 - [STDERR_REDIRECT] 
2025-12-20 12:16:24,025 [ERROR] LogOutputStream:75 - [STDERR_REDIRECT] [Fatal Error] :1:1: Premature end of file.
2025-12-20 12:16:24,025 [ERROR] LogOutputStream:75 - [STDERR_REDIRECT] 
2025-12-20 12:16:25,034 [ERROR] LogOutputStream:75 - [STDERR_REDIRECT] [Fatal Error] :1:1: Premature end of file.
2025-12-20 12:16:25,034 [ERROR] LogOutputStream:75 - [STDERR_REDIRECT] 
2025-12-20 12:16:26,038 [ERROR] LogOutputStream:75 - [STDERR_REDIRECT] [Fatal Error] :1:1: Premature end of file.
2025-12-20 12:16:26,038 [ERROR] LogOutputStream:75 - [STDERR_REDIRECT] 
2025-12-20 12:16:27,043 [ERROR] LogOutputStream:75 - [STDERR_REDIRECT] [Fatal Error] :1:1: Premature end of file.
2025-12-20 12:16:27,043 [ERROR] LogOutputStream:75 - [STDERR_REDIRECT] 
2025-12-20 12:16:28,041 [ERROR] LogOutputStream:75 - [STDERR_REDIRECT] [Fatal Error] :1:1: Premature end of file.
2025-12-20 12:16:28,041 [ERROR] LogOutputStream:75 - [STDERR_REDIRECT] 
2025-12-20 12:16:29,051 [ERROR] LogOutputStream:75 - [STDERR_REDIRECT] [Fatal Error] :1:1: Premature end of file.
2025-12-20 12:16:29,051 [ERROR] LogOutputStream:75 - [STDERR_REDIRECT] 
2025-12-20 12:16:30,043 [ERROR] LogOutputStream:75 - [STDERR_REDIRECT] [Fatal Error] :1:1: Premature end of file.
2025-12-20 12:16:30,043 [ERROR] LogOutputStream:75 - [STDERR_REDIRECT] 
2025-12-20 12:16:31,053 [ERROR] LogOutputStream:75 - [STDERR_REDIRECT] [Fatal Error] :1:1: Premature end of file.
2025-12-20 12:16:31,053 [ERROR] LogOutputStream:75 - [STDERR_REDIRECT] 
2025-12-20 12:16:32,053 [ERROR] LogOutputStream:75 - [STDERR_REDIRECT] [Fatal Error] :1:1: Premature end of file.
2025-12-20 12:16:32,053 [ERROR] LogOutputStream:75 - [STDERR_REDIRECT] 
2025-12-20 12:16:33,058 [ERROR] LogOutputStream:75 - [STDERR_REDIRECT] [Fatal Error] :1:1: Premature end of file.
2025-12-20 12:16:33,058 [ERROR] LogOutputStream:75 - [STDERR_REDIRECT] 
2025-12-20 12:16:34,051 [ERROR] LogOutputStream:75 - [STDERR_REDIRECT] [Fatal Error] :1:1: Premature end of file.
2025-12-20 12:16:34,051 [ERROR] LogOutputStream:75 - [STDERR_REDIRECT] 
2025-12-20 12:16:35,056 [ERROR] LogOutputStream:75 - [STDERR_REDIRECT] [Fatal Error] :1:1: Premature end of file.
2025-12-20 12:16:35,056 [ERROR] LogOutputStream:75 - [STDERR_REDIRECT] 
2025-12-20 12:16:36,052 [ERROR] LogOutputStream:75 - [STDERR_REDIRECT] [Fatal Error] :1:1: Premature end of file.
2025-12-20 12:16:36,052 [ERROR] LogOutputStream:75 - [STDERR_REDIRECT] 
2025-12-20 12:16:37,059 [ERROR] LogOutputStream:75 - [STDERR_REDIRECT] [Fatal Error] :1:1: Premature end of file.
2025-12-20 12:16:37,059 [ERROR] LogOutputStream:75 - [STDERR_REDIRECT] 
2025-12-20 12:16:38,055 [ERROR] LogOutputStream:75 - [STDERR_REDIRECT] [Fatal Error] :1:1: Premature end of file.
2025-12-20 12:16:38,055 [ERROR] LogOutputStream:75 - [STDERR_REDIRECT] 
2025-12-20 12:16:39,041 [ERROR] LogOutputStream:75 - [STDERR_REDIRECT] [Fatal Error] :1:1: Premature end of file.
2025-12-20 12:16:39,041 [ERROR] LogOutputStream:75 - [STDERR_REDIRECT] 
2025-12-20 12:16:40,051 [ERROR] LogOutputStream:75 - [STDERR_REDIRECT] [Fatal Error] :1:1: Premature end of file.
2025-12-20 12:16:40,051 [ERROR] LogOutputStream:75 - [STDERR_REDIRECT] 
2025-12-20 12:16:41,047 [ERROR] LogOutputStream:75 - [STDERR_REDIRECT] [Fatal Error] :1:1: Premature end of file.
2025-12-20 12:16:41,047 [ERROR] LogOutputStream:75 - [STDERR_REDIRECT] 
2025-12-20 12:16:42,044 [ERROR] LogOutputStream:75 - [STDERR_REDIRECT] [Fatal Error] :1:1: Premature end of file.
2025-12-20 12:16:42,044 [ERROR] LogOutputStream:75 - [STDERR_REDIRECT] 
2025-12-20 12:16:43,041 [ERROR] LogOutputStream:75 - [STDERR_REDIRECT] [Fatal Error] :1:1: Premature end of file.
2025-12-20 12:16:43,041 [ERROR] LogOutputStream:75 - [STDERR_REDIRECT] 
2025-12-20 12:16:44,041 [ERROR] LogOutputStream:75 - [STDERR_REDIRECT] [Fatal Error] :1:1: Premature end of file.
2025-12-20 12:16:44,041 [ERROR] LogOutputStream:75 - [STDERR_REDIRECT] 
2025-12-20 12:16:45,040 [ERROR] LogOutputStream:75 - [STDERR_REDIRECT] [Fatal Error] :1:1: Premature end of file.
2025-12-20 12:16:45,040 [ERROR] LogOutputStream:75 - [STDERR_REDIRECT] 
2025-12-20 12:16:46,045 [ERROR] LogOutputStream:75 - [STDERR_REDIRECT] [Fatal Error] :1:1: Premature end of file.
2025-12-20 12:16:46,045 [ERROR] LogOutputStream:75 - [STDERR_REDIRECT] 
2025-12-20 12:16:47,042 [ERROR] LogOutputStream:75 - [STDERR_REDIRECT] [Fatal Error] :1:1: Premature end of file.
2025-12-20 12:16:47,044 [ERROR] LogOutputStream:75 - [STDERR_REDIRECT] 
2025-12-20 12:16:48,045 [ERROR] LogOutputStream:75 - [STDERR_REDIRECT] [Fatal Error] :1:1: Premature end of file.
2025-12-20 12:16:48,045 [ERROR] LogOutputStream:75 - [STDERR_REDIRECT] 
2025-12-20 12:16:49,039 [ERROR] LogOutputStream:75 - [STDERR_REDIRECT] [Fatal Error] :1:1: Premature end of file.
2025-12-20 12:16:49,039 [ERROR] LogOutputStream:75 - [STDERR_REDIRECT] 
2025-12-20 12:16:50,046 [ERROR] LogOutputStream:75 - [STDERR_REDIRECT] [Fatal Error] :1:1: Premature end of file.
2025-12-20 12:16:50,046 [ERROR] LogOutputStream:75 - [STDERR_REDIRECT] 
2025-12-20 12:16:51,044 [ERROR] LogOutputStream:75 - [STDERR_REDIRECT] [Fatal Error] :1:1: Premature end of file.
2025-12-20 12:16:51,044 [ERROR] LogOutputStream:75 - [STDERR_REDIRECT] 
2025-12-20 12:16:52,051 [ERROR] LogOutputStream:75 - [STDERR_REDIRECT] [Fatal Error] :1:1: Premature end of file.
2025-12-20 12:16:52,051 [ERROR] LogOutputStream:75 - [STDERR_REDIRECT] 
2025-12-20 12:16:53,053 [ERROR] LogOutputStream:75 - [STDERR_REDIRECT] [Fatal Error] :1:1: Premature end of file.
2025-12-20 12:16:53,053 [ERROR] LogOutputStream:75 - [STDERR_REDIRECT] 
2025-12-20 12:16:54,079 [ERROR] LogOutputStream:75 - [STDERR_REDIRECT] [Fatal Error] :1:1: Premature end of file.
2025-12-20 12:16:54,079 [ERROR] LogOutputStream:75 - [STDERR_REDIRECT] 
2025-12-20 12:16:55,044 [ERROR] LogOutputStream:75 - [STDERR_REDIRECT] [Fatal Error] :1:1: Premature end of file.
2025-12-20 12:16:55,044 [ERROR] LogOutputStream:75 - [STDERR_REDIRECT] 
2025-12-20 12:16:56,046 [ERROR] LogOutputStream:75 - [STDERR_REDIRECT] [Fatal Error] :1:1: Premature end of file.
2025-12-20 12:16:56,046 [ERROR] LogOutputStream:75 - [STDERR_REDIRECT] 
2025-12-20 12:16:57,046 [ERROR] LogOutputStream:75 - [STDERR_REDIRECT] [Fatal Error] :1:1: Premature end of file.
2025-12-20 12:16:57,046 [ERROR] LogOutputStream:75 - [STDERR_REDIRECT] 
2025-12-20 12:16:58,041 [ERROR] LogOutputStream:75 - [STDERR_REDIRECT] [Fatal Error] :1:1: Premature end of file.
2025-12-20 12:16:58,041 [ERROR] LogOutputStream:75 - [STDERR_REDIRECT] 
2025-12-20 12:16:59,045 [ERROR] LogOutputStream:75 - [STDERR_REDIRECT] [Fatal Error] :1:1: Premature end of file.
2025-12-20 12:16:59,045 [ERROR] LogOutputStream:75 - [STDERR_REDIRECT] 
2025-12-20 12:17:00,084 [ERROR] LogOutputStream:75 - [STDERR_REDIRECT] [Fatal Error] :1:1: Premature end of file.
2025-12-20 12:17:00,084 [ERROR] LogOutputStream:75 - [STDERR_REDIRECT] 
2025-12-20 12:17:01,037 [ERROR] LogOutputStream:75 - [STDERR_REDIRECT] [Fatal Error] :1:1: Premature end of file.
2025-12-20 12:17:01,047 [ERROR] LogOutputStream:75 - [STDERR_REDIRECT] 
2025-12-20 12:17:02,056 [ERROR] LogOutputStream:75 - [STDERR_REDIRECT] [Fatal Error] :1:1: Premature end of file.
2025-12-20 12:17:02,056 [ERROR] LogOutputStream:75 - [STDERR_REDIRECT] 
2025-12-20 12:17:03,016 [ERROR] LogOutputStream:75 - [STDERR_REDIRECT] [Fatal Error] :1:1: Premature end of file.
2025-12-20 12:17:03,016 [ERROR] LogOutputStream:75 - [STDERR_REDIRECT] 
2025-12-20 12:17:04,041 [ERROR] LogOutputStream:75 - [STDERR_REDIRECT] [Fatal Error] :1:1: Premature end of file.
2025-12-20 12:17:04,042 [ERROR] LogOutputStream:75 - [STDERR_REDIRECT] 
2025-12-20 12:17:05,039 [ERROR] LogOutputStream:75 - [STDERR_REDIRECT] [Fatal Error] :1:1: Premature end of file.
2025-12-20 12:17:05,039 [ERROR] LogOutputStream:75 - [STDERR_REDIRECT] 
2025-12-20 12:17:06,042 [ERROR] LogOutputStream:75 - [STDERR_REDIRECT] [Fatal Error] :1:1: Premature end of file.
2025-12-20 12:17:06,042 [ERROR] LogOutputStream:75 - [STDERR_REDIRECT] 
2025-12-20 12:17:07,042 [ERROR] LogOutputStream:75 - [STDERR_REDIRECT] [Fatal Error] :1:1: Premature end of file.
2025-12-20 12:17:07,043 [ERROR] LogOutputStream:75 - [STDERR_REDIRECT] 
2025-12-20 12:17:08,040 [ERROR] LogOutputStream:75 - [STDERR_REDIRECT] [Fatal Error] :1:1: Premature end of file.
2025-12-20 12:17:08,040 [ERROR] LogOutputStream:75 - [STDERR_REDIRECT] 
2025-12-20 12:17:09,058 [ERROR] LogOutputStream:75 - [STDERR_REDIRECT] [Fatal Error] :1:1: Premature end of file.
2025-12-20 12:17:09,058 [ERROR] LogOutputStream:75 - [STDERR_REDIRECT] 
2025-12-20 12:17:10,043 [ERROR] LogOutputStream:75 - [STDERR_REDIRECT] [Fatal Error] :1:1: Premature end of file.
2025-12-20 12:17:10,043 [ERROR] LogOutputStream:75 - [STDERR_REDIRECT] 
2025-12-20 12:17:11,045 [ERROR] LogOutputStream:75 - [STDERR_REDIRECT] [Fatal Error] :1:1: Premature end of file.
2025-12-20 12:17:11,045 [ERROR] LogOutputStream:75 - [STDERR_REDIRECT] 
2025-12-20 12:17:12,050 [ERROR] LogOutputStream:75 - [STDERR_REDIRECT] [Fatal Error] :1:1: Premature end of file.
2025-12-20 12:17:12,050 [ERROR] LogOutputStream:75 - [STDERR_REDIRECT] 
2025-12-20 12:17:13,076 [ERROR] LogOutputStream:75 - [STDERR_REDIRECT] [Fatal Error] :1:1: Premature end of file.
2025-12-20 12:17:13,076 [ERROR] LogOutputStream:75 - [STDERR_REDIRECT] 
2025-12-20 12:17:14,102 [ERROR] LogOutputStream:75 - [STDERR_REDIRECT] [Fatal Error] :1:1: Premature end of file.
2025-12-20 12:17:14,102 [ERROR] LogOutputStream:75 - [STDERR_REDIRECT] 
2025-12-20 12:17:15,047 [ERROR] LogOutputStream:75 - [STDERR_REDIRECT] [Fatal Error] :1:1: Premature end of file.
2025-12-20 12:17:15,050 [ERROR] LogOutputStream:75 - [STDERR_REDIRECT] 
2025-12-20 12:17:16,034 [ERROR] LogOutputStream:75 - [STDERR_REDIRECT] [Fatal Error] :1:1: Premature end of file.
2025-12-20 12:17:16,036 [ERROR] LogOutputStream:75 - [STDERR_REDIRECT] 
2025-12-20 12:17:17,058 [ERROR] LogOutputStream:75 - [STDERR_REDIRECT] [Fatal Error] :1:1: Premature end of file.
2025-12-20 12:17:17,058 [ERROR] LogOutputStream:75 - [STDERR_REDIRECT] 
2025-12-20 12:17:18,054 [ERROR] LogOutputStream:75 - [STDERR_REDIRECT] [Fatal Error] :1:1: Premature end of file.
2025-12-20 12:17:18,054 [ERROR] LogOutputStream:75 - [STDERR_REDIRECT] 
2025-12-20 12:17:19,058 [ERROR] LogOutputStream:75 - [STDERR_REDIRECT] [Fatal Error] :1:1: Premature end of file.
2025-12-20 12:17:19,060 [ERROR] LogOutputStream:75 - [STDERR_REDIRECT] 
2025-12-20 12:17:20,066 [ERROR] LogOutputStream:75 - [STDERR_REDIRECT] [Fatal Error] :1:1: Premature end of file.
2025-12-20 12:17:20,067 [ERROR] LogOutputStream:75 - [STDERR_REDIRECT] 
2025-12-20 12:17:21,053 [ERROR] LogOutputStream:75 - [STDERR_REDIRECT] [Fatal Error] :1:1: Premature end of file.
2025-12-20 12:17:21,053 [ERROR] LogOutputStream:75 - [STDERR_REDIRECT] 
2025-12-20 12:17:22,039 [ERROR] LogOutputStream:75 - [STDERR_REDIRECT] [Fatal Error] :1:1: Premature end of file.
2025-12-20 12:17:22,039 [ERROR] LogOutputStream:75 - [STDERR_REDIRECT] 
2025-12-20 12:17:23,045 [ERROR] LogOutputStream:75 - [STDERR_REDIRECT] [Fatal Error] :1:1: Premature end of file.
2025-12-20 12:17:23,045 [ERROR] LogOutputStream:75 - [STDERR_REDIRECT] 
2025-12-20 12:17:24,056 [ERROR] LogOutputStream:75 - [STDERR_REDIRECT] [Fatal Error] :1:1: Premature end of file.
2025-12-20 12:17:24,056 [ERROR] LogOutputStream:75 - [STDERR_REDIRECT] 
2025-12-20 12:17:25,041 [ERROR] LogOutputStream:75 - [STDERR_REDIRECT] [Fatal Error] :1:1: Premature end of file.
2025-12-20 12:17:25,042 [ERROR] LogOutputStream:75 - [STDERR_REDIRECT] 
2025-12-20 12:17:26,051 [ERROR] LogOutputStream:75 - [STDERR_REDIRECT] [Fatal Error] :1:1: Premature end of file.
2025-12-20 12:17:26,051 [ERROR] LogOutputStream:75 - [STDERR_REDIRECT] 
2025-12-20 12:17:27,039 [ERROR] LogOutputStream:75 - [STDERR_REDIRECT] [Fatal Error] :1:1: Premature end of file.
2025-12-20 12:17:27,039 [ERROR] LogOutputStream:75 - [STDERR_REDIRECT] 
2025-12-20 12:17:28,040 [ERROR] LogOutputStream:75 - [STDERR_REDIRECT] [Fatal Error] :1:1: Premature end of file.
2025-12-20 12:17:28,040 [ERROR] LogOutputStream:75 - [STDERR_REDIRECT] 
2025-12-20 12:17:29,059 [ERROR] LogOutputStream:75 - [STDERR_REDIRECT] [Fatal Error] :1:1: Premature end of file.
2025-12-20 12:17:29,059 [ERROR] LogOutputStream:75 - [STDERR_REDIRECT] 
2025-12-20 12:17:30,050 [ERROR] LogOutputStream:75 - [STDERR_REDIRECT] [Fatal Error] :1:1: Premature end of file.
2025-12-20 12:17:30,051 [ERROR] LogOutputStream:75 - [STDERR_REDIRECT] 
2025-12-20 12:17:31,052 [ERROR] LogOutputStream:75 - [STDERR_REDIRECT] [Fatal Error] :1:1: Premature end of file.
2025-12-20 12:17:31,052 [ERROR] LogOutputStream:75 - [STDERR_REDIRECT] 
2025-12-20 12:17:32,044 [ERROR] LogOutputStream:75 - [STDERR_REDIRECT] [Fatal Error] :1:1: Premature end of file.
2025-12-20 12:17:32,044 [ERROR] LogOutputStream:75 - [STDERR_REDIRECT] 
2025-12-20 12:17:33,045 [ERROR] LogOutputStream:75 - [STDERR_REDIRECT] [Fatal Error] :1:1: Premature end of file.
2025-12-20 12:17:33,047 [ERROR] LogOutputStream:75 - [STDERR_REDIRECT] 
2025-12-20 12:17:34,057 [ERROR] LogOutputStream:75 - [STDERR_REDIRECT] [Fatal Error] :1:1: Premature end of file.
2025-12-20 12:17:34,057 [ERROR] LogOutputStream:75 - [STDERR_REDIRECT] 
2025-12-20 12:17:35,055 [ERROR] LogOutputStream:75 - [STDERR_REDIRECT] [Fatal Error] :1:1: Premature end of file.
2025-12-20 12:17:35,055 [ERROR] LogOutputStream:75 - [STDERR_REDIRECT] 
2025-12-20 12:17:36,045 [ERROR] LogOutputStream:75 - [STDERR_REDIRECT] [Fatal Error] :1:1: Premature end of file.
2025-12-20 12:17:36,045 [ERROR] LogOutputStream:75 - [STDERR_REDIRECT] 
2025-12-20 12:17:37,030 [ERROR] LogOutputStream:75 - [STDERR_REDIRECT] [Fatal Error] :1:1: Premature end of file.
2025-12-20 12:17:37,030 [ERROR] LogOutputStream:75 - [STDERR_REDIRECT] 
2025-12-20 12:17:38,061 [ERROR] LogOutputStream:75 - [STDERR_REDIRECT] [Fatal Error] :1:1: Premature end of file.
2025-12-20 12:17:38,061 [ERROR] LogOutputStream:75 - [STDERR_REDIRECT] 
2025-12-20 12:17:39,051 [ERROR] LogOutputStream:75 - [STDERR_REDIRECT] [Fatal Error] :1:1: Premature end of file.
2025-12-20 12:17:39,051 [ERROR] LogOutputStream:75 - [STDERR_REDIRECT] 
2025-12-20 12:17:40,046 [ERROR] LogOutputStream:75 - [STDERR_REDIRECT] [Fatal Error] :1:1: Premature end of file.
2025-12-20 12:17:40,046 [ERROR] LogOutputStream:75 - [STDERR_REDIRECT] 
2025-12-20 12:17:41,124 [ERROR] LogOutputStream:75 - [STDERR_REDIRECT] [Fatal Error] :1:1: Premature end of file.
2025-12-20 12:17:41,124 [ERROR] LogOutputStream:75 - [STDERR_REDIRECT] 
2025-12-20 12:17:42,044 [ERROR] LogOutputStream:75 - [STDERR_REDIRECT] [Fatal Error] :1:1: Premature end of file.
2025-12-20 12:17:42,044 [ERROR] LogOutputStream:75 - [STDERR_REDIRECT] 
2025-12-20 12:17:43,038 [ERROR] LogOutputStream:75 - [STDERR_REDIRECT] [Fatal Error] :1:1: Premature end of file.
2025-12-20 12:17:43,038 [ERROR] LogOutputStream:75 - [STDERR_REDIRECT] 
2025-12-20 12:17:44,038 [ERROR] LogOutputStream:75 - [STDERR_REDIRECT] [Fatal Error] :1:1: Premature end of file.
2025-12-20 12:17:44,038 [ERROR] LogOutputStream:75 - [STDERR_REDIRECT] 
2025-12-20 12:17:45,034 [ERROR] LogOutputStream:75 - [STDERR_REDIRECT] [Fatal Error] :1:1: Premature end of file.
2025-12-20 12:17:45,034 [ERROR] LogOutputStream:75 - [STDERR_REDIRECT] 
2025-12-20 12:17:46,041 [ERROR] LogOutputStream:75 - [STDERR_REDIRECT] [Fatal Error] :1:1: Premature end of file.
2025-12-20 12:17:46,041 [ERROR] LogOutputStream:75 - [STDERR_REDIRECT] 
2025-12-20 12:17:47,043 [ERROR] LogOutputStream:75 - [STDERR_REDIRECT] [Fatal Error] :1:1: Premature end of file.
2025-12-20 12:17:47,043 [ERROR] LogOutputStream:75 - [STDERR_REDIRECT] 
2025-12-20 12:17:48,032 [ERROR] LogOutputStream:75 - [STDERR_REDIRECT] [Fatal Error] :1:1: Premature end of file.
2025-12-20 12:17:48,032 [ERROR] LogOutputStream:75 - [STDERR_REDIRECT] 
2025-12-20 12:17:49,058 [ERROR] LogOutputStream:75 - [STDERR_REDIRECT] [Fatal Error] :1:1: Premature end of file.
2025-12-20 12:17:49,058 [ERROR] LogOutputStream:75 - [STDERR_REDIRECT] 
2025-12-20 12:17:50,030 [ERROR] LogOutputStream:75 - [STDERR_REDIRECT] [Fatal Error] :1:1: Premature end of file.
2025-12-20 12:17:50,030 [ERROR] LogOutputStream:75 - [STDERR_REDIRECT] 
2025-12-20 12:17:51,050 [ERROR] LogOutputStream:75 - [STDERR_REDIRECT] [Fatal Error] :1:1: Premature end of file.
2025-12-20 12:17:51,050 [ERROR] LogOutputStream:75 - [STDERR_REDIRECT] 
2025-12-20 12:17:52,050 [ERROR] LogOutputStream:75 - [STDERR_REDIRECT] [Fatal Error] :1:1: Premature end of file.
2025-12-20 12:17:52,050 [ERROR] LogOutputStream:75 - [STDERR_REDIRECT] 
2025-12-20 12:17:53,036 [ERROR] LogOutputStream:75 - [STDERR_REDIRECT] [Fatal Error] :1:1: Premature end of file.
2025-12-20 12:17:53,036 [ERROR] LogOutputStream:75 - [STDERR_REDIRECT] 
2025-12-20 12:17:54,036 [ERROR] LogOutputStream:75 - [STDERR_REDIRECT] [Fatal Error] :1:1: Premature end of file.
2025-12-20 12:17:54,036 [ERROR] LogOutputStream:75 - [STDERR_REDIRECT] 
2025-12-20 12:17:55,043 [ERROR] LogOutputStream:75 - [STDERR_REDIRECT] [Fatal Error] :1:1: Premature end of file.
2025-12-20 12:17:55,043 [ERROR] LogOutputStream:75 - [STDERR_REDIRECT] 
2025-12-20 12:17:56,113 [ERROR] LogOutputStream:75 - [STDERR_REDIRECT] [Fatal Error] :1:1: Premature end of file.
2025-12-20 12:17:56,113 [ERROR] LogOutputStream:75 - [STDERR_REDIRECT] 
2025-12-20 12:17:57,055 [ERROR] LogOutputStream:75 - [STDERR_REDIRECT] [Fatal Error] :1:1: Premature end of file.
2025-12-20 12:17:57,055 [ERROR] LogOutputStream:75 - [STDERR_REDIRECT] 
2025-12-20 12:17:58,035 [ERROR] LogOutputStream:75 - [STDERR_REDIRECT] [Fatal Error] :1:1: Premature end of file.
2025-12-20 12:17:58,035 [ERROR] LogOutputStream:75 - [STDERR_REDIRECT] 
2025-12-20 12:17:59,053 [ERROR] LogOutputStream:75 - [STDERR_REDIRECT] [Fatal Error] :1:1: Premature end of file.
2025-12-20 12:17:59,053 [ERROR] LogOutputStream:75 - [STDERR_REDIRECT] 
2025-12-20 12:18:00,046 [ERROR] LogOutputStream:75 - [STDERR_REDIRECT] [Fatal Error] :1:1: Premature end of file.
2025-12-20 12:18:00,046 [ERROR] LogOutputStream:75 - [STDERR_REDIRECT] 
2025-12-20 12:18:01,053 [ERROR] LogOutputStream:75 - [STDERR_REDIRECT] [Fatal Error] :1:1: Premature end of file.
2025-12-20 12:18:01,053 [ERROR] LogOutputStream:75 - [STDERR_REDIRECT] 
2025-12-20 12:18:02,056 [ERROR] LogOutputStream:75 - [STDERR_REDIRECT] [Fatal Error] :1:1: Premature end of file.
2025-12-20 12:18:02,056 [ERROR] LogOutputStream:75 - [STDERR_REDIRECT] 
2025-12-20 12:18:03,045 [ERROR] LogOutputStream:75 - [STDERR_REDIRECT] [Fatal Error] :1:1: Premature end of file.
2025-12-20 12:18:03,045 [ERROR] LogOutputStream:75 - [STDERR_REDIRECT] 
2025-12-20 12:18:04,051 [ERROR] LogOutputStream:75 - [STDERR_REDIRECT] [Fatal Error] :1:1: Premature end of file.
2025-12-20 12:18:04,051 [ERROR] LogOutputStream:75 - [STDERR_REDIRECT] 
2025-12-20 12:18:05,053 [ERROR] LogOutputStream:75 - [STDERR_REDIRECT] [Fatal Error] :1:1: Premature end of file.
2025-12-20 12:18:05,053 [ERROR] LogOutputStream:75 - [STDERR_REDIRECT] 
2025-12-20 12:18:06,056 [ERROR] LogOutputStream:75 - [STDERR_REDIRECT] [Fatal Error] :1:1: Premature end of file.
2025-12-20 12:18:06,056 [ERROR] LogOutputStream:75 - [STDERR_REDIRECT] 
2025-12-20 12:18:07,053 [ERROR] LogOutputStream:75 - [STDERR_REDIRECT] [Fatal Error] :1:1: Premature end of file.
2025-12-20 12:18:07,053 [ERROR] LogOutputStream:75 - [STDERR_REDIRECT] 
2025-12-20 12:18:08,055 [ERROR] LogOutputStream:75 - [STDERR_REDIRECT] [Fatal Error] :1:1: Premature end of file.
2025-12-20 12:18:08,055 [ERROR] LogOutputStream:75 - [STDERR_REDIRECT] 
2025-12-20 12:18:09,055 [ERROR] LogOutputStream:75 - [STDERR_REDIRECT] [Fatal Error] :1:1: Premature end of file.
2025-12-20 12:18:09,055 [ERROR] LogOutputStream:75 - [STDERR_REDIRECT] 
2025-12-20 12:18:10,093 [ERROR] LogOutputStream:75 - [STDERR_REDIRECT] [Fatal Error] :1:1: Premature end of file.
2025-12-20 12:18:10,093 [ERROR] LogOutputStream:75 - [STDERR_REDIRECT] 
2025-12-20 12:18:11,050 [ERROR] LogOutputStream:75 - [STDERR_REDIRECT] [Fatal Error] :1:1: Premature end of file.
2025-12-20 12:18:11,050 [ERROR] LogOutputStream:75 - [STDERR_REDIRECT] 
2025-12-20 12:18:12,028 [ERROR] LogOutputStream:75 - [STDERR_REDIRECT] [Fatal Error] :1:1: Premature end of file.
2025-12-20 12:18:12,028 [ERROR] LogOutputStream:75 - [STDERR_REDIRECT] 
2025-12-20 12:18:13,142 [ERROR] LogOutputStream:75 - [STDERR_REDIRECT] [Fatal Error] :1:1: Premature end of file.
2025-12-20 12:18:13,142 [ERROR] LogOutputStream:75 - [STDERR_REDIRECT] 
2025-12-20 12:18:14,044 [ERROR] LogOutputStream:75 - [STDERR_REDIRECT] [Fatal Error] :1:1: Premature end of file.
2025-12-20 12:18:14,044 [ERROR] LogOutputStream:75 - [STDERR_REDIRECT] 
2025-12-20 12:18:15,047 [ERROR] LogOutputStream:75 - [STDERR_REDIRECT] [Fatal Error] :1:1: Premature end of file.
2025-12-20 12:18:15,047 [ERROR] LogOutputStream:75 - [STDERR_REDIRECT] 
2025-12-20 12:18:16,050 [ERROR] LogOutputStream:75 - [STDERR_REDIRECT] [Fatal Error] :1:1: Premature end of file.
2025-12-20 12:18:16,055 [ERROR] LogOutputStream:75 - [STDERR_REDIRECT] 
2025-12-20 12:18:17,036 [ERROR] LogOutputStream:75 - [STDERR_REDIRECT] [Fatal Error] :1:1: Premature end of file.
2025-12-20 12:18:17,036 [ERROR] LogOutputStream:75 - [STDERR_REDIRECT] 
2025-12-20 12:18:18,063 [ERROR] LogOutputStream:75 - [STDERR_REDIRECT] [Fatal Error] :1:1: Premature end of file.
2025-12-20 12:18:18,066 [ERROR] LogOutputStream:75 - [STDERR_REDIRECT] 
2025-12-20 12:18:19,035 [ERROR] LogOutputStream:75 - [STDERR_REDIRECT] [Fatal Error] :1:1: Premature end of file.
2025-12-20 12:18:19,035 [ERROR] LogOutputStream:75 - [STDERR_REDIRECT] 
2025-12-20 12:18:20,089 [ERROR] LogOutputStream:75 - [STDERR_REDIRECT] [Fatal Error] :1:1: Premature end of file.
2025-12-20 12:18:20,089 [ERROR] LogOutputStream:75 - [STDERR_REDIRECT] 
2025-12-20 12:18:21,045 [ERROR] LogOutputStream:75 - [STDERR_REDIRECT] [Fatal Error] :1:1: Premature end of file.
2025-12-20 12:18:21,051 [ERROR] LogOutputStream:75 - [STDERR_REDIRECT] 
2025-12-20 12:18:22,041 [ERROR] LogOutputStream:75 - [STDERR_REDIRECT] [Fatal Error] :1:1: Premature end of file.
2025-12-20 12:18:22,041 [ERROR] LogOutputStream:75 - [STDERR_REDIRECT] 
2025-12-20 12:18:23,051 [ERROR] LogOutputStream:75 - [STDERR_REDIRECT] [Fatal Error] :1:1: Premature end of file.
2025-12-20 12:18:23,051 [ERROR] LogOutputStream:75 - [STDERR_REDIRECT] 
2025-12-20 12:18:24,042 [ERROR] LogOutputStream:75 - [STDERR_REDIRECT] [Fatal Error] :1:1: Premature end of file.
2025-12-20 12:18:24,042 [ERROR] LogOutputStream:75 - [STDERR_REDIRECT] 
2025-12-20 12:18:25,044 [ERROR] LogOutputStream:75 - [STDERR_REDIRECT] [Fatal Error] :1:1: Premature end of file.
2025-12-20 12:18:25,044 [ERROR] LogOutputStream:75 - [STDERR_REDIRECT] 
2025-12-20 12:18:26,037 [ERROR] LogOutputStream:75 - [STDERR_REDIRECT] [Fatal Error] :1:1: Premature end of file.
2025-12-20 12:18:26,037 [ERROR] LogOutputStream:75 - [STDERR_REDIRECT] 
2025-12-20 12:18:27,035 [ERROR] LogOutputStream:75 - [STDERR_REDIRECT] [Fatal Error] :1:1: Premature end of file.
2025-12-20 12:18:27,035 [ERROR] LogOutputStream:75 - [STDERR_REDIRECT] 
2025-12-20 12:18:28,050 [ERROR] LogOutputStream:75 - [STDERR_REDIRECT] [Fatal Error] :1:1: Premature end of file.
2025-12-20 12:18:28,051 [ERROR] LogOutputStream:75 - [STDERR_REDIRECT] 
2025-12-20 12:18:29,038 [ERROR] LogOutputStream:75 - [STDERR_REDIRECT] [Fatal Error] :1:1: Premature end of file.
2025-12-20 12:18:29,038 [ERROR] LogOutputStream:75 - [STDERR_REDIRECT] 
2025-12-20 12:18:30,052 [ERROR] LogOutputStream:75 - [STDERR_REDIRECT] [Fatal Error] :1:1: Premature end of file.
2025-12-20 12:18:30,054 [ERROR] LogOutputStream:75 - [STDERR_REDIRECT] 
2025-12-20 12:18:31,050 [ERROR] LogOutputStream:75 - [STDERR_REDIRECT] [Fatal Error] :1:1: Premature end of file.
2025-12-20 12:18:31,050 [ERROR] LogOutputStream:75 - [STDERR_REDIRECT] 
2025-12-20 12:18:32,053 [ERROR] LogOutputStream:75 - [STDERR_REDIRECT] [Fatal Error] :1:1: Premature end of file.
2025-12-20 12:18:32,053 [ERROR] LogOutputStream:75 - [STDERR_REDIRECT] 
2025-12-20 12:18:33,045 [ERROR] LogOutputStream:75 - [STDERR_REDIRECT] [Fatal Error] :1:1: Premature end of file.
2025-12-20 12:18:33,045 [ERROR] LogOutputStream:75 - [STDERR_REDIRECT] 
2025-12-20 12:18:34,046 [ERROR] LogOutputStream:75 - [STDERR_REDIRECT] [Fatal Error] :1:1: Premature end of file.
2025-12-20 12:18:34,046 [ERROR] LogOutputStream:75 - [STDERR_REDIRECT] 
2025-12-20 12:18:35,055 [ERROR] LogOutputStream:75 - [STDERR_REDIRECT] [Fatal Error] :1:1: Premature end of file.
2025-12-20 12:18:35,055 [ERROR] LogOutputStream:75 - [STDERR_REDIRECT] 
2025-12-20 12:18:36,052 [ERROR] LogOutputStream:75 - [STDERR_REDIRECT] [Fatal Error] :1:1: Premature end of file.
2025-12-20 12:18:36,052 [ERROR] LogOutputStream:75 - [STDERR_REDIRECT] 
2025-12-20 12:18:37,046 [ERROR] LogOutputStream:75 - [STDERR_REDIRECT] [Fatal Error] :1:1: Premature end of file.
2025-12-20 12:18:37,046 [ERROR] LogOutputStream:75 - [STDERR_REDIRECT] 
2025-12-20 12:18:38,050 [ERROR] LogOutputStream:75 - [STDERR_REDIRECT] [Fatal Error] :1:1: Premature end of file.
2025-12-20 12:18:38,050 [ERROR] LogOutputStream:75 - [STDERR_REDIRECT] 
2025-12-20 12:18:39,050 [ERROR] LogOutputStream:75 - [STDERR_REDIRECT] [Fatal Error] :1:1: Premature end of file.
2025-12-20 12:18:39,051 [ERROR] LogOutputStream:75 - [STDERR_REDIRECT] 
2025-12-20 12:18:40,035 [ERROR] LogOutputStream:75 - [STDERR_REDIRECT] [Fatal Error] :1:1: Premature end of file.
2025-12-20 12:18:40,035 [ERROR] LogOutputStream:75 - [STDERR_REDIRECT] 
2025-12-20 12:18:41,041 [ERROR] LogOutputStream:75 - [STDERR_REDIRECT] [Fatal Error] :1:1: Premature end of file.
2025-12-20 12:18:41,041 [ERROR] LogOutputStream:75 - [STDERR_REDIRECT] 
2025-12-20 12:18:42,051 [ERROR] LogOutputStream:75 - [STDERR_REDIRECT] [Fatal Error] :1:1: Premature end of file.
2025-12-20 12:18:42,051 [ERROR] LogOutputStream:75 - [STDERR_REDIRECT] 
2025-12-20 12:18:43,038 [ERROR] LogOutputStream:75 - [STDERR_REDIRECT] [Fatal Error] :1:1: Premature end of file.
2025-12-20 12:18:43,038 [ERROR] LogOutputStream:75 - [STDERR_REDIRECT] 
2025-12-20 12:18:44,041 [ERROR] LogOutputStream:75 - [STDERR_REDIRECT] [Fatal Error] :1:1: Premature end of file.
2025-12-20 12:18:44,041 [ERROR] LogOutputStream:75 - [STDERR_REDIRECT] 
2025-12-20 12:18:45,052 [ERROR] LogOutputStream:75 - [STDERR_REDIRECT] [Fatal Error] :1:1: Premature end of file.
2025-12-20 12:18:45,052 [ERROR] LogOutputStream:75 - [STDERR_REDIRECT] 
2025-12-20 12:18:46,029 [ERROR] LogOutputStream:75 - [STDERR_REDIRECT] [Fatal Error] :1:1: Premature end of file.
2025-12-20 12:18:46,029 [ERROR] LogOutputStream:75 - [STDERR_REDIRECT] 
2025-12-20 12:18:47,019 [ERROR] LogOutputStream:75 - [STDERR_REDIRECT] [Fatal Error] :1:1: Premature end of file.
2025-12-20 12:18:47,019 [ERROR] LogOutputStream:75 - [STDERR_REDIRECT] 
2025-12-20 12:18:48,052 [ERROR] LogOutputStream:75 - [STDERR_REDIRECT] [Fatal Error] :1:1: Premature end of file.
2025-12-20 12:18:48,052 [ERROR] LogOutputStream:75 - [STDERR_REDIRECT] 
2025-12-20 12:18:49,040 [ERROR] LogOutputStream:75 - [STDERR_REDIRECT] [Fatal Error] :1:1: Premature end of file.
2025-12-20 12:18:49,040 [ERROR] LogOutputStream:75 - [STDERR_REDIRECT] 
2025-12-20 12:18:50,044 [ERROR] LogOutputStream:75 - [STDERR_REDIRECT] [Fatal Error] :1:1: Premature end of file.
2025-12-20 12:18:50,044 [ERROR] LogOutputStream:75 - [STDERR_REDIRECT] 
2025-12-20 12:18:51,039 [ERROR] LogOutputStream:75 - [STDERR_REDIRECT] [Fatal Error] :1:1: Premature end of file.
2025-12-20 12:18:51,039 [ERROR] LogOutputStream:75 - [STDERR_REDIRECT] 
2025-12-20 12:18:52,041 [ERROR] LogOutputStream:75 - [STDERR_REDIRECT] [Fatal Error] :1:1: Premature end of file.
2025-12-20 12:18:52,041 [ERROR] LogOutputStream:75 - [STDERR_REDIRECT] 
2025-12-20 12:18:53,044 [ERROR] LogOutputStream:75 - [STDERR_REDIRECT] [Fatal Error] :1:1: Premature end of file.
2025-12-20 12:18:53,044 [ERROR] LogOutputStream:75 - [STDERR_REDIRECT] 
2025-12-20 12:18:54,040 [ERROR] LogOutputStream:75 - [STDERR_REDIRECT] [Fatal Error] :1:1: Premature end of file.
2025-12-20 12:18:54,040 [ERROR] LogOutputStream:75 - [STDERR_REDIRECT] 
2025-12-20 12:18:55,054 [ERROR] LogOutputStream:75 - [STDERR_REDIRECT] [Fatal Error] :1:1: Premature end of file.
2025-12-20 12:18:55,054 [ERROR] LogOutputStream:75 - [STDERR_REDIRECT] 
2025-12-20 12:18:56,040 [ERROR] LogOutputStream:75 - [STDERR_REDIRECT] [Fatal Error] :1:1: Premature end of file.
2025-12-20 12:18:56,040 [ERROR] LogOutputStream:75 - [STDERR_REDIRECT] 
2025-12-20 12:18:57,042 [ERROR] LogOutputStream:75 - [STDERR_REDIRECT] [Fatal Error] :1:1: Premature end of file.
2025-12-20 12:18:57,042 [ERROR] LogOutputStream:75 - [STDERR_REDIRECT] 
2025-12-20 12:18:58,045 [ERROR] LogOutputStream:75 - [STDERR_REDIRECT] [Fatal Error] :1:1: Premature end of file.
2025-12-20 12:18:58,045 [ERROR] LogOutputStream:75 - [STDERR_REDIRECT] 
2025-12-20 12:18:59,045 [ERROR] LogOutputStream:75 - [STDERR_REDIRECT] [Fatal Error] :1:1: Premature end of file.
2025-12-20 12:18:59,045 [ERROR] LogOutputStream:75 - [STDERR_REDIRECT] 
2025-12-20 12:19:00,029 [ERROR] LogOutputStream:75 - [STDERR_REDIRECT] [Fatal Error] :1:1: Premature end of file.
2025-12-20 12:19:00,029 [ERROR] LogOutputStream:75 - [STDERR_REDIRECT] 
2025-12-20 12:19:01,038 [ERROR] LogOutputStream:75 - [STDERR_REDIRECT] [Fatal Error] :1:1: Premature end of file.
2025-12-20 12:19:01,038 [ERROR] LogOutputStream:75 - [STDERR_REDIRECT] 
2025-12-20 12:19:02,024 [ERROR] LogOutputStream:75 - [STDERR_REDIRECT] [Fatal Error] :1:1: Premature end of file.
2025-12-20 12:19:02,024 [ERROR] LogOutputStream:75 - [STDERR_REDIRECT] 
2025-12-20 12:19:03,025 [ERROR] LogOutputStream:75 - [STDERR_REDIRECT] [Fatal Error] :1:1: Premature end of file.
2025-12-20 12:19:03,025 [ERROR] LogOutputStream:75 - [STDERR_REDIRECT] 
2025-12-20 12:19:04,041 [ERROR] LogOutputStream:75 - [STDERR_REDIRECT] [Fatal Error] :1:1: Premature end of file.
2025-12-20 12:19:04,041 [ERROR] LogOutputStream:75 - [STDERR_REDIRECT] 
2025-12-20 12:19:05,052 [ERROR] LogOutputStream:75 - [STDERR_REDIRECT] [Fatal Error] :1:1: Premature end of file.
2025-12-20 12:19:05,053 [ERROR] LogOutputStream:75 - [STDERR_REDIRECT] 
2025-12-20 12:19:06,044 [ERROR] LogOutputStream:75 - [STDERR_REDIRECT] [Fatal Error] :1:1: Premature end of file.
2025-12-20 12:19:06,044 [ERROR] LogOutputStream:75 - [STDERR_REDIRECT] 
2025-12-20 12:19:07,044 [ERROR] LogOutputStream:75 - [STDERR_REDIRECT] [Fatal Error] :1:1: Premature end of file.
2025-12-20 12:19:07,044 [ERROR] LogOutputStream:75 - [STDERR_REDIRECT] 
2025-12-20 12:19:08,053 [ERROR] LogOutputStream:75 - [STDERR_REDIRECT] [Fatal Error] :1:1: Premature end of file.
2025-12-20 12:19:08,053 [ERROR] LogOutputStream:75 - [STDERR_REDIRECT] 
2025-12-20 12:19:09,041 [ERROR] LogOutputStream:75 - [STDERR_REDIRECT] [Fatal Error] :1:1: Premature end of file.
2025-12-20 12:19:09,041 [ERROR] LogOutputStream:75 - [STDERR_REDIRECT] 
2025-12-20 12:19:10,050 [ERROR] LogOutputStream:75 - [STDERR_REDIRECT] [Fatal Error] :1:1: Premature end of file.
2025-12-20 12:19:10,051 [ERROR] LogOutputStream:75 - [STDERR_REDIRECT] 
2025-12-20 12:19:11,046 [ERROR] LogOutputStream:75 - [STDERR_REDIRECT] [Fatal Error] :1:1: Premature end of file.
2025-12-20 12:19:11,046 [ERROR] LogOutputStream:75 - [STDERR_REDIRECT] 
2025-12-20 12:19:12,045 [ERROR] LogOutputStream:75 - [STDERR_REDIRECT] [Fatal Error] :1:1: Premature end of file.
2025-12-20 12:19:12,045 [ERROR] LogOutputStream:75 - [STDERR_REDIRECT] 
2025-12-20 12:19:13,052 [ERROR] LogOutputStream:75 - [STDERR_REDIRECT] [Fatal Error] :1:1: Premature end of file.
2025-12-20 12:19:13,052 [ERROR] LogOutputStream:75 - [STDERR_REDIRECT] 
2025-12-20 12:19:14,042 [ERROR] LogOutputStream:75 - [STDERR_REDIRECT] [Fatal Error] :1:1: Premature end of file.
2025-12-20 12:19:14,042 [ERROR] LogOutputStream:75 - [STDERR_REDIRECT] 
2025-12-20 12:19:15,050 [ERROR] LogOutputStream:75 - [STDERR_REDIRECT] [Fatal Error] :1:1: Premature end of file.
2025-12-20 12:19:15,050 [ERROR] LogOutputStream:75 - [STDERR_REDIRECT] 
2025-12-20 12:19:16,051 [ERROR] LogOutputStream:75 - [STDERR_REDIRECT] [Fatal Error] :1:1: Premature end of file.
2025-12-20 12:19:16,051 [ERROR] LogOutputStream:75 - [STDERR_REDIRECT] 
2025-12-20 12:19:17,051 [ERROR] LogOutputStream:75 - [STDERR_REDIRECT] [Fatal Error] :1:1: Premature end of file.
2025-12-20 12:19:17,051 [ERROR] LogOutputStream:75 - [STDERR_REDIRECT] 
2025-12-20 12:19:18,058 [ERROR] LogOutputStream:75 - [STDERR_REDIRECT] [Fatal Error] :1:1: Premature end of file.
2025-12-20 12:19:18,058 [ERROR] LogOutputStream:75 - [STDERR_REDIRECT] 
2025-12-20 12:19:19,053 [ERROR] LogOutputStream:75 - [STDERR_REDIRECT] [Fatal Error] :1:1: Premature end of file.
2025-12-20 12:19:19,057 [ERROR] LogOutputStream:75 - [STDERR_REDIRECT] 
2025-12-20 12:19:20,044 [ERROR] LogOutputStream:75 - [STDERR_REDIRECT] [Fatal Error] :1:1: Premature end of file.
2025-12-20 12:19:20,044 [ERROR] LogOutputStream:75 - [STDERR_REDIRECT] 
2025-12-20 12:19:21,057 [ERROR] LogOutputStream:75 - [STDERR_REDIRECT] [Fatal Error] :1:1: Premature end of file.
2025-12-20 12:19:21,057 [ERROR] LogOutputStream:75 - [STDERR_REDIRECT] 
2025-12-20 12:19:22,043 [ERROR] LogOutputStream:75 - [STDERR_REDIRECT] [Fatal Error] :1:1: Premature end of file.
2025-12-20 12:19:22,043 [ERROR] LogOutputStream:75 - [STDERR_REDIRECT] 
2025-12-20 12:19:23,055 [ERROR] LogOutputStream:75 - [STDERR_REDIRECT] [Fatal Error] :1:1: Premature end of file.
2025-12-20 12:19:23,055 [ERROR] LogOutputStream:75 - [STDERR_REDIRECT] 
2025-12-20 12:19:24,044 [ERROR] LogOutputStream:75 - [STDERR_REDIRECT] [Fatal Error] :1:1: Premature end of file.
2025-12-20 12:19:24,045 [ERROR] LogOutputStream:75 - [STDERR_REDIRECT] 
2025-12-20 12:19:25,052 [ERROR] LogOutputStream:75 - [STDERR_REDIRECT] [Fatal Error] :1:1: Premature end of file.
2025-12-20 12:19:25,052 [ERROR] LogOutputStream:75 - [STDERR_REDIRECT] 
2025-12-20 12:19:26,046 [ERROR] LogOutputStream:75 - [STDERR_REDIRECT] [Fatal Error] :1:1: Premature end of file.
2025-12-20 12:19:26,050 [ERROR] LogOutputStream:75 - [STDERR_REDIRECT] 
2025-12-20 12:19:27,040 [ERROR] LogOutputStream:75 - [STDERR_REDIRECT] [Fatal Error] :1:1: Premature end of file.
2025-12-20 12:19:27,040 [ERROR] LogOutputStream:75 - [STDERR_REDIRECT] 
2025-12-20 12:19:28,044 [ERROR] LogOutputStream:75 - [STDERR_REDIRECT] [Fatal Error] :1:1: Premature end of file.
2025-12-20 12:19:28,044 [ERROR] LogOutputStream:75 - [STDERR_REDIRECT] 
2025-12-20 12:19:29,046 [ERROR] LogOutputStream:75 - [STDERR_REDIRECT] [Fatal Error] :1:1: Premature end of file.
2025-12-20 12:19:29,046 [ERROR] LogOutputStream:75 - [STDERR_REDIRECT] 
2025-12-20 12:19:30,052 [ERROR] LogOutputStream:75 - [STDERR_REDIRECT] [Fatal Error] :1:1: Premature end of file.
2025-12-20 12:19:30,052 [ERROR] LogOutputStream:75 - [STDERR_REDIRECT] 
2025-12-20 12:19:31,058 [ERROR] LogOutputStream:75 - [STDERR_REDIRECT] [Fatal Error] :1:1: Premature end of file.
2025-12-20 12:19:31,058 [ERROR] LogOutputStream:75 - [STDERR_REDIRECT] 
2025-12-20 12:19:32,053 [ERROR] LogOutputStream:75 - [STDERR_REDIRECT] [Fatal Error] :1:1: Premature end of file.
2025-12-20 12:19:32,053 [ERROR] LogOutputStream:75 - [STDERR_REDIRECT] 
2025-12-20 12:19:33,054 [ERROR] LogOutputStream:75 - [STDERR_REDIRECT] [Fatal Error] :1:1: Premature end of file.
2025-12-20 12:19:33,054 [ERROR] LogOutputStream:75 - [STDERR_REDIRECT] 
2025-12-20 12:19:34,041 [ERROR] LogOutputStream:75 - [STDERR_REDIRECT] [Fatal Error] :1:1: Premature end of file.
2025-12-20 12:19:34,043 [ERROR] LogOutputStream:75 - [STDERR_REDIRECT] 
2025-12-20 12:19:35,046 [ERROR] LogOutputStream:75 - [STDERR_REDIRECT] [Fatal Error] :1:1: Premature end of file.
2025-12-20 12:19:35,046 [ERROR] LogOutputStream:75 - [STDERR_REDIRECT] 
2025-12-20 12:19:36,050 [ERROR] LogOutputStream:75 - [STDERR_REDIRECT] [Fatal Error] :1:1: Premature end of file.
2025-12-20 12:19:36,051 [ERROR] LogOutputStream:75 - [STDERR_REDIRECT] 
2025-12-20 12:19:37,060 [ERROR] LogOutputStream:75 - [STDERR_REDIRECT] [Fatal Error] :1:1: Premature end of file.
2025-12-20 12:19:37,060 [ERROR] LogOutputStream:75 - [STDERR_REDIRECT] 
2025-12-20 12:19:38,036 [ERROR] LogOutputStream:75 - [STDERR_REDIRECT] [Fatal Error] :1:1: Premature end of file.
2025-12-20 12:19:38,036 [ERROR] LogOutputStream:75 - [STDERR_REDIRECT] 
2025-12-20 12:19:39,037 [ERROR] LogOutputStream:75 - [STDERR_REDIRECT] [Fatal Error] :1:1: Premature end of file.
2025-12-20 12:19:39,037 [ERROR] LogOutputStream:75 - [STDERR_REDIRECT] 
2025-12-20 12:19:40,021 [ERROR] LogOutputStream:75 - [STDERR_REDIRECT] [Fatal Error] :1:1: Premature end of file.
2025-12-20 12:19:40,021 [ERROR] LogOutputStream:75 - [STDERR_REDIRECT] 
2025-12-20 12:19:41,034 [ERROR] LogOutputStream:75 - [STDERR_REDIRECT] [Fatal Error] :1:1: Premature end of file.
2025-12-20 12:19:41,034 [ERROR] LogOutputStream:75 - [STDERR_REDIRECT] 
2025-12-20 12:19:42,032 [ERROR] LogOutputStream:75 - [STDERR_REDIRECT] [Fatal Error] :1:1: Premature end of file.
2025-12-20 12:19:42,032 [ERROR] LogOutputStream:75 - [STDERR_REDIRECT] 
2025-12-20 12:19:43,022 [ERROR] LogOutputStream:75 - [STDERR_REDIRECT] [Fatal Error] :1:1: Premature end of file.
2025-12-20 12:19:43,022 [ERROR] LogOutputStream:75 - [STDERR_REDIRECT] 
2025-12-20 12:19:44,040 [ERROR] LogOutputStream:75 - [STDERR_REDIRECT] [Fatal Error] :1:1: Premature end of file.
2025-12-20 12:19:44,040 [ERROR] LogOutputStream:75 - [STDERR_REDIRECT] 
2025-12-20 12:19:45,034 [ERROR] LogOutputStream:75 - [STDERR_REDIRECT] [Fatal Error] :1:1: Premature end of file.
2025-12-20 12:19:45,034 [ERROR] LogOutputStream:75 - [STDERR_REDIRECT] 
2025-12-20 12:19:46,046 [ERROR] LogOutputStream:75 - [STDERR_REDIRECT] [Fatal Error] :1:1: Premature end of file.
2025-12-20 12:19:46,046 [ERROR] LogOutputStream:75 - [STDERR_REDIRECT] 
2025-12-20 12:19:47,039 [ERROR] LogOutputStream:75 - [STDERR_REDIRECT] [Fatal Error] :1:1: Premature end of file.
2025-12-20 12:19:47,039 [ERROR] LogOutputStream:75 - [STDERR_REDIRECT] 
2025-12-20 12:19:48,033 [ERROR] LogOutputStream:75 - [STDERR_REDIRECT] [Fatal Error] :1:1: Premature end of file.
2025-12-20 12:19:48,033 [ERROR] LogOutputStream:75 - [STDERR_REDIRECT] 
2025-12-20 12:19:49,036 [ERROR] LogOutputStream:75 - [STDERR_REDIRECT] [Fatal Error] :1:1: Premature end of file.
2025-12-20 12:19:49,036 [ERROR] LogOutputStream:75 - [STDERR_REDIRECT] 
2025-12-20 12:19:50,028 [ERROR] LogOutputStream:75 - [STDERR_REDIRECT] [Fatal Error] :1:1: Premature end of file.
2025-12-20 12:19:50,028 [ERROR] LogOutputStream:75 - [STDERR_REDIRECT] 
2025-12-20 12:19:51,044 [ERROR] LogOutputStream:75 - [STDERR_REDIRECT] [Fatal Error] :1:1: Premature end of file.
2025-12-20 12:19:51,044 [ERROR] LogOutputStream:75 - [STDERR_REDIRECT] 
2025-12-20 12:19:52,041 [ERROR] LogOutputStream:75 - [STDERR_REDIRECT] [Fatal Error] :1:1: Premature end of file.
2025-12-20 12:19:52,041 [ERROR] LogOutputStream:75 - [STDERR_REDIRECT] 
2025-12-20 12:19:53,026 [ERROR] LogOutputStream:75 - [STDERR_REDIRECT] [Fatal Error] :1:1: Premature end of file.
2025-12-20 12:19:53,028 [ERROR] LogOutputStream:75 - [STDERR_REDIRECT] 
2025-12-20 12:19:54,041 [ERROR] LogOutputStream:75 - [STDERR_REDIRECT] [Fatal Error] :1:1: Premature end of file.
2025-12-20 12:19:54,041 [ERROR] LogOutputStream:75 - [STDERR_REDIRECT] 
2025-12-20 12:19:55,034 [ERROR] LogOutputStream:75 - [STDERR_REDIRECT] [Fatal Error] :1:1: Premature end of file.
2025-12-20 12:19:55,036 [ERROR] LogOutputStream:75 - [STDERR_REDIRECT] 
2025-12-20 12:19:56,040 [ERROR] LogOutputStream:75 - [STDERR_REDIRECT] [Fatal Error] :1:1: Premature end of file.
2025-12-20 12:19:56,040 [ERROR] LogOutputStream:75 - [STDERR_REDIRECT] 
2025-12-20 12:19:57,040 [ERROR] LogOutputStream:75 - [STDERR_REDIRECT] [Fatal Error] :1:1: Premature end of file.
2025-12-20 12:19:57,040 [ERROR] LogOutputStream:75 - [STDERR_REDIRECT] 
2025-12-20 12:19:58,038 [ERROR] LogOutputStream:75 - [STDERR_REDIRECT] [Fatal Error] :1:1: Premature end of file.
2025-12-20 12:19:58,038 [ERROR] LogOutputStream:75 - [STDERR_REDIRECT] 
2025-12-20 12:19:59,032 [ERROR] LogOutputStream:75 - [STDERR_REDIRECT] [Fatal Error] :1:1: Premature end of file.
2025-12-20 12:19:59,032 [ERROR] LogOutputStream:75 - [STDERR_REDIRECT] 
2025-12-20 12:20:00,038 [ERROR] LogOutputStream:75 - [STDERR_REDIRECT] [Fatal Error] :1:1: Premature end of file.
2025-12-20 12:20:00,038 [ERROR] LogOutputStream:75 - [STDERR_REDIRECT] 
2025-12-20 12:20:01,038 [ERROR] LogOutputStream:75 - [STDERR_REDIRECT] [Fatal Error] :1:1: Premature end of file.
2025-12-20 12:20:01,038 [ERROR] LogOutputStream:75 - [STDERR_REDIRECT] 
2025-12-20 12:20:02,041 [ERROR] LogOutputStream:75 - [STDERR_REDIRECT] [Fatal Error] :1:1: Premature end of file.
2025-12-20 12:20:02,041 [ERROR] LogOutputStream:75 - [STDERR_REDIRECT] 
2025-12-20 12:20:03,037 [ERROR] LogOutputStream:75 - [STDERR_REDIRECT] [Fatal Error] :1:1: Premature end of file.
2025-12-20 12:20:03,037 [ERROR] LogOutputStream:75 - [STDERR_REDIRECT] 
2025-12-20 12:20:04,045 [ERROR] LogOutputStream:75 - [STDERR_REDIRECT] [Fatal Error] :1:1: Premature end of file.
2025-12-20 12:20:04,045 [ERROR] LogOutputStream:75 - [STDERR_REDIRECT] 
2025-12-20 12:20:05,027 [ERROR] LogOutputStream:75 - [STDERR_REDIRECT] [Fatal Error] :1:1: Premature end of file.
2025-12-20 12:20:05,027 [ERROR] LogOutputStream:75 - [STDERR_REDIRECT] 
2025-12-20 12:20:06,039 [ERROR] LogOutputStream:75 - [STDERR_REDIRECT] [Fatal Error] :1:1: Premature end of file.
2025-12-20 12:20:06,039 [ERROR] LogOutputStream:75 - [STDERR_REDIRECT] 
2025-12-20 12:20:07,025 [ERROR] LogOutputStream:75 - [STDERR_REDIRECT] [Fatal Error] :1:1: Premature end of file.
2025-12-20 12:20:07,025 [ERROR] LogOutputStream:75 - [STDERR_REDIRECT] 
2025-12-20 12:20:08,045 [ERROR] LogOutputStream:75 - [STDERR_REDIRECT] [Fatal Error] :1:1: Premature end of file.
2025-12-20 12:20:08,045 [ERROR] LogOutputStream:75 - [STDERR_REDIRECT] 
2025-12-20 12:20:09,060 [ERROR] LogOutputStream:75 - [STDERR_REDIRECT] [Fatal Error] :1:1: Premature end of file.
2025-12-20 12:20:09,060 [ERROR] LogOutputStream:75 - [STDERR_REDIRECT] 
2025-12-20 12:20:10,075 [ERROR] LogOutputStream:75 - [STDERR_REDIRECT] [Fatal Error] :1:1: Premature end of file.
2025-12-20 12:20:10,075 [ERROR] LogOutputStream:75 - [STDERR_REDIRECT] 
2025-12-20 12:20:11,086 [ERROR] LogOutputStream:75 - [STDERR_REDIRECT] [Fatal Error] :1:1: Premature end of file.
2025-12-20 12:20:11,086 [ERROR] LogOutputStream:75 - [STDERR_REDIRECT] 
2025-12-20 12:20:12,070 [ERROR] LogOutputStream:75 - [STDERR_REDIRECT] [Fatal Error] :1:1: Premature end of file.
2025-12-20 12:20:12,070 [ERROR] LogOutputStream:75 - [STDERR_REDIRECT] 
2025-12-20 12:20:13,059 [ERROR] LogOutputStream:75 - [STDERR_REDIRECT] [Fatal Error] :1:1: Premature end of file.
2025-12-20 12:20:13,059 [ERROR] LogOutputStream:75 - [STDERR_REDIRECT] 
2025-12-20 12:20:14,038 [ERROR] LogOutputStream:75 - [STDERR_REDIRECT] [Fatal Error] :1:1: Premature end of file.
2025-12-20 12:20:14,038 [ERROR] LogOutputStream:75 - [STDERR_REDIRECT] 
2025-12-20 12:20:15,038 [ERROR] LogOutputStream:75 - [STDERR_REDIRECT] [Fatal Error] :1:1: Premature end of file.
2025-12-20 12:20:15,038 [ERROR] LogOutputStream:75 - [STDERR_REDIRECT] 
2025-12-20 12:20:16,055 [ERROR] LogOutputStream:75 - [STDERR_REDIRECT] [Fatal Error] :1:1: Premature end of file.
2025-12-20 12:20:16,055 [ERROR] LogOutputStream:75 - [STDERR_REDIRECT] 
2025-12-20 12:20:17,053 [ERROR] LogOutputStream:75 - [STDERR_REDIRECT] [Fatal Error] :1:1: Premature end of file.
2025-12-20 12:20:17,053 [ERROR] LogOutputStream:75 - [STDERR_REDIRECT] 
2025-12-20 12:20:18,042 [ERROR] LogOutputStream:75 - [STDERR_REDIRECT] [Fatal Error] :1:1: Premature end of file.
2025-12-20 12:20:18,042 [ERROR] LogOutputStream:75 - [STDERR_REDIRECT] 
2025-12-20 12:20:19,044 [ERROR] LogOutputStream:75 - [STDERR_REDIRECT] [Fatal Error] :1:1: Premature end of file.
2025-12-20 12:20:19,044 [ERROR] LogOutputStream:75 - [STDERR_REDIRECT] 
2025-12-20 12:20:20,045 [ERROR] LogOutputStream:75 - [STDERR_REDIRECT] [Fatal Error] :1:1: Premature end of file.
2025-12-20 12:20:20,045 [ERROR] LogOutputStream:75 - [STDERR_REDIRECT] 
2025-12-20 12:20:21,040 [ERROR] LogOutputStream:75 - [STDERR_REDIRECT] [Fatal Error] :1:1: Premature end of file.
2025-12-20 12:20:21,040 [ERROR] LogOutputStream:75 - [STDERR_REDIRECT] 
2025-12-20 12:20:22,029 [ERROR] LogOutputStream:75 - [STDERR_REDIRECT] [Fatal Error] :1:1: Premature end of file.
2025-12-20 12:20:22,029 [ERROR] LogOutputStream:75 - [STDERR_REDIRECT] 
2025-12-20 12:20:23,048 [ERROR] LogOutputStream:75 - [STDERR_REDIRECT] [Fatal Error] :1:1: Premature end of file.
2025-12-20 12:20:23,051 [ERROR] LogOutputStream:75 - [STDERR_REDIRECT] 
2025-12-20 12:20:24,028 [ERROR] LogOutputStream:75 - [STDERR_REDIRECT] [Fatal Error] :1:1: Premature end of file.
2025-12-20 12:20:24,029 [ERROR] LogOutputStream:75 - [STDERR_REDIRECT] 
2025-12-20 12:20:25,029 [ERROR] LogOutputStream:75 - [STDERR_REDIRECT] [Fatal Error] :1:1: Premature end of file.
2025-12-20 12:20:25,030 [ERROR] LogOutputStream:75 - [STDERR_REDIRECT] 
2025-12-20 12:20:26,042 [ERROR] LogOutputStream:75 - [STDERR_REDIRECT] [Fatal Error] :1:1: Premature end of file.
2025-12-20 12:20:26,042 [ERROR] LogOutputStream:75 - [STDERR_REDIRECT] 
2025-12-20 12:20:27,045 [ERROR] LogOutputStream:75 - [STDERR_REDIRECT] [Fatal Error] :1:1: Premature end of file.
2025-12-20 12:20:27,045 [ERROR] LogOutputStream:75 - [STDERR_REDIRECT] 
2025-12-20 12:20:28,026 [ERROR] LogOutputStream:75 - [STDERR_REDIRECT] [Fatal Error] :1:1: Premature end of file.
2025-12-20 12:20:28,026 [ERROR] LogOutputStream:75 - [STDERR_REDIRECT] 
2025-12-20 12:20:29,035 [ERROR] LogOutputStream:75 - [STDERR_REDIRECT] [Fatal Error] :1:1: Premature end of file.
2025-12-20 12:20:29,035 [ERROR] LogOutputStream:75 - [STDERR_REDIRECT] 
2025-12-20 12:20:30,034 [ERROR] LogOutputStream:75 - [STDERR_REDIRECT] [Fatal Error] :1:1: Premature end of file.
2025-12-20 12:20:30,034 [ERROR] LogOutputStream:75 - [STDERR_REDIRECT] 
2025-12-20 12:20:31,047 [ERROR] LogOutputStream:75 - [STDERR_REDIRECT] [Fatal Error] :1:1: Premature end of file.
2025-12-20 12:20:31,047 [ERROR] LogOutputStream:75 - [STDERR_REDIRECT] 
2025-12-20 12:20:32,038 [ERROR] LogOutputStream:75 - [STDERR_REDIRECT] [Fatal Error] :1:1: Premature end of file.
2025-12-20 12:20:32,038 [ERROR] LogOutputStream:75 - [STDERR_REDIRECT] 
2025-12-20 12:20:33,045 [ERROR] LogOutputStream:75 - [STDERR_REDIRECT] [Fatal Error] :1:1: Premature end of file.
2025-12-20 12:20:33,045 [ERROR] LogOutputStream:75 - [STDERR_REDIRECT] 
2025-12-20 12:20:34,041 [ERROR] LogOutputStream:75 - [STDERR_REDIRECT] [Fatal Error] :1:1: Premature end of file.
2025-12-20 12:20:34,043 [ERROR] LogOutputStream:75 - [STDERR_REDIRECT] 
2025-12-20 12:20:35,029 [ERROR] LogOutputStream:75 - [STDERR_REDIRECT] [Fatal Error] :1:1: Premature end of file.
2025-12-20 12:20:35,029 [ERROR] LogOutputStream:75 - [STDERR_REDIRECT] 
2025-12-20 12:20:36,043 [ERROR] LogOutputStream:75 - [STDERR_REDIRECT] [Fatal Error] :1:1: Premature end of file.
2025-12-20 12:20:36,043 [ERROR] LogOutputStream:75 - [STDERR_REDIRECT] 
2025-12-20 12:20:37,069 [ERROR] LogOutputStream:75 - [STDERR_REDIRECT] [Fatal Error] :1:1: Premature end of file.
2025-12-20 12:20:37,070 [ERROR] LogOutputStream:75 - [STDERR_REDIRECT] 
2025-12-20 12:20:38,034 [ERROR] LogOutputStream:75 - [STDERR_REDIRECT] [Fatal Error] :1:1: Premature end of file.
2025-12-20 12:20:38,034 [ERROR] LogOutputStream:75 - [STDERR_REDIRECT] 
2025-12-20 12:20:39,052 [ERROR] LogOutputStream:75 - [STDERR_REDIRECT] [Fatal Error] :1:1: Premature end of file.
2025-12-20 12:20:39,052 [ERROR] LogOutputStream:75 - [STDERR_REDIRECT] 
2025-12-20 12:20:40,038 [ERROR] LogOutputStream:75 - [STDERR_REDIRECT] [Fatal Error] :1:1: Premature end of file.
2025-12-20 12:20:40,038 [ERROR] LogOutputStream:75 - [STDERR_REDIRECT] 
2025-12-20 12:20:41,026 [ERROR] LogOutputStream:75 - [STDERR_REDIRECT] [Fatal Error] :1:1: Premature end of file.
2025-12-20 12:20:41,026 [ERROR] LogOutputStream:75 - [STDERR_REDIRECT] 
2025-12-20 12:20:42,034 [ERROR] LogOutputStream:75 - [STDERR_REDIRECT] [Fatal Error] :1:1: Premature end of file.
2025-12-20 12:20:42,034 [ERROR] LogOutputStream:75 - [STDERR_REDIRECT] 
2025-12-20 12:20:43,040 [ERROR] LogOutputStream:75 - [STDERR_REDIRECT] [Fatal Error] :1:1: Premature end of file.
2025-12-20 12:20:43,043 [ERROR] LogOutputStream:75 - [STDERR_REDIRECT] 
2025-12-20 12:20:44,036 [ERROR] LogOutputStream:75 - [STDERR_REDIRECT] [Fatal Error] :1:1: Premature end of file.
2025-12-20 12:20:44,036 [ERROR] LogOutputStream:75 - [STDERR_REDIRECT] 
2025-12-20 12:20:45,053 [ERROR] LogOutputStream:75 - [STDERR_REDIRECT] [Fatal Error] :1:1: Premature end of file.
2025-12-20 12:20:45,053 [ERROR] LogOutputStream:75 - [STDERR_REDIRECT] 
2025-12-20 12:20:46,041 [ERROR] LogOutputStream:75 - [STDERR_REDIRECT] [Fatal Error] :1:1: Premature end of file.
2025-12-20 12:20:46,041 [ERROR] LogOutputStream:75 - [STDERR_REDIRECT] 
2025-12-20 12:20:47,023 [ERROR] LogOutputStream:75 - [STDERR_REDIRECT] [Fatal Error] :1:1: Premature end of file.
2025-12-20 12:20:47,023 [ERROR] LogOutputStream:75 - [STDERR_REDIRECT] 
2025-12-20 12:20:48,099 [ERROR] LogOutputStream:75 - [STDERR_REDIRECT] [Fatal Error] :1:1: Premature end of file.
2025-12-20 12:20:48,099 [ERROR] LogOutputStream:75 - [STDERR_REDIRECT] 
2025-12-20 12:20:49,036 [ERROR] LogOutputStream:75 - [STDERR_REDIRECT] [Fatal Error] :1:1: Premature end of file.
2025-12-20 12:20:49,036 [ERROR] LogOutputStream:75 - [STDERR_REDIRECT] 
2025-12-20 12:20:50,047 [ERROR] LogOutputStream:75 - [STDERR_REDIRECT] [Fatal Error] :1:1: Premature end of file.
2025-12-20 12:20:50,047 [ERROR] LogOutputStream:75 - [STDERR_REDIRECT] 
2025-12-20 12:20:51,040 [ERROR] LogOutputStream:75 - [STDERR_REDIRECT] [Fatal Error] :1:1: Premature end of file.
2025-12-20 12:20:51,040 [ERROR] LogOutputStream:75 - [STDERR_REDIRECT] 
2025-12-20 12:20:52,032 [ERROR] LogOutputStream:75 - [STDERR_REDIRECT] [Fatal Error] :1:1: Premature end of file.
2025-12-20 12:20:52,032 [ERROR] LogOutputStream:75 - [STDERR_REDIRECT] 
2025-12-20 12:20:53,027 [ERROR] LogOutputStream:75 - [STDERR_REDIRECT] [Fatal Error] :1:1: Premature end of file.
2025-12-20 12:20:53,027 [ERROR] LogOutputStream:75 - [STDERR_REDIRECT] 
2025-12-20 12:20:54,041 [ERROR] LogOutputStream:75 - [STDERR_REDIRECT] [Fatal Error] :1:1: Premature end of file.
2025-12-20 12:20:54,041 [ERROR] LogOutputStream:75 - [STDERR_REDIRECT] 
2025-12-20 12:20:55,043 [ERROR] LogOutputStream:75 - [STDERR_REDIRECT] [Fatal Error] :1:1: Premature end of file.
2025-12-20 12:20:55,043 [ERROR] LogOutputStream:75 - [STDERR_REDIRECT] 
2025-12-20 12:20:56,032 [ERROR] LogOutputStream:75 - [STDERR_REDIRECT] [Fatal Error] :1:1: Premature end of file.
2025-12-20 12:20:56,032 [ERROR] LogOutputStream:75 - [STDERR_REDIRECT] 
2025-12-20 12:20:57,028 [ERROR] LogOutputStream:75 - [STDERR_REDIRECT] [Fatal Error] :1:1: Premature end of file.
2025-12-20 12:20:57,028 [ERROR] LogOutputStream:75 - [STDERR_REDIRECT] 
2025-12-20 12:20:58,036 [ERROR] LogOutputStream:75 - [STDERR_REDIRECT] [Fatal Error] :1:1: Premature end of file.
2025-12-20 12:20:58,036 [ERROR] LogOutputStream:75 - [STDERR_REDIRECT] 
2025-12-20 12:20:59,046 [ERROR] LogOutputStream:75 - [STDERR_REDIRECT] [Fatal Error] :1:1: Premature end of file.
2025-12-20 12:20:59,046 [ERROR] LogOutputStream:75 - [STDERR_REDIRECT] 
2025-12-20 12:21:00,036 [ERROR] LogOutputStream:75 - [STDERR_REDIRECT] [Fatal Error] :1:1: Premature end of file.
2025-12-20 12:21:00,038 [ERROR] LogOutputStream:75 - [STDERR_REDIRECT] 
2025-12-20 12:21:01,034 [ERROR] LogOutputStream:75 - [STDERR_REDIRECT] [Fatal Error] :1:1: Premature end of file.
2025-12-20 12:21:01,034 [ERROR] LogOutputStream:75 - [STDERR_REDIRECT] 
2025-12-20 12:21:02,022 [ERROR] LogOutputStream:75 - [STDERR_REDIRECT] [Fatal Error] :1:1: Premature end of file.
2025-12-20 12:21:02,022 [ERROR] LogOutputStream:75 - [STDERR_REDIRECT] 
2025-12-20 12:21:03,121 [ERROR] LogOutputStream:75 - [STDERR_REDIRECT] [Fatal Error] :1:1: Premature end of file.
2025-12-20 12:21:03,121 [ERROR] LogOutputStream:75 - [STDERR_REDIRECT] 
2025-12-20 12:21:04,028 [ERROR] LogOutputStream:75 - [STDERR_REDIRECT] [Fatal Error] :1:1: Premature end of file.
2025-12-20 12:21:04,028 [ERROR] LogOutputStream:75 - [STDERR_REDIRECT] 
2025-12-20 12:21:05,029 [ERROR] LogOutputStream:75 - [STDERR_REDIRECT] [Fatal Error] :1:1: Premature end of file.
2025-12-20 12:21:05,029 [ERROR] LogOutputStream:75 - [STDERR_REDIRECT] 
2025-12-20 12:21:06,013 [ERROR] LogOutputStream:75 - [STDERR_REDIRECT] [Fatal Error] :1:1: Premature end of file.
2025-12-20 12:21:06,013 [ERROR] LogOutputStream:75 - [STDERR_REDIRECT] 
2025-12-20 12:21:07,032 [ERROR] LogOutputStream:75 - [STDERR_REDIRECT] [Fatal Error] :1:1: Premature end of file.
2025-12-20 12:21:07,032 [ERROR] LogOutputStream:75 - [STDERR_REDIRECT] 
2025-12-20 12:21:08,033 [ERROR] LogOutputStream:75 - [STDERR_REDIRECT] [Fatal Error] :1:1: Premature end of file.
2025-12-20 12:21:08,033 [ERROR] LogOutputStream:75 - [STDERR_REDIRECT] 
2025-12-20 12:21:09,033 [ERROR] LogOutputStream:75 - [STDERR_REDIRECT] [Fatal Error] :1:1: Premature end of file.
2025-12-20 12:21:09,034 [ERROR] LogOutputStream:75 - [STDERR_REDIRECT] 
2025-12-20 12:21:10,059 [ERROR] LogOutputStream:75 - [STDERR_REDIRECT] [Fatal Error] :1:1: Premature end of file.
2025-12-20 12:21:10,059 [ERROR] LogOutputStream:75 - [STDERR_REDIRECT] 
2025-12-20 12:21:11,037 [ERROR] LogOutputStream:75 - [STDERR_REDIRECT] [Fatal Error] :1:1: Premature end of file.
2025-12-20 12:21:11,037 [ERROR] LogOutputStream:75 - [STDERR_REDIRECT] 
2025-12-20 12:21:12,044 [ERROR] LogOutputStream:75 - [STDERR_REDIRECT] [Fatal Error] :1:1: Premature end of file.
2025-12-20 12:21:12,044 [ERROR] LogOutputStream:75 - [STDERR_REDIRECT] 
2025-12-20 12:21:13,046 [ERROR] LogOutputStream:75 - [STDERR_REDIRECT] [Fatal Error] :1:1: Premature end of file.
2025-12-20 12:21:13,046 [ERROR] LogOutputStream:75 - [STDERR_REDIRECT] 
2025-12-20 12:21:14,039 [ERROR] LogOutputStream:75 - [STDERR_REDIRECT] [Fatal Error] :1:1: Premature end of file.
2025-12-20 12:21:14,039 [ERROR] LogOutputStream:75 - [STDERR_REDIRECT] 
2025-12-20 12:21:15,026 [ERROR] LogOutputStream:75 - [STDERR_REDIRECT] [Fatal Error] :1:1: Premature end of file.
2025-12-20 12:21:15,026 [ERROR] LogOutputStream:75 - [STDERR_REDIRECT] 
2025-12-20 12:21:16,024 [ERROR] LogOutputStream:75 - [STDERR_REDIRECT] [Fatal Error] :1:1: Premature end of file.
2025-12-20 12:21:16,024 [ERROR] LogOutputStream:75 - [STDERR_REDIRECT] 
2025-12-20 12:21:17,039 [ERROR] LogOutputStream:75 - [STDERR_REDIRECT] [Fatal Error] :1:1: Premature end of file.
2025-12-20 12:21:17,041 [ERROR] LogOutputStream:75 - [STDERR_REDIRECT] 
2025-12-20 12:21:18,041 [ERROR] LogOutputStream:75 - [STDERR_REDIRECT] [Fatal Error] :1:1: Premature end of file.
2025-12-20 12:21:18,041 [ERROR] LogOutputStream:75 - [STDERR_REDIRECT] 
2025-12-20 12:21:19,039 [ERROR] LogOutputStream:75 - [STDERR_REDIRECT] [Fatal Error] :1:1: Premature end of file.
2025-12-20 12:21:19,039 [ERROR] LogOutputStream:75 - [STDERR_REDIRECT] 
2025-12-20 12:21:20,052 [ERROR] LogOutputStream:75 - [STDERR_REDIRECT] [Fatal Error] :1:1: Premature end of file.
2025-12-20 12:21:20,052 [ERROR] LogOutputStream:75 - [STDERR_REDIRECT] 
2025-12-20 12:21:21,052 [ERROR] LogOutputStream:75 - [STDERR_REDIRECT] [Fatal Error] :1:1: Premature end of file.
2025-12-20 12:21:21,052 [ERROR] LogOutputStream:75 - [STDERR_REDIRECT] 
2025-12-20 12:21:22,071 [ERROR] LogOutputStream:75 - [STDERR_REDIRECT] [Fatal Error] :1:1: Premature end of file.
2025-12-20 12:21:22,071 [ERROR] LogOutputStream:75 - [STDERR_REDIRECT] 
2025-12-20 12:21:23,054 [ERROR] LogOutputStream:75 - [STDERR_REDIRECT] [Fatal Error] :1:1: Premature end of file.
2025-12-20 12:21:23,054 [ERROR] LogOutputStream:75 - [STDERR_REDIRECT] 
2025-12-20 12:21:24,030 [ERROR] LogOutputStream:75 - [STDERR_REDIRECT] [Fatal Error] :1:1: Premature end of file.
2025-12-20 12:21:24,030 [ERROR] LogOutputStream:75 - [STDERR_REDIRECT] 
2025-12-20 12:21:25,037 [ERROR] LogOutputStream:75 - [STDERR_REDIRECT] [Fatal Error] :1:1: Premature end of file.
2025-12-20 12:21:25,037 [ERROR] LogOutputStream:75 - [STDERR_REDIRECT] 
2025-12-20 12:21:26,040 [ERROR] LogOutputStream:75 - [STDERR_REDIRECT] [Fatal Error] :1:1: Premature end of file.
2025-12-20 12:21:26,040 [ERROR] LogOutputStream:75 - [STDERR_REDIRECT] 
2025-12-20 12:21:27,042 [ERROR] LogOutputStream:75 - [STDERR_REDIRECT] [Fatal Error] :1:1: Premature end of file.
2025-12-20 12:21:27,042 [ERROR] LogOutputStream:75 - [STDERR_REDIRECT] 
2025-12-20 12:21:28,035 [ERROR] LogOutputStream:75 - [STDERR_REDIRECT] [Fatal Error] :1:1: Premature end of file.
2025-12-20 12:21:28,035 [ERROR] LogOutputStream:75 - [STDERR_REDIRECT] 
2025-12-20 12:21:29,035 [ERROR] LogOutputStream:75 - [STDERR_REDIRECT] [Fatal Error] :1:1: Premature end of file.
2025-12-20 12:21:29,035 [ERROR] LogOutputStream:75 - [STDERR_REDIRECT] 
2025-12-20 12:21:30,053 [ERROR] LogOutputStream:75 - [STDERR_REDIRECT] [Fatal Error] :1:1: Premature end of file.
2025-12-20 12:21:30,053 [ERROR] LogOutputStream:75 - [STDERR_REDIRECT] 
2025-12-20 12:21:31,052 [ERROR] LogOutputStream:75 - [STDERR_REDIRECT] [Fatal Error] :1:1: Premature end of file.
2025-12-20 12:21:31,052 [ERROR] LogOutputStream:75 - [STDERR_REDIRECT] 
2025-12-20 12:21:32,029 [ERROR] LogOutputStream:75 - [STDERR_REDIRECT] [Fatal Error] :1:1: Premature end of file.
2025-12-20 12:21:32,030 [ERROR] LogOutputStream:75 - [STDERR_REDIRECT] 
2025-12-20 12:21:33,027 [ERROR] LogOutputStream:75 - [STDERR_REDIRECT] [Fatal Error] :1:1: Premature end of file.
2025-12-20 12:21:33,027 [ERROR] LogOutputStream:75 - [STDERR_REDIRECT] 
2025-12-20 12:21:34,045 [ERROR] LogOutputStream:75 - [STDERR_REDIRECT] [Fatal Error] :1:1: Premature end of file.
2025-12-20 12:21:34,045 [ERROR] LogOutputStream:75 - [STDERR_REDIRECT] 
2025-12-20 12:21:35,053 [ERROR] LogOutputStream:75 - [STDERR_REDIRECT] [Fatal Error] :1:1: Premature end of file.
2025-12-20 12:21:35,053 [ERROR] LogOutputStream:75 - [STDERR_REDIRECT] 
2025-12-20 12:21:36,040 [ERROR] LogOutputStream:75 - [STDERR_REDIRECT] [Fatal Error] :1:1: Premature end of file.
2025-12-20 12:21:36,040 [ERROR] LogOutputStream:75 - [STDERR_REDIRECT] 
2025-12-20 12:21:37,052 [ERROR] LogOutputStream:75 - [STDERR_REDIRECT] [Fatal Error] :1:1: Premature end of file.
2025-12-20 12:21:37,052 [ERROR] LogOutputStream:75 - [STDERR_REDIRECT] 
2025-12-20 12:21:38,034 [ERROR] LogOutputStream:75 - [STDERR_REDIRECT] [Fatal Error] :1:1: Premature end of file.
2025-12-20 12:21:38,034 [ERROR] LogOutputStream:75 - [STDERR_REDIRECT] 
2025-12-20 12:21:39,055 [ERROR] LogOutputStream:75 - [STDERR_REDIRECT] [Fatal Error] :1:1: Premature end of file.
2025-12-20 12:21:39,055 [ERROR] LogOutputStream:75 - [STDERR_REDIRECT] 
2025-12-20 12:21:40,043 [ERROR] LogOutputStream:75 - [STDERR_REDIRECT] [Fatal Error] :1:1: Premature end of file.
2025-12-20 12:21:40,043 [ERROR] LogOutputStream:75 - [STDERR_REDIRECT] 
2025-12-20 12:21:41,028 [ERROR] LogOutputStream:75 - [STDERR_REDIRECT] [Fatal Error] :1:1: Premature end of file.
2025-12-20 12:21:41,028 [ERROR] LogOutputStream:75 - [STDERR_REDIRECT] 
2025-12-20 12:21:42,034 [ERROR] LogOutputStream:75 - [STDERR_REDIRECT] [Fatal Error] :1:1: Premature end of file.
2025-12-20 12:21:42,034 [ERROR] LogOutputStream:75 - [STDERR_REDIRECT] 
2025-12-20 12:21:43,027 [ERROR] LogOutputStream:75 - [STDERR_REDIRECT] [Fatal Error] :1:1: Premature end of file.
2025-12-20 12:21:43,027 [ERROR] LogOutputStream:75 - [STDERR_REDIRECT] 
2025-12-20 12:21:44,039 [ERROR] LogOutputStream:75 - [STDERR_REDIRECT] [Fatal Error] :1:1: Premature end of file.
2025-12-20 12:21:44,039 [ERROR] LogOutputStream:75 - [STDERR_REDIRECT] 
2025-12-20 12:21:45,039 [ERROR] LogOutputStream:75 - [STDERR_REDIRECT] [Fatal Error] :1:1: Premature end of file.
2025-12-20 12:21:45,039 [ERROR] LogOutputStream:75 - [STDERR_REDIRECT] 
2025-12-20 12:21:46,034 [ERROR] LogOutputStream:75 - [STDERR_REDIRECT] [Fatal Error] :1:1: Premature end of file.
2025-12-20 12:21:46,034 [ERROR] LogOutputStream:75 - [STDERR_REDIRECT] 
2025-12-20 12:21:47,036 [ERROR] LogOutputStream:75 - [STDERR_REDIRECT] [Fatal Error] :1:1: Premature end of file.
2025-12-20 12:21:47,036 [ERROR] LogOutputStream:75 - [STDERR_REDIRECT] 
2025-12-20 12:21:48,055 [ERROR] LogOutputStream:75 - [STDERR_REDIRECT] [Fatal Error] :1:1: Premature end of file.
2025-12-20 12:21:48,055 [ERROR] LogOutputStream:75 - [STDERR_REDIRECT] 
2025-12-20 12:21:49,035 [ERROR] LogOutputStream:75 - [STDERR_REDIRECT] [Fatal Error] :1:1: Premature end of file.
2025-12-20 12:21:49,035 [ERROR] LogOutputStream:75 - [STDERR_REDIRECT] 
2025-12-20 12:21:50,035 [ERROR] LogOutputStream:75 - [STDERR_REDIRECT] [Fatal Error] :1:1: Premature end of file.
2025-12-20 12:21:50,035 [ERROR] LogOutputStream:75 - [STDERR_REDIRECT] 
2025-12-20 12:21:51,041 [ERROR] LogOutputStream:75 - [STDERR_REDIRECT] [Fatal Error] :1:1: Premature end of file.
2025-12-20 12:21:51,041 [ERROR] LogOutputStream:75 - [STDERR_REDIRECT] 
2025-12-20 12:21:52,057 [ERROR] LogOutputStream:75 - [STDERR_REDIRECT] [Fatal Error] :1:1: Premature end of file.
2025-12-20 12:21:52,057 [ERROR] LogOutputStream:75 - [STDERR_REDIRECT] 
2025-12-20 12:21:53,022 [ERROR] LogOutputStream:75 - [STDERR_REDIRECT] [Fatal Error] :1:1: Premature end of file.
2025-12-20 12:21:53,022 [ERROR] LogOutputStream:75 - [STDERR_REDIRECT] 
2025-12-20 12:21:54,022 [ERROR] LogOutputStream:75 - [STDERR_REDIRECT] [Fatal Error] :1:1: Premature end of file.
2025-12-20 12:21:54,022 [ERROR] LogOutputStream:75 - [STDERR_REDIRECT] 
2025-12-20 12:21:55,030 [ERROR] LogOutputStream:75 - [STDERR_REDIRECT] [Fatal Error] :1:1: Premature end of file.
2025-12-20 12:21:55,030 [ERROR] LogOutputStream:75 - [STDERR_REDIRECT] 
2025-12-20 12:21:56,033 [ERROR] LogOutputStream:75 - [STDERR_REDIRECT] [Fatal Error] :1:1: Premature end of file.
2025-12-20 12:21:56,033 [ERROR] LogOutputStream:75 - [STDERR_REDIRECT] 
2025-12-20 12:21:57,032 [ERROR] LogOutputStream:75 - [STDERR_REDIRECT] [Fatal Error] :1:1: Premature end of file.
2025-12-20 12:21:57,032 [ERROR] LogOutputStream:75 - [STDERR_REDIRECT] 
2025-12-20 12:21:58,032 [ERROR] LogOutputStream:75 - [STDERR_REDIRECT] [Fatal Error] :1:1: Premature end of file.
2025-12-20 12:21:58,032 [ERROR] LogOutputStream:75 - [STDERR_REDIRECT] 
2025-12-20 12:21:59,023 [ERROR] LogOutputStream:75 - [STDERR_REDIRECT] [Fatal Error] :1:1: Premature end of file.
2025-12-20 12:21:59,023 [ERROR] LogOutputStream:75 - [STDERR_REDIRECT] 
2025-12-20 12:22:00,038 [ERROR] LogOutputStream:75 - [STDERR_REDIRECT] [Fatal Error] :1:1: Premature end of file.
2025-12-20 12:22:00,038 [ERROR] LogOutputStream:75 - [STDERR_REDIRECT] 
2025-12-20 12:22:01,036 [ERROR] LogOutputStream:75 - [STDERR_REDIRECT] [Fatal Error] :1:1: Premature end of file.
2025-12-20 12:22:01,036 [ERROR] LogOutputStream:75 - [STDERR_REDIRECT] 
2025-12-20 12:22:02,023 [ERROR] LogOutputStream:75 - [STDERR_REDIRECT] [Fatal Error] :1:1: Premature end of file.
2025-12-20 12:22:02,023 [ERROR] LogOutputStream:75 - [STDERR_REDIRECT] 
2025-12-20 12:22:03,020 [ERROR] LogOutputStream:75 - [STDERR_REDIRECT] [Fatal Error] :1:1: Premature end of file.
2025-12-20 12:22:03,020 [ERROR] LogOutputStream:75 - [STDERR_REDIRECT] 
2025-12-20 12:22:04,056 [ERROR] LogOutputStream:75 - [STDERR_REDIRECT] [Fatal Error] :1:1: Premature end of file.
2025-12-20 12:22:04,057 [ERROR] LogOutputStream:75 - [STDERR_REDIRECT] 
2025-12-20 12:22:05,027 [ERROR] LogOutputStream:75 - [STDERR_REDIRECT] [Fatal Error] :1:1: Premature end of file.
2025-12-20 12:22:05,027 [ERROR] LogOutputStream:75 - [STDERR_REDIRECT] 
2025-12-20 12:22:06,037 [ERROR] LogOutputStream:75 - [STDERR_REDIRECT] [Fatal Error] :1:1: Premature end of file.
2025-12-20 12:22:06,037 [ERROR] LogOutputStream:75 - [STDERR_REDIRECT] 
2025-12-20 12:22:07,042 [ERROR] LogOutputStream:75 - [STDERR_REDIRECT] [Fatal Error] :1:1: Premature end of file.
2025-12-20 12:22:07,043 [ERROR] LogOutputStream:75 - [STDERR_REDIRECT] 
2025-12-20 12:22:08,041 [ERROR] LogOutputStream:75 - [STDERR_REDIRECT] [Fatal Error] :1:1: Premature end of file.
2025-12-20 12:22:08,041 [ERROR] LogOutputStream:75 - [STDERR_REDIRECT] 
2025-12-20 12:22:09,038 [ERROR] LogOutputStream:75 - [STDERR_REDIRECT] [Fatal Error] :1:1: Premature end of file.
2025-12-20 12:22:09,038 [ERROR] LogOutputStream:75 - [STDERR_REDIRECT] 
2025-12-20 12:22:10,034 [ERROR] LogOutputStream:75 - [STDERR_REDIRECT] [Fatal Error] :1:1: Premature end of file.
2025-12-20 12:22:10,035 [ERROR] LogOutputStream:75 - [STDERR_REDIRECT] 
2025-12-20 12:22:11,029 [ERROR] LogOutputStream:75 - [STDERR_REDIRECT] [Fatal Error] :1:1: Premature end of file.
2025-12-20 12:22:11,029 [ERROR] LogOutputStream:75 - [STDERR_REDIRECT] 
2025-12-20 12:22:12,043 [ERROR] LogOutputStream:75 - [STDERR_REDIRECT] [Fatal Error] :1:1: Premature end of file.
2025-12-20 12:22:12,043 [ERROR] LogOutputStream:75 - [STDERR_REDIRECT] 
2025-12-20 12:22:13,027 [ERROR] LogOutputStream:75 - [STDERR_REDIRECT] [Fatal Error] :1:1: Premature end of file.
2025-12-20 12:22:13,027 [ERROR] LogOutputStream:75 - [STDERR_REDIRECT] 
2025-12-20 12:22:14,017 [ERROR] LogOutputStream:75 - [STDERR_REDIRECT] [Fatal Error] :1:1: Premature end of file.
2025-12-20 12:22:14,017 [ERROR] LogOutputStream:75 - [STDERR_REDIRECT] 
2025-12-20 12:22:15,024 [ERROR] LogOutputStream:75 - [STDERR_REDIRECT] [Fatal Error] :1:1: Premature end of file.
2025-12-20 12:22:15,024 [ERROR] LogOutputStream:75 - [STDERR_REDIRECT] 
2025-12-20 12:22:16,025 [ERROR] LogOutputStream:75 - [STDERR_REDIRECT] [Fatal Error] :1:1: Premature end of file.
2025-12-20 12:22:16,025 [ERROR] LogOutputStream:75 - [STDERR_REDIRECT] 
2025-12-20 12:22:17,025 [ERROR] LogOutputStream:75 - [STDERR_REDIRECT] [Fatal Error] :1:1: Premature end of file.
2025-12-20 12:22:17,025 [ERROR] LogOutputStream:75 - [STDERR_REDIRECT] 
2025-12-20 12:22:18,036 [ERROR] LogOutputStream:75 - [STDERR_REDIRECT] [Fatal Error] :1:1: Premature end of file.
2025-12-20 12:22:18,036 [ERROR] LogOutputStream:75 - [STDERR_REDIRECT] 
2025-12-20 12:22:19,037 [ERROR] LogOutputStream:75 - [STDERR_REDIRECT] [Fatal Error] :1:1: Premature end of file.
2025-12-20 12:22:19,037 [ERROR] LogOutputStream:75 - [STDERR_REDIRECT] 
2025-12-20 12:22:20,026 [ERROR] LogOutputStream:75 - [STDERR_REDIRECT] [Fatal Error] :1:1: Premature end of file.
2025-12-20 12:22:20,026 [ERROR] LogOutputStream:75 - [STDERR_REDIRECT] 
2025-12-20 12:22:21,056 [ERROR] LogOutputStream:75 - [STDERR_REDIRECT] [Fatal Error] :1:1: Premature end of file.
2025-12-20 12:22:21,056 [ERROR] LogOutputStream:75 - [STDERR_REDIRECT] 
2025-12-20 12:22:22,039 [ERROR] LogOutputStream:75 - [STDERR_REDIRECT] [Fatal Error] :1:1: Premature end of file.
2025-12-20 12:22:22,039 [ERROR] LogOutputStream:75 - [STDERR_REDIRECT] 
2025-12-20 12:22:23,041 [ERROR] LogOutputStream:75 - [STDERR_REDIRECT] [Fatal Error] :1:1: Premature end of file.
2025-12-20 12:22:23,041 [ERROR] LogOutputStream:75 - [STDERR_REDIRECT] 
2025-12-20 12:22:24,059 [ERROR] LogOutputStream:75 - [STDERR_REDIRECT] [Fatal Error] :1:1: Premature end of file.
2025-12-20 12:22:24,059 [ERROR] LogOutputStream:75 - [STDERR_REDIRECT] 
2025-12-20 12:22:25,040 [ERROR] LogOutputStream:75 - [STDERR_REDIRECT] [Fatal Error] :1:1: Premature end of file.
2025-12-20 12:22:25,040 [ERROR] LogOutputStream:75 - [STDERR_REDIRECT] 
2025-12-20 12:22:26,044 [ERROR] LogOutputStream:75 - [STDERR_REDIRECT] [Fatal Error] :1:1: Premature end of file.
2025-12-20 12:22:26,044 [ERROR] LogOutputStream:75 - [STDERR_REDIRECT] 
2025-12-20 12:22:27,040 [ERROR] LogOutputStream:75 - [STDERR_REDIRECT] [Fatal Error] :1:1: Premature end of file.
2025-12-20 12:22:27,040 [ERROR] LogOutputStream:75 - [STDERR_REDIRECT] 
2025-12-20 12:22:28,038 [ERROR] LogOutputStream:75 - [STDERR_REDIRECT] [Fatal Error] :1:1: Premature end of file.
2025-12-20 12:22:28,038 [ERROR] LogOutputStream:75 - [STDERR_REDIRECT] 
2025-12-20 12:22:29,028 [ERROR] LogOutputStream:75 - [STDERR_REDIRECT] [Fatal Error] :1:1: Premature end of file.
2025-12-20 12:22:29,030 [ERROR] LogOutputStream:75 - [STDERR_REDIRECT] 
2025-12-20 12:22:30,033 [ERROR] LogOutputStream:75 - [STDERR_REDIRECT] [Fatal Error] :1:1: Premature end of file.
2025-12-20 12:22:30,033 [ERROR] LogOutputStream:75 - [STDERR_REDIRECT] 
2025-12-20 12:22:31,036 [ERROR] LogOutputStream:75 - [STDERR_REDIRECT] [Fatal Error] :1:1: Premature end of file.
2025-12-20 12:22:31,036 [ERROR] LogOutputStream:75 - [STDERR_REDIRECT] 
2025-12-20 12:22:32,043 [ERROR] LogOutputStream:75 - [STDERR_REDIRECT] [Fatal Error] :1:1: Premature end of file.
2025-12-20 12:22:32,043 [ERROR] LogOutputStream:75 - [STDERR_REDIRECT] 
2025-12-20 12:22:33,042 [ERROR] LogOutputStream:75 - [STDERR_REDIRECT] [Fatal Error] :1:1: Premature end of file.
2025-12-20 12:22:33,042 [ERROR] LogOutputStream:75 - [STDERR_REDIRECT] 
2025-12-20 12:22:34,101 [ERROR] LogOutputStream:75 - [STDERR_REDIRECT] [Fatal Error] :1:1: Premature end of file.
2025-12-20 12:22:34,101 [ERROR] LogOutputStream:75 - [STDERR_REDIRECT] 
2025-12-20 12:22:35,051 [ERROR] LogOutputStream:75 - [STDERR_REDIRECT] [Fatal Error] :1:1: Premature end of file.
2025-12-20 12:22:35,051 [ERROR] LogOutputStream:75 - [STDERR_REDIRECT] 
2025-12-20 12:22:36,051 [ERROR] LogOutputStream:75 - [STDERR_REDIRECT] [Fatal Error] :1:1: Premature end of file.
2025-12-20 12:22:36,051 [ERROR] LogOutputStream:75 - [STDERR_REDIRECT] 
2025-12-20 12:22:37,035 [ERROR] LogOutputStream:75 - [STDERR_REDIRECT] [Fatal Error] :1:1: Premature end of file.
2025-12-20 12:22:37,035 [ERROR] LogOutputStream:75 - [STDERR_REDIRECT] 
2025-12-20 12:22:38,032 [ERROR] LogOutputStream:75 - [STDERR_REDIRECT] [Fatal Error] :1:1: Premature end of file.
2025-12-20 12:22:38,048 [ERROR] LogOutputStream:75 - [STDERR_REDIRECT] 
2025-12-20 12:22:39,025 [ERROR] LogOutputStream:75 - [STDERR_REDIRECT] [Fatal Error] :1:1: Premature end of file.
2025-12-20 12:22:39,025 [ERROR] LogOutputStream:75 - [STDERR_REDIRECT] 
2025-12-20 12:22:40,055 [ERROR] LogOutputStream:75 - [STDERR_REDIRECT] [Fatal Error] :1:1: Premature end of file.
2025-12-20 12:22:40,055 [ERROR] LogOutputStream:75 - [STDERR_REDIRECT] 
2025-12-20 12:22:41,031 [ERROR] LogOutputStream:75 - [STDERR_REDIRECT] [Fatal Error] :1:1: Premature end of file.
2025-12-20 12:22:41,031 [ERROR] LogOutputStream:75 - [STDERR_REDIRECT] 
2025-12-20 12:22:42,038 [ERROR] LogOutputStream:75 - [STDERR_REDIRECT] [Fatal Error] :1:1: Premature end of file.
2025-12-20 12:22:42,038 [ERROR] LogOutputStream:75 - [STDERR_REDIRECT] 
2025-12-20 12:22:43,030 [ERROR] LogOutputStream:75 - [STDERR_REDIRECT] [Fatal Error] :1:1: Premature end of file.
2025-12-20 12:22:43,030 [ERROR] LogOutputStream:75 - [STDERR_REDIRECT] 
2025-12-20 12:22:44,036 [ERROR] LogOutputStream:75 - [STDERR_REDIRECT] [Fatal Error] :1:1: Premature end of file.
2025-12-20 12:22:44,036 [ERROR] LogOutputStream:75 - [STDERR_REDIRECT] 
2025-12-20 12:22:45,044 [ERROR] LogOutputStream:75 - [STDERR_REDIRECT] [Fatal Error] :1:1: Premature end of file.
2025-12-20 12:22:45,046 [ERROR] LogOutputStream:75 - [STDERR_REDIRECT] 
2025-12-20 12:22:46,026 [ERROR] LogOutputStream:75 - [STDERR_REDIRECT] [Fatal Error] :1:1: Premature end of file.
2025-12-20 12:22:46,026 [ERROR] LogOutputStream:75 - [STDERR_REDIRECT] 
2025-12-20 12:22:47,028 [ERROR] LogOutputStream:75 - [STDERR_REDIRECT] [Fatal Error] :1:1: Premature end of file.
2025-12-20 12:22:47,028 [ERROR] LogOutputStream:75 - [STDERR_REDIRECT] 
2025-12-20 12:22:48,053 [ERROR] LogOutputStream:75 - [STDERR_REDIRECT] [Fatal Error] :1:1: Premature end of file.
2025-12-20 12:22:48,053 [ERROR] LogOutputStream:75 - [STDERR_REDIRECT] 
2025-12-20 12:22:49,042 [ERROR] LogOutputStream:75 - [STDERR_REDIRECT] [Fatal Error] :1:1: Premature end of file.
2025-12-20 12:22:49,043 [ERROR] LogOutputStream:75 - [STDERR_REDIRECT] 
2025-12-20 12:22:50,020 [ERROR] LogOutputStream:75 - [STDERR_REDIRECT] [Fatal Error] :1:1: Premature end of file.
2025-12-20 12:22:50,020 [ERROR] LogOutputStream:75 - [STDERR_REDIRECT] 
2025-12-20 12:22:51,020 [ERROR] LogOutputStream:75 - [STDERR_REDIRECT] [Fatal Error] :1:1: Premature end of file.
2025-12-20 12:22:51,020 [ERROR] LogOutputStream:75 - [STDERR_REDIRECT] 
2025-12-20 12:22:52,035 [ERROR] LogOutputStream:75 - [STDERR_REDIRECT] [Fatal Error] :1:1: Premature end of file.
2025-12-20 12:22:52,035 [ERROR] LogOutputStream:75 - [STDERR_REDIRECT] 
2025-12-20 12:22:53,033 [ERROR] LogOutputStream:75 - [STDERR_REDIRECT] [Fatal Error] :1:1: Premature end of file.
2025-12-20 12:22:53,033 [ERROR] LogOutputStream:75 - [STDERR_REDIRECT] 
2025-12-20 12:22:54,040 [ERROR] LogOutputStream:75 - [STDERR_REDIRECT] [Fatal Error] :1:1: Premature end of file.
2025-12-20 12:22:54,040 [ERROR] LogOutputStream:75 - [STDERR_REDIRECT] 
2025-12-20 12:22:55,046 [ERROR] LogOutputStream:75 - [STDERR_REDIRECT] [Fatal Error] :1:1: Premature end of file.
2025-12-20 12:22:55,046 [ERROR] LogOutputStream:75 - [STDERR_REDIRECT] 
2025-12-20 12:22:56,039 [ERROR] LogOutputStream:75 - [STDERR_REDIRECT] [Fatal Error] :1:1: Premature end of file.
2025-12-20 12:22:56,039 [ERROR] LogOutputStream:75 - [STDERR_REDIRECT] 
2025-12-20 12:22:57,039 [ERROR] LogOutputStream:75 - [STDERR_REDIRECT] [Fatal Error] :1:1: Premature end of file.
2025-12-20 12:22:57,039 [ERROR] LogOutputStream:75 - [STDERR_REDIRECT] 
2025-12-20 12:22:58,023 [ERROR] LogOutputStream:75 - [STDERR_REDIRECT] [Fatal Error] :1:1: Premature end of file.
2025-12-20 12:22:58,023 [ERROR] LogOutputStream:75 - [STDERR_REDIRECT] 
2025-12-20 12:22:59,022 [ERROR] LogOutputStream:75 - [STDERR_REDIRECT] [Fatal Error] :1:1: Premature end of file.
2025-12-20 12:22:59,022 [ERROR] LogOutputStream:75 - [STDERR_REDIRECT] 
2025-12-20 12:23:00,025 [ERROR] LogOutputStream:75 - [STDERR_REDIRECT] [Fatal Error] :1:1: Premature end of file.
2025-12-20 12:23:00,026 [ERROR] LogOutputStream:75 - [STDERR_REDIRECT] 
2025-12-20 12:23:01,040 [ERROR] LogOutputStream:75 - [STDERR_REDIRECT] [Fatal Error] :1:1: Premature end of file.
2025-12-20 12:23:01,040 [ERROR] LogOutputStream:75 - [STDERR_REDIRECT] 
2025-12-20 12:23:02,026 [ERROR] LogOutputStream:75 - [STDERR_REDIRECT] [Fatal Error] :1:1: Premature end of file.
2025-12-20 12:23:02,026 [ERROR] LogOutputStream:75 - [STDERR_REDIRECT] 
2025-12-20 12:23:03,020 [ERROR] LogOutputStream:75 - [STDERR_REDIRECT] [Fatal Error] :1:1: Premature end of file.
2025-12-20 12:23:03,021 [ERROR] LogOutputStream:75 - [STDERR_REDIRECT] 
2025-12-20 12:23:04,021 [ERROR] LogOutputStream:75 - [STDERR_REDIRECT] [Fatal Error] :1:1: Premature end of file.
2025-12-20 12:23:04,021 [ERROR] LogOutputStream:75 - [STDERR_REDIRECT] 
2025-12-20 12:23:05,016 [ERROR] LogOutputStream:75 - [STDERR_REDIRECT] [Fatal Error] :1:1: Premature end of file.
2025-12-20 12:23:05,017 [ERROR] LogOutputStream:75 - [STDERR_REDIRECT] 
2025-12-20 12:23:06,053 [ERROR] LogOutputStream:75 - [STDERR_REDIRECT] [Fatal Error] :1:1: Premature end of file.
2025-12-20 12:23:06,053 [ERROR] LogOutputStream:75 - [STDERR_REDIRECT] 
2025-12-20 12:23:07,039 [ERROR] LogOutputStream:75 - [STDERR_REDIRECT] [Fatal Error] :1:1: Premature end of file.
2025-12-20 12:23:07,039 [ERROR] LogOutputStream:75 - [STDERR_REDIRECT] 
2025-12-20 12:23:08,018 [ERROR] LogOutputStream:75 - [STDERR_REDIRECT] [Fatal Error] :1:1: Premature end of file.
2025-12-20 12:23:08,019 [ERROR] LogOutputStream:75 - [STDERR_REDIRECT] 
2025-12-20 12:23:09,024 [ERROR] LogOutputStream:75 - [STDERR_REDIRECT] [Fatal Error] :1:1: Premature end of file.
2025-12-20 12:23:09,024 [ERROR] LogOutputStream:75 - [STDERR_REDIRECT] 
2025-12-20 12:23:10,028 [ERROR] LogOutputStream:75 - [STDERR_REDIRECT] [Fatal Error] :1:1: Premature end of file.
2025-12-20 12:23:10,029 [ERROR] LogOutputStream:75 - [STDERR_REDIRECT] 
2025-12-20 12:23:11,033 [ERROR] LogOutputStream:75 - [STDERR_REDIRECT] [Fatal Error] :1:1: Premature end of file.
2025-12-20 12:23:11,034 [ERROR] LogOutputStream:75 - [STDERR_REDIRECT] 
2025-12-20 12:23:12,022 [ERROR] LogOutputStream:75 - [STDERR_REDIRECT] [Fatal Error] :1:1: Premature end of file.
2025-12-20 12:23:12,022 [ERROR] LogOutputStream:75 - [STDERR_REDIRECT] 
2025-12-20 12:23:13,058 [ERROR] LogOutputStream:75 - [STDERR_REDIRECT] [Fatal Error] :1:1: Premature end of file.
2025-12-20 12:23:13,058 [ERROR] LogOutputStream:75 - [STDERR_REDIRECT] 
2025-12-20 12:23:14,027 [ERROR] LogOutputStream:75 - [STDERR_REDIRECT] [Fatal Error] :1:1: Premature end of file.
2025-12-20 12:23:14,028 [ERROR] LogOutputStream:75 - [STDERR_REDIRECT] 
2025-12-20 12:23:15,028 [ERROR] LogOutputStream:75 - [STDERR_REDIRECT] [Fatal Error] :1:1: Premature end of file.
2025-12-20 12:23:15,028 [ERROR] LogOutputStream:75 - [STDERR_REDIRECT] 
2025-12-20 12:23:16,043 [ERROR] LogOutputStream:75 - [STDERR_REDIRECT] [Fatal Error] :1:1: Premature end of file.
2025-12-20 12:23:16,043 [ERROR] LogOutputStream:75 - [STDERR_REDIRECT] 
2025-12-20 12:23:17,050 [ERROR] LogOutputStream:75 - [STDERR_REDIRECT] [Fatal Error] :1:1: Premature end of file.
2025-12-20 12:23:17,051 [ERROR] LogOutputStream:75 - [STDERR_REDIRECT] 
2025-12-20 12:23:18,030 [ERROR] LogOutputStream:75 - [STDERR_REDIRECT] [Fatal Error] :1:1: Premature end of file.
2025-12-20 12:23:18,030 [ERROR] LogOutputStream:75 - [STDERR_REDIRECT] 
2025-12-20 12:23:19,029 [ERROR] LogOutputStream:75 - [STDERR_REDIRECT] [Fatal Error] :1:1: Premature end of file.
2025-12-20 12:23:19,029 [ERROR] LogOutputStream:75 - [STDERR_REDIRECT] 
2025-12-20 12:23:20,038 [ERROR] LogOutputStream:75 - [STDERR_REDIRECT] [Fatal Error] :1:1: Premature end of file.
2025-12-20 12:23:20,038 [ERROR] LogOutputStream:75 - [STDERR_REDIRECT] 
2025-12-20 12:23:21,046 [ERROR] LogOutputStream:75 - [STDERR_REDIRECT] [Fatal Error] :1:1: Premature end of file.
2025-12-20 12:23:21,047 [ERROR] LogOutputStream:75 - [STDERR_REDIRECT] 
2025-12-20 12:23:22,034 [ERROR] LogOutputStream:75 - [STDERR_REDIRECT] [Fatal Error] :1:1: Premature end of file.
2025-12-20 12:23:22,035 [ERROR] LogOutputStream:75 - [STDERR_REDIRECT] 
2025-12-20 12:23:23,029 [ERROR] LogOutputStream:75 - [STDERR_REDIRECT] [Fatal Error] :1:1: Premature end of file.
2025-12-20 12:23:23,030 [ERROR] LogOutputStream:75 - [STDERR_REDIRECT] 
2025-12-20 12:23:24,039 [ERROR] LogOutputStream:75 - [STDERR_REDIRECT] [Fatal Error] :1:1: Premature end of file.
2025-12-20 12:23:24,040 [ERROR] LogOutputStream:75 - [STDERR_REDIRECT] 
2025-12-20 12:23:25,042 [ERROR] LogOutputStream:75 - [STDERR_REDIRECT] [Fatal Error] :1:1: Premature end of file.
2025-12-20 12:23:25,042 [ERROR] LogOutputStream:75 - [STDERR_REDIRECT] 
2025-12-20 12:23:26,029 [ERROR] LogOutputStream:75 - [STDERR_REDIRECT] [Fatal Error] :1:1: Premature end of file.
2025-12-20 12:23:26,029 [ERROR] LogOutputStream:75 - [STDERR_REDIRECT] 
2025-12-20 12:23:27,027 [ERROR] LogOutputStream:75 - [STDERR_REDIRECT] [Fatal Error] :1:1: Premature end of file.
2025-12-20 12:23:27,027 [ERROR] LogOutputStream:75 - [STDERR_REDIRECT] 
2025-12-20 12:23:28,017 [ERROR] LogOutputStream:75 - [STDERR_REDIRECT] [Fatal Error] :1:1: Premature end of file.
2025-12-20 12:23:28,017 [ERROR] LogOutputStream:75 - [STDERR_REDIRECT] 
2025-12-20 12:23:29,022 [ERROR] LogOutputStream:75 - [STDERR_REDIRECT] [Fatal Error] :1:1: Premature end of file.
2025-12-20 12:23:29,022 [ERROR] LogOutputStream:75 - [STDERR_REDIRECT] 
2025-12-20 12:23:30,029 [ERROR] LogOutputStream:75 - [STDERR_REDIRECT] [Fatal Error] :1:1: Premature end of file.
2025-12-20 12:23:30,030 [ERROR] LogOutputStream:75 - [STDERR_REDIRECT] 
2025-12-20 12:23:31,039 [ERROR] LogOutputStream:75 - [STDERR_REDIRECT] [Fatal Error] :1:1: Premature end of file.
2025-12-20 12:23:31,039 [ERROR] LogOutputStream:75 - [STDERR_REDIRECT] 
2025-12-20 12:23:32,038 [ERROR] LogOutputStream:75 - [STDERR_REDIRECT] [Fatal Error] :1:1: Premature end of file.
2025-12-20 12:23:32,039 [ERROR] LogOutputStream:75 - [STDERR_REDIRECT] 
2025-12-20 12:23:33,028 [ERROR] LogOutputStream:75 - [STDERR_REDIRECT] [Fatal Error] :1:1: Premature end of file.
2025-12-20 12:23:33,028 [ERROR] LogOutputStream:75 - [STDERR_REDIRECT] 
2025-12-20 12:23:34,042 [ERROR] LogOutputStream:75 - [STDERR_REDIRECT] [Fatal Error] :1:1: Premature end of file.
2025-12-20 12:23:34,042 [ERROR] LogOutputStream:75 - [STDERR_REDIRECT] 
2025-12-20 12:23:35,040 [ERROR] LogOutputStream:75 - [STDERR_REDIRECT] [Fatal Error] :1:1: Premature end of file.
2025-12-20 12:23:35,040 [ERROR] LogOutputStream:75 - [STDERR_REDIRECT] 
2025-12-20 12:23:36,049 [ERROR] LogOutputStream:75 - [STDERR_REDIRECT] [Fatal Error] :1:1: Premature end of file.
2025-12-20 12:23:36,050 [ERROR] LogOutputStream:75 - [STDERR_REDIRECT] 
2025-12-20 12:23:37,033 [ERROR] LogOutputStream:75 - [STDERR_REDIRECT] [Fatal Error] :1:1: Premature end of file.
2025-12-20 12:23:37,033 [ERROR] LogOutputStream:75 - [STDERR_REDIRECT] 
2025-12-20 12:23:38,038 [ERROR] LogOutputStream:75 - [STDERR_REDIRECT] [Fatal Error] :1:1: Premature end of file.
2025-12-20 12:23:38,038 [ERROR] LogOutputStream:75 - [STDERR_REDIRECT] 
2025-12-20 12:23:39,022 [ERROR] LogOutputStream:75 - [STDERR_REDIRECT] [Fatal Error] :1:1: Premature end of file.
2025-12-20 12:23:39,022 [ERROR] LogOutputStream:75 - [STDERR_REDIRECT] 
2025-12-20 12:23:40,061 [ERROR] LogOutputStream:75 - [STDERR_REDIRECT] [Fatal Error] :1:1: Premature end of file.
2025-12-20 12:23:40,061 [ERROR] LogOutputStream:75 - [STDERR_REDIRECT] 
2025-12-20 12:23:41,045 [ERROR] LogOutputStream:75 - [STDERR_REDIRECT] [Fatal Error] :1:1: Premature end of file.
2025-12-20 12:23:41,045 [ERROR] LogOutputStream:75 - [STDERR_REDIRECT] 
2025-12-20 12:23:42,051 [ERROR] LogOutputStream:75 - [STDERR_REDIRECT] [Fatal Error] :1:1: Premature end of file.
2025-12-20 12:23:42,052 [ERROR] LogOutputStream:75 - [STDERR_REDIRECT] 
2025-12-20 12:23:43,037 [ERROR] LogOutputStream:75 - [STDERR_REDIRECT] [Fatal Error] :1:1: Premature end of file.
2025-12-20 12:23:43,037 [ERROR] LogOutputStream:75 - [STDERR_REDIRECT] 
2025-12-20 12:23:44,041 [ERROR] LogOutputStream:75 - [STDERR_REDIRECT] [Fatal Error] :1:1: Premature end of file.
2025-12-20 12:23:44,041 [ERROR] LogOutputStream:75 - [STDERR_REDIRECT] 
2025-12-20 12:23:45,039 [ERROR] LogOutputStream:75 - [STDERR_REDIRECT] [Fatal Error] :1:1: Premature end of file.
2025-12-20 12:23:45,039 [ERROR] LogOutputStream:75 - [STDERR_REDIRECT] 
2025-12-20 12:23:46,055 [ERROR] LogOutputStream:75 - [STDERR_REDIRECT] [Fatal Error] :1:1: Premature end of file.
2025-12-20 12:23:46,055 [ERROR] LogOutputStream:75 - [STDERR_REDIRECT] 
2025-12-20 12:23:47,052 [ERROR] LogOutputStream:75 - [STDERR_REDIRECT] [Fatal Error] :1:1: Premature end of file.
2025-12-20 12:23:47,052 [ERROR] LogOutputStream:75 - [STDERR_REDIRECT] 
2025-12-20 12:23:48,046 [ERROR] LogOutputStream:75 - [STDERR_REDIRECT] [Fatal Error] :1:1: Premature end of file.
2025-12-20 12:23:48,046 [ERROR] LogOutputStream:75 - [STDERR_REDIRECT] 
2025-12-20 12:23:49,052 [ERROR] LogOutputStream:75 - [STDERR_REDIRECT] [Fatal Error] :1:1: Premature end of file.
2025-12-20 12:23:49,052 [ERROR] LogOutputStream:75 - [STDERR_REDIRECT] 
2025-12-20 12:23:50,037 [ERROR] LogOutputStream:75 - [STDERR_REDIRECT] [Fatal Error] :1:1: Premature end of file.
2025-12-20 12:23:50,037 [ERROR] LogOutputStream:75 - [STDERR_REDIRECT] 
2025-12-20 12:23:51,032 [ERROR] LogOutputStream:75 - [STDERR_REDIRECT] [Fatal Error] :1:1: Premature end of file.
2025-12-20 12:23:51,032 [ERROR] LogOutputStream:75 - [STDERR_REDIRECT] 
2025-12-20 12:23:52,021 [ERROR] LogOutputStream:75 - [STDERR_REDIRECT] [Fatal Error] :1:1: Premature end of file.
2025-12-20 12:23:52,021 [ERROR] LogOutputStream:75 - [STDERR_REDIRECT] 
2025-12-20 12:23:53,019 [ERROR] LogOutputStream:75 - [STDERR_REDIRECT] [Fatal Error] :1:1: Premature end of file.
2025-12-20 12:23:53,019 [ERROR] LogOutputStream:75 - [STDERR_REDIRECT] 
2025-12-20 12:23:54,036 [ERROR] LogOutputStream:75 - [STDERR_REDIRECT] [Fatal Error] :1:1: Premature end of file.
2025-12-20 12:23:54,036 [ERROR] LogOutputStream:75 - [STDERR_REDIRECT] 
2025-12-20 12:23:55,057 [ERROR] LogOutputStream:75 - [STDERR_REDIRECT] [Fatal Error] :1:1: Premature end of file.
2025-12-20 12:23:55,057 [ERROR] LogOutputStream:75 - [STDERR_REDIRECT] 
2025-12-20 12:23:56,048 [ERROR] LogOutputStream:75 - [STDERR_REDIRECT] [Fatal Error] :1:1: Premature end of file.
2025-12-20 12:23:56,049 [ERROR] LogOutputStream:75 - [STDERR_REDIRECT] 
2025-12-20 12:23:57,036 [ERROR] LogOutputStream:75 - [STDERR_REDIRECT] [Fatal Error] :1:1: Premature end of file.
2025-12-20 12:23:57,038 [ERROR] LogOutputStream:75 - [STDERR_REDIRECT] 
2025-12-20 12:23:58,049 [ERROR] LogOutputStream:75 - [STDERR_REDIRECT] [Fatal Error] :1:1: Premature end of file.
2025-12-20 12:23:58,050 [ERROR] LogOutputStream:75 - [STDERR_REDIRECT] 
2025-12-20 12:23:59,041 [ERROR] LogOutputStream:75 - [STDERR_REDIRECT] [Fatal Error] :1:1: Premature end of file.
2025-12-20 12:23:59,041 [ERROR] LogOutputStream:75 - [STDERR_REDIRECT] 
2025-12-20 12:24:00,051 [ERROR] LogOutputStream:75 - [STDERR_REDIRECT] [Fatal Error] :1:1: Premature end of file.
2025-12-20 12:24:00,051 [ERROR] LogOutputStream:75 - [STDERR_REDIRECT] 
2025-12-20 12:24:01,030 [ERROR] LogOutputStream:75 - [STDERR_REDIRECT] [Fatal Error] :1:1: Premature end of file.
2025-12-20 12:24:01,030 [ERROR] LogOutputStream:75 - [STDERR_REDIRECT] 
2025-12-20 12:24:02,026 [ERROR] LogOutputStream:75 - [STDERR_REDIRECT] [Fatal Error] :1:1: Premature end of file.
2025-12-20 12:24:02,026 [ERROR] LogOutputStream:75 - [STDERR_REDIRECT] 
2025-12-20 12:24:03,038 [ERROR] LogOutputStream:75 - [STDERR_REDIRECT] [Fatal Error] :1:1: Premature end of file.
2025-12-20 12:24:03,038 [ERROR] LogOutputStream:75 - [STDERR_REDIRECT] 
2025-12-20 12:24:04,031 [ERROR] LogOutputStream:75 - [STDERR_REDIRECT] [Fatal Error] :1:1: Premature end of file.
2025-12-20 12:24:04,031 [ERROR] LogOutputStream:75 - [STDERR_REDIRECT] 
2025-12-20 12:24:05,052 [ERROR] LogOutputStream:75 - [STDERR_REDIRECT] [Fatal Error] :1:1: Premature end of file.
2025-12-20 12:24:05,052 [ERROR] LogOutputStream:75 - [STDERR_REDIRECT] 
2025-12-20 12:24:06,045 [ERROR] LogOutputStream:75 - [STDERR_REDIRECT] [Fatal Error] :1:1: Premature end of file.
2025-12-20 12:24:06,045 [ERROR] LogOutputStream:75 - [STDERR_REDIRECT] 
2025-12-20 12:24:07,046 [ERROR] LogOutputStream:75 - [STDERR_REDIRECT] [Fatal Error] :1:1: Premature end of file.
2025-12-20 12:24:07,046 [ERROR] LogOutputStream:75 - [STDERR_REDIRECT] 
2025-12-20 12:24:08,045 [ERROR] LogOutputStream:75 - [STDERR_REDIRECT] [Fatal Error] :1:1: Premature end of file.
2025-12-20 12:24:08,045 [ERROR] LogOutputStream:75 - [STDERR_REDIRECT] 
2025-12-20 12:24:09,053 [ERROR] LogOutputStream:75 - [STDERR_REDIRECT] [Fatal Error] :1:1: Premature end of file.
2025-12-20 12:24:09,053 [ERROR] LogOutputStream:75 - [STDERR_REDIRECT] 
2025-12-20 12:24:10,045 [ERROR] LogOutputStream:75 - [STDERR_REDIRECT] [Fatal Error] :1:1: Premature end of file.
2025-12-20 12:24:10,045 [ERROR] LogOutputStream:75 - [STDERR_REDIRECT] 
2025-12-20 12:24:11,032 [ERROR] LogOutputStream:75 - [STDERR_REDIRECT] [Fatal Error] :1:1: Premature end of file.
2025-12-20 12:24:11,032 [ERROR] LogOutputStream:75 - [STDERR_REDIRECT] 
2025-12-20 12:24:12,040 [ERROR] LogOutputStream:75 - [STDERR_REDIRECT] [Fatal Error] :1:1: Premature end of file.
2025-12-20 12:24:12,040 [ERROR] LogOutputStream:75 - [STDERR_REDIRECT] 
2025-12-20 12:24:13,045 [ERROR] LogOutputStream:75 - [STDERR_REDIRECT] [Fatal Error] :1:1: Premature end of file.
2025-12-20 12:24:13,045 [ERROR] LogOutputStream:75 - [STDERR_REDIRECT] 
2025-12-20 12:24:14,052 [ERROR] LogOutputStream:75 - [STDERR_REDIRECT] [Fatal Error] :1:1: Premature end of file.
2025-12-20 12:24:14,052 [ERROR] LogOutputStream:75 - [STDERR_REDIRECT] 
2025-12-20 12:24:15,035 [ERROR] LogOutputStream:75 - [STDERR_REDIRECT] [Fatal Error] :1:1: Premature end of file.
2025-12-20 12:24:15,035 [ERROR] LogOutputStream:75 - [STDERR_REDIRECT] 
2025-12-20 12:24:16,035 [ERROR] LogOutputStream:75 - [STDERR_REDIRECT] [Fatal Error] :1:1: Premature end of file.
2025-12-20 12:24:16,036 [ERROR] LogOutputStream:75 - [STDERR_REDIRECT] 
2025-12-20 12:24:17,021 [ERROR] LogOutputStream:75 - [STDERR_REDIRECT] [Fatal Error] :1:1: Premature end of file.
2025-12-20 12:24:17,021 [ERROR] LogOutputStream:75 - [STDERR_REDIRECT] 
2025-12-20 12:24:18,042 [ERROR] LogOutputStream:75 - [STDERR_REDIRECT] [Fatal Error] :1:1: Premature end of file.
2025-12-20 12:24:18,042 [ERROR] LogOutputStream:75 - [STDERR_REDIRECT] 
2025-12-20 12:24:19,058 [ERROR] LogOutputStream:75 - [STDERR_REDIRECT] [Fatal Error] :1:1: Premature end of file.
2025-12-20 12:24:19,058 [ERROR] LogOutputStream:75 - [STDERR_REDIRECT] 
2025-12-20 12:24:20,038 [ERROR] LogOutputStream:75 - [STDERR_REDIRECT] [Fatal Error] :1:1: Premature end of file.
2025-12-20 12:24:20,041 [ERROR] LogOutputStream:75 - [STDERR_REDIRECT] 
2025-12-20 12:24:21,036 [ERROR] LogOutputStream:75 - [STDERR_REDIRECT] [Fatal Error] :1:1: Premature end of file.
2025-12-20 12:24:21,036 [ERROR] LogOutputStream:75 - [STDERR_REDIRECT] 
2025-12-20 12:24:22,051 [ERROR] LogOutputStream:75 - [STDERR_REDIRECT] [Fatal Error] :1:1: Premature end of file.
2025-12-20 12:24:22,051 [ERROR] LogOutputStream:75 - [STDERR_REDIRECT] 
2025-12-20 12:24:23,039 [ERROR] LogOutputStream:75 - [STDERR_REDIRECT] [Fatal Error] :1:1: Premature end of file.
2025-12-20 12:24:23,039 [ERROR] LogOutputStream:75 - [STDERR_REDIRECT] 
2025-12-20 12:24:24,036 [ERROR] LogOutputStream:75 - [STDERR_REDIRECT] [Fatal Error] :1:1: Premature end of file.
2025-12-20 12:24:24,036 [ERROR] LogOutputStream:75 - [STDERR_REDIRECT] 
2025-12-20 12:24:25,027 [ERROR] LogOutputStream:75 - [STDERR_REDIRECT] [Fatal Error] :1:1: Premature end of file.
2025-12-20 12:24:25,027 [ERROR] LogOutputStream:75 - [STDERR_REDIRECT] 
2025-12-20 12:24:26,055 [ERROR] LogOutputStream:75 - [STDERR_REDIRECT] [Fatal Error] :1:1: Premature end of file.
2025-12-20 12:24:26,055 [ERROR] LogOutputStream:75 - [STDERR_REDIRECT] 
2025-12-20 12:24:27,042 [ERROR] LogOutputStream:75 - [STDERR_REDIRECT] [Fatal Error] :1:1: Premature end of file.
2025-12-20 12:24:27,042 [ERROR] LogOutputStream:75 - [STDERR_REDIRECT] 
2025-12-20 12:24:28,052 [ERROR] LogOutputStream:75 - [STDERR_REDIRECT] [Fatal Error] :1:1: Premature end of file.
2025-12-20 12:24:28,052 [ERROR] LogOutputStream:75 - [STDERR_REDIRECT] 
2025-12-20 12:24:29,053 [ERROR] LogOutputStream:75 - [STDERR_REDIRECT] [Fatal Error] :1:1: Premature end of file.
2025-12-20 12:24:29,053 [ERROR] LogOutputStream:75 - [STDERR_REDIRECT] 
2025-12-20 12:24:30,045 [ERROR] LogOutputStream:75 - [STDERR_REDIRECT] [Fatal Error] :1:1: Premature end of file.
2025-12-20 12:24:30,045 [ERROR] LogOutputStream:75 - [STDERR_REDIRECT] 
2025-12-20 12:24:31,053 [ERROR] LogOutputStream:75 - [STDERR_REDIRECT] [Fatal Error] :1:1: Premature end of file.
2025-12-20 12:24:31,053 [ERROR] LogOutputStream:75 - [STDERR_REDIRECT] 
2025-12-20 12:24:32,051 [ERROR] LogOutputStream:75 - [STDERR_REDIRECT] [Fatal Error] :1:1: Premature end of file.
2025-12-20 12:24:32,051 [ERROR] LogOutputStream:75 - [STDERR_REDIRECT] 
2025-12-20 12:24:33,038 [ERROR] LogOutputStream:75 - [STDERR_REDIRECT] [Fatal Error] :1:1: Premature end of file.
2025-12-20 12:24:33,038 [ERROR] LogOutputStream:75 - [STDERR_REDIRECT] 
2025-12-20 12:24:34,060 [ERROR] LogOutputStream:75 - [STDERR_REDIRECT] [Fatal Error] :1:1: Premature end of file.
2025-12-20 12:24:34,060 [ERROR] LogOutputStream:75 - [STDERR_REDIRECT] 
2025-12-20 12:24:35,050 [ERROR] LogOutputStream:75 - [STDERR_REDIRECT] [Fatal Error] :1:1: Premature end of file.
2025-12-20 12:24:35,051 [ERROR] LogOutputStream:75 - [STDERR_REDIRECT] 
2025-12-20 12:24:36,037 [ERROR] LogOutputStream:75 - [STDERR_REDIRECT] [Fatal Error] :1:1: Premature end of file.
2025-12-20 12:24:36,039 [ERROR] LogOutputStream:75 - [STDERR_REDIRECT] 
2025-12-20 12:24:37,046 [ERROR] LogOutputStream:75 - [STDERR_REDIRECT] [Fatal Error] :1:1: Premature end of file.
2025-12-20 12:24:37,046 [ERROR] LogOutputStream:75 - [STDERR_REDIRECT] 
2025-12-20 12:24:38,009 [ERROR] LogOutputStream:75 - [STDERR_REDIRECT] [Fatal Error] :1:1: Premature end of file.
2025-12-20 12:24:38,009 [ERROR] LogOutputStream:75 - [STDERR_REDIRECT] 
2025-12-20 12:24:39,021 [ERROR] LogOutputStream:75 - [STDERR_REDIRECT] [Fatal Error] :1:1: Premature end of file.
2025-12-20 12:24:39,021 [ERROR] LogOutputStream:75 - [STDERR_REDIRECT] 
2025-12-20 12:24:40,052 [ERROR] LogOutputStream:75 - [STDERR_REDIRECT] [Fatal Error] :1:1: Premature end of file.
2025-12-20 12:24:40,052 [ERROR] LogOutputStream:75 - [STDERR_REDIRECT] 
2025-12-20 12:24:41,035 [ERROR] LogOutputStream:75 - [STDERR_REDIRECT] [Fatal Error] :1:1: Premature end of file.
2025-12-20 12:24:41,042 [ERROR] LogOutputStream:75 - [STDERR_REDIRECT] 
2025-12-20 12:24:42,056 [ERROR] LogOutputStream:75 - [STDERR_REDIRECT] [Fatal Error] :1:1: Premature end of file.
2025-12-20 12:24:42,056 [ERROR] LogOutputStream:75 - [STDERR_REDIRECT] 
2025-12-20 12:24:43,043 [ERROR] LogOutputStream:75 - [STDERR_REDIRECT] [Fatal Error] :1:1: Premature end of file.
2025-12-20 12:24:43,043 [ERROR] LogOutputStream:75 - [STDERR_REDIRECT] 
2025-12-20 12:24:44,070 [ERROR] LogOutputStream:75 - [STDERR_REDIRECT] [Fatal Error] :1:1: Premature end of file.
2025-12-20 12:24:44,070 [ERROR] LogOutputStream:75 - [STDERR_REDIRECT] 
2025-12-20 12:24:45,057 [ERROR] LogOutputStream:75 - [STDERR_REDIRECT] [Fatal Error] :1:1: Premature end of file.
2025-12-20 12:24:45,057 [ERROR] LogOutputStream:75 - [STDERR_REDIRECT] 
2025-12-20 12:24:46,042 [ERROR] LogOutputStream:75 - [STDERR_REDIRECT] [Fatal Error] :1:1: Premature end of file.
2025-12-20 12:24:46,042 [ERROR] LogOutputStream:75 - [STDERR_REDIRECT] 
2025-12-20 12:24:47,053 [ERROR] LogOutputStream:75 - [STDERR_REDIRECT] [Fatal Error] :1:1: Premature end of file.
2025-12-20 12:24:47,053 [ERROR] LogOutputStream:75 - [STDERR_REDIRECT] 
2025-12-20 12:24:48,045 [ERROR] LogOutputStream:75 - [STDERR_REDIRECT] [Fatal Error] :1:1: Premature end of file.
2025-12-20 12:24:48,046 [ERROR] LogOutputStream:75 - [STDERR_REDIRECT] 
2025-12-20 12:24:49,059 [ERROR] LogOutputStream:75 - [STDERR_REDIRECT] [Fatal Error] :1:1: Premature end of file.
2025-12-20 12:24:49,059 [ERROR] LogOutputStream:75 - [STDERR_REDIRECT] 
2025-12-20 12:24:50,049 [ERROR] LogOutputStream:75 - [STDERR_REDIRECT] [Fatal Error] :1:1: Premature end of file.
2025-12-20 12:24:50,049 [ERROR] LogOutputStream:75 - [STDERR_REDIRECT] 
2025-12-20 12:24:51,045 [ERROR] LogOutputStream:75 - [STDERR_REDIRECT] [Fatal Error] :1:1: Premature end of file.
2025-12-20 12:24:51,045 [ERROR] LogOutputStream:75 - [STDERR_REDIRECT] 
2025-12-20 12:24:52,038 [ERROR] LogOutputStream:75 - [STDERR_REDIRECT] [Fatal Error] :1:1: Premature end of file.
2025-12-20 12:24:52,038 [ERROR] LogOutputStream:75 - [STDERR_REDIRECT] 
2025-12-20 12:24:53,061 [ERROR] LogOutputStream:75 - [STDERR_REDIRECT] [Fatal Error] :1:1: Premature end of file.
2025-12-20 12:24:53,061 [ERROR] LogOutputStream:75 - [STDERR_REDIRECT] 
2025-12-20 12:24:54,043 [ERROR] LogOutputStream:75 - [STDERR_REDIRECT] [Fatal Error] :1:1: Premature end of file.
2025-12-20 12:24:54,043 [ERROR] LogOutputStream:75 - [STDERR_REDIRECT] 
2025-12-20 12:24:55,041 [ERROR] LogOutputStream:75 - [STDERR_REDIRECT] [Fatal Error] :1:1: Premature end of file.
2025-12-20 12:24:55,041 [ERROR] LogOutputStream:75 - [STDERR_REDIRECT] 
2025-12-20 12:24:56,049 [ERROR] LogOutputStream:75 - [STDERR_REDIRECT] [Fatal Error] :1:1: Premature end of file.
2025-12-20 12:24:56,051 [ERROR] LogOutputStream:75 - [STDERR_REDIRECT] 
2025-12-20 12:24:57,038 [ERROR] LogOutputStream:75 - [STDERR_REDIRECT] [Fatal Error] :1:1: Premature end of file.
2025-12-20 12:24:57,038 [ERROR] LogOutputStream:75 - [STDERR_REDIRECT] 
2025-12-20 12:24:58,051 [ERROR] LogOutputStream:75 - [STDERR_REDIRECT] [Fatal Error] :1:1: Premature end of file.
2025-12-20 12:24:58,051 [ERROR] LogOutputStream:75 - [STDERR_REDIRECT] 
2025-12-20 12:24:59,072 [ERROR] LogOutputStream:75 - [STDERR_REDIRECT] [Fatal Error] :1:1: Premature end of file.
2025-12-20 12:24:59,072 [ERROR] LogOutputStream:75 - [STDERR_REDIRECT] 
2025-12-20 12:25:00,056 [ERROR] LogOutputStream:75 - [STDERR_REDIRECT] [Fatal Error] :1:1: Premature end of file.
2025-12-20 12:25:00,056 [ERROR] LogOutputStream:75 - [STDERR_REDIRECT] 
2025-12-20 12:25:01,044 [ERROR] LogOutputStream:75 - [STDERR_REDIRECT] [Fatal Error] :1:1: Premature end of file.
2025-12-20 12:25:01,044 [ERROR] LogOutputStream:75 - [STDERR_REDIRECT] 
2025-12-20 12:25:02,022 [ERROR] LogOutputStream:75 - [STDERR_REDIRECT] [Fatal Error] :1:1: Premature end of file.
2025-12-20 12:25:02,022 [ERROR] LogOutputStream:75 - [STDERR_REDIRECT] 
2025-12-20 12:25:03,037 [ERROR] LogOutputStream:75 - [STDERR_REDIRECT] [Fatal Error] :1:1: Premature end of file.
2025-12-20 12:25:03,037 [ERROR] LogOutputStream:75 - [STDERR_REDIRECT] 
2025-12-20 12:25:04,053 [ERROR] LogOutputStream:75 - [STDERR_REDIRECT] [Fatal Error] :1:1: Premature end of file.
2025-12-20 12:25:04,053 [ERROR] LogOutputStream:75 - [STDERR_REDIRECT] 
2025-12-20 12:25:05,057 [ERROR] LogOutputStream:75 - [STDERR_REDIRECT] [Fatal Error] :1:1: Premature end of file.
2025-12-20 12:25:05,058 [ERROR] LogOutputStream:75 - [STDERR_REDIRECT] 
2025-12-20 12:25:06,027 [ERROR] LogOutputStream:75 - [STDERR_REDIRECT] [Fatal Error] :1:1: Premature end of file.
2025-12-20 12:25:06,027 [ERROR] LogOutputStream:75 - [STDERR_REDIRECT] 
2025-12-20 12:25:07,062 [ERROR] LogOutputStream:75 - [STDERR_REDIRECT] [Fatal Error] :1:1: Premature end of file.
2025-12-20 12:25:07,062 [ERROR] LogOutputStream:75 - [STDERR_REDIRECT] 
2025-12-20 12:25:08,036 [ERROR] LogOutputStream:75 - [STDERR_REDIRECT] [Fatal Error] :1:1: Premature end of file.
2025-12-20 12:25:08,036 [ERROR] LogOutputStream:75 - [STDERR_REDIRECT] 
2025-12-20 12:25:09,044 [ERROR] LogOutputStream:75 - [STDERR_REDIRECT] [Fatal Error] :1:1: Premature end of file.
2025-12-20 12:25:09,044 [ERROR] LogOutputStream:75 - [STDERR_REDIRECT] 
2025-12-20 12:25:10,057 [ERROR] LogOutputStream:75 - [STDERR_REDIRECT] [Fatal Error] :1:1: Premature end of file.
2025-12-20 12:25:10,057 [ERROR] LogOutputStream:75 - [STDERR_REDIRECT] 
2025-12-20 12:25:11,046 [ERROR] LogOutputStream:75 - [STDERR_REDIRECT] [Fatal Error] :1:1: Premature end of file.
2025-12-20 12:25:11,051 [ERROR] LogOutputStream:75 - [STDERR_REDIRECT] 
2025-12-20 12:25:12,009 [ERROR] LogOutputStream:75 - [STDERR_REDIRECT] [Fatal Error] :1:1: Premature end of file.
2025-12-20 12:25:12,009 [ERROR] LogOutputStream:75 - [STDERR_REDIRECT] 
2025-12-20 12:25:13,038 [ERROR] LogOutputStream:75 - [STDERR_REDIRECT] [Fatal Error] :1:1: Premature end of file.
2025-12-20 12:25:13,038 [ERROR] LogOutputStream:75 - [STDERR_REDIRECT] 
2025-12-20 12:25:14,040 [ERROR] LogOutputStream:75 - [STDERR_REDIRECT] [Fatal Error] :1:1: Premature end of file.
2025-12-20 12:25:14,040 [ERROR] LogOutputStream:75 - [STDERR_REDIRECT] 
2025-12-20 12:25:15,039 [ERROR] LogOutputStream:75 - [STDERR_REDIRECT] [Fatal Error] :1:1: Premature end of file.
2025-12-20 12:25:15,039 [ERROR] LogOutputStream:75 - [STDERR_REDIRECT] 
2025-12-20 12:25:16,050 [ERROR] LogOutputStream:75 - [STDERR_REDIRECT] [Fatal Error] :1:1: Premature end of file.
2025-12-20 12:25:16,050 [ERROR] LogOutputStream:75 - [STDERR_REDIRECT] 
2025-12-20 12:25:17,044 [ERROR] LogOutputStream:75 - [STDERR_REDIRECT] [Fatal Error] :1:1: Premature end of file.
2025-12-20 12:25:17,044 [ERROR] LogOutputStream:75 - [STDERR_REDIRECT] 
2025-12-20 12:25:18,052 [ERROR] LogOutputStream:75 - [STDERR_REDIRECT] [Fatal Error] :1:1: Premature end of file.
2025-12-20 12:25:18,052 [ERROR] LogOutputStream:75 - [STDERR_REDIRECT] 
2025-12-20 12:25:19,045 [ERROR] LogOutputStream:75 - [STDERR_REDIRECT] [Fatal Error] :1:1: Premature end of file.
2025-12-20 12:25:19,050 [ERROR] LogOutputStream:75 - [STDERR_REDIRECT] 
2025-12-20 12:25:20,044 [ERROR] LogOutputStream:75 - [STDERR_REDIRECT] [Fatal Error] :1:1: Premature end of file.
2025-12-20 12:25:20,044 [ERROR] LogOutputStream:75 - [STDERR_REDIRECT] 
2025-12-20 12:25:21,055 [ERROR] LogOutputStream:75 - [STDERR_REDIRECT] [Fatal Error] :1:1: Premature end of file.
2025-12-20 12:25:21,055 [ERROR] LogOutputStream:75 - [STDERR_REDIRECT] 
2025-12-20 12:25:22,049 [ERROR] LogOutputStream:75 - [STDERR_REDIRECT] [Fatal Error] :1:1: Premature end of file.
2025-12-20 12:25:22,049 [ERROR] LogOutputStream:75 - [STDERR_REDIRECT] 
2025-12-20 12:25:23,242 [ERROR] LogOutputStream:75 - [STDERR_REDIRECT] [Fatal Error] :1:1: Premature end of file.
2025-12-20 12:25:23,242 [ERROR] LogOutputStream:75 - [STDERR_REDIRECT] 
2025-12-20 12:25:24,051 [ERROR] LogOutputStream:75 - [STDERR_REDIRECT] [Fatal Error] :1:1: Premature end of file.
2025-12-20 12:25:24,051 [ERROR] LogOutputStream:75 - [STDERR_REDIRECT] 
2025-12-20 12:25:25,055 [ERROR] LogOutputStream:75 - [STDERR_REDIRECT] [Fatal Error] :1:1: Premature end of file.
2025-12-20 12:25:25,055 [ERROR] LogOutputStream:75 - [STDERR_REDIRECT] 
2025-12-20 12:25:26,018 [ERROR] LogOutputStream:75 - [STDERR_REDIRECT] [Fatal Error] :1:1: Premature end of file.
2025-12-20 12:25:26,018 [ERROR] LogOutputStream:75 - [STDERR_REDIRECT] 
2025-12-20 12:25:27,020 [ERROR] LogOutputStream:75 - [STDERR_REDIRECT] [Fatal Error] :1:1: Premature end of file.
2025-12-20 12:25:27,020 [ERROR] LogOutputStream:75 - [STDERR_REDIRECT] 
2025-12-20 12:25:28,034 [ERROR] LogOutputStream:75 - [STDERR_REDIRECT] [Fatal Error] :1:1: Premature end of file.
2025-12-20 12:25:28,034 [ERROR] LogOutputStream:75 - [STDERR_REDIRECT] 
2025-12-20 12:25:29,059 [ERROR] LogOutputStream:75 - [STDERR_REDIRECT] [Fatal Error] :1:1: Premature end of file.
2025-12-20 12:25:29,059 [ERROR] LogOutputStream:75 - [STDERR_REDIRECT] 
2025-12-20 12:25:30,233 [ERROR] LogOutputStream:75 - [STDERR_REDIRECT] [Fatal Error] :1:1: Premature end of file.
2025-12-20 12:25:30,246 [ERROR] LogOutputStream:75 - [STDERR_REDIRECT] 
2025-12-20 12:25:31,041 [ERROR] LogOutputStream:75 - [STDERR_REDIRECT] [Fatal Error] :1:1: Premature end of file.
2025-12-20 12:25:31,041 [ERROR] LogOutputStream:75 - [STDERR_REDIRECT] 
2025-12-20 12:25:32,036 [ERROR] LogOutputStream:75 - [STDERR_REDIRECT] [Fatal Error] :1:1: Premature end of file.
2025-12-20 12:25:32,036 [ERROR] LogOutputStream:75 - [STDERR_REDIRECT] 
2025-12-20 12:25:33,103 [ERROR] LogOutputStream:75 - [STDERR_REDIRECT] [Fatal Error] :1:1: Premature end of file.
2025-12-20 12:25:33,103 [ERROR] LogOutputStream:75 - [STDERR_REDIRECT] 
2025-12-20 12:25:34,051 [ERROR] LogOutputStream:75 - [STDERR_REDIRECT] [Fatal Error] :1:1: Premature end of file.
2025-12-20 12:25:34,051 [ERROR] LogOutputStream:75 - [STDERR_REDIRECT] 
2025-12-20 12:25:35,050 [ERROR] LogOutputStream:75 - [STDERR_REDIRECT] [Fatal Error] :1:1: Premature end of file.
2025-12-20 12:25:35,050 [ERROR] LogOutputStream:75 - [STDERR_REDIRECT] 
2025-12-20 12:25:36,057 [ERROR] LogOutputStream:75 - [STDERR_REDIRECT] [Fatal Error] :1:1: Premature end of file.
2025-12-20 12:25:36,057 [ERROR] LogOutputStream:75 - [STDERR_REDIRECT] 
2025-12-20 12:25:37,034 [ERROR] LogOutputStream:75 - [STDERR_REDIRECT] [Fatal Error] :1:1: Premature end of file.
2025-12-20 12:25:37,034 [ERROR] LogOutputStream:75 - [STDERR_REDIRECT] 
2025-12-20 12:25:38,055 [ERROR] LogOutputStream:75 - [STDERR_REDIRECT] [Fatal Error] :1:1: Premature end of file.
2025-12-20 12:25:38,055 [ERROR] LogOutputStream:75 - [STDERR_REDIRECT] 
2025-12-20 12:25:39,068 [ERROR] LogOutputStream:75 - [STDERR_REDIRECT] [Fatal Error] :1:1: Premature end of file.
2025-12-20 12:25:39,068 [ERROR] LogOutputStream:75 - [STDERR_REDIRECT] 
2025-12-20 12:25:40,045 [ERROR] LogOutputStream:75 - [STDERR_REDIRECT] [Fatal Error] :1:1: Premature end of file.
2025-12-20 12:25:40,045 [ERROR] LogOutputStream:75 - [STDERR_REDIRECT] 
2025-12-20 12:25:41,070 [ERROR] LogOutputStream:75 - [STDERR_REDIRECT] [Fatal Error] :1:1: Premature end of file.
2025-12-20 12:25:41,070 [ERROR] LogOutputStream:75 - [STDERR_REDIRECT] 
2025-12-20 12:25:42,033 [ERROR] LogOutputStream:75 - [STDERR_REDIRECT] [Fatal Error] :1:1: Premature end of file.
2025-12-20 12:25:42,033 [ERROR] LogOutputStream:75 - [STDERR_REDIRECT] 
2025-12-20 12:25:43,053 [ERROR] LogOutputStream:75 - [STDERR_REDIRECT] [Fatal Error] :1:1: Premature end of file.
2025-12-20 12:25:43,053 [ERROR] LogOutputStream:75 - [STDERR_REDIRECT] 
2025-12-20 12:25:44,024 [ERROR] LogOutputStream:75 - [STDERR_REDIRECT] [Fatal Error] :1:1: Premature end of file.
2025-12-20 12:25:44,024 [ERROR] LogOutputStream:75 - [STDERR_REDIRECT] 
2025-12-20 12:25:45,019 [ERROR] LogOutputStream:75 - [STDERR_REDIRECT] [Fatal Error] :1:1: Premature end of file.
2025-12-20 12:25:45,019 [ERROR] LogOutputStream:75 - [STDERR_REDIRECT] 
2025-12-20 12:25:46,040 [ERROR] LogOutputStream:75 - [STDERR_REDIRECT] [Fatal Error] :1:1: Premature end of file.
2025-12-20 12:25:46,040 [ERROR] LogOutputStream:75 - [STDERR_REDIRECT] 
2025-12-20 12:25:47,035 [ERROR] LogOutputStream:75 - [STDERR_REDIRECT] [Fatal Error] :1:1: Premature end of file.
2025-12-20 12:25:47,037 [ERROR] LogOutputStream:75 - [STDERR_REDIRECT] 
2025-12-20 12:25:48,034 [ERROR] LogOutputStream:75 - [STDERR_REDIRECT] [Fatal Error] :1:1: Premature end of file.
2025-12-20 12:25:48,034 [ERROR] LogOutputStream:75 - [STDERR_REDIRECT] 
2025-12-20 12:25:49,025 [ERROR] LogOutputStream:75 - [STDERR_REDIRECT] [Fatal Error] :1:1: Premature end of file.
2025-12-20 12:25:49,025 [ERROR] LogOutputStream:75 - [STDERR_REDIRECT] 
2025-12-20 12:25:50,054 [ERROR] LogOutputStream:75 - [STDERR_REDIRECT] [Fatal Error] :1:1: Premature end of file.
2025-12-20 12:25:50,054 [ERROR] LogOutputStream:75 - [STDERR_REDIRECT] 
2025-12-20 12:25:51,034 [ERROR] LogOutputStream:75 - [STDERR_REDIRECT] [Fatal Error] :1:1: Premature end of file.
2025-12-20 12:25:51,035 [ERROR] LogOutputStream:75 - [STDERR_REDIRECT] 
2025-12-20 12:25:52,039 [ERROR] LogOutputStream:75 - [STDERR_REDIRECT] [Fatal Error] :1:1: Premature end of file.
2025-12-20 12:25:52,039 [ERROR] LogOutputStream:75 - [STDERR_REDIRECT] 
2025-12-20 12:25:53,026 [ERROR] LogOutputStream:75 - [STDERR_REDIRECT] [Fatal Error] :1:1: Premature end of file.
2025-12-20 12:25:53,026 [ERROR] LogOutputStream:75 - [STDERR_REDIRECT] 
2025-12-20 12:25:54,029 [ERROR] LogOutputStream:75 - [STDERR_REDIRECT] [Fatal Error] :1:1: Premature end of file.
2025-12-20 12:25:54,029 [ERROR] LogOutputStream:75 - [STDERR_REDIRECT] 
2025-12-20 12:25:55,039 [ERROR] LogOutputStream:75 - [STDERR_REDIRECT] [Fatal Error] :1:1: Premature end of file.
2025-12-20 12:25:55,039 [ERROR] LogOutputStream:75 - [STDERR_REDIRECT] 
2025-12-20 12:25:56,036 [ERROR] LogOutputStream:75 - [STDERR_REDIRECT] [Fatal Error] :1:1: Premature end of file.
2025-12-20 12:25:56,036 [ERROR] LogOutputStream:75 - [STDERR_REDIRECT] 
2025-12-20 12:25:57,076 [ERROR] LogOutputStream:75 - [STDERR_REDIRECT] [Fatal Error] :1:1: Premature end of file.
2025-12-20 12:25:57,076 [ERROR] LogOutputStream:75 - [STDERR_REDIRECT] 
2025-12-20 12:25:58,037 [ERROR] LogOutputStream:75 - [STDERR_REDIRECT] [Fatal Error] :1:1: Premature end of file.
2025-12-20 12:25:58,037 [ERROR] LogOutputStream:75 - [STDERR_REDIRECT] 
2025-12-20 12:25:59,053 [ERROR] LogOutputStream:75 - [STDERR_REDIRECT] [Fatal Error] :1:1: Premature end of file.
2025-12-20 12:25:59,053 [ERROR] LogOutputStream:75 - [STDERR_REDIRECT] 
2025-12-20 12:26:00,047 [ERROR] LogOutputStream:75 - [STDERR_REDIRECT] [Fatal Error] :1:1: Premature end of file.
2025-12-20 12:26:00,048 [ERROR] LogOutputStream:75 - [STDERR_REDIRECT] 
2025-12-20 12:26:01,044 [ERROR] LogOutputStream:75 - [STDERR_REDIRECT] [Fatal Error] :1:1: Premature end of file.
2025-12-20 12:26:01,044 [ERROR] LogOutputStream:75 - [STDERR_REDIRECT] 
2025-12-20 12:26:02,043 [ERROR] LogOutputStream:75 - [STDERR_REDIRECT] [Fatal Error] :1:1: Premature end of file.
2025-12-20 12:26:02,043 [ERROR] LogOutputStream:75 - [STDERR_REDIRECT] 
2025-12-20 12:26:03,039 [ERROR] LogOutputStream:75 - [STDERR_REDIRECT] [Fatal Error] :1:1: Premature end of file.
2025-12-20 12:26:03,039 [ERROR] LogOutputStream:75 - [STDERR_REDIRECT] 
2025-12-20 12:26:04,036 [ERROR] LogOutputStream:75 - [STDERR_REDIRECT] [Fatal Error] :1:1: Premature end of file.
2025-12-20 12:26:04,036 [ERROR] LogOutputStream:75 - [STDERR_REDIRECT] 
2025-12-20 12:26:05,035 [ERROR] LogOutputStream:75 - [STDERR_REDIRECT] [Fatal Error] :1:1: Premature end of file.
2025-12-20 12:26:05,035 [ERROR] LogOutputStream:75 - [STDERR_REDIRECT] 
2025-12-20 12:26:06,053 [ERROR] LogOutputStream:75 - [STDERR_REDIRECT] [Fatal Error] :1:1: Premature end of file.
2025-12-20 12:26:06,053 [ERROR] LogOutputStream:75 - [STDERR_REDIRECT] 
2025-12-20 12:26:07,031 [ERROR] LogOutputStream:75 - [STDERR_REDIRECT] [Fatal Error] :1:1: Premature end of file.
2025-12-20 12:26:07,031 [ERROR] LogOutputStream:75 - [STDERR_REDIRECT] 
2025-12-20 12:26:08,029 [ERROR] LogOutputStream:75 - [STDERR_REDIRECT] [Fatal Error] :1:1: Premature end of file.
2025-12-20 12:26:08,029 [ERROR] LogOutputStream:75 - [STDERR_REDIRECT] 
2025-12-20 12:26:09,039 [ERROR] LogOutputStream:75 - [STDERR_REDIRECT] [Fatal Error] :1:1: Premature end of file.
2025-12-20 12:26:09,039 [ERROR] LogOutputStream:75 - [STDERR_REDIRECT] 
2025-12-20 12:26:10,035 [ERROR] LogOutputStream:75 - [STDERR_REDIRECT] [Fatal Error] :1:1: Premature end of file.
2025-12-20 12:26:10,035 [ERROR] LogOutputStream:75 - [STDERR_REDIRECT] 
2025-12-20 12:26:11,044 [ERROR] LogOutputStream:75 - [STDERR_REDIRECT] [Fatal Error] :1:1: Premature end of file.
2025-12-20 12:26:11,044 [ERROR] LogOutputStream:75 - [STDERR_REDIRECT] 
2025-12-20 12:26:12,028 [ERROR] LogOutputStream:75 - [STDERR_REDIRECT] [Fatal Error] :1:1: Premature end of file.
2025-12-20 12:26:12,028 [ERROR] LogOutputStream:75 - [STDERR_REDIRECT] 
2025-12-20 12:26:13,033 [ERROR] LogOutputStream:75 - [STDERR_REDIRECT] [Fatal Error] :1:1: Premature end of file.
2025-12-20 12:26:13,033 [ERROR] LogOutputStream:75 - [STDERR_REDIRECT] 
2025-12-20 12:26:14,025 [ERROR] LogOutputStream:75 - [STDERR_REDIRECT] [Fatal Error] :1:1: Premature end of file.
2025-12-20 12:26:14,025 [ERROR] LogOutputStream:75 - [STDERR_REDIRECT] 
2025-12-20 12:26:15,040 [ERROR] LogOutputStream:75 - [STDERR_REDIRECT] [Fatal Error] :1:1: Premature end of file.
2025-12-20 12:26:15,040 [ERROR] LogOutputStream:75 - [STDERR_REDIRECT] 
2025-12-20 12:26:16,040 [ERROR] LogOutputStream:75 - [STDERR_REDIRECT] [Fatal Error] :1:1: Premature end of file.
2025-12-20 12:26:16,040 [ERROR] LogOutputStream:75 - [STDERR_REDIRECT] 
2025-12-20 12:26:17,041 [ERROR] LogOutputStream:75 - [STDERR_REDIRECT] [Fatal Error] :1:1: Premature end of file.
2025-12-20 12:26:17,041 [ERROR] LogOutputStream:75 - [STDERR_REDIRECT] 
2025-12-20 12:26:18,041 [ERROR] LogOutputStream:75 - [STDERR_REDIRECT] [Fatal Error] :1:1: Premature end of file.
2025-12-20 12:26:18,041 [ERROR] LogOutputStream:75 - [STDERR_REDIRECT] 
2025-12-20 12:26:19,034 [ERROR] LogOutputStream:75 - [STDERR_REDIRECT] [Fatal Error] :1:1: Premature end of file.
2025-12-20 12:26:19,034 [ERROR] LogOutputStream:75 - [STDERR_REDIRECT] 
2025-12-20 12:26:20,034 [ERROR] LogOutputStream:75 - [STDERR_REDIRECT] [Fatal Error] :1:1: Premature end of file.
2025-12-20 12:26:20,034 [ERROR] LogOutputStream:75 - [STDERR_REDIRECT] 
2025-12-20 12:26:21,032 [ERROR] LogOutputStream:75 - [STDERR_REDIRECT] [Fatal Error] :1:1: Premature end of file.
2025-12-20 12:26:21,032 [ERROR] LogOutputStream:75 - [STDERR_REDIRECT] 
2025-12-20 12:26:22,046 [ERROR] LogOutputStream:75 - [STDERR_REDIRECT] [Fatal Error] :1:1: Premature end of file.
2025-12-20 12:26:22,046 [ERROR] LogOutputStream:75 - [STDERR_REDIRECT] 
2025-12-20 12:26:23,052 [ERROR] LogOutputStream:75 - [STDERR_REDIRECT] [Fatal Error] :1:1: Premature end of file.
2025-12-20 12:26:23,052 [ERROR] LogOutputStream:75 - [STDERR_REDIRECT] 
2025-12-20 12:26:24,052 [ERROR] LogOutputStream:75 - [STDERR_REDIRECT] [Fatal Error] :1:1: Premature end of file.
2025-12-20 12:26:24,052 [ERROR] LogOutputStream:75 - [STDERR_REDIRECT] 
2025-12-20 12:26:25,050 [ERROR] LogOutputStream:75 - [STDERR_REDIRECT] [Fatal Error] :1:1: Premature end of file.
2025-12-20 12:26:25,051 [ERROR] LogOutputStream:75 - [STDERR_REDIRECT] 
2025-12-20 12:26:26,059 [ERROR] LogOutputStream:75 - [STDERR_REDIRECT] [Fatal Error] :1:1: Premature end of file.
2025-12-20 12:26:26,059 [ERROR] LogOutputStream:75 - [STDERR_REDIRECT] 
2025-12-20 12:26:27,033 [ERROR] LogOutputStream:75 - [STDERR_REDIRECT] [Fatal Error] :1:1: Premature end of file.
2025-12-20 12:26:27,033 [ERROR] LogOutputStream:75 - [STDERR_REDIRECT] 
2025-12-20 12:26:28,055 [ERROR] LogOutputStream:75 - [STDERR_REDIRECT] [Fatal Error] :1:1: Premature end of file.
2025-12-20 12:26:28,055 [ERROR] LogOutputStream:75 - [STDERR_REDIRECT] 
2025-12-20 12:26:29,029 [ERROR] LogOutputStream:75 - [STDERR_REDIRECT] [Fatal Error] :1:1: Premature end of file.
2025-12-20 12:26:29,029 [ERROR] LogOutputStream:75 - [STDERR_REDIRECT] 
2025-12-20 12:26:30,031 [ERROR] LogOutputStream:75 - [STDERR_REDIRECT] [Fatal Error] :1:1: Premature end of file.
2025-12-20 12:26:30,032 [ERROR] LogOutputStream:75 - [STDERR_REDIRECT] 
2025-12-20 12:26:31,019 [ERROR] LogOutputStream:75 - [STDERR_REDIRECT] [Fatal Error] :1:1: Premature end of file.
2025-12-20 12:26:31,019 [ERROR] LogOutputStream:75 - [STDERR_REDIRECT] 
2025-12-20 12:26:32,035 [ERROR] LogOutputStream:75 - [STDERR_REDIRECT] [Fatal Error] :1:1: Premature end of file.
2025-12-20 12:26:32,035 [ERROR] LogOutputStream:75 - [STDERR_REDIRECT] 
2025-12-20 12:26:33,040 [ERROR] LogOutputStream:75 - [STDERR_REDIRECT] [Fatal Error] :1:1: Premature end of file.
2025-12-20 12:26:33,040 [ERROR] LogOutputStream:75 - [STDERR_REDIRECT] 
2025-12-20 12:26:34,056 [ERROR] LogOutputStream:75 - [STDERR_REDIRECT] [Fatal Error] :1:1: Premature end of file.
2025-12-20 12:26:34,056 [ERROR] LogOutputStream:75 - [STDERR_REDIRECT] 
2025-12-20 12:26:35,040 [ERROR] LogOutputStream:75 - [STDERR_REDIRECT] [Fatal Error] :1:1: Premature end of file.
2025-12-20 12:26:35,042 [ERROR] LogOutputStream:75 - [STDERR_REDIRECT] 
2025-12-20 12:26:36,058 [ERROR] LogOutputStream:75 - [STDERR_REDIRECT] [Fatal Error] :1:1: Premature end of file.
2025-12-20 12:26:36,058 [ERROR] LogOutputStream:75 - [STDERR_REDIRECT] 
2025-12-20 12:26:37,068 [ERROR] LogOutputStream:75 - [STDERR_REDIRECT] [Fatal Error] :1:1: Premature end of file.
2025-12-20 12:26:37,068 [ERROR] LogOutputStream:75 - [STDERR_REDIRECT] 
2025-12-20 12:26:38,046 [ERROR] LogOutputStream:75 - [STDERR_REDIRECT] [Fatal Error] :1:1: Premature end of file.
2025-12-20 12:26:38,046 [ERROR] LogOutputStream:75 - [STDERR_REDIRECT] 
2025-12-20 12:26:39,051 [ERROR] LogOutputStream:75 - [STDERR_REDIRECT] [Fatal Error] :1:1: Premature end of file.
2025-12-20 12:26:39,051 [ERROR] LogOutputStream:75 - [STDERR_REDIRECT] 
2025-12-20 12:26:40,031 [ERROR] LogOutputStream:75 - [STDERR_REDIRECT] [Fatal Error] :1:1: Premature end of file.
2025-12-20 12:26:40,031 [ERROR] LogOutputStream:75 - [STDERR_REDIRECT] 
2025-12-20 12:26:41,046 [ERROR] LogOutputStream:75 - [STDERR_REDIRECT] [Fatal Error] :1:1: Premature end of file.
2025-12-20 12:26:41,046 [ERROR] LogOutputStream:75 - [STDERR_REDIRECT] 
2025-12-20 12:26:42,051 [ERROR] LogOutputStream:75 - [STDERR_REDIRECT] [Fatal Error] :1:1: Premature end of file.
2025-12-20 12:26:42,052 [ERROR] LogOutputStream:75 - [STDERR_REDIRECT] 
2025-12-20 12:26:43,025 [ERROR] LogOutputStream:75 - [STDERR_REDIRECT] [Fatal Error] :1:1: Premature end of file.
2025-12-20 12:26:43,025 [ERROR] LogOutputStream:75 - [STDERR_REDIRECT] 
2025-12-20 12:26:44,058 [ERROR] LogOutputStream:75 - [STDERR_REDIRECT] [Fatal Error] :1:1: Premature end of file.
2025-12-20 12:26:44,058 [ERROR] LogOutputStream:75 - [STDERR_REDIRECT] 
2025-12-20 12:26:45,033 [ERROR] LogOutputStream:75 - [STDERR_REDIRECT] [Fatal Error] :1:1: Premature end of file.
2025-12-20 12:26:45,033 [ERROR] LogOutputStream:75 - [STDERR_REDIRECT] 
2025-12-20 12:26:46,035 [ERROR] LogOutputStream:75 - [STDERR_REDIRECT] [Fatal Error] :1:1: Premature end of file.
2025-12-20 12:26:46,035 [ERROR] LogOutputStream:75 - [STDERR_REDIRECT] 
2025-12-20 12:26:47,046 [ERROR] LogOutputStream:75 - [STDERR_REDIRECT] [Fatal Error] :1:1: Premature end of file.
2025-12-20 12:26:47,046 [ERROR] LogOutputStream:75 - [STDERR_REDIRECT] 
2025-12-20 12:26:48,038 [ERROR] LogOutputStream:75 - [STDERR_REDIRECT] [Fatal Error] :1:1: Premature end of file.
2025-12-20 12:26:48,038 [ERROR] LogOutputStream:75 - [STDERR_REDIRECT] 
2025-12-20 12:26:49,054 [ERROR] LogOutputStream:75 - [STDERR_REDIRECT] [Fatal Error] :1:1: Premature end of file.
2025-12-20 12:26:49,058 [ERROR] LogOutputStream:75 - [STDERR_REDIRECT] 
2025-12-20 12:26:50,044 [ERROR] LogOutputStream:75 - [STDERR_REDIRECT] [Fatal Error] :1:1: Premature end of file.
2025-12-20 12:26:50,044 [ERROR] LogOutputStream:75 - [STDERR_REDIRECT] 
2025-12-20 12:26:51,031 [ERROR] LogOutputStream:75 - [STDERR_REDIRECT] [Fatal Error] :1:1: Premature end of file.
2025-12-20 12:26:51,031 [ERROR] LogOutputStream:75 - [STDERR_REDIRECT] 
2025-12-20 12:26:52,044 [ERROR] LogOutputStream:75 - [STDERR_REDIRECT] [Fatal Error] :1:1: Premature end of file.
2025-12-20 12:26:52,044 [ERROR] LogOutputStream:75 - [STDERR_REDIRECT] 
2025-12-20 12:26:53,043 [ERROR] LogOutputStream:75 - [STDERR_REDIRECT] [Fatal Error] :1:1: Premature end of file.
2025-12-20 12:26:53,043 [ERROR] LogOutputStream:75 - [STDERR_REDIRECT] 
2025-12-20 12:26:54,035 [ERROR] LogOutputStream:75 - [STDERR_REDIRECT] [Fatal Error] :1:1: Premature end of file.
2025-12-20 12:26:54,036 [ERROR] LogOutputStream:75 - [STDERR_REDIRECT] 
2025-12-20 12:26:55,038 [ERROR] LogOutputStream:75 - [STDERR_REDIRECT] [Fatal Error] :1:1: Premature end of file.
2025-12-20 12:26:55,038 [ERROR] LogOutputStream:75 - [STDERR_REDIRECT] 
2025-12-20 12:26:56,049 [ERROR] LogOutputStream:75 - [STDERR_REDIRECT] [Fatal Error] :1:1: Premature end of file.
2025-12-20 12:26:56,049 [ERROR] LogOutputStream:75 - [STDERR_REDIRECT] 
2025-12-20 12:26:57,051 [ERROR] LogOutputStream:75 - [STDERR_REDIRECT] [Fatal Error] :1:1: Premature end of file.
2025-12-20 12:26:57,051 [ERROR] LogOutputStream:75 - [STDERR_REDIRECT] 
2025-12-20 12:26:58,048 [ERROR] LogOutputStream:75 - [STDERR_REDIRECT] [Fatal Error] :1:1: Premature end of file.
2025-12-20 12:26:58,048 [ERROR] LogOutputStream:75 - [STDERR_REDIRECT] 
2025-12-20 12:26:59,056 [ERROR] LogOutputStream:75 - [STDERR_REDIRECT] [Fatal Error] :1:1: Premature end of file.
2025-12-20 12:26:59,056 [ERROR] LogOutputStream:75 - [STDERR_REDIRECT] 
2025-12-20 12:27:00,055 [ERROR] LogOutputStream:75 - [STDERR_REDIRECT] [Fatal Error] :1:1: Premature end of file.
2025-12-20 12:27:00,055 [ERROR] LogOutputStream:75 - [STDERR_REDIRECT] 
2025-12-20 12:27:01,038 [ERROR] LogOutputStream:75 - [STDERR_REDIRECT] [Fatal Error] :1:1: Premature end of file.
2025-12-20 12:27:01,044 [ERROR] LogOutputStream:75 - [STDERR_REDIRECT] 
2025-12-20 12:27:02,032 [ERROR] LogOutputStream:75 - [STDERR_REDIRECT] [Fatal Error] :1:1: Premature end of file.
2025-12-20 12:27:02,032 [ERROR] LogOutputStream:75 - [STDERR_REDIRECT] 
2025-12-20 12:27:03,034 [ERROR] LogOutputStream:75 - [STDERR_REDIRECT] [Fatal Error] :1:1: Premature end of file.
2025-12-20 12:27:03,034 [ERROR] LogOutputStream:75 - [STDERR_REDIRECT] 
2025-12-20 12:27:04,060 [ERROR] LogOutputStream:75 - [STDERR_REDIRECT] [Fatal Error] :1:1: Premature end of file.
2025-12-20 12:27:04,060 [ERROR] LogOutputStream:75 - [STDERR_REDIRECT] 
2025-12-20 12:27:05,052 [ERROR] LogOutputStream:75 - [STDERR_REDIRECT] [Fatal Error] :1:1: Premature end of file.
2025-12-20 12:27:05,052 [ERROR] LogOutputStream:75 - [STDERR_REDIRECT] 
2025-12-20 12:27:06,051 [ERROR] LogOutputStream:75 - [STDERR_REDIRECT] [Fatal Error] :1:1: Premature end of file.
2025-12-20 12:27:06,051 [ERROR] LogOutputStream:75 - [STDERR_REDIRECT] 
2025-12-20 12:27:07,043 [ERROR] LogOutputStream:75 - [STDERR_REDIRECT] [Fatal Error] :1:1: Premature end of file.
2025-12-20 12:27:07,045 [ERROR] LogOutputStream:75 - [STDERR_REDIRECT] 
2025-12-20 12:27:08,050 [ERROR] LogOutputStream:75 - [STDERR_REDIRECT] [Fatal Error] :1:1: Premature end of file.
2025-12-20 12:27:08,050 [ERROR] LogOutputStream:75 - [STDERR_REDIRECT] 
2025-12-20 12:27:09,046 [ERROR] LogOutputStream:75 - [STDERR_REDIRECT] [Fatal Error] :1:1: Premature end of file.
2025-12-20 12:27:09,048 [ERROR] LogOutputStream:75 - [STDERR_REDIRECT] 
2025-12-20 12:27:10,043 [ERROR] LogOutputStream:75 - [STDERR_REDIRECT] [Fatal Error] :1:1: Premature end of file.
2025-12-20 12:27:10,043 [ERROR] LogOutputStream:75 - [STDERR_REDIRECT] 
2025-12-20 12:27:11,052 [ERROR] LogOutputStream:75 - [STDERR_REDIRECT] [Fatal Error] :1:1: Premature end of file.
2025-12-20 12:27:11,054 [ERROR] LogOutputStream:75 - [STDERR_REDIRECT] 
2025-12-20 12:27:12,041 [ERROR] LogOutputStream:75 - [STDERR_REDIRECT] [Fatal Error] :1:1: Premature end of file.
2025-12-20 12:27:12,041 [ERROR] LogOutputStream:75 - [STDERR_REDIRECT] 
2025-12-20 12:27:13,044 [ERROR] LogOutputStream:75 - [STDERR_REDIRECT] [Fatal Error] :1:1: Premature end of file.
2025-12-20 12:27:13,044 [ERROR] LogOutputStream:75 - [STDERR_REDIRECT] 
2025-12-20 12:27:14,026 [ERROR] LogOutputStream:75 - [STDERR_REDIRECT] [Fatal Error] :1:1: Premature end of file.
2025-12-20 12:27:14,026 [ERROR] LogOutputStream:75 - [STDERR_REDIRECT] 
2025-12-20 12:27:15,025 [ERROR] LogOutputStream:75 - [STDERR_REDIRECT] [Fatal Error] :1:1: Premature end of file.
2025-12-20 12:27:15,025 [ERROR] LogOutputStream:75 - [STDERR_REDIRECT] 
2025-12-20 12:27:16,035 [ERROR] LogOutputStream:75 - [STDERR_REDIRECT] [Fatal Error] :1:1: Premature end of file.
2025-12-20 12:27:16,035 [ERROR] LogOutputStream:75 - [STDERR_REDIRECT] 
2025-12-20 12:27:17,025 [ERROR] LogOutputStream:75 - [STDERR_REDIRECT] [Fatal Error] :1:1: Premature end of file.
2025-12-20 12:27:17,026 [ERROR] LogOutputStream:75 - [STDERR_REDIRECT] 
2025-12-20 12:27:18,040 [ERROR] LogOutputStream:75 - [STDERR_REDIRECT] [Fatal Error] :1:1: Premature end of file.
2025-12-20 12:27:18,040 [ERROR] LogOutputStream:75 - [STDERR_REDIRECT] 
2025-12-20 12:27:19,041 [ERROR] LogOutputStream:75 - [STDERR_REDIRECT] [Fatal Error] :1:1: Premature end of file.
2025-12-20 12:27:19,046 [ERROR] LogOutputStream:75 - [STDERR_REDIRECT] 
2025-12-20 12:27:20,044 [ERROR] LogOutputStream:75 - [STDERR_REDIRECT] [Fatal Error] :1:1: Premature end of file.
2025-12-20 12:27:20,044 [ERROR] LogOutputStream:75 - [STDERR_REDIRECT] 
2025-12-20 12:27:21,045 [ERROR] LogOutputStream:75 - [STDERR_REDIRECT] [Fatal Error] :1:1: Premature end of file.
2025-12-20 12:27:21,045 [ERROR] LogOutputStream:75 - [STDERR_REDIRECT] 
2025-12-20 12:27:22,052 [ERROR] LogOutputStream:75 - [STDERR_REDIRECT] [Fatal Error] :1:1: Premature end of file.
2025-12-20 12:27:22,052 [ERROR] LogOutputStream:75 - [STDERR_REDIRECT] 
2025-12-20 12:27:23,034 [ERROR] LogOutputStream:75 - [STDERR_REDIRECT] [Fatal Error] :1:1: Premature end of file.
2025-12-20 12:27:23,034 [ERROR] LogOutputStream:75 - [STDERR_REDIRECT] 
2025-12-20 12:27:24,058 [ERROR] LogOutputStream:75 - [STDERR_REDIRECT] [Fatal Error] :1:1: Premature end of file.
2025-12-20 12:27:24,060 [ERROR] LogOutputStream:75 - [STDERR_REDIRECT] 
2025-12-20 12:27:25,055 [ERROR] LogOutputStream:75 - [STDERR_REDIRECT] [Fatal Error] :1:1: Premature end of file.
2025-12-20 12:27:25,055 [ERROR] LogOutputStream:75 - [STDERR_REDIRECT] 
2025-12-20 12:27:26,031 [ERROR] LogOutputStream:75 - [STDERR_REDIRECT] [Fatal Error] :1:1: Premature end of file.
2025-12-20 12:27:26,031 [ERROR] LogOutputStream:75 - [STDERR_REDIRECT] 
2025-12-20 12:27:27,053 [ERROR] LogOutputStream:75 - [STDERR_REDIRECT] [Fatal Error] :1:1: Premature end of file.
2025-12-20 12:27:27,061 [ERROR] LogOutputStream:75 - [STDERR_REDIRECT] 
2025-12-20 12:27:28,036 [ERROR] LogOutputStream:75 - [STDERR_REDIRECT] [Fatal Error] :1:1: Premature end of file.
2025-12-20 12:27:28,036 [ERROR] LogOutputStream:75 - [STDERR_REDIRECT] 
2025-12-20 12:27:29,056 [ERROR] LogOutputStream:75 - [STDERR_REDIRECT] [Fatal Error] :1:1: Premature end of file.
2025-12-20 12:27:29,056 [ERROR] LogOutputStream:75 - [STDERR_REDIRECT] 
2025-12-20 12:27:30,032 [ERROR] LogOutputStream:75 - [STDERR_REDIRECT] [Fatal Error] :1:1: Premature end of file.
2025-12-20 12:27:30,032 [ERROR] LogOutputStream:75 - [STDERR_REDIRECT] 
2025-12-20 12:27:31,050 [ERROR] LogOutputStream:75 - [STDERR_REDIRECT] [Fatal Error] :1:1: Premature end of file.
2025-12-20 12:27:31,050 [ERROR] LogOutputStream:75 - [STDERR_REDIRECT] 
2025-12-20 12:27:32,035 [ERROR] LogOutputStream:75 - [STDERR_REDIRECT] [Fatal Error] :1:1: Premature end of file.
2025-12-20 12:27:32,035 [ERROR] LogOutputStream:75 - [STDERR_REDIRECT] 
2025-12-20 12:27:33,038 [ERROR] LogOutputStream:75 - [STDERR_REDIRECT] [Fatal Error] :1:1: Premature end of file.
2025-12-20 12:27:33,038 [ERROR] LogOutputStream:75 - [STDERR_REDIRECT] 
2025-12-20 12:27:34,061 [ERROR] LogOutputStream:75 - [STDERR_REDIRECT] [Fatal Error] :1:1: Premature end of file.
2025-12-20 12:27:34,061 [ERROR] LogOutputStream:75 - [STDERR_REDIRECT] 
2025-12-20 12:27:35,053 [ERROR] LogOutputStream:75 - [STDERR_REDIRECT] [Fatal Error] :1:1: Premature end of file.
2025-12-20 12:27:35,054 [ERROR] LogOutputStream:75 - [STDERR_REDIRECT] 
2025-12-20 12:27:36,051 [ERROR] LogOutputStream:75 - [STDERR_REDIRECT] [Fatal Error] :1:1: Premature end of file.
2025-12-20 12:27:36,051 [ERROR] LogOutputStream:75 - [STDERR_REDIRECT] 
2025-12-20 12:27:37,040 [ERROR] LogOutputStream:75 - [STDERR_REDIRECT] [Fatal Error] :1:1: Premature end of file.
2025-12-20 12:27:37,040 [ERROR] LogOutputStream:75 - [STDERR_REDIRECT] 
2025-12-20 12:27:38,022 [ERROR] LogOutputStream:75 - [STDERR_REDIRECT] [Fatal Error] :1:1: Premature end of file.
2025-12-20 12:27:38,022 [ERROR] LogOutputStream:75 - [STDERR_REDIRECT] 
2025-12-20 12:27:39,027 [ERROR] LogOutputStream:75 - [STDERR_REDIRECT] [Fatal Error] :1:1: Premature end of file.
2025-12-20 12:27:39,027 [ERROR] LogOutputStream:75 - [STDERR_REDIRECT] 
2025-12-20 12:27:40,035 [ERROR] LogOutputStream:75 - [STDERR_REDIRECT] [Fatal Error] :1:1: Premature end of file.
2025-12-20 12:27:40,037 [ERROR] LogOutputStream:75 - [STDERR_REDIRECT] 
2025-12-20 12:27:41,041 [ERROR] LogOutputStream:75 - [STDERR_REDIRECT] [Fatal Error] :1:1: Premature end of file.
2025-12-20 12:27:41,041 [ERROR] LogOutputStream:75 - [STDERR_REDIRECT] 
2025-12-20 12:27:42,042 [ERROR] LogOutputStream:75 - [STDERR_REDIRECT] [Fatal Error] :1:1: Premature end of file.
2025-12-20 12:27:42,042 [ERROR] LogOutputStream:75 - [STDERR_REDIRECT] 
2025-12-20 12:27:43,044 [ERROR] LogOutputStream:75 - [STDERR_REDIRECT] [Fatal Error] :1:1: Premature end of file.
2025-12-20 12:27:43,044 [ERROR] LogOutputStream:75 - [STDERR_REDIRECT] 
2025-12-20 12:27:44,035 [ERROR] LogOutputStream:75 - [STDERR_REDIRECT] [Fatal Error] :1:1: Premature end of file.
2025-12-20 12:27:44,035 [ERROR] LogOutputStream:75 - [STDERR_REDIRECT] 
2025-12-20 12:27:45,051 [ERROR] LogOutputStream:75 - [STDERR_REDIRECT] [Fatal Error] :1:1: Premature end of file.
2025-12-20 12:27:45,051 [ERROR] LogOutputStream:75 - [STDERR_REDIRECT] 
2025-12-20 12:27:46,053 [ERROR] LogOutputStream:75 - [STDERR_REDIRECT] [Fatal Error] :1:1: Premature end of file.
2025-12-20 12:27:46,053 [ERROR] LogOutputStream:75 - [STDERR_REDIRECT] 
2025-12-20 12:27:47,045 [ERROR] LogOutputStream:75 - [STDERR_REDIRECT] [Fatal Error] :1:1: Premature end of file.
2025-12-20 12:27:47,045 [ERROR] LogOutputStream:75 - [STDERR_REDIRECT] 
2025-12-20 12:27:48,042 [ERROR] LogOutputStream:75 - [STDERR_REDIRECT] [Fatal Error] :1:1: Premature end of file.
2025-12-20 12:27:48,042 [ERROR] LogOutputStream:75 - [STDERR_REDIRECT] 
2025-12-20 12:27:49,047 [ERROR] LogOutputStream:75 - [STDERR_REDIRECT] [Fatal Error] :1:1: Premature end of file.
2025-12-20 12:27:49,049 [ERROR] LogOutputStream:75 - [STDERR_REDIRECT] 
2025-12-20 12:27:50,035 [ERROR] LogOutputStream:75 - [STDERR_REDIRECT] [Fatal Error] :1:1: Premature end of file.
2025-12-20 12:27:50,035 [ERROR] LogOutputStream:75 - [STDERR_REDIRECT] 
2025-12-20 12:27:51,040 [ERROR] LogOutputStream:75 - [STDERR_REDIRECT] [Fatal Error] :1:1: Premature end of file.
2025-12-20 12:27:51,041 [ERROR] LogOutputStream:75 - [STDERR_REDIRECT] 
2025-12-20 12:27:52,045 [ERROR] LogOutputStream:75 - [STDERR_REDIRECT] [Fatal Error] :1:1: Premature end of file.
2025-12-20 12:27:52,049 [ERROR] LogOutputStream:75 - [STDERR_REDIRECT] 
2025-12-20 12:27:53,055 [ERROR] LogOutputStream:75 - [STDERR_REDIRECT] [Fatal Error] :1:1: Premature end of file.
2025-12-20 12:27:53,055 [ERROR] LogOutputStream:75 - [STDERR_REDIRECT] 
2025-12-20 12:27:54,035 [ERROR] LogOutputStream:75 - [STDERR_REDIRECT] [Fatal Error] :1:1: Premature end of file.
2025-12-20 12:27:54,035 [ERROR] LogOutputStream:75 - [STDERR_REDIRECT] 
2025-12-20 12:27:55,036 [ERROR] LogOutputStream:75 - [STDERR_REDIRECT] [Fatal Error] :1:1: Premature end of file.
2025-12-20 12:27:55,036 [ERROR] LogOutputStream:75 - [STDERR_REDIRECT] 
2025-12-20 12:27:56,043 [ERROR] LogOutputStream:75 - [STDERR_REDIRECT] [Fatal Error] :1:1: Premature end of file.
2025-12-20 12:27:56,043 [ERROR] LogOutputStream:75 - [STDERR_REDIRECT] 
2025-12-20 12:27:57,051 [ERROR] LogOutputStream:75 - [STDERR_REDIRECT] [Fatal Error] :1:1: Premature end of file.
2025-12-20 12:27:57,051 [ERROR] LogOutputStream:75 - [STDERR_REDIRECT] 
2025-12-20 12:27:58,044 [ERROR] LogOutputStream:75 - [STDERR_REDIRECT] [Fatal Error] :1:1: Premature end of file.
2025-12-20 12:27:58,044 [ERROR] LogOutputStream:75 - [STDERR_REDIRECT] 
2025-12-20 12:27:59,053 [ERROR] LogOutputStream:75 - [STDERR_REDIRECT] [Fatal Error] :1:1: Premature end of file.
2025-12-20 12:27:59,053 [ERROR] LogOutputStream:75 - [STDERR_REDIRECT] 
2025-12-20 12:28:00,027 [ERROR] LogOutputStream:75 - [STDERR_REDIRECT] [Fatal Error] :1:1: Premature end of file.
2025-12-20 12:28:00,027 [ERROR] LogOutputStream:75 - [STDERR_REDIRECT] 
2025-12-20 12:28:01,037 [ERROR] LogOutputStream:75 - [STDERR_REDIRECT] [Fatal Error] :1:1: Premature end of file.
2025-12-20 12:28:01,037 [ERROR] LogOutputStream:75 - [STDERR_REDIRECT] 
2025-12-20 12:28:02,020 [ERROR] LogOutputStream:75 - [STDERR_REDIRECT] [Fatal Error] :1:1: Premature end of file.
2025-12-20 12:28:02,020 [ERROR] LogOutputStream:75 - [STDERR_REDIRECT] 
2025-12-20 12:28:03,055 [ERROR] LogOutputStream:75 - [STDERR_REDIRECT] [Fatal Error] :1:1: Premature end of file.
2025-12-20 12:28:03,055 [ERROR] LogOutputStream:75 - [STDERR_REDIRECT] 
2025-12-20 12:28:04,040 [ERROR] LogOutputStream:75 - [STDERR_REDIRECT] [Fatal Error] :1:1: Premature end of file.
2025-12-20 12:28:04,040 [ERROR] LogOutputStream:75 - [STDERR_REDIRECT] 
2025-12-20 12:28:05,027 [ERROR] LogOutputStream:75 - [STDERR_REDIRECT] [Fatal Error] :1:1: Premature end of file.
2025-12-20 12:28:05,028 [ERROR] LogOutputStream:75 - [STDERR_REDIRECT] 
2025-12-20 12:28:06,017 [ERROR] LogOutputStream:75 - [STDERR_REDIRECT] [Fatal Error] :1:1: Premature end of file.
2025-12-20 12:28:06,029 [ERROR] LogOutputStream:75 - [STDERR_REDIRECT] 
2025-12-20 12:28:07,042 [ERROR] LogOutputStream:75 - [STDERR_REDIRECT] [Fatal Error] :1:1: Premature end of file.
2025-12-20 12:28:07,042 [ERROR] LogOutputStream:75 - [STDERR_REDIRECT] 
2025-12-20 12:28:08,057 [ERROR] LogOutputStream:75 - [STDERR_REDIRECT] [Fatal Error] :1:1: Premature end of file.
2025-12-20 12:28:08,057 [ERROR] LogOutputStream:75 - [STDERR_REDIRECT] 
2025-12-20 12:28:09,045 [ERROR] LogOutputStream:75 - [STDERR_REDIRECT] [Fatal Error] :1:1: Premature end of file.
2025-12-20 12:28:09,045 [ERROR] LogOutputStream:75 - [STDERR_REDIRECT] 
2025-12-20 12:28:10,033 [ERROR] LogOutputStream:75 - [STDERR_REDIRECT] [Fatal Error] :1:1: Premature end of file.
2025-12-20 12:28:10,033 [ERROR] LogOutputStream:75 - [STDERR_REDIRECT] 
2025-12-20 12:28:11,033 [ERROR] LogOutputStream:75 - [STDERR_REDIRECT] [Fatal Error] :1:1: Premature end of file.
2025-12-20 12:28:11,033 [ERROR] LogOutputStream:75 - [STDERR_REDIRECT] 
2025-12-20 12:28:12,052 [ERROR] LogOutputStream:75 - [STDERR_REDIRECT] [Fatal Error] :1:1: Premature end of file.
2025-12-20 12:28:12,052 [ERROR] LogOutputStream:75 - [STDERR_REDIRECT] 
2025-12-20 12:28:13,039 [ERROR] LogOutputStream:75 - [STDERR_REDIRECT] [Fatal Error] :1:1: Premature end of file.
2025-12-20 12:28:13,039 [ERROR] LogOutputStream:75 - [STDERR_REDIRECT] 
2025-12-20 12:28:14,029 [ERROR] LogOutputStream:75 - [STDERR_REDIRECT] [Fatal Error] :1:1: Premature end of file.
2025-12-20 12:28:14,029 [ERROR] LogOutputStream:75 - [STDERR_REDIRECT] 
2025-12-20 12:28:15,026 [ERROR] LogOutputStream:75 - [STDERR_REDIRECT] [Fatal Error] :1:1: Premature end of file.
2025-12-20 12:28:15,026 [ERROR] LogOutputStream:75 - [STDERR_REDIRECT] 
2025-12-20 12:28:16,056 [ERROR] LogOutputStream:75 - [STDERR_REDIRECT] [Fatal Error] :1:1: Premature end of file.
2025-12-20 12:28:16,056 [ERROR] LogOutputStream:75 - [STDERR_REDIRECT] 
2025-12-20 12:28:17,038 [ERROR] LogOutputStream:75 - [STDERR_REDIRECT] [Fatal Error] :1:1: Premature end of file.
2025-12-20 12:28:17,038 [ERROR] LogOutputStream:75 - [STDERR_REDIRECT] 
2025-12-20 12:28:18,045 [ERROR] LogOutputStream:75 - [STDERR_REDIRECT] [Fatal Error] :1:1: Premature end of file.
2025-12-20 12:28:18,045 [ERROR] LogOutputStream:75 - [STDERR_REDIRECT] 
2025-12-20 12:28:19,038 [ERROR] LogOutputStream:75 - [STDERR_REDIRECT] [Fatal Error] :1:1: Premature end of file.
2025-12-20 12:28:19,038 [ERROR] LogOutputStream:75 - [STDERR_REDIRECT] 
2025-12-20 12:28:20,052 [ERROR] LogOutputStream:75 - [STDERR_REDIRECT] [Fatal Error] :1:1: Premature end of file.
2025-12-20 12:28:20,052 [ERROR] LogOutputStream:75 - [STDERR_REDIRECT] 
2025-12-20 12:28:21,049 [ERROR] LogOutputStream:75 - [STDERR_REDIRECT] [Fatal Error] :1:1: Premature end of file.
2025-12-20 12:28:21,049 [ERROR] LogOutputStream:75 - [STDERR_REDIRECT] 
2025-12-20 12:28:22,028 [ERROR] LogOutputStream:75 - [STDERR_REDIRECT] [Fatal Error] :1:1: Premature end of file.
2025-12-20 12:28:22,028 [ERROR] LogOutputStream:75 - [STDERR_REDIRECT] 
2025-12-20 12:28:23,025 [ERROR] LogOutputStream:75 - [STDERR_REDIRECT] [Fatal Error] :1:1: Premature end of file.
2025-12-20 12:28:23,026 [ERROR] LogOutputStream:75 - [STDERR_REDIRECT] 
2025-12-20 12:28:24,024 [ERROR] LogOutputStream:75 - [STDERR_REDIRECT] [Fatal Error] :1:1: Premature end of file.
2025-12-20 12:28:24,024 [ERROR] LogOutputStream:75 - [STDERR_REDIRECT] 
2025-12-20 12:28:25,041 [ERROR] LogOutputStream:75 - [STDERR_REDIRECT] [Fatal Error] :1:1: Premature end of file.
2025-12-20 12:28:25,041 [ERROR] LogOutputStream:75 - [STDERR_REDIRECT] 
2025-12-20 12:28:26,036 [ERROR] LogOutputStream:75 - [STDERR_REDIRECT] [Fatal Error] :1:1: Premature end of file.
2025-12-20 12:28:26,036 [ERROR] LogOutputStream:75 - [STDERR_REDIRECT] 
2025-12-20 12:28:27,044 [ERROR] LogOutputStream:75 - [STDERR_REDIRECT] [Fatal Error] :1:1: Premature end of file.
2025-12-20 12:28:27,044 [ERROR] LogOutputStream:75 - [STDERR_REDIRECT] 
2025-12-20 12:28:28,031 [ERROR] LogOutputStream:75 - [STDERR_REDIRECT] [Fatal Error] :1:1: Premature end of file.
2025-12-20 12:28:28,031 [ERROR] LogOutputStream:75 - [STDERR_REDIRECT] 
2025-12-20 12:28:29,050 [ERROR] LogOutputStream:75 - [STDERR_REDIRECT] [Fatal Error] :1:1: Premature end of file.
2025-12-20 12:28:29,050 [ERROR] LogOutputStream:75 - [STDERR_REDIRECT] 
2025-12-20 12:28:30,032 [ERROR] LogOutputStream:75 - [STDERR_REDIRECT] [Fatal Error] :1:1: Premature end of file.
2025-12-20 12:28:30,032 [ERROR] LogOutputStream:75 - [STDERR_REDIRECT] 
2025-12-20 12:28:31,031 [ERROR] LogOutputStream:75 - [STDERR_REDIRECT] [Fatal Error] :1:1: Premature end of file.
2025-12-20 12:28:31,031 [ERROR] LogOutputStream:75 - [STDERR_REDIRECT] 
2025-12-20 12:28:32,040 [ERROR] LogOutputStream:75 - [STDERR_REDIRECT] [Fatal Error] :1:1: Premature end of file.
2025-12-20 12:28:32,040 [ERROR] LogOutputStream:75 - [STDERR_REDIRECT] 
2025-12-20 12:28:33,037 [ERROR] LogOutputStream:75 - [STDERR_REDIRECT] [Fatal Error] :1:1: Premature end of file.
2025-12-20 12:28:33,037 [ERROR] LogOutputStream:75 - [STDERR_REDIRECT] 
2025-12-20 12:28:34,041 [ERROR] LogOutputStream:75 - [STDERR_REDIRECT] [Fatal Error] :1:1: Premature end of file.
2025-12-20 12:28:34,041 [ERROR] LogOutputStream:75 - [STDERR_REDIRECT] 
2025-12-20 12:28:35,036 [ERROR] LogOutputStream:75 - [STDERR_REDIRECT] [Fatal Error] :1:1: Premature end of file.
2025-12-20 12:28:35,036 [ERROR] LogOutputStream:75 - [STDERR_REDIRECT] 
2025-12-20 12:28:36,031 [ERROR] LogOutputStream:75 - [STDERR_REDIRECT] [Fatal Error] :1:1: Premature end of file.
2025-12-20 12:28:36,032 [ERROR] LogOutputStream:75 - [STDERR_REDIRECT] 
2025-12-20 12:28:37,039 [ERROR] LogOutputStream:75 - [STDERR_REDIRECT] [Fatal Error] :1:1: Premature end of file.
2025-12-20 12:28:37,039 [ERROR] LogOutputStream:75 - [STDERR_REDIRECT] 
2025-12-20 12:28:38,037 [ERROR] LogOutputStream:75 - [STDERR_REDIRECT] [Fatal Error] :1:1: Premature end of file.
2025-12-20 12:28:38,037 [ERROR] LogOutputStream:75 - [STDERR_REDIRECT] 
2025-12-20 12:28:39,027 [ERROR] LogOutputStream:75 - [STDERR_REDIRECT] [Fatal Error] :1:1: Premature end of file.
2025-12-20 12:28:39,027 [ERROR] LogOutputStream:75 - [STDERR_REDIRECT] 
2025-12-20 12:28:40,053 [ERROR] LogOutputStream:75 - [STDERR_REDIRECT] [Fatal Error] :1:1: Premature end of file.
2025-12-20 12:28:40,053 [ERROR] LogOutputStream:75 - [STDERR_REDIRECT] 
2025-12-20 12:28:41,057 [ERROR] LogOutputStream:75 - [STDERR_REDIRECT] [Fatal Error] :1:1: Premature end of file.
2025-12-20 12:28:41,057 [ERROR] LogOutputStream:75 - [STDERR_REDIRECT] 
2025-12-20 12:28:42,040 [ERROR] LogOutputStream:75 - [STDERR_REDIRECT] [Fatal Error] :1:1: Premature end of file.
2025-12-20 12:28:42,040 [ERROR] LogOutputStream:75 - [STDERR_REDIRECT] 
2025-12-20 12:28:43,053 [ERROR] LogOutputStream:75 - [STDERR_REDIRECT] [Fatal Error] :1:1: Premature end of file.
2025-12-20 12:28:43,053 [ERROR] LogOutputStream:75 - [STDERR_REDIRECT] 
2025-12-20 12:28:44,055 [ERROR] LogOutputStream:75 - [STDERR_REDIRECT] [Fatal Error] :1:1: Premature end of file.
2025-12-20 12:28:44,055 [ERROR] LogOutputStream:75 - [STDERR_REDIRECT] 
2025-12-20 12:28:45,037 [ERROR] LogOutputStream:75 - [STDERR_REDIRECT] [Fatal Error] :1:1: Premature end of file.
2025-12-20 12:28:45,037 [ERROR] LogOutputStream:75 - [STDERR_REDIRECT] 
2025-12-20 12:28:46,033 [ERROR] LogOutputStream:75 - [STDERR_REDIRECT] [Fatal Error] :1:1: Premature end of file.
2025-12-20 12:28:46,033 [ERROR] LogOutputStream:75 - [STDERR_REDIRECT] 
2025-12-20 12:28:47,119 [ERROR] LogOutputStream:75 - [STDERR_REDIRECT] [Fatal Error] :1:1: Premature end of file.
2025-12-20 12:28:47,119 [ERROR] LogOutputStream:75 - [STDERR_REDIRECT] 
2025-12-20 12:28:48,025 [ERROR] LogOutputStream:75 - [STDERR_REDIRECT] [Fatal Error] :1:1: Premature end of file.
2025-12-20 12:28:48,025 [ERROR] LogOutputStream:75 - [STDERR_REDIRECT] 
2025-12-20 12:28:49,060 [ERROR] LogOutputStream:75 - [STDERR_REDIRECT] [Fatal Error] :1:1: Premature end of file.
2025-12-20 12:28:49,060 [ERROR] LogOutputStream:75 - [STDERR_REDIRECT] 
2025-12-20 12:28:50,029 [ERROR] LogOutputStream:75 - [STDERR_REDIRECT] [Fatal Error] :1:1: Premature end of file.
2025-12-20 12:28:50,032 [ERROR] LogOutputStream:75 - [STDERR_REDIRECT] 
2025-12-20 12:28:51,036 [ERROR] LogOutputStream:75 - [STDERR_REDIRECT] [Fatal Error] :1:1: Premature end of file.
2025-12-20 12:28:51,036 [ERROR] LogOutputStream:75 - [STDERR_REDIRECT] 
2025-12-20 12:28:52,042 [ERROR] LogOutputStream:75 - [STDERR_REDIRECT] [Fatal Error] :1:1: Premature end of file.
2025-12-20 12:28:52,042 [ERROR] LogOutputStream:75 - [STDERR_REDIRECT] 
2025-12-20 12:28:53,056 [ERROR] LogOutputStream:75 - [STDERR_REDIRECT] [Fatal Error] :1:1: Premature end of file.
2025-12-20 12:28:53,056 [ERROR] LogOutputStream:75 - [STDERR_REDIRECT] 
2025-12-20 12:28:54,038 [ERROR] LogOutputStream:75 - [STDERR_REDIRECT] [Fatal Error] :1:1: Premature end of file.
2025-12-20 12:28:54,038 [ERROR] LogOutputStream:75 - [STDERR_REDIRECT] 
2025-12-20 12:28:55,046 [ERROR] LogOutputStream:75 - [STDERR_REDIRECT] [Fatal Error] :1:1: Premature end of file.
2025-12-20 12:28:55,048 [ERROR] LogOutputStream:75 - [STDERR_REDIRECT] 
2025-12-20 12:28:56,029 [ERROR] LogOutputStream:75 - [STDERR_REDIRECT] [Fatal Error] :1:1: Premature end of file.
2025-12-20 12:28:56,029 [ERROR] LogOutputStream:75 - [STDERR_REDIRECT] 
2025-12-20 12:28:57,035 [ERROR] LogOutputStream:75 - [STDERR_REDIRECT] [Fatal Error] :1:1: Premature end of file.
2025-12-20 12:28:57,035 [ERROR] LogOutputStream:75 - [STDERR_REDIRECT] 
2025-12-20 12:28:58,032 [ERROR] LogOutputStream:75 - [STDERR_REDIRECT] [Fatal Error] :1:1: Premature end of file.
2025-12-20 12:28:58,032 [ERROR] LogOutputStream:75 - [STDERR_REDIRECT] 
2025-12-20 12:28:59,056 [ERROR] LogOutputStream:75 - [STDERR_REDIRECT] [Fatal Error] :1:1: Premature end of file.
2025-12-20 12:28:59,056 [ERROR] LogOutputStream:75 - [STDERR_REDIRECT] 
2025-12-20 12:29:00,039 [ERROR] LogOutputStream:75 - [STDERR_REDIRECT] [Fatal Error] :1:1: Premature end of file.
2025-12-20 12:29:00,041 [ERROR] LogOutputStream:75 - [STDERR_REDIRECT] 
2025-12-20 12:29:01,043 [ERROR] LogOutputStream:75 - [STDERR_REDIRECT] [Fatal Error] :1:1: Premature end of file.
2025-12-20 12:29:01,043 [ERROR] LogOutputStream:75 - [STDERR_REDIRECT] 
2025-12-20 12:29:02,053 [ERROR] LogOutputStream:75 - [STDERR_REDIRECT] [Fatal Error] :1:1: Premature end of file.
2025-12-20 12:29:02,053 [ERROR] LogOutputStream:75 - [STDERR_REDIRECT] 
2025-12-20 12:29:03,047 [ERROR] LogOutputStream:75 - [STDERR_REDIRECT] [Fatal Error] :1:1: Premature end of file.
2025-12-20 12:29:03,049 [ERROR] LogOutputStream:75 - [STDERR_REDIRECT] 
2025-12-20 12:29:04,055 [ERROR] LogOutputStream:75 - [STDERR_REDIRECT] [Fatal Error] :1:1: Premature end of file.
2025-12-20 12:29:04,055 [ERROR] LogOutputStream:75 - [STDERR_REDIRECT] 
2025-12-20 12:29:05,038 [ERROR] LogOutputStream:75 - [STDERR_REDIRECT] [Fatal Error] :1:1: Premature end of file.
2025-12-20 12:29:05,038 [ERROR] LogOutputStream:75 - [STDERR_REDIRECT] 
2025-12-20 12:29:06,037 [ERROR] LogOutputStream:75 - [STDERR_REDIRECT] [Fatal Error] :1:1: Premature end of file.
2025-12-20 12:29:06,037 [ERROR] LogOutputStream:75 - [STDERR_REDIRECT] 
2025-12-20 12:29:07,046 [ERROR] LogOutputStream:75 - [STDERR_REDIRECT] [Fatal Error] :1:1: Premature end of file.
2025-12-20 12:29:07,049 [ERROR] LogOutputStream:75 - [STDERR_REDIRECT] 
2025-12-20 12:29:08,037 [ERROR] LogOutputStream:75 - [STDERR_REDIRECT] [Fatal Error] :1:1: Premature end of file.
2025-12-20 12:29:08,037 [ERROR] LogOutputStream:75 - [STDERR_REDIRECT] 
2025-12-20 12:29:09,049 [ERROR] LogOutputStream:75 - [STDERR_REDIRECT] [Fatal Error] :1:1: Premature end of file.
2025-12-20 12:29:09,049 [ERROR] LogOutputStream:75 - [STDERR_REDIRECT] 
2025-12-20 12:29:10,027 [ERROR] LogOutputStream:75 - [STDERR_REDIRECT] [Fatal Error] :1:1: Premature end of file.
2025-12-20 12:29:10,027 [ERROR] LogOutputStream:75 - [STDERR_REDIRECT] 
2025-12-20 12:29:11,038 [ERROR] LogOutputStream:75 - [STDERR_REDIRECT] [Fatal Error] :1:1: Premature end of file.
2025-12-20 12:29:11,038 [ERROR] LogOutputStream:75 - [STDERR_REDIRECT] 
2025-12-20 12:29:12,027 [ERROR] LogOutputStream:75 - [STDERR_REDIRECT] [Fatal Error] :1:1: Premature end of file.
2025-12-20 12:29:12,027 [ERROR] LogOutputStream:75 - [STDERR_REDIRECT] 
2025-12-20 12:29:13,042 [ERROR] LogOutputStream:75 - [STDERR_REDIRECT] [Fatal Error] :1:1: Premature end of file.
2025-12-20 12:29:13,042 [ERROR] LogOutputStream:75 - [STDERR_REDIRECT] 
2025-12-20 12:29:14,043 [ERROR] LogOutputStream:75 - [STDERR_REDIRECT] [Fatal Error] :1:1: Premature end of file.
2025-12-20 12:29:14,043 [ERROR] LogOutputStream:75 - [STDERR_REDIRECT] 
2025-12-20 12:29:15,027 [ERROR] LogOutputStream:75 - [STDERR_REDIRECT] [Fatal Error] :1:1: Premature end of file.
2025-12-20 12:29:15,027 [ERROR] LogOutputStream:75 - [STDERR_REDIRECT] 
2025-12-20 12:29:16,033 [ERROR] LogOutputStream:75 - [STDERR_REDIRECT] [Fatal Error] :1:1: Premature end of file.
2025-12-20 12:29:16,033 [ERROR] LogOutputStream:75 - [STDERR_REDIRECT] 
2025-12-20 12:29:17,045 [ERROR] LogOutputStream:75 - [STDERR_REDIRECT] [Fatal Error] :1:1: Premature end of file.
2025-12-20 12:29:17,045 [ERROR] LogOutputStream:75 - [STDERR_REDIRECT] 
2025-12-20 12:29:18,025 [ERROR] LogOutputStream:75 - [STDERR_REDIRECT] [Fatal Error] :1:1: Premature end of file.
2025-12-20 12:29:18,031 [ERROR] LogOutputStream:75 - [STDERR_REDIRECT] 
2025-12-20 12:29:19,045 [ERROR] LogOutputStream:75 - [STDERR_REDIRECT] [Fatal Error] :1:1: Premature end of file.
2025-12-20 12:29:19,051 [ERROR] LogOutputStream:75 - [STDERR_REDIRECT] 
2025-12-20 12:29:20,023 [ERROR] LogOutputStream:75 - [STDERR_REDIRECT] [Fatal Error] :1:1: Premature end of file.
2025-12-20 12:29:20,023 [ERROR] LogOutputStream:75 - [STDERR_REDIRECT] 
2025-12-20 12:29:21,045 [ERROR] LogOutputStream:75 - [STDERR_REDIRECT] [Fatal Error] :1:1: Premature end of file.
2025-12-20 12:29:21,045 [ERROR] LogOutputStream:75 - [STDERR_REDIRECT] 
2025-12-20 12:29:22,051 [ERROR] LogOutputStream:75 - [STDERR_REDIRECT] [Fatal Error] :1:1: Premature end of file.
2025-12-20 12:29:22,051 [ERROR] LogOutputStream:75 - [STDERR_REDIRECT] 
2025-12-20 12:29:23,053 [ERROR] LogOutputStream:75 - [STDERR_REDIRECT] [Fatal Error] :1:1: Premature end of file.
2025-12-20 12:29:23,053 [ERROR] LogOutputStream:75 - [STDERR_REDIRECT] 
2025-12-20 12:29:24,038 [ERROR] LogOutputStream:75 - [STDERR_REDIRECT] [Fatal Error] :1:1: Premature end of file.
2025-12-20 12:29:24,038 [ERROR] LogOutputStream:75 - [STDERR_REDIRECT] 
2025-12-20 12:29:25,050 [ERROR] LogOutputStream:75 - [STDERR_REDIRECT] [Fatal Error] :1:1: Premature end of file.
2025-12-20 12:29:25,050 [ERROR] LogOutputStream:75 - [STDERR_REDIRECT] 
2025-12-20 12:29:26,034 [ERROR] LogOutputStream:75 - [STDERR_REDIRECT] [Fatal Error] :1:1: Premature end of file.
2025-12-20 12:29:26,034 [ERROR] LogOutputStream:75 - [STDERR_REDIRECT] 
2025-12-20 12:29:27,045 [ERROR] LogOutputStream:75 - [STDERR_REDIRECT] [Fatal Error] :1:1: Premature end of file.
2025-12-20 12:29:27,045 [ERROR] LogOutputStream:75 - [STDERR_REDIRECT] 
2025-12-20 12:29:28,046 [ERROR] LogOutputStream:75 - [STDERR_REDIRECT] [Fatal Error] :1:1: Premature end of file.
2025-12-20 12:29:28,046 [ERROR] LogOutputStream:75 - [STDERR_REDIRECT] 
2025-12-20 12:29:29,043 [ERROR] LogOutputStream:75 - [STDERR_REDIRECT] [Fatal Error] :1:1: Premature end of file.
2025-12-20 12:29:29,043 [ERROR] LogOutputStream:75 - [STDERR_REDIRECT] 
2025-12-20 12:29:30,026 [ERROR] LogOutputStream:75 - [STDERR_REDIRECT] [Fatal Error] :1:1: Premature end of file.
2025-12-20 12:29:30,026 [ERROR] LogOutputStream:75 - [STDERR_REDIRECT] 
2025-12-20 12:29:31,042 [ERROR] LogOutputStream:75 - [STDERR_REDIRECT] [Fatal Error] :1:1: Premature end of file.
2025-12-20 12:29:31,042 [ERROR] LogOutputStream:75 - [STDERR_REDIRECT] 
2025-12-20 12:29:32,042 [ERROR] LogOutputStream:75 - [STDERR_REDIRECT] [Fatal Error] :1:1: Premature end of file.
2025-12-20 12:29:32,042 [ERROR] LogOutputStream:75 - [STDERR_REDIRECT] 
2025-12-20 12:29:33,044 [ERROR] LogOutputStream:75 - [STDERR_REDIRECT] [Fatal Error] :1:1: Premature end of file.
2025-12-20 12:29:33,044 [ERROR] LogOutputStream:75 - [STDERR_REDIRECT] 
2025-12-20 12:29:34,052 [ERROR] LogOutputStream:75 - [STDERR_REDIRECT] [Fatal Error] :1:1: Premature end of file.
2025-12-20 12:29:34,052 [ERROR] LogOutputStream:75 - [STDERR_REDIRECT] 
2025-12-20 12:29:35,044 [ERROR] LogOutputStream:75 - [STDERR_REDIRECT] [Fatal Error] :1:1: Premature end of file.
2025-12-20 12:29:35,044 [ERROR] LogOutputStream:75 - [STDERR_REDIRECT] 
2025-12-20 12:29:36,051 [ERROR] LogOutputStream:75 - [STDERR_REDIRECT] [Fatal Error] :1:1: Premature end of file.
2025-12-20 12:29:36,051 [ERROR] LogOutputStream:75 - [STDERR_REDIRECT] 
2025-12-20 12:29:37,051 [ERROR] LogOutputStream:75 - [STDERR_REDIRECT] [Fatal Error] :1:1: Premature end of file.
2025-12-20 12:29:37,051 [ERROR] LogOutputStream:75 - [STDERR_REDIRECT] 
2025-12-20 12:29:38,038 [ERROR] LogOutputStream:75 - [STDERR_REDIRECT] [Fatal Error] :1:1: Premature end of file.
2025-12-20 12:29:38,038 [ERROR] LogOutputStream:75 - [STDERR_REDIRECT] 
2025-12-20 12:29:39,044 [ERROR] LogOutputStream:75 - [STDERR_REDIRECT] [Fatal Error] :1:1: Premature end of file.
2025-12-20 12:29:39,044 [ERROR] LogOutputStream:75 - [STDERR_REDIRECT] 
2025-12-20 12:29:40,042 [ERROR] LogOutputStream:75 - [STDERR_REDIRECT] [Fatal Error] :1:1: Premature end of file.
2025-12-20 12:29:40,042 [ERROR] LogOutputStream:75 - [STDERR_REDIRECT] 
2025-12-20 12:29:41,046 [ERROR] LogOutputStream:75 - [STDERR_REDIRECT] [Fatal Error] :1:1: Premature end of file.
2025-12-20 12:29:41,050 [ERROR] LogOutputStream:75 - [STDERR_REDIRECT] 
2025-12-20 12:29:42,044 [ERROR] LogOutputStream:75 - [STDERR_REDIRECT] [Fatal Error] :1:1: Premature end of file.
2025-12-20 12:29:42,044 [ERROR] LogOutputStream:75 - [STDERR_REDIRECT] 
2025-12-20 12:29:43,023 [ERROR] LogOutputStream:75 - [STDERR_REDIRECT] [Fatal Error] :1:1: Premature end of file.
2025-12-20 12:29:43,023 [ERROR] LogOutputStream:75 - [STDERR_REDIRECT] 
2025-12-20 12:29:44,025 [ERROR] LogOutputStream:75 - [STDERR_REDIRECT] [Fatal Error] :1:1: Premature end of file.
2025-12-20 12:29:44,027 [ERROR] LogOutputStream:75 - [STDERR_REDIRECT] 
2025-12-20 12:29:45,032 [ERROR] LogOutputStream:75 - [STDERR_REDIRECT] [Fatal Error] :1:1: Premature end of file.
2025-12-20 12:29:45,032 [ERROR] LogOutputStream:75 - [STDERR_REDIRECT] 
2025-12-20 12:29:46,028 [ERROR] LogOutputStream:75 - [STDERR_REDIRECT] [Fatal Error] :1:1: Premature end of file.
2025-12-20 12:29:46,028 [ERROR] LogOutputStream:75 - [STDERR_REDIRECT] 
2025-12-20 12:29:47,054 [ERROR] LogOutputStream:75 - [STDERR_REDIRECT] [Fatal Error] :1:1: Premature end of file.
2025-12-20 12:29:47,054 [ERROR] LogOutputStream:75 - [STDERR_REDIRECT] 
2025-12-20 12:29:48,022 [ERROR] LogOutputStream:75 - [STDERR_REDIRECT] [Fatal Error] :1:1: Premature end of file.
2025-12-20 12:29:48,022 [ERROR] LogOutputStream:75 - [STDERR_REDIRECT] 
2025-12-20 12:29:49,023 [ERROR] LogOutputStream:75 - [STDERR_REDIRECT] [Fatal Error] :1:1: Premature end of file.
2025-12-20 12:29:49,025 [ERROR] LogOutputStream:75 - [STDERR_REDIRECT] 
2025-12-20 12:29:50,025 [ERROR] LogOutputStream:75 - [STDERR_REDIRECT] [Fatal Error] :1:1: Premature end of file.
2025-12-20 12:29:50,025 [ERROR] LogOutputStream:75 - [STDERR_REDIRECT] 
2025-12-20 12:29:51,029 [ERROR] LogOutputStream:75 - [STDERR_REDIRECT] [Fatal Error] :1:1: Premature end of file.
2025-12-20 12:29:51,029 [ERROR] LogOutputStream:75 - [STDERR_REDIRECT] 
2025-12-20 12:29:52,026 [ERROR] LogOutputStream:75 - [STDERR_REDIRECT] [Fatal Error] :1:1: Premature end of file.
2025-12-20 12:29:52,026 [ERROR] LogOutputStream:75 - [STDERR_REDIRECT] 
2025-12-20 12:29:53,039 [ERROR] LogOutputStream:75 - [STDERR_REDIRECT] [Fatal Error] :1:1: Premature end of file.
2025-12-20 12:29:53,039 [ERROR] LogOutputStream:75 - [STDERR_REDIRECT] 
2025-12-20 12:29:54,024 [ERROR] LogOutputStream:75 - [STDERR_REDIRECT] [Fatal Error] :1:1: Premature end of file.
2025-12-20 12:29:54,024 [ERROR] LogOutputStream:75 - [STDERR_REDIRECT] 
2025-12-20 12:29:55,033 [ERROR] LogOutputStream:75 - [STDERR_REDIRECT] [Fatal Error] :1:1: Premature end of file.
2025-12-20 12:29:55,033 [ERROR] LogOutputStream:75 - [STDERR_REDIRECT] 
2025-12-20 12:29:56,020 [ERROR] LogOutputStream:75 - [STDERR_REDIRECT] [Fatal Error] :1:1: Premature end of file.
2025-12-20 12:29:56,020 [ERROR] LogOutputStream:75 - [STDERR_REDIRECT] 
2025-12-20 12:29:57,018 [ERROR] LogOutputStream:75 - [STDERR_REDIRECT] [Fatal Error] :1:1: Premature end of file.
2025-12-20 12:29:57,018 [ERROR] LogOutputStream:75 - [STDERR_REDIRECT] 
2025-12-20 12:29:58,013 [ERROR] LogOutputStream:75 - [STDERR_REDIRECT] [Fatal Error] :1:1: Premature end of file.
2025-12-20 12:29:58,013 [ERROR] LogOutputStream:75 - [STDERR_REDIRECT] 
2025-12-20 12:29:59,018 [ERROR] LogOutputStream:75 - [STDERR_REDIRECT] [Fatal Error] :1:1: Premature end of file.
2025-12-20 12:29:59,018 [ERROR] LogOutputStream:75 - [STDERR_REDIRECT] 
2025-12-20 12:30:00,038 [ERROR] LogOutputStream:75 - [STDERR_REDIRECT] [Fatal Error] :1:1: Premature end of file.
2025-12-20 12:30:00,039 [ERROR] LogOutputStream:75 - [STDERR_REDIRECT] 
2025-12-20 12:30:01,031 [ERROR] LogOutputStream:75 - [STDERR_REDIRECT] [Fatal Error] :1:1: Premature end of file.
2025-12-20 12:30:01,031 [ERROR] LogOutputStream:75 - [STDERR_REDIRECT] 
2025-12-20 12:30:02,028 [ERROR] LogOutputStream:75 - [STDERR_REDIRECT] [Fatal Error] :1:1: Premature end of file.
2025-12-20 12:30:02,028 [ERROR] LogOutputStream:75 - [STDERR_REDIRECT] 
2025-12-20 12:30:03,058 [ERROR] LogOutputStream:75 - [STDERR_REDIRECT] [Fatal Error] :1:1: Premature end of file.
2025-12-20 12:30:03,058 [ERROR] LogOutputStream:75 - [STDERR_REDIRECT] 
2025-12-20 12:30:04,022 [ERROR] LogOutputStream:75 - [STDERR_REDIRECT] [Fatal Error] :1:1: Premature end of file.
2025-12-20 12:30:04,022 [ERROR] LogOutputStream:75 - [STDERR_REDIRECT] 
2025-12-20 12:30:05,032 [ERROR] LogOutputStream:75 - [STDERR_REDIRECT] [Fatal Error] :1:1: Premature end of file.
2025-12-20 12:30:05,032 [ERROR] LogOutputStream:75 - [STDERR_REDIRECT] 
2025-12-20 12:30:06,042 [ERROR] LogOutputStream:75 - [STDERR_REDIRECT] [Fatal Error] :1:1: Premature end of file.
2025-12-20 12:30:06,042 [ERROR] LogOutputStream:75 - [STDERR_REDIRECT] 
2025-12-20 12:30:07,032 [ERROR] LogOutputStream:75 - [STDERR_REDIRECT] [Fatal Error] :1:1: Premature end of file.
2025-12-20 12:30:07,032 [ERROR] LogOutputStream:75 - [STDERR_REDIRECT] 
2025-12-20 12:30:08,027 [ERROR] LogOutputStream:75 - [STDERR_REDIRECT] [Fatal Error] :1:1: Premature end of file.
2025-12-20 12:30:08,027 [ERROR] LogOutputStream:75 - [STDERR_REDIRECT] 
2025-12-20 12:30:09,025 [ERROR] LogOutputStream:75 - [STDERR_REDIRECT] [Fatal Error] :1:1: Premature end of file.
2025-12-20 12:30:09,025 [ERROR] LogOutputStream:75 - [STDERR_REDIRECT] 
2025-12-20 12:30:10,036 [ERROR] LogOutputStream:75 - [STDERR_REDIRECT] [Fatal Error] :1:1: Premature end of file.
2025-12-20 12:30:10,036 [ERROR] LogOutputStream:75 - [STDERR_REDIRECT] 
2025-12-20 12:30:11,020 [ERROR] LogOutputStream:75 - [STDERR_REDIRECT] [Fatal Error] :1:1: Premature end of file.
2025-12-20 12:30:11,020 [ERROR] LogOutputStream:75 - [STDERR_REDIRECT] 
2025-12-20 12:30:12,046 [ERROR] LogOutputStream:75 - [STDERR_REDIRECT] [Fatal Error] :1:1: Premature end of file.
2025-12-20 12:30:12,046 [ERROR] LogOutputStream:75 - [STDERR_REDIRECT] 
2025-12-20 12:30:13,028 [ERROR] LogOutputStream:75 - [STDERR_REDIRECT] [Fatal Error] :1:1: Premature end of file.
2025-12-20 12:30:13,028 [ERROR] LogOutputStream:75 - [STDERR_REDIRECT] 
2025-12-20 12:30:14,044 [ERROR] LogOutputStream:75 - [STDERR_REDIRECT] [Fatal Error] :1:1: Premature end of file.
2025-12-20 12:30:14,044 [ERROR] LogOutputStream:75 - [STDERR_REDIRECT] 
2025-12-20 12:30:15,036 [ERROR] LogOutputStream:75 - [STDERR_REDIRECT] [Fatal Error] :1:1: Premature end of file.
2025-12-20 12:30:15,036 [ERROR] LogOutputStream:75 - [STDERR_REDIRECT] 
2025-12-20 12:30:16,059 [ERROR] LogOutputStream:75 - [STDERR_REDIRECT] [Fatal Error] :1:1: Premature end of file.
2025-12-20 12:30:16,059 [ERROR] LogOutputStream:75 - [STDERR_REDIRECT] 
2025-12-20 12:30:17,055 [ERROR] LogOutputStream:75 - [STDERR_REDIRECT] [Fatal Error] :1:1: Premature end of file.
2025-12-20 12:30:17,055 [ERROR] LogOutputStream:75 - [STDERR_REDIRECT] 
2025-12-20 12:30:18,055 [ERROR] LogOutputStream:75 - [STDERR_REDIRECT] [Fatal Error] :1:1: Premature end of file.
2025-12-20 12:30:18,055 [ERROR] LogOutputStream:75 - [STDERR_REDIRECT] 
2025-12-20 12:30:19,033 [ERROR] LogOutputStream:75 - [STDERR_REDIRECT] [Fatal Error] :1:1: Premature end of file.
2025-12-20 12:30:19,033 [ERROR] LogOutputStream:75 - [STDERR_REDIRECT] 
2025-12-20 12:30:20,045 [ERROR] LogOutputStream:75 - [STDERR_REDIRECT] [Fatal Error] :1:1: Premature end of file.
2025-12-20 12:30:20,045 [ERROR] LogOutputStream:75 - [STDERR_REDIRECT] 
2025-12-20 12:30:21,048 [ERROR] LogOutputStream:75 - [STDERR_REDIRECT] [Fatal Error] :1:1: Premature end of file.
2025-12-20 12:30:21,048 [ERROR] LogOutputStream:75 - [STDERR_REDIRECT] 
2025-12-20 12:30:22,058 [ERROR] LogOutputStream:75 - [STDERR_REDIRECT] [Fatal Error] :1:1: Premature end of file.
2025-12-20 12:30:22,058 [ERROR] LogOutputStream:75 - [STDERR_REDIRECT] 
2025-12-20 12:30:23,051 [ERROR] LogOutputStream:75 - [STDERR_REDIRECT] [Fatal Error] :1:1: Premature end of file.
2025-12-20 12:30:23,051 [ERROR] LogOutputStream:75 - [STDERR_REDIRECT] 
2025-12-20 12:30:24,031 [ERROR] LogOutputStream:75 - [STDERR_REDIRECT] [Fatal Error] :1:1: Premature end of file.
2025-12-20 12:30:24,031 [ERROR] LogOutputStream:75 - [STDERR_REDIRECT] 
2025-12-20 12:30:25,028 [ERROR] LogOutputStream:75 - [STDERR_REDIRECT] [Fatal Error] :1:1: Premature end of file.
2025-12-20 12:30:25,028 [ERROR] LogOutputStream:75 - [STDERR_REDIRECT] 
2025-12-20 12:30:26,028 [ERROR] LogOutputStream:75 - [STDERR_REDIRECT] [Fatal Error] :1:1: Premature end of file.
2025-12-20 12:30:26,028 [ERROR] LogOutputStream:75 - [STDERR_REDIRECT] 
2025-12-20 12:30:27,042 [ERROR] LogOutputStream:75 - [STDERR_REDIRECT] [Fatal Error] :1:1: Premature end of file.
2025-12-20 12:30:27,042 [ERROR] LogOutputStream:75 - [STDERR_REDIRECT] 
2025-12-20 12:30:28,050 [ERROR] LogOutputStream:75 - [STDERR_REDIRECT] [Fatal Error] :1:1: Premature end of file.
2025-12-20 12:30:28,050 [ERROR] LogOutputStream:75 - [STDERR_REDIRECT] 
2025-12-20 12:30:29,049 [ERROR] LogOutputStream:75 - [STDERR_REDIRECT] [Fatal Error] :1:1: Premature end of file.
2025-12-20 12:30:29,049 [ERROR] LogOutputStream:75 - [STDERR_REDIRECT] 
2025-12-20 12:30:30,037 [ERROR] LogOutputStream:75 - [STDERR_REDIRECT] [Fatal Error] :1:1: Premature end of file.
2025-12-20 12:30:30,037 [ERROR] LogOutputStream:75 - [STDERR_REDIRECT] 
2025-12-20 12:30:31,050 [ERROR] LogOutputStream:75 - [STDERR_REDIRECT] [Fatal Error] :1:1: Premature end of file.
2025-12-20 12:30:31,050 [ERROR] LogOutputStream:75 - [STDERR_REDIRECT] 
2025-12-20 12:30:32,039 [ERROR] LogOutputStream:75 - [STDERR_REDIRECT] [Fatal Error] :1:1: Premature end of file.
2025-12-20 12:30:32,039 [ERROR] LogOutputStream:75 - [STDERR_REDIRECT] 
2025-12-20 12:30:33,040 [ERROR] LogOutputStream:75 - [STDERR_REDIRECT] [Fatal Error] :1:1: Premature end of file.
2025-12-20 12:30:33,040 [ERROR] LogOutputStream:75 - [STDERR_REDIRECT] 
2025-12-20 12:30:34,044 [ERROR] LogOutputStream:75 - [STDERR_REDIRECT] [Fatal Error] :1:1: Premature end of file.
2025-12-20 12:30:34,044 [ERROR] LogOutputStream:75 - [STDERR_REDIRECT] 
2025-12-20 12:30:35,052 [ERROR] LogOutputStream:75 - [STDERR_REDIRECT] [Fatal Error] :1:1: Premature end of file.
2025-12-20 12:30:35,052 [ERROR] LogOutputStream:75 - [STDERR_REDIRECT] 
2025-12-20 12:30:36,049 [ERROR] LogOutputStream:75 - [STDERR_REDIRECT] [Fatal Error] :1:1: Premature end of file.
2025-12-20 12:30:36,049 [ERROR] LogOutputStream:75 - [STDERR_REDIRECT] 
2025-12-20 12:30:37,051 [ERROR] LogOutputStream:75 - [STDERR_REDIRECT] [Fatal Error] :1:1: Premature end of file.
2025-12-20 12:30:37,051 [ERROR] LogOutputStream:75 - [STDERR_REDIRECT] 
2025-12-20 12:30:38,041 [ERROR] LogOutputStream:75 - [STDERR_REDIRECT] [Fatal Error] :1:1: Premature end of file.
2025-12-20 12:30:38,041 [ERROR] LogOutputStream:75 - [STDERR_REDIRECT] 
2025-12-20 12:30:39,041 [ERROR] LogOutputStream:75 - [STDERR_REDIRECT] [Fatal Error] :1:1: Premature end of file.
2025-12-20 12:30:39,041 [ERROR] LogOutputStream:75 - [STDERR_REDIRECT] 
2025-12-20 12:30:40,052 [ERROR] LogOutputStream:75 - [STDERR_REDIRECT] [Fatal Error] :1:1: Premature end of file.
2025-12-20 12:30:40,052 [ERROR] LogOutputStream:75 - [STDERR_REDIRECT] 
2025-12-20 12:30:41,044 [ERROR] LogOutputStream:75 - [STDERR_REDIRECT] [Fatal Error] :1:1: Premature end of file.
2025-12-20 12:30:41,044 [ERROR] LogOutputStream:75 - [STDERR_REDIRECT] 
2025-12-20 12:30:42,057 [ERROR] LogOutputStream:75 - [STDERR_REDIRECT] [Fatal Error] :1:1: Premature end of file.
2025-12-20 12:30:42,057 [ERROR] LogOutputStream:75 - [STDERR_REDIRECT] 
2025-12-20 12:30:43,053 [ERROR] LogOutputStream:75 - [STDERR_REDIRECT] [Fatal Error] :1:1: Premature end of file.
2025-12-20 12:30:43,053 [ERROR] LogOutputStream:75 - [STDERR_REDIRECT] 
2025-12-20 12:30:44,057 [ERROR] LogOutputStream:75 - [STDERR_REDIRECT] [Fatal Error] :1:1: Premature end of file.
2025-12-20 12:30:44,057 [ERROR] LogOutputStream:75 - [STDERR_REDIRECT] 
2025-12-20 12:30:45,043 [ERROR] LogOutputStream:75 - [STDERR_REDIRECT] [Fatal Error] :1:1: Premature end of file.
2025-12-20 12:30:45,043 [ERROR] LogOutputStream:75 - [STDERR_REDIRECT] 
2025-12-20 12:30:46,069 [ERROR] LogOutputStream:75 - [STDERR_REDIRECT] [Fatal Error] :1:1: Premature end of file.
2025-12-20 12:30:46,074 [ERROR] LogOutputStream:75 - [STDERR_REDIRECT] 
2025-12-20 12:30:47,037 [ERROR] LogOutputStream:75 - [STDERR_REDIRECT] [Fatal Error] :1:1: Premature end of file.
2025-12-20 12:30:47,037 [ERROR] LogOutputStream:75 - [STDERR_REDIRECT] 
2025-12-20 12:30:48,039 [ERROR] LogOutputStream:75 - [STDERR_REDIRECT] [Fatal Error] :1:1: Premature end of file.
2025-12-20 12:30:48,039 [ERROR] LogOutputStream:75 - [STDERR_REDIRECT] 
2025-12-20 12:30:49,034 [ERROR] LogOutputStream:75 - [STDERR_REDIRECT] [Fatal Error] :1:1: Premature end of file.
2025-12-20 12:30:49,034 [ERROR] LogOutputStream:75 - [STDERR_REDIRECT] 
2025-12-20 12:30:50,037 [ERROR] LogOutputStream:75 - [STDERR_REDIRECT] [Fatal Error] :1:1: Premature end of file.
2025-12-20 12:30:50,037 [ERROR] LogOutputStream:75 - [STDERR_REDIRECT] 
2025-12-20 12:30:51,038 [ERROR] LogOutputStream:75 - [STDERR_REDIRECT] [Fatal Error] :1:1: Premature end of file.
2025-12-20 12:30:51,038 [ERROR] LogOutputStream:75 - [STDERR_REDIRECT] 
2025-12-20 12:30:52,034 [ERROR] LogOutputStream:75 - [STDERR_REDIRECT] [Fatal Error] :1:1: Premature end of file.
2025-12-20 12:30:52,034 [ERROR] LogOutputStream:75 - [STDERR_REDIRECT] 
2025-12-20 12:30:53,045 [ERROR] LogOutputStream:75 - [STDERR_REDIRECT] [Fatal Error] :1:1: Premature end of file.
2025-12-20 12:30:53,045 [ERROR] LogOutputStream:75 - [STDERR_REDIRECT] 
2025-12-20 12:30:54,051 [ERROR] LogOutputStream:75 - [STDERR_REDIRECT] [Fatal Error] :1:1: Premature end of file.
2025-12-20 12:30:54,051 [ERROR] LogOutputStream:75 - [STDERR_REDIRECT] 
2025-12-20 12:30:55,059 [ERROR] LogOutputStream:75 - [STDERR_REDIRECT] [Fatal Error] :1:1: Premature end of file.
2025-12-20 12:30:55,059 [ERROR] LogOutputStream:75 - [STDERR_REDIRECT] 
2025-12-20 12:30:56,038 [ERROR] LogOutputStream:75 - [STDERR_REDIRECT] [Fatal Error] :1:1: Premature end of file.
2025-12-20 12:30:56,038 [ERROR] LogOutputStream:75 - [STDERR_REDIRECT] 
2025-12-20 12:30:57,043 [ERROR] LogOutputStream:75 - [STDERR_REDIRECT] [Fatal Error] :1:1: Premature end of file.
2025-12-20 12:30:57,043 [ERROR] LogOutputStream:75 - [STDERR_REDIRECT] 
2025-12-20 12:30:58,049 [ERROR] LogOutputStream:75 - [STDERR_REDIRECT] [Fatal Error] :1:1: Premature end of file.
2025-12-20 12:30:58,049 [ERROR] LogOutputStream:75 - [STDERR_REDIRECT] 
2025-12-20 12:30:59,034 [ERROR] LogOutputStream:75 - [STDERR_REDIRECT] [Fatal Error] :1:1: Premature end of file.
2025-12-20 12:30:59,034 [ERROR] LogOutputStream:75 - [STDERR_REDIRECT] 
2025-12-20 12:31:00,060 [ERROR] LogOutputStream:75 - [STDERR_REDIRECT] [Fatal Error] :1:1: Premature end of file.
2025-12-20 12:31:00,061 [ERROR] LogOutputStream:75 - [STDERR_REDIRECT] 
2025-12-20 12:31:01,050 [ERROR] LogOutputStream:75 - [STDERR_REDIRECT] [Fatal Error] :1:1: Premature end of file.
2025-12-20 12:31:01,050 [ERROR] LogOutputStream:75 - [STDERR_REDIRECT] 
2025-12-20 12:31:02,040 [ERROR] LogOutputStream:75 - [STDERR_REDIRECT] [Fatal Error] :1:1: Premature end of file.
2025-12-20 12:31:02,040 [ERROR] LogOutputStream:75 - [STDERR_REDIRECT] 
2025-12-20 12:31:03,042 [ERROR] LogOutputStream:75 - [STDERR_REDIRECT] [Fatal Error] :1:1: Premature end of file.
2025-12-20 12:31:03,042 [ERROR] LogOutputStream:75 - [STDERR_REDIRECT] 
2025-12-20 12:31:04,045 [ERROR] LogOutputStream:75 - [STDERR_REDIRECT] [Fatal Error] :1:1: Premature end of file.
2025-12-20 12:31:04,045 [ERROR] LogOutputStream:75 - [STDERR_REDIRECT] 
2025-12-20 12:31:05,045 [ERROR] LogOutputStream:75 - [STDERR_REDIRECT] [Fatal Error] :1:1: Premature end of file.
2025-12-20 12:31:05,045 [ERROR] LogOutputStream:75 - [STDERR_REDIRECT] 
2025-12-20 12:31:06,051 [ERROR] LogOutputStream:75 - [STDERR_REDIRECT] [Fatal Error] :1:1: Premature end of file.
2025-12-20 12:31:06,051 [ERROR] LogOutputStream:75 - [STDERR_REDIRECT] 
2025-12-20 12:31:07,053 [ERROR] LogOutputStream:75 - [STDERR_REDIRECT] [Fatal Error] :1:1: Premature end of file.
2025-12-20 12:31:07,053 [ERROR] LogOutputStream:75 - [STDERR_REDIRECT] 
2025-12-20 12:31:08,042 [ERROR] LogOutputStream:75 - [STDERR_REDIRECT] [Fatal Error] :1:1: Premature end of file.
2025-12-20 12:31:08,042 [ERROR] LogOutputStream:75 - [STDERR_REDIRECT] 
2025-12-20 12:31:09,045 [ERROR] LogOutputStream:75 - [STDERR_REDIRECT] [Fatal Error] :1:1: Premature end of file.
2025-12-20 12:31:09,045 [ERROR] LogOutputStream:75 - [STDERR_REDIRECT] 
2025-12-20 12:31:10,043 [ERROR] LogOutputStream:75 - [STDERR_REDIRECT] [Fatal Error] :1:1: Premature end of file.
2025-12-20 12:31:10,043 [ERROR] LogOutputStream:75 - [STDERR_REDIRECT] 
2025-12-20 12:31:11,061 [ERROR] LogOutputStream:75 - [STDERR_REDIRECT] [Fatal Error] :1:1: Premature end of file.
2025-12-20 12:31:11,061 [ERROR] LogOutputStream:75 - [STDERR_REDIRECT] 
2025-12-20 12:31:12,044 [ERROR] LogOutputStream:75 - [STDERR_REDIRECT] [Fatal Error] :1:1: Premature end of file.
2025-12-20 12:31:12,044 [ERROR] LogOutputStream:75 - [STDERR_REDIRECT] 
2025-12-20 12:31:13,045 [ERROR] LogOutputStream:75 - [STDERR_REDIRECT] [Fatal Error] :1:1: Premature end of file.
2025-12-20 12:31:13,045 [ERROR] LogOutputStream:75 - [STDERR_REDIRECT] 
2025-12-20 12:31:14,035 [ERROR] LogOutputStream:75 - [STDERR_REDIRECT] [Fatal Error] :1:1: Premature end of file.
2025-12-20 12:31:14,035 [ERROR] LogOutputStream:75 - [STDERR_REDIRECT] 
2025-12-20 12:31:15,053 [ERROR] LogOutputStream:75 - [STDERR_REDIRECT] [Fatal Error] :1:1: Premature end of file.
2025-12-20 12:31:15,053 [ERROR] LogOutputStream:75 - [STDERR_REDIRECT] 
2025-12-20 12:31:16,045 [ERROR] LogOutputStream:75 - [STDERR_REDIRECT] [Fatal Error] :1:1: Premature end of file.
2025-12-20 12:31:16,045 [ERROR] LogOutputStream:75 - [STDERR_REDIRECT] 
2025-12-20 12:31:17,041 [ERROR] LogOutputStream:75 - [STDERR_REDIRECT] [Fatal Error] :1:1: Premature end of file.
2025-12-20 12:31:17,041 [ERROR] LogOutputStream:75 - [STDERR_REDIRECT] 
2025-12-20 12:31:18,048 [ERROR] LogOutputStream:75 - [STDERR_REDIRECT] [Fatal Error] :1:1: Premature end of file.
2025-12-20 12:31:18,049 [ERROR] LogOutputStream:75 - [STDERR_REDIRECT] 
2025-12-20 12:31:19,051 [ERROR] LogOutputStream:75 - [STDERR_REDIRECT] [Fatal Error] :1:1: Premature end of file.
2025-12-20 12:31:19,051 [ERROR] LogOutputStream:75 - [STDERR_REDIRECT] 
2025-12-20 12:31:20,038 [ERROR] LogOutputStream:75 - [STDERR_REDIRECT] [Fatal Error] :1:1: Premature end of file.
2025-12-20 12:31:20,038 [ERROR] LogOutputStream:75 - [STDERR_REDIRECT] 
2025-12-20 12:31:21,043 [ERROR] LogOutputStream:75 - [STDERR_REDIRECT] [Fatal Error] :1:1: Premature end of file.
2025-12-20 12:31:21,043 [ERROR] LogOutputStream:75 - [STDERR_REDIRECT] 
2025-12-20 12:31:22,045 [ERROR] LogOutputStream:75 - [STDERR_REDIRECT] [Fatal Error] :1:1: Premature end of file.
2025-12-20 12:31:22,045 [ERROR] LogOutputStream:75 - [STDERR_REDIRECT] 
2025-12-20 12:31:23,038 [ERROR] LogOutputStream:75 - [STDERR_REDIRECT] [Fatal Error] :1:1: Premature end of file.
2025-12-20 12:31:23,038 [ERROR] LogOutputStream:75 - [STDERR_REDIRECT] 
2025-12-20 12:31:24,051 [ERROR] LogOutputStream:75 - [STDERR_REDIRECT] [Fatal Error] :1:1: Premature end of file.
2025-12-20 12:31:24,051 [ERROR] LogOutputStream:75 - [STDERR_REDIRECT] 
2025-12-20 12:31:25,051 [ERROR] LogOutputStream:75 - [STDERR_REDIRECT] [Fatal Error] :1:1: Premature end of file.
2025-12-20 12:31:25,051 [ERROR] LogOutputStream:75 - [STDERR_REDIRECT] 
2025-12-20 12:31:26,050 [ERROR] LogOutputStream:75 - [STDERR_REDIRECT] [Fatal Error] :1:1: Premature end of file.
2025-12-20 12:31:26,052 [ERROR] LogOutputStream:75 - [STDERR_REDIRECT] 
2025-12-20 12:31:27,043 [ERROR] LogOutputStream:75 - [STDERR_REDIRECT] [Fatal Error] :1:1: Premature end of file.
2025-12-20 12:31:27,043 [ERROR] LogOutputStream:75 - [STDERR_REDIRECT] 
2025-12-20 12:31:28,050 [ERROR] LogOutputStream:75 - [STDERR_REDIRECT] [Fatal Error] :1:1: Premature end of file.
2025-12-20 12:31:28,051 [ERROR] LogOutputStream:75 - [STDERR_REDIRECT] 
2025-12-20 12:31:29,055 [ERROR] LogOutputStream:75 - [STDERR_REDIRECT] [Fatal Error] :1:1: Premature end of file.
2025-12-20 12:31:29,055 [ERROR] LogOutputStream:75 - [STDERR_REDIRECT] 
2025-12-20 12:31:30,045 [ERROR] LogOutputStream:75 - [STDERR_REDIRECT] [Fatal Error] :1:1: Premature end of file.
2025-12-20 12:31:30,045 [ERROR] LogOutputStream:75 - [STDERR_REDIRECT] 
2025-12-20 12:31:31,042 [ERROR] LogOutputStream:75 - [STDERR_REDIRECT] [Fatal Error] :1:1: Premature end of file.
2025-12-20 12:31:31,042 [ERROR] LogOutputStream:75 - [STDERR_REDIRECT] 
2025-12-20 12:31:32,060 [ERROR] LogOutputStream:75 - [STDERR_REDIRECT] [Fatal Error] :1:1: Premature end of file.
2025-12-20 12:31:32,061 [ERROR] LogOutputStream:75 - [STDERR_REDIRECT] 
2025-12-20 12:31:33,051 [ERROR] LogOutputStream:75 - [STDERR_REDIRECT] [Fatal Error] :1:1: Premature end of file.
2025-12-20 12:31:33,051 [ERROR] LogOutputStream:75 - [STDERR_REDIRECT] 
2025-12-20 12:31:34,038 [ERROR] LogOutputStream:75 - [STDERR_REDIRECT] [Fatal Error] :1:1: Premature end of file.
2025-12-20 12:31:34,038 [ERROR] LogOutputStream:75 - [STDERR_REDIRECT] 
2025-12-20 12:31:35,048 [ERROR] LogOutputStream:75 - [STDERR_REDIRECT] [Fatal Error] :1:1: Premature end of file.
2025-12-20 12:31:35,048 [ERROR] LogOutputStream:75 - [STDERR_REDIRECT] 
2025-12-20 12:31:36,059 [ERROR] LogOutputStream:75 - [STDERR_REDIRECT] [Fatal Error] :1:1: Premature end of file.
2025-12-20 12:31:36,059 [ERROR] LogOutputStream:75 - [STDERR_REDIRECT] 
2025-12-20 12:31:37,050 [ERROR] LogOutputStream:75 - [STDERR_REDIRECT] [Fatal Error] :1:1: Premature end of file.
2025-12-20 12:31:37,050 [ERROR] LogOutputStream:75 - [STDERR_REDIRECT] 
2025-12-20 12:31:38,052 [ERROR] LogOutputStream:75 - [STDERR_REDIRECT] [Fatal Error] :1:1: Premature end of file.
2025-12-20 12:31:38,053 [ERROR] LogOutputStream:75 - [STDERR_REDIRECT] 
2025-12-20 12:31:39,054 [ERROR] LogOutputStream:75 - [STDERR_REDIRECT] [Fatal Error] :1:1: Premature end of file.
2025-12-20 12:31:39,054 [ERROR] LogOutputStream:75 - [STDERR_REDIRECT] 
2025-12-20 12:31:40,069 [ERROR] LogOutputStream:75 - [STDERR_REDIRECT] [Fatal Error] :1:1: Premature end of file.
2025-12-20 12:31:40,071 [ERROR] LogOutputStream:75 - [STDERR_REDIRECT] 
2025-12-20 12:31:41,055 [ERROR] LogOutputStream:75 - [STDERR_REDIRECT] [Fatal Error] :1:1: Premature end of file.
2025-12-20 12:31:41,055 [ERROR] LogOutputStream:75 - [STDERR_REDIRECT] 
2025-12-20 12:31:42,039 [ERROR] LogOutputStream:75 - [STDERR_REDIRECT] [Fatal Error] :1:1: Premature end of file.
2025-12-20 12:31:42,039 [ERROR] LogOutputStream:75 - [STDERR_REDIRECT] 
2025-12-20 12:31:43,052 [ERROR] LogOutputStream:75 - [STDERR_REDIRECT] [Fatal Error] :1:1: Premature end of file.
2025-12-20 12:31:43,052 [ERROR] LogOutputStream:75 - [STDERR_REDIRECT] 
2025-12-20 12:31:44,027 [ERROR] LogOutputStream:75 - [STDERR_REDIRECT] [Fatal Error] :1:1: Premature end of file.
2025-12-20 12:31:44,027 [ERROR] LogOutputStream:75 - [STDERR_REDIRECT] 
2025-12-20 12:31:45,051 [ERROR] LogOutputStream:75 - [STDERR_REDIRECT] [Fatal Error] :1:1: Premature end of file.
2025-12-20 12:31:45,051 [ERROR] LogOutputStream:75 - [STDERR_REDIRECT] 
2025-12-20 12:31:46,040 [ERROR] LogOutputStream:75 - [STDERR_REDIRECT] [Fatal Error] :1:1: Premature end of file.
2025-12-20 12:31:46,040 [ERROR] LogOutputStream:75 - [STDERR_REDIRECT] 
2025-12-20 12:31:47,038 [ERROR] LogOutputStream:75 - [STDERR_REDIRECT] [Fatal Error] :1:1: Premature end of file.
2025-12-20 12:31:47,038 [ERROR] LogOutputStream:75 - [STDERR_REDIRECT] 
2025-12-20 12:31:48,050 [ERROR] LogOutputStream:75 - [STDERR_REDIRECT] [Fatal Error] :1:1: Premature end of file.
2025-12-20 12:31:48,050 [ERROR] LogOutputStream:75 - [STDERR_REDIRECT] 
2025-12-20 12:31:49,049 [ERROR] LogOutputStream:75 - [STDERR_REDIRECT] [Fatal Error] :1:1: Premature end of file.
2025-12-20 12:31:49,049 [ERROR] LogOutputStream:75 - [STDERR_REDIRECT] 
2025-12-20 12:31:50,043 [ERROR] LogOutputStream:75 - [STDERR_REDIRECT] [Fatal Error] :1:1: Premature end of file.
2025-12-20 12:31:50,043 [ERROR] LogOutputStream:75 - [STDERR_REDIRECT] 
2025-12-20 12:31:51,054 [ERROR] LogOutputStream:75 - [STDERR_REDIRECT] [Fatal Error] :1:1: Premature end of file.
2025-12-20 12:31:51,055 [ERROR] LogOutputStream:75 - [STDERR_REDIRECT] 
2025-12-20 12:31:52,041 [ERROR] LogOutputStream:75 - [STDERR_REDIRECT] [Fatal Error] :1:1: Premature end of file.
2025-12-20 12:31:52,041 [ERROR] LogOutputStream:75 - [STDERR_REDIRECT] 
2025-12-20 12:31:53,042 [ERROR] LogOutputStream:75 - [STDERR_REDIRECT] [Fatal Error] :1:1: Premature end of file.
2025-12-20 12:31:53,042 [ERROR] LogOutputStream:75 - [STDERR_REDIRECT] 
2025-12-20 12:31:54,055 [ERROR] LogOutputStream:75 - [STDERR_REDIRECT] [Fatal Error] :1:1: Premature end of file.
2025-12-20 12:31:54,055 [ERROR] LogOutputStream:75 - [STDERR_REDIRECT] 
2025-12-20 12:31:55,040 [ERROR] LogOutputStream:75 - [STDERR_REDIRECT] [Fatal Error] :1:1: Premature end of file.
2025-12-20 12:31:55,040 [ERROR] LogOutputStream:75 - [STDERR_REDIRECT] 
2025-12-20 12:31:56,049 [ERROR] LogOutputStream:75 - [STDERR_REDIRECT] [Fatal Error] :1:1: Premature end of file.
2025-12-20 12:31:56,049 [ERROR] LogOutputStream:75 - [STDERR_REDIRECT] 
2025-12-20 12:31:57,052 [ERROR] LogOutputStream:75 - [STDERR_REDIRECT] [Fatal Error] :1:1: Premature end of file.
2025-12-20 12:31:57,052 [ERROR] LogOutputStream:75 - [STDERR_REDIRECT] 
2025-12-20 12:31:58,042 [ERROR] LogOutputStream:75 - [STDERR_REDIRECT] [Fatal Error] :1:1: Premature end of file.
2025-12-20 12:31:58,042 [ERROR] LogOutputStream:75 - [STDERR_REDIRECT] 
2025-12-20 12:31:59,043 [ERROR] LogOutputStream:75 - [STDERR_REDIRECT] [Fatal Error] :1:1: Premature end of file.
2025-12-20 12:31:59,043 [ERROR] LogOutputStream:75 - [STDERR_REDIRECT] 
2025-12-20 12:32:00,062 [ERROR] LogOutputStream:75 - [STDERR_REDIRECT] [Fatal Error] :1:1: Premature end of file.
2025-12-20 12:32:00,062 [ERROR] LogOutputStream:75 - [STDERR_REDIRECT] 
2025-12-20 12:32:01,070 [ERROR] LogOutputStream:75 - [STDERR_REDIRECT] [Fatal Error] :1:1: Premature end of file.
2025-12-20 12:32:01,070 [ERROR] LogOutputStream:75 - [STDERR_REDIRECT] 
2025-12-20 12:32:02,055 [ERROR] LogOutputStream:75 - [STDERR_REDIRECT] [Fatal Error] :1:1: Premature end of file.
2025-12-20 12:32:02,055 [ERROR] LogOutputStream:75 - [STDERR_REDIRECT] 
2025-12-20 12:32:03,041 [ERROR] LogOutputStream:75 - [STDERR_REDIRECT] [Fatal Error] :1:1: Premature end of file.
2025-12-20 12:32:03,041 [ERROR] LogOutputStream:75 - [STDERR_REDIRECT] 
2025-12-20 12:32:04,049 [ERROR] LogOutputStream:75 - [STDERR_REDIRECT] [Fatal Error] :1:1: Premature end of file.
2025-12-20 12:32:04,049 [ERROR] LogOutputStream:75 - [STDERR_REDIRECT] 
2025-12-20 12:32:05,051 [ERROR] LogOutputStream:75 - [STDERR_REDIRECT] [Fatal Error] :1:1: Premature end of file.
2025-12-20 12:32:05,051 [ERROR] LogOutputStream:75 - [STDERR_REDIRECT] 
2025-12-20 12:32:06,038 [ERROR] LogOutputStream:75 - [STDERR_REDIRECT] [Fatal Error] :1:1: Premature end of file.
2025-12-20 12:32:06,038 [ERROR] LogOutputStream:75 - [STDERR_REDIRECT] 
2025-12-20 12:32:07,035 [ERROR] LogOutputStream:75 - [STDERR_REDIRECT] [Fatal Error] :1:1: Premature end of file.
2025-12-20 12:32:07,035 [ERROR] LogOutputStream:75 - [STDERR_REDIRECT] 
2025-12-20 12:32:08,058 [ERROR] LogOutputStream:75 - [STDERR_REDIRECT] [Fatal Error] :1:1: Premature end of file.
2025-12-20 12:32:08,058 [ERROR] LogOutputStream:75 - [STDERR_REDIRECT] 
2025-12-20 12:32:09,045 [ERROR] LogOutputStream:75 - [STDERR_REDIRECT] [Fatal Error] :1:1: Premature end of file.
2025-12-20 12:32:09,045 [ERROR] LogOutputStream:75 - [STDERR_REDIRECT] 
2025-12-20 12:32:10,051 [ERROR] LogOutputStream:75 - [STDERR_REDIRECT] [Fatal Error] :1:1: Premature end of file.
2025-12-20 12:32:10,051 [ERROR] LogOutputStream:75 - [STDERR_REDIRECT] 
2025-12-20 12:32:11,051 [ERROR] LogOutputStream:75 - [STDERR_REDIRECT] [Fatal Error] :1:1: Premature end of file.
2025-12-20 12:32:11,051 [ERROR] LogOutputStream:75 - [STDERR_REDIRECT] 
2025-12-20 12:32:12,047 [ERROR] LogOutputStream:75 - [STDERR_REDIRECT] [Fatal Error] :1:1: Premature end of file.
2025-12-20 12:32:12,048 [ERROR] LogOutputStream:75 - [STDERR_REDIRECT] 
2025-12-20 12:32:13,040 [ERROR] LogOutputStream:75 - [STDERR_REDIRECT] [Fatal Error] :1:1: Premature end of file.
2025-12-20 12:32:13,040 [ERROR] LogOutputStream:75 - [STDERR_REDIRECT] 
2025-12-20 12:32:14,049 [ERROR] LogOutputStream:75 - [STDERR_REDIRECT] [Fatal Error] :1:1: Premature end of file.
2025-12-20 12:32:14,049 [ERROR] LogOutputStream:75 - [STDERR_REDIRECT] 
2025-12-20 12:32:15,035 [ERROR] LogOutputStream:75 - [STDERR_REDIRECT] [Fatal Error] :1:1: Premature end of file.
2025-12-20 12:32:15,035 [ERROR] LogOutputStream:75 - [STDERR_REDIRECT] 
2025-12-20 12:32:16,039 [ERROR] LogOutputStream:75 - [STDERR_REDIRECT] [Fatal Error] :1:1: Premature end of file.
2025-12-20 12:32:16,039 [ERROR] LogOutputStream:75 - [STDERR_REDIRECT] 
2025-12-20 12:32:17,044 [ERROR] LogOutputStream:75 - [STDERR_REDIRECT] [Fatal Error] :1:1: Premature end of file.
2025-12-20 12:32:17,044 [ERROR] LogOutputStream:75 - [STDERR_REDIRECT] 
2025-12-20 12:32:18,050 [ERROR] LogOutputStream:75 - [STDERR_REDIRECT] [Fatal Error] :1:1: Premature end of file.
2025-12-20 12:32:18,050 [ERROR] LogOutputStream:75 - [STDERR_REDIRECT] 
2025-12-20 12:32:19,055 [ERROR] LogOutputStream:75 - [STDERR_REDIRECT] [Fatal Error] :1:1: Premature end of file.
2025-12-20 12:32:19,055 [ERROR] LogOutputStream:75 - [STDERR_REDIRECT] 
2025-12-20 12:32:20,054 [ERROR] LogOutputStream:75 - [STDERR_REDIRECT] [Fatal Error] :1:1: Premature end of file.
2025-12-20 12:32:20,054 [ERROR] LogOutputStream:75 - [STDERR_REDIRECT] 
2025-12-20 12:32:21,050 [ERROR] LogOutputStream:75 - [STDERR_REDIRECT] [Fatal Error] :1:1: Premature end of file.
2025-12-20 12:32:21,050 [ERROR] LogOutputStream:75 - [STDERR_REDIRECT] 
2025-12-20 12:32:22,053 [ERROR] LogOutputStream:75 - [STDERR_REDIRECT] [Fatal Error] :1:1: Premature end of file.
2025-12-20 12:32:22,053 [ERROR] LogOutputStream:75 - [STDERR_REDIRECT] 
2025-12-20 12:32:23,045 [ERROR] LogOutputStream:75 - [STDERR_REDIRECT] [Fatal Error] :1:1: Premature end of file.
2025-12-20 12:32:23,045 [ERROR] LogOutputStream:75 - [STDERR_REDIRECT] 
2025-12-20 12:32:24,053 [ERROR] LogOutputStream:75 - [STDERR_REDIRECT] [Fatal Error] :1:1: Premature end of file.
2025-12-20 12:32:24,053 [ERROR] LogOutputStream:75 - [STDERR_REDIRECT] 
2025-12-20 12:32:25,040 [ERROR] LogOutputStream:75 - [STDERR_REDIRECT] [Fatal Error] :1:1: Premature end of file.
2025-12-20 12:32:25,040 [ERROR] LogOutputStream:75 - [STDERR_REDIRECT] 
2025-12-20 12:32:26,043 [ERROR] LogOutputStream:75 - [STDERR_REDIRECT] [Fatal Error] :1:1: Premature end of file.
2025-12-20 12:32:26,043 [ERROR] LogOutputStream:75 - [STDERR_REDIRECT] 
2025-12-20 12:32:27,034 [ERROR] LogOutputStream:75 - [STDERR_REDIRECT] [Fatal Error] :1:1: Premature end of file.
2025-12-20 12:32:27,034 [ERROR] LogOutputStream:75 - [STDERR_REDIRECT] 
2025-12-20 12:32:28,051 [ERROR] LogOutputStream:75 - [STDERR_REDIRECT] [Fatal Error] :1:1: Premature end of file.
2025-12-20 12:32:28,051 [ERROR] LogOutputStream:75 - [STDERR_REDIRECT] 
2025-12-20 12:32:29,046 [ERROR] LogOutputStream:75 - [STDERR_REDIRECT] [Fatal Error] :1:1: Premature end of file.
2025-12-20 12:32:29,050 [ERROR] LogOutputStream:75 - [STDERR_REDIRECT] 
2025-12-20 12:32:30,049 [ERROR] LogOutputStream:75 - [STDERR_REDIRECT] [Fatal Error] :1:1: Premature end of file.
2025-12-20 12:32:30,049 [ERROR] LogOutputStream:75 - [STDERR_REDIRECT] 
2025-12-20 12:32:31,050 [ERROR] LogOutputStream:75 - [STDERR_REDIRECT] [Fatal Error] :1:1: Premature end of file.
2025-12-20 12:32:31,050 [ERROR] LogOutputStream:75 - [STDERR_REDIRECT] 
2025-12-20 12:32:32,054 [ERROR] LogOutputStream:75 - [STDERR_REDIRECT] [Fatal Error] :1:1: Premature end of file.
2025-12-20 12:32:32,055 [ERROR] LogOutputStream:75 - [STDERR_REDIRECT] 
2025-12-20 12:32:33,034 [ERROR] LogOutputStream:75 - [STDERR_REDIRECT] [Fatal Error] :1:1: Premature end of file.
2025-12-20 12:32:33,034 [ERROR] LogOutputStream:75 - [STDERR_REDIRECT] 
2025-12-20 12:32:34,053 [ERROR] LogOutputStream:75 - [STDERR_REDIRECT] [Fatal Error] :1:1: Premature end of file.
2025-12-20 12:32:34,053 [ERROR] LogOutputStream:75 - [STDERR_REDIRECT] 
2025-12-20 12:32:35,053 [ERROR] LogOutputStream:75 - [STDERR_REDIRECT] [Fatal Error] :1:1: Premature end of file.
2025-12-20 12:32:35,053 [ERROR] LogOutputStream:75 - [STDERR_REDIRECT] 
2025-12-20 12:32:36,042 [ERROR] LogOutputStream:75 - [STDERR_REDIRECT] [Fatal Error] :1:1: Premature end of file.
2025-12-20 12:32:36,042 [ERROR] LogOutputStream:75 - [STDERR_REDIRECT] 
2025-12-20 12:32:37,050 [ERROR] LogOutputStream:75 - [STDERR_REDIRECT] [Fatal Error] :1:1: Premature end of file.
2025-12-20 12:32:37,050 [ERROR] LogOutputStream:75 - [STDERR_REDIRECT] 
2025-12-20 12:32:38,044 [ERROR] LogOutputStream:75 - [STDERR_REDIRECT] [Fatal Error] :1:1: Premature end of file.
2025-12-20 12:32:38,046 [ERROR] LogOutputStream:75 - [STDERR_REDIRECT] 
2025-12-20 12:32:39,043 [ERROR] LogOutputStream:75 - [STDERR_REDIRECT] [Fatal Error] :1:1: Premature end of file.
2025-12-20 12:32:39,043 [ERROR] LogOutputStream:75 - [STDERR_REDIRECT] 
2025-12-20 12:32:40,034 [ERROR] LogOutputStream:75 - [STDERR_REDIRECT] [Fatal Error] :1:1: Premature end of file.
2025-12-20 12:32:40,034 [ERROR] LogOutputStream:75 - [STDERR_REDIRECT] 
2025-12-20 12:32:41,051 [ERROR] LogOutputStream:75 - [STDERR_REDIRECT] [Fatal Error] :1:1: Premature end of file.
2025-12-20 12:32:41,051 [ERROR] LogOutputStream:75 - [STDERR_REDIRECT] 
2025-12-20 12:32:42,033 [ERROR] LogOutputStream:75 - [STDERR_REDIRECT] [Fatal Error] :1:1: Premature end of file.
2025-12-20 12:32:42,033 [ERROR] LogOutputStream:75 - [STDERR_REDIRECT] 
2025-12-20 12:32:43,056 [ERROR] LogOutputStream:75 - [STDERR_REDIRECT] [Fatal Error] :1:1: Premature end of file.
2025-12-20 12:32:43,056 [ERROR] LogOutputStream:75 - [STDERR_REDIRECT] 
2025-12-20 12:32:44,038 [ERROR] LogOutputStream:75 - [STDERR_REDIRECT] [Fatal Error] :1:1: Premature end of file.
2025-12-20 12:32:44,038 [ERROR] LogOutputStream:75 - [STDERR_REDIRECT] 
2025-12-20 12:32:45,058 [ERROR] LogOutputStream:75 - [STDERR_REDIRECT] [Fatal Error] :1:1: Premature end of file.
2025-12-20 12:32:45,058 [ERROR] LogOutputStream:75 - [STDERR_REDIRECT] 
2025-12-20 12:32:46,041 [ERROR] LogOutputStream:75 - [STDERR_REDIRECT] [Fatal Error] :1:1: Premature end of file.
2025-12-20 12:32:46,041 [ERROR] LogOutputStream:75 - [STDERR_REDIRECT] 
2025-12-20 12:32:47,044 [ERROR] LogOutputStream:75 - [STDERR_REDIRECT] [Fatal Error] :1:1: Premature end of file.
2025-12-20 12:32:47,044 [ERROR] LogOutputStream:75 - [STDERR_REDIRECT] 
2025-12-20 12:32:48,050 [ERROR] LogOutputStream:75 - [STDERR_REDIRECT] [Fatal Error] :1:1: Premature end of file.
2025-12-20 12:32:48,050 [ERROR] LogOutputStream:75 - [STDERR_REDIRECT] 
2025-12-20 12:32:49,045 [ERROR] LogOutputStream:75 - [STDERR_REDIRECT] [Fatal Error] :1:1: Premature end of file.
2025-12-20 12:32:49,045 [ERROR] LogOutputStream:75 - [STDERR_REDIRECT] 
2025-12-20 12:32:50,043 [ERROR] LogOutputStream:75 - [STDERR_REDIRECT] [Fatal Error] :1:1: Premature end of file.
2025-12-20 12:32:50,043 [ERROR] LogOutputStream:75 - [STDERR_REDIRECT] 
2025-12-20 12:32:51,050 [ERROR] LogOutputStream:75 - [STDERR_REDIRECT] [Fatal Error] :1:1: Premature end of file.
2025-12-20 12:32:51,051 [ERROR] LogOutputStream:75 - [STDERR_REDIRECT] 
2025-12-20 12:32:52,047 [ERROR] LogOutputStream:75 - [STDERR_REDIRECT] [Fatal Error] :1:1: Premature end of file.
2025-12-20 12:32:52,049 [ERROR] LogOutputStream:75 - [STDERR_REDIRECT] 
2025-12-20 12:32:53,042 [ERROR] LogOutputStream:75 - [STDERR_REDIRECT] [Fatal Error] :1:1: Premature end of file.
2025-12-20 12:32:53,042 [ERROR] LogOutputStream:75 - [STDERR_REDIRECT] 
2025-12-20 12:32:54,054 [ERROR] LogOutputStream:75 - [STDERR_REDIRECT] [Fatal Error] :1:1: Premature end of file.
2025-12-20 12:32:54,054 [ERROR] LogOutputStream:75 - [STDERR_REDIRECT] 
2025-12-20 12:32:55,039 [ERROR] LogOutputStream:75 - [STDERR_REDIRECT] [Fatal Error] :1:1: Premature end of file.
2025-12-20 12:32:55,039 [ERROR] LogOutputStream:75 - [STDERR_REDIRECT] 
2025-12-20 12:32:56,042 [ERROR] LogOutputStream:75 - [STDERR_REDIRECT] [Fatal Error] :1:1: Premature end of file.
2025-12-20 12:32:56,042 [ERROR] LogOutputStream:75 - [STDERR_REDIRECT] 
2025-12-20 12:32:57,023 [ERROR] LogOutputStream:75 - [STDERR_REDIRECT] [Fatal Error] :1:1: Premature end of file.
2025-12-20 12:32:57,023 [ERROR] LogOutputStream:75 - [STDERR_REDIRECT] 
2025-12-20 12:32:58,051 [ERROR] LogOutputStream:75 - [STDERR_REDIRECT] [Fatal Error] :1:1: Premature end of file.
2025-12-20 12:32:58,051 [ERROR] LogOutputStream:75 - [STDERR_REDIRECT] 
2025-12-20 12:32:59,038 [ERROR] LogOutputStream:75 - [STDERR_REDIRECT] [Fatal Error] :1:1: Premature end of file.
2025-12-20 12:32:59,038 [ERROR] LogOutputStream:75 - [STDERR_REDIRECT] 
2025-12-20 12:33:00,044 [ERROR] LogOutputStream:75 - [STDERR_REDIRECT] [Fatal Error] :1:1: Premature end of file.
2025-12-20 12:33:00,044 [ERROR] LogOutputStream:75 - [STDERR_REDIRECT] 
2025-12-20 12:33:01,052 [ERROR] LogOutputStream:75 - [STDERR_REDIRECT] [Fatal Error] :1:1: Premature end of file.
2025-12-20 12:33:01,052 [ERROR] LogOutputStream:75 - [STDERR_REDIRECT] 
2025-12-20 12:33:02,041 [ERROR] LogOutputStream:75 - [STDERR_REDIRECT] [Fatal Error] :1:1: Premature end of file.
2025-12-20 12:33:02,041 [ERROR] LogOutputStream:75 - [STDERR_REDIRECT] 
2025-12-20 12:33:03,034 [ERROR] LogOutputStream:75 - [STDERR_REDIRECT] [Fatal Error] :1:1: Premature end of file.
2025-12-20 12:33:03,034 [ERROR] LogOutputStream:75 - [STDERR_REDIRECT] 
2025-12-20 12:33:04,048 [ERROR] LogOutputStream:75 - [STDERR_REDIRECT] [Fatal Error] :1:1: Premature end of file.
2025-12-20 12:33:04,048 [ERROR] LogOutputStream:75 - [STDERR_REDIRECT] 
2025-12-20 12:33:05,043 [ERROR] LogOutputStream:75 - [STDERR_REDIRECT] [Fatal Error] :1:1: Premature end of file.
2025-12-20 12:33:05,043 [ERROR] LogOutputStream:75 - [STDERR_REDIRECT] 
2025-12-20 12:33:06,034 [ERROR] LogOutputStream:75 - [STDERR_REDIRECT] [Fatal Error] :1:1: Premature end of file.
2025-12-20 12:33:06,034 [ERROR] LogOutputStream:75 - [STDERR_REDIRECT] 
2025-12-20 12:33:07,059 [ERROR] LogOutputStream:75 - [STDERR_REDIRECT] [Fatal Error] :1:1: Premature end of file.
2025-12-20 12:33:07,059 [ERROR] LogOutputStream:75 - [STDERR_REDIRECT] 
2025-12-20 12:33:08,042 [ERROR] LogOutputStream:75 - [STDERR_REDIRECT] [Fatal Error] :1:1: Premature end of file.
2025-12-20 12:33:08,042 [ERROR] LogOutputStream:75 - [STDERR_REDIRECT] 
2025-12-20 12:33:09,048 [ERROR] LogOutputStream:75 - [STDERR_REDIRECT] [Fatal Error] :1:1: Premature end of file.
2025-12-20 12:33:09,049 [ERROR] LogOutputStream:75 - [STDERR_REDIRECT] 
2025-12-20 12:33:10,048 [ERROR] LogOutputStream:75 - [STDERR_REDIRECT] [Fatal Error] :1:1: Premature end of file.
2025-12-20 12:33:10,048 [ERROR] LogOutputStream:75 - [STDERR_REDIRECT] 
2025-12-20 12:33:11,054 [ERROR] LogOutputStream:75 - [STDERR_REDIRECT] [Fatal Error] :1:1: Premature end of file.
2025-12-20 12:33:11,054 [ERROR] LogOutputStream:75 - [STDERR_REDIRECT] 
2025-12-20 12:33:12,044 [ERROR] LogOutputStream:75 - [STDERR_REDIRECT] [Fatal Error] :1:1: Premature end of file.
2025-12-20 12:33:12,050 [ERROR] LogOutputStream:75 - [STDERR_REDIRECT] 
2025-12-20 12:33:13,054 [ERROR] LogOutputStream:75 - [STDERR_REDIRECT] [Fatal Error] :1:1: Premature end of file.
2025-12-20 12:33:13,054 [ERROR] LogOutputStream:75 - [STDERR_REDIRECT] 
2025-12-20 12:33:14,066 [ERROR] LogOutputStream:75 - [STDERR_REDIRECT] [Fatal Error] :1:1: Premature end of file.
2025-12-20 12:33:14,067 [ERROR] LogOutputStream:75 - [STDERR_REDIRECT] 
2025-12-20 12:33:15,054 [ERROR] LogOutputStream:75 - [STDERR_REDIRECT] [Fatal Error] :1:1: Premature end of file.
2025-12-20 12:33:15,054 [ERROR] LogOutputStream:75 - [STDERR_REDIRECT] 
2025-12-20 12:33:16,059 [ERROR] LogOutputStream:75 - [STDERR_REDIRECT] [Fatal Error] :1:1: Premature end of file.
2025-12-20 12:33:16,059 [ERROR] LogOutputStream:75 - [STDERR_REDIRECT] 
2025-12-20 12:33:17,041 [ERROR] LogOutputStream:75 - [STDERR_REDIRECT] [Fatal Error] :1:1: Premature end of file.
2025-12-20 12:33:17,041 [ERROR] LogOutputStream:75 - [STDERR_REDIRECT] 
2025-12-20 12:33:18,029 [ERROR] LogOutputStream:75 - [STDERR_REDIRECT] [Fatal Error] :1:1: Premature end of file.
2025-12-20 12:33:18,029 [ERROR] LogOutputStream:75 - [STDERR_REDIRECT] 
2025-12-20 12:33:19,053 [ERROR] LogOutputStream:75 - [STDERR_REDIRECT] [Fatal Error] :1:1: Premature end of file.
2025-12-20 12:33:19,054 [ERROR] LogOutputStream:75 - [STDERR_REDIRECT] 
2025-12-20 12:33:20,054 [ERROR] LogOutputStream:75 - [STDERR_REDIRECT] [Fatal Error] :1:1: Premature end of file.
2025-12-20 12:33:20,054 [ERROR] LogOutputStream:75 - [STDERR_REDIRECT] 
2025-12-20 12:33:21,034 [ERROR] LogOutputStream:75 - [STDERR_REDIRECT] [Fatal Error] :1:1: Premature end of file.
2025-12-20 12:33:21,034 [ERROR] LogOutputStream:75 - [STDERR_REDIRECT] 
2025-12-20 12:33:22,086 [ERROR] LogOutputStream:75 - [STDERR_REDIRECT] [Fatal Error] :1:1: Premature end of file.
2025-12-20 12:33:22,086 [ERROR] LogOutputStream:75 - [STDERR_REDIRECT] 
2025-12-20 12:33:23,029 [ERROR] LogOutputStream:75 - [STDERR_REDIRECT] [Fatal Error] :1:1: Premature end of file.
2025-12-20 12:33:23,029 [ERROR] LogOutputStream:75 - [STDERR_REDIRECT] 
2025-12-20 12:33:24,020 [ERROR] LogOutputStream:75 - [STDERR_REDIRECT] [Fatal Error] :1:1: Premature end of file.
2025-12-20 12:33:24,020 [ERROR] LogOutputStream:75 - [STDERR_REDIRECT] 
2025-12-20 12:33:25,050 [ERROR] LogOutputStream:75 - [STDERR_REDIRECT] [Fatal Error] :1:1: Premature end of file.
2025-12-20 12:33:25,050 [ERROR] LogOutputStream:75 - [STDERR_REDIRECT] 
2025-12-20 12:33:26,040 [ERROR] LogOutputStream:75 - [STDERR_REDIRECT] [Fatal Error] :1:1: Premature end of file.
2025-12-20 12:33:26,040 [ERROR] LogOutputStream:75 - [STDERR_REDIRECT] 
2025-12-20 12:33:27,043 [ERROR] LogOutputStream:75 - [STDERR_REDIRECT] [Fatal Error] :1:1: Premature end of file.
2025-12-20 12:33:27,043 [ERROR] LogOutputStream:75 - [STDERR_REDIRECT] 
2025-12-20 12:33:28,045 [ERROR] LogOutputStream:75 - [STDERR_REDIRECT] [Fatal Error] :1:1: Premature end of file.
2025-12-20 12:33:28,045 [ERROR] LogOutputStream:75 - [STDERR_REDIRECT] 
2025-12-20 12:33:29,040 [ERROR] LogOutputStream:75 - [STDERR_REDIRECT] [Fatal Error] :1:1: Premature end of file.
2025-12-20 12:33:29,040 [ERROR] LogOutputStream:75 - [STDERR_REDIRECT] 
2025-12-20 12:33:30,031 [ERROR] LogOutputStream:75 - [STDERR_REDIRECT] [Fatal Error] :1:1: Premature end of file.
2025-12-20 12:33:30,032 [ERROR] LogOutputStream:75 - [STDERR_REDIRECT] 
2025-12-20 12:33:31,031 [ERROR] LogOutputStream:75 - [STDERR_REDIRECT] [Fatal Error] :1:1: Premature end of file.
2025-12-20 12:33:31,031 [ERROR] LogOutputStream:75 - [STDERR_REDIRECT] 
2025-12-20 12:33:32,044 [ERROR] LogOutputStream:75 - [STDERR_REDIRECT] [Fatal Error] :1:1: Premature end of file.
2025-12-20 12:33:32,044 [ERROR] LogOutputStream:75 - [STDERR_REDIRECT] 
2025-12-20 12:33:33,050 [ERROR] LogOutputStream:75 - [STDERR_REDIRECT] [Fatal Error] :1:1: Premature end of file.
2025-12-20 12:33:33,050 [ERROR] LogOutputStream:75 - [STDERR_REDIRECT] 
2025-12-20 12:33:34,048 [ERROR] LogOutputStream:75 - [STDERR_REDIRECT] [Fatal Error] :1:1: Premature end of file.
2025-12-20 12:33:34,048 [ERROR] LogOutputStream:75 - [STDERR_REDIRECT] 
2025-12-20 12:33:35,044 [ERROR] LogOutputStream:75 - [STDERR_REDIRECT] [Fatal Error] :1:1: Premature end of file.
2025-12-20 12:33:35,044 [ERROR] LogOutputStream:75 - [STDERR_REDIRECT] 
2025-12-20 12:33:36,045 [ERROR] LogOutputStream:75 - [STDERR_REDIRECT] [Fatal Error] :1:1: Premature end of file.
2025-12-20 12:33:36,045 [ERROR] LogOutputStream:75 - [STDERR_REDIRECT] 
2025-12-20 12:33:37,056 [ERROR] LogOutputStream:75 - [STDERR_REDIRECT] [Fatal Error] :1:1: Premature end of file.
2025-12-20 12:33:37,056 [ERROR] LogOutputStream:75 - [STDERR_REDIRECT] 
2025-12-20 12:33:38,052 [ERROR] LogOutputStream:75 - [STDERR_REDIRECT] [Fatal Error] :1:1: Premature end of file.
2025-12-20 12:33:38,052 [ERROR] LogOutputStream:75 - [STDERR_REDIRECT] 
2025-12-20 12:33:39,040 [ERROR] LogOutputStream:75 - [STDERR_REDIRECT] [Fatal Error] :1:1: Premature end of file.
2025-12-20 12:33:39,040 [ERROR] LogOutputStream:75 - [STDERR_REDIRECT] 
2025-12-20 12:33:40,053 [ERROR] LogOutputStream:75 - [STDERR_REDIRECT] [Fatal Error] :1:1: Premature end of file.
2025-12-20 12:33:40,053 [ERROR] LogOutputStream:75 - [STDERR_REDIRECT] 
2025-12-20 12:33:41,058 [ERROR] LogOutputStream:75 - [STDERR_REDIRECT] [Fatal Error] :1:1: Premature end of file.
2025-12-20 12:33:41,058 [ERROR] LogOutputStream:75 - [STDERR_REDIRECT] 
2025-12-20 12:33:42,072 [ERROR] LogOutputStream:75 - [STDERR_REDIRECT] [Fatal Error] :1:1: Premature end of file.
2025-12-20 12:33:42,072 [ERROR] LogOutputStream:75 - [STDERR_REDIRECT] 
2025-12-20 12:33:43,041 [ERROR] LogOutputStream:75 - [STDERR_REDIRECT] [Fatal Error] :1:1: Premature end of file.
2025-12-20 12:33:43,041 [ERROR] LogOutputStream:75 - [STDERR_REDIRECT] 
2025-12-20 12:33:44,045 [ERROR] LogOutputStream:75 - [STDERR_REDIRECT] [Fatal Error] :1:1: Premature end of file.
2025-12-20 12:33:44,045 [ERROR] LogOutputStream:75 - [STDERR_REDIRECT] 
2025-12-20 12:33:45,050 [ERROR] LogOutputStream:75 - [STDERR_REDIRECT] [Fatal Error] :1:1: Premature end of file.
2025-12-20 12:33:45,050 [ERROR] LogOutputStream:75 - [STDERR_REDIRECT] 
2025-12-20 12:33:46,052 [ERROR] LogOutputStream:75 - [STDERR_REDIRECT] [Fatal Error] :1:1: Premature end of file.
2025-12-20 12:33:46,052 [ERROR] LogOutputStream:75 - [STDERR_REDIRECT] 
2025-12-20 12:33:47,035 [ERROR] LogOutputStream:75 - [STDERR_REDIRECT] [Fatal Error] :1:1: Premature end of file.
2025-12-20 12:33:47,035 [ERROR] LogOutputStream:75 - [STDERR_REDIRECT] 
2025-12-20 12:33:48,037 [ERROR] LogOutputStream:75 - [STDERR_REDIRECT] [Fatal Error] :1:1: Premature end of file.
2025-12-20 12:33:48,037 [ERROR] LogOutputStream:75 - [STDERR_REDIRECT] 
2025-12-20 12:33:49,051 [ERROR] LogOutputStream:75 - [STDERR_REDIRECT] [Fatal Error] :1:1: Premature end of file.
2025-12-20 12:33:49,051 [ERROR] LogOutputStream:75 - [STDERR_REDIRECT] 
2025-12-20 12:33:50,055 [ERROR] LogOutputStream:75 - [STDERR_REDIRECT] [Fatal Error] :1:1: Premature end of file.
2025-12-20 12:33:50,055 [ERROR] LogOutputStream:75 - [STDERR_REDIRECT] 
2025-12-20 12:33:51,041 [ERROR] LogOutputStream:75 - [STDERR_REDIRECT] [Fatal Error] :1:1: Premature end of file.
2025-12-20 12:33:51,041 [ERROR] LogOutputStream:75 - [STDERR_REDIRECT] 
2025-12-20 12:33:52,051 [ERROR] LogOutputStream:75 - [STDERR_REDIRECT] [Fatal Error] :1:1: Premature end of file.
2025-12-20 12:33:52,052 [ERROR] LogOutputStream:75 - [STDERR_REDIRECT] 
2025-12-20 12:33:53,051 [ERROR] LogOutputStream:75 - [STDERR_REDIRECT] [Fatal Error] :1:1: Premature end of file.
2025-12-20 12:33:53,051 [ERROR] LogOutputStream:75 - [STDERR_REDIRECT] 
2025-12-20 12:33:54,035 [ERROR] LogOutputStream:75 - [STDERR_REDIRECT] [Fatal Error] :1:1: Premature end of file.
2025-12-20 12:33:54,035 [ERROR] LogOutputStream:75 - [STDERR_REDIRECT] 
2025-12-20 12:33:55,072 [ERROR] LogOutputStream:75 - [STDERR_REDIRECT] [Fatal Error] :1:1: Premature end of file.
2025-12-20 12:33:55,072 [ERROR] LogOutputStream:75 - [STDERR_REDIRECT] 
2025-12-20 12:33:56,038 [ERROR] LogOutputStream:75 - [STDERR_REDIRECT] [Fatal Error] :1:1: Premature end of file.
2025-12-20 12:33:56,038 [ERROR] LogOutputStream:75 - [STDERR_REDIRECT] 
2025-12-20 12:33:57,041 [ERROR] LogOutputStream:75 - [STDERR_REDIRECT] [Fatal Error] :1:1: Premature end of file.
2025-12-20 12:33:57,041 [ERROR] LogOutputStream:75 - [STDERR_REDIRECT] 
2025-12-20 12:33:58,034 [ERROR] LogOutputStream:75 - [STDERR_REDIRECT] [Fatal Error] :1:1: Premature end of file.
2025-12-20 12:33:58,034 [ERROR] LogOutputStream:75 - [STDERR_REDIRECT] 
2025-12-20 12:33:59,132 [ERROR] LogOutputStream:75 - [STDERR_REDIRECT] [Fatal Error] :1:1: Premature end of file.
2025-12-20 12:33:59,132 [ERROR] LogOutputStream:75 - [STDERR_REDIRECT] 
2025-12-20 12:34:00,040 [ERROR] LogOutputStream:75 - [STDERR_REDIRECT] [Fatal Error] :1:1: Premature end of file.
2025-12-20 12:34:00,042 [ERROR] LogOutputStream:75 - [STDERR_REDIRECT] 
2025-12-20 12:34:01,051 [ERROR] LogOutputStream:75 - [STDERR_REDIRECT] [Fatal Error] :1:1: Premature end of file.
2025-12-20 12:34:01,051 [ERROR] LogOutputStream:75 - [STDERR_REDIRECT] 
2025-12-20 12:34:02,048 [ERROR] LogOutputStream:75 - [STDERR_REDIRECT] [Fatal Error] :1:1: Premature end of file.
2025-12-20 12:34:02,048 [ERROR] LogOutputStream:75 - [STDERR_REDIRECT] 
2025-12-20 12:34:03,045 [ERROR] LogOutputStream:75 - [STDERR_REDIRECT] [Fatal Error] :1:1: Premature end of file.
2025-12-20 12:34:03,045 [ERROR] LogOutputStream:75 - [STDERR_REDIRECT] 
2025-12-20 12:34:04,051 [ERROR] LogOutputStream:75 - [STDERR_REDIRECT] [Fatal Error] :1:1: Premature end of file.
2025-12-20 12:34:04,056 [ERROR] LogOutputStream:75 - [STDERR_REDIRECT] 
2025-12-20 12:34:05,052 [ERROR] LogOutputStream:75 - [STDERR_REDIRECT] [Fatal Error] :1:1: Premature end of file.
2025-12-20 12:34:05,052 [ERROR] LogOutputStream:75 - [STDERR_REDIRECT] 
2025-12-20 12:34:06,050 [ERROR] LogOutputStream:75 - [STDERR_REDIRECT] [Fatal Error] :1:1: Premature end of file.
2025-12-20 12:34:06,050 [ERROR] LogOutputStream:75 - [STDERR_REDIRECT] 
2025-12-20 12:34:07,056 [ERROR] LogOutputStream:75 - [STDERR_REDIRECT] [Fatal Error] :1:1: Premature end of file.
2025-12-20 12:34:07,056 [ERROR] LogOutputStream:75 - [STDERR_REDIRECT] 
2025-12-20 12:34:08,049 [ERROR] LogOutputStream:75 - [STDERR_REDIRECT] [Fatal Error] :1:1: Premature end of file.
2025-12-20 12:34:08,049 [ERROR] LogOutputStream:75 - [STDERR_REDIRECT] 
2025-12-20 12:34:09,042 [ERROR] LogOutputStream:75 - [STDERR_REDIRECT] [Fatal Error] :1:1: Premature end of file.
2025-12-20 12:34:09,042 [ERROR] LogOutputStream:75 - [STDERR_REDIRECT] 
2025-12-20 12:34:10,042 [ERROR] LogOutputStream:75 - [STDERR_REDIRECT] [Fatal Error] :1:1: Premature end of file.
2025-12-20 12:34:10,042 [ERROR] LogOutputStream:75 - [STDERR_REDIRECT] 
2025-12-20 12:34:11,044 [ERROR] LogOutputStream:75 - [STDERR_REDIRECT] [Fatal Error] :1:1: Premature end of file.
2025-12-20 12:34:11,044 [ERROR] LogOutputStream:75 - [STDERR_REDIRECT] 
2025-12-20 12:34:12,036 [ERROR] LogOutputStream:75 - [STDERR_REDIRECT] [Fatal Error] :1:1: Premature end of file.
2025-12-20 12:34:12,036 [ERROR] LogOutputStream:75 - [STDERR_REDIRECT] 
2025-12-20 12:34:13,042 [ERROR] LogOutputStream:75 - [STDERR_REDIRECT] [Fatal Error] :1:1: Premature end of file.
2025-12-20 12:34:13,042 [ERROR] LogOutputStream:75 - [STDERR_REDIRECT] 
2025-12-20 12:34:14,050 [ERROR] LogOutputStream:75 - [STDERR_REDIRECT] [Fatal Error] :1:1: Premature end of file.
2025-12-20 12:34:14,050 [ERROR] LogOutputStream:75 - [STDERR_REDIRECT] 
2025-12-20 12:34:15,037 [ERROR] LogOutputStream:75 - [STDERR_REDIRECT] [Fatal Error] :1:1: Premature end of file.
2025-12-20 12:34:15,037 [ERROR] LogOutputStream:75 - [STDERR_REDIRECT] 
2025-12-20 12:34:16,037 [ERROR] LogOutputStream:75 - [STDERR_REDIRECT] [Fatal Error] :1:1: Premature end of file.
2025-12-20 12:34:16,037 [ERROR] LogOutputStream:75 - [STDERR_REDIRECT] 
2025-12-20 12:34:17,034 [ERROR] LogOutputStream:75 - [STDERR_REDIRECT] [Fatal Error] :1:1: Premature end of file.
2025-12-20 12:34:17,034 [ERROR] LogOutputStream:75 - [STDERR_REDIRECT] 
2025-12-20 12:34:18,050 [ERROR] LogOutputStream:75 - [STDERR_REDIRECT] [Fatal Error] :1:1: Premature end of file.
2025-12-20 12:34:18,050 [ERROR] LogOutputStream:75 - [STDERR_REDIRECT] 
2025-12-20 12:34:19,055 [ERROR] LogOutputStream:75 - [STDERR_REDIRECT] [Fatal Error] :1:1: Premature end of file.
2025-12-20 12:34:19,055 [ERROR] LogOutputStream:75 - [STDERR_REDIRECT] 
2025-12-20 12:34:20,042 [ERROR] LogOutputStream:75 - [STDERR_REDIRECT] [Fatal Error] :1:1: Premature end of file.
2025-12-20 12:34:20,042 [ERROR] LogOutputStream:75 - [STDERR_REDIRECT] 
2025-12-20 12:34:21,037 [ERROR] LogOutputStream:75 - [STDERR_REDIRECT] [Fatal Error] :1:1: Premature end of file.
2025-12-20 12:34:21,037 [ERROR] LogOutputStream:75 - [STDERR_REDIRECT] 
2025-12-20 12:34:22,056 [ERROR] LogOutputStream:75 - [STDERR_REDIRECT] [Fatal Error] :1:1: Premature end of file.
2025-12-20 12:34:22,056 [ERROR] LogOutputStream:75 - [STDERR_REDIRECT] 
2025-12-20 12:34:23,054 [ERROR] LogOutputStream:75 - [STDERR_REDIRECT] [Fatal Error] :1:1: Premature end of file.
2025-12-20 12:34:23,054 [ERROR] LogOutputStream:75 - [STDERR_REDIRECT] 
2025-12-20 12:34:24,032 [ERROR] LogOutputStream:75 - [STDERR_REDIRECT] [Fatal Error] :1:1: Premature end of file.
2025-12-20 12:34:24,032 [ERROR] LogOutputStream:75 - [STDERR_REDIRECT] 
2025-12-20 12:34:25,053 [ERROR] LogOutputStream:75 - [STDERR_REDIRECT] [Fatal Error] :1:1: Premature end of file.
2025-12-20 12:34:25,053 [ERROR] LogOutputStream:75 - [STDERR_REDIRECT] 
2025-12-20 12:34:26,052 [ERROR] LogOutputStream:75 - [STDERR_REDIRECT] [Fatal Error] :1:1: Premature end of file.
2025-12-20 12:34:26,052 [ERROR] LogOutputStream:75 - [STDERR_REDIRECT] 
2025-12-20 12:34:27,037 [ERROR] LogOutputStream:75 - [STDERR_REDIRECT] [Fatal Error] :1:1: Premature end of file.
2025-12-20 12:34:27,037 [ERROR] LogOutputStream:75 - [STDERR_REDIRECT] 
2025-12-20 12:34:28,043 [ERROR] LogOutputStream:75 - [STDERR_REDIRECT] [Fatal Error] :1:1: Premature end of file.
2025-12-20 12:34:28,043 [ERROR] LogOutputStream:75 - [STDERR_REDIRECT] 
2025-12-20 12:34:29,037 [ERROR] LogOutputStream:75 - [STDERR_REDIRECT] [Fatal Error] :1:1: Premature end of file.
2025-12-20 12:34:29,037 [ERROR] LogOutputStream:75 - [STDERR_REDIRECT] 
2025-12-20 12:34:30,048 [ERROR] LogOutputStream:75 - [STDERR_REDIRECT] [Fatal Error] :1:1: Premature end of file.
2025-12-20 12:34:30,048 [ERROR] LogOutputStream:75 - [STDERR_REDIRECT] 
2025-12-20 12:34:31,031 [ERROR] LogOutputStream:75 - [STDERR_REDIRECT] [Fatal Error] :1:1: Premature end of file.
2025-12-20 12:34:31,032 [ERROR] LogOutputStream:75 - [STDERR_REDIRECT] 
2025-12-20 12:34:32,043 [ERROR] LogOutputStream:75 - [STDERR_REDIRECT] [Fatal Error] :1:1: Premature end of file.
2025-12-20 12:34:32,043 [ERROR] LogOutputStream:75 - [STDERR_REDIRECT] 
2025-12-20 12:34:33,042 [ERROR] LogOutputStream:75 - [STDERR_REDIRECT] [Fatal Error] :1:1: Premature end of file.
2025-12-20 12:34:33,042 [ERROR] LogOutputStream:75 - [STDERR_REDIRECT] 
2025-12-20 12:34:34,049 [ERROR] LogOutputStream:75 - [STDERR_REDIRECT] [Fatal Error] :1:1: Premature end of file.
2025-12-20 12:34:34,050 [ERROR] LogOutputStream:75 - [STDERR_REDIRECT] 
2025-12-20 12:34:35,048 [ERROR] LogOutputStream:75 - [STDERR_REDIRECT] [Fatal Error] :1:1: Premature end of file.
2025-12-20 12:34:35,048 [ERROR] LogOutputStream:75 - [STDERR_REDIRECT] 
2025-12-20 12:34:36,050 [ERROR] LogOutputStream:75 - [STDERR_REDIRECT] [Fatal Error] :1:1: Premature end of file.
2025-12-20 12:34:36,050 [ERROR] LogOutputStream:75 - [STDERR_REDIRECT] 
2025-12-20 12:34:37,042 [ERROR] LogOutputStream:75 - [STDERR_REDIRECT] [Fatal Error] :1:1: Premature end of file.
2025-12-20 12:34:37,042 [ERROR] LogOutputStream:75 - [STDERR_REDIRECT] 
2025-12-20 12:34:38,038 [ERROR] LogOutputStream:75 - [STDERR_REDIRECT] [Fatal Error] :1:1: Premature end of file.
2025-12-20 12:34:38,038 [ERROR] LogOutputStream:75 - [STDERR_REDIRECT] 
2025-12-20 12:34:39,049 [ERROR] LogOutputStream:75 - [STDERR_REDIRECT] [Fatal Error] :1:1: Premature end of file.
2025-12-20 12:34:39,050 [ERROR] LogOutputStream:75 - [STDERR_REDIRECT] 
2025-12-20 12:34:40,068 [ERROR] LogOutputStream:75 - [STDERR_REDIRECT] [Fatal Error] :1:1: Premature end of file.
2025-12-20 12:34:40,068 [ERROR] LogOutputStream:75 - [STDERR_REDIRECT] 
2025-12-20 12:34:41,034 [ERROR] LogOutputStream:75 - [STDERR_REDIRECT] [Fatal Error] :1:1: Premature end of file.
2025-12-20 12:34:41,034 [ERROR] LogOutputStream:75 - [STDERR_REDIRECT] 
2025-12-20 12:34:42,038 [ERROR] LogOutputStream:75 - [STDERR_REDIRECT] [Fatal Error] :1:1: Premature end of file.
2025-12-20 12:34:42,038 [ERROR] LogOutputStream:75 - [STDERR_REDIRECT] 
2025-12-20 12:34:43,036 [ERROR] LogOutputStream:75 - [STDERR_REDIRECT] [Fatal Error] :1:1: Premature end of file.
2025-12-20 12:34:43,036 [ERROR] LogOutputStream:75 - [STDERR_REDIRECT] 
2025-12-20 12:34:44,060 [ERROR] LogOutputStream:75 - [STDERR_REDIRECT] [Fatal Error] :1:1: Premature end of file.
2025-12-20 12:34:44,060 [ERROR] LogOutputStream:75 - [STDERR_REDIRECT] 
2025-12-20 12:34:45,039 [ERROR] LogOutputStream:75 - [STDERR_REDIRECT] [Fatal Error] :1:1: Premature end of file.
2025-12-20 12:34:45,039 [ERROR] LogOutputStream:75 - [STDERR_REDIRECT] 
2025-12-20 12:34:46,072 [ERROR] LogOutputStream:75 - [STDERR_REDIRECT] [Fatal Error] :1:1: Premature end of file.
2025-12-20 12:34:46,072 [ERROR] LogOutputStream:75 - [STDERR_REDIRECT] 
2025-12-20 12:34:47,045 [ERROR] LogOutputStream:75 - [STDERR_REDIRECT] [Fatal Error] :1:1: Premature end of file.
2025-12-20 12:34:47,049 [ERROR] LogOutputStream:75 - [STDERR_REDIRECT] 
2025-12-20 12:34:48,042 [ERROR] LogOutputStream:75 - [STDERR_REDIRECT] [Fatal Error] :1:1: Premature end of file.
2025-12-20 12:34:48,042 [ERROR] LogOutputStream:75 - [STDERR_REDIRECT] 
2025-12-20 12:34:49,035 [ERROR] LogOutputStream:75 - [STDERR_REDIRECT] [Fatal Error] :1:1: Premature end of file.
2025-12-20 12:34:49,035 [ERROR] LogOutputStream:75 - [STDERR_REDIRECT] 
2025-12-20 12:34:50,043 [ERROR] LogOutputStream:75 - [STDERR_REDIRECT] [Fatal Error] :1:1: Premature end of file.
2025-12-20 12:34:50,043 [ERROR] LogOutputStream:75 - [STDERR_REDIRECT] 
2025-12-20 12:34:51,054 [ERROR] LogOutputStream:75 - [STDERR_REDIRECT] [Fatal Error] :1:1: Premature end of file.
2025-12-20 12:34:51,054 [ERROR] LogOutputStream:75 - [STDERR_REDIRECT] 
2025-12-20 12:34:52,029 [ERROR] LogOutputStream:75 - [STDERR_REDIRECT] [Fatal Error] :1:1: Premature end of file.
2025-12-20 12:34:52,031 [ERROR] LogOutputStream:75 - [STDERR_REDIRECT] 
2025-12-20 12:34:53,038 [ERROR] LogOutputStream:75 - [STDERR_REDIRECT] [Fatal Error] :1:1: Premature end of file.
2025-12-20 12:34:53,048 [ERROR] LogOutputStream:75 - [STDERR_REDIRECT] 
2025-12-20 12:34:54,027 [ERROR] LogOutputStream:75 - [STDERR_REDIRECT] [Fatal Error] :1:1: Premature end of file.
2025-12-20 12:34:54,027 [ERROR] LogOutputStream:75 - [STDERR_REDIRECT] 
2025-12-20 12:34:55,045 [ERROR] LogOutputStream:75 - [STDERR_REDIRECT] [Fatal Error] :1:1: Premature end of file.
2025-12-20 12:34:55,045 [ERROR] LogOutputStream:75 - [STDERR_REDIRECT] 
2025-12-20 12:34:56,055 [ERROR] LogOutputStream:75 - [STDERR_REDIRECT] [Fatal Error] :1:1: Premature end of file.
2025-12-20 12:34:56,055 [ERROR] LogOutputStream:75 - [STDERR_REDIRECT] 
2025-12-20 12:34:57,037 [ERROR] LogOutputStream:75 - [STDERR_REDIRECT] [Fatal Error] :1:1: Premature end of file.
2025-12-20 12:34:57,037 [ERROR] LogOutputStream:75 - [STDERR_REDIRECT] 
2025-12-20 12:34:58,043 [ERROR] LogOutputStream:75 - [STDERR_REDIRECT] [Fatal Error] :1:1: Premature end of file.
2025-12-20 12:34:58,043 [ERROR] LogOutputStream:75 - [STDERR_REDIRECT] 
2025-12-20 12:34:59,044 [ERROR] LogOutputStream:75 - [STDERR_REDIRECT] [Fatal Error] :1:1: Premature end of file.
2025-12-20 12:34:59,044 [ERROR] LogOutputStream:75 - [STDERR_REDIRECT] 
2025-12-20 12:35:00,045 [ERROR] LogOutputStream:75 - [STDERR_REDIRECT] [Fatal Error] :1:1: Premature end of file.
2025-12-20 12:35:00,045 [ERROR] LogOutputStream:75 - [STDERR_REDIRECT] 
2025-12-20 12:35:01,052 [ERROR] LogOutputStream:75 - [STDERR_REDIRECT] [Fatal Error] :1:1: Premature end of file.
2025-12-20 12:35:01,052 [ERROR] LogOutputStream:75 - [STDERR_REDIRECT] 
2025-12-20 12:35:02,040 [ERROR] LogOutputStream:75 - [STDERR_REDIRECT] [Fatal Error] :1:1: Premature end of file.
2025-12-20 12:35:02,040 [ERROR] LogOutputStream:75 - [STDERR_REDIRECT] 
2025-12-20 12:35:03,042 [ERROR] LogOutputStream:75 - [STDERR_REDIRECT] [Fatal Error] :1:1: Premature end of file.
2025-12-20 12:35:03,042 [ERROR] LogOutputStream:75 - [STDERR_REDIRECT] 
2025-12-20 12:35:04,042 [ERROR] LogOutputStream:75 - [STDERR_REDIRECT] [Fatal Error] :1:1: Premature end of file.
2025-12-20 12:35:04,042 [ERROR] LogOutputStream:75 - [STDERR_REDIRECT] 
2025-12-20 12:35:05,043 [ERROR] LogOutputStream:75 - [STDERR_REDIRECT] [Fatal Error] :1:1: Premature end of file.
2025-12-20 12:35:05,043 [ERROR] LogOutputStream:75 - [STDERR_REDIRECT] 
2025-12-20 12:35:06,050 [ERROR] LogOutputStream:75 - [STDERR_REDIRECT] [Fatal Error] :1:1: Premature end of file.
2025-12-20 12:35:06,050 [ERROR] LogOutputStream:75 - [STDERR_REDIRECT] 
2025-12-20 12:35:07,039 [ERROR] LogOutputStream:75 - [STDERR_REDIRECT] [Fatal Error] :1:1: Premature end of file.
2025-12-20 12:35:07,039 [ERROR] LogOutputStream:75 - [STDERR_REDIRECT] 
2025-12-20 12:35:08,041 [ERROR] LogOutputStream:75 - [STDERR_REDIRECT] [Fatal Error] :1:1: Premature end of file.
2025-12-20 12:35:08,041 [ERROR] LogOutputStream:75 - [STDERR_REDIRECT] 
2025-12-20 12:35:09,066 [ERROR] LogOutputStream:75 - [STDERR_REDIRECT] [Fatal Error] :1:1: Premature end of file.
2025-12-20 12:35:09,067 [ERROR] LogOutputStream:75 - [STDERR_REDIRECT] 
2025-12-20 12:35:10,056 [ERROR] LogOutputStream:75 - [STDERR_REDIRECT] [Fatal Error] :1:1: Premature end of file.
2025-12-20 12:35:10,056 [ERROR] LogOutputStream:75 - [STDERR_REDIRECT] 
2025-12-20 12:35:11,043 [ERROR] LogOutputStream:75 - [STDERR_REDIRECT] [Fatal Error] :1:1: Premature end of file.
2025-12-20 12:35:11,044 [ERROR] LogOutputStream:75 - [STDERR_REDIRECT] 
2025-12-20 12:35:12,043 [ERROR] LogOutputStream:75 - [STDERR_REDIRECT] [Fatal Error] :1:1: Premature end of file.
2025-12-20 12:35:12,043 [ERROR] LogOutputStream:75 - [STDERR_REDIRECT] 
2025-12-20 12:35:13,041 [ERROR] LogOutputStream:75 - [STDERR_REDIRECT] [Fatal Error] :1:1: Premature end of file.
2025-12-20 12:35:13,041 [ERROR] LogOutputStream:75 - [STDERR_REDIRECT] 
2025-12-20 12:35:14,060 [ERROR] LogOutputStream:75 - [STDERR_REDIRECT] [Fatal Error] :1:1: Premature end of file.
2025-12-20 12:35:14,060 [ERROR] LogOutputStream:75 - [STDERR_REDIRECT] 
2025-12-20 12:35:15,053 [ERROR] LogOutputStream:75 - [STDERR_REDIRECT] [Fatal Error] :1:1: Premature end of file.
2025-12-20 12:35:15,053 [ERROR] LogOutputStream:75 - [STDERR_REDIRECT] 
2025-12-20 12:35:16,048 [ERROR] LogOutputStream:75 - [STDERR_REDIRECT] [Fatal Error] :1:1: Premature end of file.
2025-12-20 12:35:16,048 [ERROR] LogOutputStream:75 - [STDERR_REDIRECT] 
2025-12-20 12:35:17,043 [ERROR] LogOutputStream:75 - [STDERR_REDIRECT] [Fatal Error] :1:1: Premature end of file.
2025-12-20 12:35:17,043 [ERROR] LogOutputStream:75 - [STDERR_REDIRECT] 
2025-12-20 12:35:18,038 [ERROR] LogOutputStream:75 - [STDERR_REDIRECT] [Fatal Error] :1:1: Premature end of file.
2025-12-20 12:35:18,040 [ERROR] LogOutputStream:75 - [STDERR_REDIRECT] 
2025-12-20 12:35:19,050 [ERROR] LogOutputStream:75 - [STDERR_REDIRECT] [Fatal Error] :1:1: Premature end of file.
2025-12-20 12:35:19,050 [ERROR] LogOutputStream:75 - [STDERR_REDIRECT] 
2025-12-20 12:35:20,051 [ERROR] LogOutputStream:75 - [STDERR_REDIRECT] [Fatal Error] :1:1: Premature end of file.
2025-12-20 12:35:20,052 [ERROR] LogOutputStream:75 - [STDERR_REDIRECT] 
2025-12-20 12:35:21,042 [ERROR] LogOutputStream:75 - [STDERR_REDIRECT] [Fatal Error] :1:1: Premature end of file.
2025-12-20 12:35:21,042 [ERROR] LogOutputStream:75 - [STDERR_REDIRECT] 
2025-12-20 12:35:22,046 [ERROR] LogOutputStream:75 - [STDERR_REDIRECT] [Fatal Error] :1:1: Premature end of file.
2025-12-20 12:35:22,046 [ERROR] LogOutputStream:75 - [STDERR_REDIRECT] 
2025-12-20 12:35:23,056 [ERROR] LogOutputStream:75 - [STDERR_REDIRECT] [Fatal Error] :1:1: Premature end of file.
2025-12-20 12:35:23,056 [ERROR] LogOutputStream:75 - [STDERR_REDIRECT] 
2025-12-20 12:35:24,052 [ERROR] LogOutputStream:75 - [STDERR_REDIRECT] [Fatal Error] :1:1: Premature end of file.
2025-12-20 12:35:24,052 [ERROR] LogOutputStream:75 - [STDERR_REDIRECT] 
2025-12-20 12:35:25,057 [ERROR] LogOutputStream:75 - [STDERR_REDIRECT] [Fatal Error] :1:1: Premature end of file.
2025-12-20 12:35:25,057 [ERROR] LogOutputStream:75 - [STDERR_REDIRECT] 
2025-12-20 12:35:26,043 [ERROR] LogOutputStream:75 - [STDERR_REDIRECT] [Fatal Error] :1:1: Premature end of file.
2025-12-20 12:35:26,043 [ERROR] LogOutputStream:75 - [STDERR_REDIRECT] 
2025-12-20 12:35:27,043 [ERROR] LogOutputStream:75 - [STDERR_REDIRECT] [Fatal Error] :1:1: Premature end of file.
2025-12-20 12:35:27,043 [ERROR] LogOutputStream:75 - [STDERR_REDIRECT] 
2025-12-20 12:35:28,045 [ERROR] LogOutputStream:75 - [STDERR_REDIRECT] [Fatal Error] :1:1: Premature end of file.
2025-12-20 12:35:28,045 [ERROR] LogOutputStream:75 - [STDERR_REDIRECT] 
2025-12-20 12:35:29,051 [ERROR] LogOutputStream:75 - [STDERR_REDIRECT] [Fatal Error] :1:1: Premature end of file.
2025-12-20 12:35:29,051 [ERROR] LogOutputStream:75 - [STDERR_REDIRECT] 
2025-12-20 12:35:30,042 [ERROR] LogOutputStream:75 - [STDERR_REDIRECT] [Fatal Error] :1:1: Premature end of file.
2025-12-20 12:35:30,042 [ERROR] LogOutputStream:75 - [STDERR_REDIRECT] 
2025-12-20 12:35:31,053 [ERROR] LogOutputStream:75 - [STDERR_REDIRECT] [Fatal Error] :1:1: Premature end of file.
2025-12-20 12:35:31,053 [ERROR] LogOutputStream:75 - [STDERR_REDIRECT] 
2025-12-20 12:35:32,040 [ERROR] LogOutputStream:75 - [STDERR_REDIRECT] [Fatal Error] :1:1: Premature end of file.
2025-12-20 12:35:32,040 [ERROR] LogOutputStream:75 - [STDERR_REDIRECT] 
2025-12-20 12:35:33,018 [ERROR] LogOutputStream:75 - [STDERR_REDIRECT] [Fatal Error] :1:1: Premature end of file.
2025-12-20 12:35:33,020 [ERROR] LogOutputStream:75 - [STDERR_REDIRECT] 
2025-12-20 12:35:34,029 [ERROR] LogOutputStream:75 - [STDERR_REDIRECT] [Fatal Error] :1:1: Premature end of file.
2025-12-20 12:35:34,029 [ERROR] LogOutputStream:75 - [STDERR_REDIRECT] 
2025-12-20 12:35:35,034 [ERROR] LogOutputStream:75 - [STDERR_REDIRECT] [Fatal Error] :1:1: Premature end of file.
2025-12-20 12:35:35,034 [ERROR] LogOutputStream:75 - [STDERR_REDIRECT] 
2025-12-20 12:35:36,032 [ERROR] LogOutputStream:75 - [STDERR_REDIRECT] [Fatal Error] :1:1: Premature end of file.
2025-12-20 12:35:36,032 [ERROR] LogOutputStream:75 - [STDERR_REDIRECT] 
2025-12-20 12:35:37,044 [ERROR] LogOutputStream:75 - [STDERR_REDIRECT] [Fatal Error] :1:1: Premature end of file.
2025-12-20 12:35:37,044 [ERROR] LogOutputStream:75 - [STDERR_REDIRECT] 
2025-12-20 12:35:38,044 [ERROR] LogOutputStream:75 - [STDERR_REDIRECT] [Fatal Error] :1:1: Premature end of file.
2025-12-20 12:35:38,044 [ERROR] LogOutputStream:75 - [STDERR_REDIRECT] 
2025-12-20 12:35:39,034 [ERROR] LogOutputStream:75 - [STDERR_REDIRECT] [Fatal Error] :1:1: Premature end of file.
2025-12-20 12:35:39,034 [ERROR] LogOutputStream:75 - [STDERR_REDIRECT] 
2025-12-20 12:35:40,060 [ERROR] LogOutputStream:75 - [STDERR_REDIRECT] [Fatal Error] :1:1: Premature end of file.
2025-12-20 12:35:40,060 [ERROR] LogOutputStream:75 - [STDERR_REDIRECT] 
2025-12-20 12:35:41,058 [ERROR] LogOutputStream:75 - [STDERR_REDIRECT] [Fatal Error] :1:1: Premature end of file.
2025-12-20 12:35:41,058 [ERROR] LogOutputStream:75 - [STDERR_REDIRECT] 
2025-12-20 12:35:42,049 [ERROR] LogOutputStream:75 - [STDERR_REDIRECT] [Fatal Error] :1:1: Premature end of file.
2025-12-20 12:35:42,049 [ERROR] LogOutputStream:75 - [STDERR_REDIRECT] 
2025-12-20 12:35:43,040 [ERROR] LogOutputStream:75 - [STDERR_REDIRECT] [Fatal Error] :1:1: Premature end of file.
2025-12-20 12:35:43,040 [ERROR] LogOutputStream:75 - [STDERR_REDIRECT] 
2025-12-20 12:35:44,052 [ERROR] LogOutputStream:75 - [STDERR_REDIRECT] [Fatal Error] :1:1: Premature end of file.
2025-12-20 12:35:44,052 [ERROR] LogOutputStream:75 - [STDERR_REDIRECT] 
2025-12-20 12:35:45,037 [ERROR] LogOutputStream:75 - [STDERR_REDIRECT] [Fatal Error] :1:1: Premature end of file.
2025-12-20 12:35:45,037 [ERROR] LogOutputStream:75 - [STDERR_REDIRECT] 
2025-12-20 12:35:46,042 [ERROR] LogOutputStream:75 - [STDERR_REDIRECT] [Fatal Error] :1:1: Premature end of file.
2025-12-20 12:35:46,042 [ERROR] LogOutputStream:75 - [STDERR_REDIRECT] 
2025-12-20 12:35:47,039 [ERROR] LogOutputStream:75 - [STDERR_REDIRECT] [Fatal Error] :1:1: Premature end of file.
2025-12-20 12:35:47,039 [ERROR] LogOutputStream:75 - [STDERR_REDIRECT] 
2025-12-20 12:35:48,048 [ERROR] LogOutputStream:75 - [STDERR_REDIRECT] [Fatal Error] :1:1: Premature end of file.
2025-12-20 12:35:48,048 [ERROR] LogOutputStream:75 - [STDERR_REDIRECT] 
2025-12-20 12:35:49,039 [ERROR] LogOutputStream:75 - [STDERR_REDIRECT] [Fatal Error] :1:1: Premature end of file.
2025-12-20 12:35:49,039 [ERROR] LogOutputStream:75 - [STDERR_REDIRECT] 
2025-12-20 12:35:50,054 [ERROR] LogOutputStream:75 - [STDERR_REDIRECT] [Fatal Error] :1:1: Premature end of file.
2025-12-20 12:35:50,055 [ERROR] LogOutputStream:75 - [STDERR_REDIRECT] 
2025-12-20 12:35:51,047 [ERROR] LogOutputStream:75 - [STDERR_REDIRECT] [Fatal Error] :1:1: Premature end of file.
2025-12-20 12:35:51,049 [ERROR] LogOutputStream:75 - [STDERR_REDIRECT] 
2025-12-20 12:35:52,052 [ERROR] LogOutputStream:75 - [STDERR_REDIRECT] [Fatal Error] :1:1: Premature end of file.
2025-12-20 12:35:52,052 [ERROR] LogOutputStream:75 - [STDERR_REDIRECT] 
2025-12-20 12:35:53,040 [ERROR] LogOutputStream:75 - [STDERR_REDIRECT] [Fatal Error] :1:1: Premature end of file.
2025-12-20 12:35:53,040 [ERROR] LogOutputStream:75 - [STDERR_REDIRECT] 
2025-12-20 12:35:54,044 [ERROR] LogOutputStream:75 - [STDERR_REDIRECT] [Fatal Error] :1:1: Premature end of file.
2025-12-20 12:35:54,044 [ERROR] LogOutputStream:75 - [STDERR_REDIRECT] 
2025-12-20 12:35:55,045 [ERROR] LogOutputStream:75 - [STDERR_REDIRECT] [Fatal Error] :1:1: Premature end of file.
2025-12-20 12:35:55,045 [ERROR] LogOutputStream:75 - [STDERR_REDIRECT] 
2025-12-20 12:35:56,044 [ERROR] LogOutputStream:75 - [STDERR_REDIRECT] [Fatal Error] :1:1: Premature end of file.
2025-12-20 12:35:56,044 [ERROR] LogOutputStream:75 - [STDERR_REDIRECT] 
2025-12-20 12:35:57,025 [ERROR] LogOutputStream:75 - [STDERR_REDIRECT] [Fatal Error] :1:1: Premature end of file.
2025-12-20 12:35:57,025 [ERROR] LogOutputStream:75 - [STDERR_REDIRECT] 
2025-12-20 12:35:58,039 [ERROR] LogOutputStream:75 - [STDERR_REDIRECT] [Fatal Error] :1:1: Premature end of file.
2025-12-20 12:35:58,039 [ERROR] LogOutputStream:75 - [STDERR_REDIRECT] 
2025-12-20 12:35:59,058 [ERROR] LogOutputStream:75 - [STDERR_REDIRECT] [Fatal Error] :1:1: Premature end of file.
2025-12-20 12:35:59,058 [ERROR] LogOutputStream:75 - [STDERR_REDIRECT] 
2025-12-20 12:36:00,055 [ERROR] LogOutputStream:75 - [STDERR_REDIRECT] [Fatal Error] :1:1: Premature end of file.
2025-12-20 12:36:00,055 [ERROR] LogOutputStream:75 - [STDERR_REDIRECT] 
2025-12-20 12:36:01,050 [ERROR] LogOutputStream:75 - [STDERR_REDIRECT] [Fatal Error] :1:1: Premature end of file.
2025-12-20 12:36:01,050 [ERROR] LogOutputStream:75 - [STDERR_REDIRECT] 
2025-12-20 12:36:02,050 [ERROR] LogOutputStream:75 - [STDERR_REDIRECT] [Fatal Error] :1:1: Premature end of file.
2025-12-20 12:36:02,050 [ERROR] LogOutputStream:75 - [STDERR_REDIRECT] 
2025-12-20 12:36:03,136 [ERROR] LogOutputStream:75 - [STDERR_REDIRECT] [Fatal Error] :1:1: Premature end of file.
2025-12-20 12:36:03,136 [ERROR] LogOutputStream:75 - [STDERR_REDIRECT] 
2025-12-20 12:36:04,042 [ERROR] LogOutputStream:75 - [STDERR_REDIRECT] [Fatal Error] :1:1: Premature end of file.
2025-12-20 12:36:04,042 [ERROR] LogOutputStream:75 - [STDERR_REDIRECT] 
2025-12-20 12:36:05,037 [ERROR] LogOutputStream:75 - [STDERR_REDIRECT] [Fatal Error] :1:1: Premature end of file.
2025-12-20 12:36:05,037 [ERROR] LogOutputStream:75 - [STDERR_REDIRECT] 
2025-12-20 12:36:06,050 [ERROR] LogOutputStream:75 - [STDERR_REDIRECT] [Fatal Error] :1:1: Premature end of file.
2025-12-20 12:36:06,050 [ERROR] LogOutputStream:75 - [STDERR_REDIRECT] 
2025-12-20 12:36:07,052 [ERROR] LogOutputStream:75 - [STDERR_REDIRECT] [Fatal Error] :1:1: Premature end of file.
2025-12-20 12:36:07,052 [ERROR] LogOutputStream:75 - [STDERR_REDIRECT] 
2025-12-20 12:36:08,042 [ERROR] LogOutputStream:75 - [STDERR_REDIRECT] [Fatal Error] :1:1: Premature end of file.
2025-12-20 12:36:08,042 [ERROR] LogOutputStream:75 - [STDERR_REDIRECT] 
2025-12-20 12:36:09,057 [ERROR] LogOutputStream:75 - [STDERR_REDIRECT] [Fatal Error] :1:1: Premature end of file.
2025-12-20 12:36:09,057 [ERROR] LogOutputStream:75 - [STDERR_REDIRECT] 
2025-12-20 12:36:10,050 [ERROR] LogOutputStream:75 - [STDERR_REDIRECT] [Fatal Error] :1:1: Premature end of file.
2025-12-20 12:36:10,050 [ERROR] LogOutputStream:75 - [STDERR_REDIRECT] 
2025-12-20 12:36:11,050 [ERROR] LogOutputStream:75 - [STDERR_REDIRECT] [Fatal Error] :1:1: Premature end of file.
2025-12-20 12:36:11,050 [ERROR] LogOutputStream:75 - [STDERR_REDIRECT] 
2025-12-20 12:36:12,040 [ERROR] LogOutputStream:75 - [STDERR_REDIRECT] [Fatal Error] :1:1: Premature end of file.
2025-12-20 12:36:12,040 [ERROR] LogOutputStream:75 - [STDERR_REDIRECT] 
2025-12-20 12:36:13,050 [ERROR] LogOutputStream:75 - [STDERR_REDIRECT] [Fatal Error] :1:1: Premature end of file.
2025-12-20 12:36:13,051 [ERROR] LogOutputStream:75 - [STDERR_REDIRECT] 
2025-12-20 12:36:14,042 [ERROR] LogOutputStream:75 - [STDERR_REDIRECT] [Fatal Error] :1:1: Premature end of file.
2025-12-20 12:36:14,042 [ERROR] LogOutputStream:75 - [STDERR_REDIRECT] 
2025-12-20 12:36:15,049 [ERROR] LogOutputStream:75 - [STDERR_REDIRECT] [Fatal Error] :1:1: Premature end of file.
2025-12-20 12:36:15,049 [ERROR] LogOutputStream:75 - [STDERR_REDIRECT] 
2025-12-20 12:36:16,044 [ERROR] LogOutputStream:75 - [STDERR_REDIRECT] [Fatal Error] :1:1: Premature end of file.
2025-12-20 12:36:16,044 [ERROR] LogOutputStream:75 - [STDERR_REDIRECT] 
2025-12-20 12:36:17,043 [ERROR] LogOutputStream:75 - [STDERR_REDIRECT] [Fatal Error] :1:1: Premature end of file.
2025-12-20 12:36:17,043 [ERROR] LogOutputStream:75 - [STDERR_REDIRECT] 
2025-12-20 12:36:18,056 [ERROR] LogOutputStream:75 - [STDERR_REDIRECT] [Fatal Error] :1:1: Premature end of file.
2025-12-20 12:36:18,056 [ERROR] LogOutputStream:75 - [STDERR_REDIRECT] 
2025-12-20 12:36:19,048 [ERROR] LogOutputStream:75 - [STDERR_REDIRECT] [Fatal Error] :1:1: Premature end of file.
2025-12-20 12:36:19,048 [ERROR] LogOutputStream:75 - [STDERR_REDIRECT] 
2025-12-20 12:36:20,051 [ERROR] LogOutputStream:75 - [STDERR_REDIRECT] [Fatal Error] :1:1: Premature end of file.
2025-12-20 12:36:20,051 [ERROR] LogOutputStream:75 - [STDERR_REDIRECT] 
2025-12-20 12:36:21,056 [ERROR] LogOutputStream:75 - [STDERR_REDIRECT] [Fatal Error] :1:1: Premature end of file.
2025-12-20 12:36:21,056 [ERROR] LogOutputStream:75 - [STDERR_REDIRECT] 
2025-12-20 12:36:22,050 [ERROR] LogOutputStream:75 - [STDERR_REDIRECT] [Fatal Error] :1:1: Premature end of file.
2025-12-20 12:36:22,050 [ERROR] LogOutputStream:75 - [STDERR_REDIRECT] 
2025-12-20 12:36:23,053 [ERROR] LogOutputStream:75 - [STDERR_REDIRECT] [Fatal Error] :1:1: Premature end of file.
2025-12-20 12:36:23,053 [ERROR] LogOutputStream:75 - [STDERR_REDIRECT] 
2025-12-20 12:36:24,036 [ERROR] LogOutputStream:75 - [STDERR_REDIRECT] [Fatal Error] :1:1: Premature end of file.
2025-12-20 12:36:24,036 [ERROR] LogOutputStream:75 - [STDERR_REDIRECT] 
2025-12-20 12:36:25,058 [ERROR] LogOutputStream:75 - [STDERR_REDIRECT] [Fatal Error] :1:1: Premature end of file.
2025-12-20 12:36:25,058 [ERROR] LogOutputStream:75 - [STDERR_REDIRECT] 
2025-12-20 12:36:26,039 [ERROR] LogOutputStream:75 - [STDERR_REDIRECT] [Fatal Error] :1:1: Premature end of file.
2025-12-20 12:36:26,039 [ERROR] LogOutputStream:75 - [STDERR_REDIRECT] 
2025-12-20 12:36:27,035 [ERROR] LogOutputStream:75 - [STDERR_REDIRECT] [Fatal Error] :1:1: Premature end of file.
2025-12-20 12:36:27,035 [ERROR] LogOutputStream:75 - [STDERR_REDIRECT] 
2025-12-20 12:36:28,038 [ERROR] LogOutputStream:75 - [STDERR_REDIRECT] [Fatal Error] :1:1: Premature end of file.
2025-12-20 12:36:28,038 [ERROR] LogOutputStream:75 - [STDERR_REDIRECT] 
2025-12-20 12:36:29,048 [ERROR] LogOutputStream:75 - [STDERR_REDIRECT] [Fatal Error] :1:1: Premature end of file.
2025-12-20 12:36:29,050 [ERROR] LogOutputStream:75 - [STDERR_REDIRECT] 
2025-12-20 12:36:30,066 [ERROR] LogOutputStream:75 - [STDERR_REDIRECT] [Fatal Error] :1:1: Premature end of file.
2025-12-20 12:36:30,066 [ERROR] LogOutputStream:75 - [STDERR_REDIRECT] 
2025-12-20 12:36:31,048 [ERROR] LogOutputStream:75 - [STDERR_REDIRECT] [Fatal Error] :1:1: Premature end of file.
2025-12-20 12:36:31,049 [ERROR] LogOutputStream:75 - [STDERR_REDIRECT] 
2025-12-20 12:36:32,049 [ERROR] LogOutputStream:75 - [STDERR_REDIRECT] [Fatal Error] :1:1: Premature end of file.
2025-12-20 12:36:32,049 [ERROR] LogOutputStream:75 - [STDERR_REDIRECT] 
2025-12-20 12:36:33,052 [ERROR] LogOutputStream:75 - [STDERR_REDIRECT] [Fatal Error] :1:1: Premature end of file.
2025-12-20 12:36:33,052 [ERROR] LogOutputStream:75 - [STDERR_REDIRECT] 
2025-12-20 12:36:34,056 [ERROR] LogOutputStream:75 - [STDERR_REDIRECT] [Fatal Error] :1:1: Premature end of file.
2025-12-20 12:36:34,056 [ERROR] LogOutputStream:75 - [STDERR_REDIRECT] 
2025-12-20 12:36:35,041 [ERROR] LogOutputStream:75 - [STDERR_REDIRECT] [Fatal Error] :1:1: Premature end of file.
2025-12-20 12:36:35,041 [ERROR] LogOutputStream:75 - [STDERR_REDIRECT] 
2025-12-20 12:36:36,050 [ERROR] LogOutputStream:75 - [STDERR_REDIRECT] [Fatal Error] :1:1: Premature end of file.
2025-12-20 12:36:36,050 [ERROR] LogOutputStream:75 - [STDERR_REDIRECT] 
2025-12-20 12:36:37,033 [ERROR] LogOutputStream:75 - [STDERR_REDIRECT] [Fatal Error] :1:1: Premature end of file.
2025-12-20 12:36:37,033 [ERROR] LogOutputStream:75 - [STDERR_REDIRECT] 
2025-12-20 12:36:38,048 [ERROR] LogOutputStream:75 - [STDERR_REDIRECT] [Fatal Error] :1:1: Premature end of file.
2025-12-20 12:36:38,048 [ERROR] LogOutputStream:75 - [STDERR_REDIRECT] 
2025-12-20 12:36:39,042 [ERROR] LogOutputStream:75 - [STDERR_REDIRECT] [Fatal Error] :1:1: Premature end of file.
2025-12-20 12:36:39,043 [ERROR] LogOutputStream:75 - [STDERR_REDIRECT] 
2025-12-20 12:36:40,045 [ERROR] LogOutputStream:75 - [STDERR_REDIRECT] [Fatal Error] :1:1: Premature end of file.
2025-12-20 12:36:40,045 [ERROR] LogOutputStream:75 - [STDERR_REDIRECT] 
2025-12-20 12:36:41,056 [ERROR] LogOutputStream:75 - [STDERR_REDIRECT] [Fatal Error] :1:1: Premature end of file.
2025-12-20 12:36:41,056 [ERROR] LogOutputStream:75 - [STDERR_REDIRECT] 
2025-12-20 12:36:42,057 [ERROR] LogOutputStream:75 - [STDERR_REDIRECT] [Fatal Error] :1:1: Premature end of file.
2025-12-20 12:36:42,057 [ERROR] LogOutputStream:75 - [STDERR_REDIRECT] 
2025-12-20 12:36:43,051 [ERROR] LogOutputStream:75 - [STDERR_REDIRECT] [Fatal Error] :1:1: Premature end of file.
2025-12-20 12:36:43,051 [ERROR] LogOutputStream:75 - [STDERR_REDIRECT] 
2025-12-20 12:36:44,051 [ERROR] LogOutputStream:75 - [STDERR_REDIRECT] [Fatal Error] :1:1: Premature end of file.
2025-12-20 12:36:44,051 [ERROR] LogOutputStream:75 - [STDERR_REDIRECT] 
2025-12-20 12:36:45,061 [ERROR] LogOutputStream:75 - [STDERR_REDIRECT] [Fatal Error] :1:1: Premature end of file.
2025-12-20 12:36:45,061 [ERROR] LogOutputStream:75 - [STDERR_REDIRECT] 
2025-12-20 12:36:46,054 [ERROR] LogOutputStream:75 - [STDERR_REDIRECT] [Fatal Error] :1:1: Premature end of file.
2025-12-20 12:36:46,054 [ERROR] LogOutputStream:75 - [STDERR_REDIRECT] 
2025-12-20 12:36:47,047 [ERROR] LogOutputStream:75 - [STDERR_REDIRECT] [Fatal Error] :1:1: Premature end of file.
2025-12-20 12:36:47,048 [ERROR] LogOutputStream:75 - [STDERR_REDIRECT] 
2025-12-20 12:36:48,061 [ERROR] LogOutputStream:75 - [STDERR_REDIRECT] [Fatal Error] :1:1: Premature end of file.
2025-12-20 12:36:48,061 [ERROR] LogOutputStream:75 - [STDERR_REDIRECT] 
2025-12-20 12:36:49,043 [ERROR] LogOutputStream:75 - [STDERR_REDIRECT] [Fatal Error] :1:1: Premature end of file.
2025-12-20 12:36:49,043 [ERROR] LogOutputStream:75 - [STDERR_REDIRECT] 
2025-12-20 12:36:50,038 [ERROR] LogOutputStream:75 - [STDERR_REDIRECT] [Fatal Error] :1:1: Premature end of file.
2025-12-20 12:36:50,038 [ERROR] LogOutputStream:75 - [STDERR_REDIRECT] 
2025-12-20 12:36:51,038 [ERROR] LogOutputStream:75 - [STDERR_REDIRECT] [Fatal Error] :1:1: Premature end of file.
2025-12-20 12:36:51,038 [ERROR] LogOutputStream:75 - [STDERR_REDIRECT] 
2025-12-20 12:36:52,056 [ERROR] LogOutputStream:75 - [STDERR_REDIRECT] [Fatal Error] :1:1: Premature end of file.
2025-12-20 12:36:52,056 [ERROR] LogOutputStream:75 - [STDERR_REDIRECT] 
2025-12-20 12:36:53,050 [ERROR] LogOutputStream:75 - [STDERR_REDIRECT] [Fatal Error] :1:1: Premature end of file.
2025-12-20 12:36:53,050 [ERROR] LogOutputStream:75 - [STDERR_REDIRECT] 
2025-12-20 12:36:54,050 [ERROR] LogOutputStream:75 - [STDERR_REDIRECT] [Fatal Error] :1:1: Premature end of file.
2025-12-20 12:36:54,050 [ERROR] LogOutputStream:75 - [STDERR_REDIRECT] 
2025-12-20 12:36:55,044 [ERROR] LogOutputStream:75 - [STDERR_REDIRECT] [Fatal Error] :1:1: Premature end of file.
2025-12-20 12:36:55,044 [ERROR] LogOutputStream:75 - [STDERR_REDIRECT] 
2025-12-20 12:36:56,055 [ERROR] LogOutputStream:75 - [STDERR_REDIRECT] [Fatal Error] :1:1: Premature end of file.
2025-12-20 12:36:56,055 [ERROR] LogOutputStream:75 - [STDERR_REDIRECT] 
2025-12-20 12:36:57,042 [ERROR] LogOutputStream:75 - [STDERR_REDIRECT] [Fatal Error] :1:1: Premature end of file.
2025-12-20 12:36:57,042 [ERROR] LogOutputStream:75 - [STDERR_REDIRECT] 
2025-12-20 12:36:58,045 [ERROR] LogOutputStream:75 - [STDERR_REDIRECT] [Fatal Error] :1:1: Premature end of file.
2025-12-20 12:36:58,045 [ERROR] LogOutputStream:75 - [STDERR_REDIRECT] 
2025-12-20 12:36:59,049 [ERROR] LogOutputStream:75 - [STDERR_REDIRECT] [Fatal Error] :1:1: Premature end of file.
2025-12-20 12:36:59,049 [ERROR] LogOutputStream:75 - [STDERR_REDIRECT] 
2025-12-20 12:37:00,050 [ERROR] LogOutputStream:75 - [STDERR_REDIRECT] [Fatal Error] :1:1: Premature end of file.
2025-12-20 12:37:00,050 [ERROR] LogOutputStream:75 - [STDERR_REDIRECT] 
2025-12-20 12:37:01,050 [ERROR] LogOutputStream:75 - [STDERR_REDIRECT] [Fatal Error] :1:1: Premature end of file.
2025-12-20 12:37:01,050 [ERROR] LogOutputStream:75 - [STDERR_REDIRECT] 
2025-12-20 12:37:02,043 [ERROR] LogOutputStream:75 - [STDERR_REDIRECT] [Fatal Error] :1:1: Premature end of file.
2025-12-20 12:37:02,043 [ERROR] LogOutputStream:75 - [STDERR_REDIRECT] 
2025-12-20 12:37:03,049 [ERROR] LogOutputStream:75 - [STDERR_REDIRECT] [Fatal Error] :1:1: Premature end of file.
2025-12-20 12:37:03,049 [ERROR] LogOutputStream:75 - [STDERR_REDIRECT] 
2025-12-20 12:37:04,049 [ERROR] LogOutputStream:75 - [STDERR_REDIRECT] [Fatal Error] :1:1: Premature end of file.
2025-12-20 12:37:04,049 [ERROR] LogOutputStream:75 - [STDERR_REDIRECT] 
2025-12-20 12:37:05,052 [ERROR] LogOutputStream:75 - [STDERR_REDIRECT] [Fatal Error] :1:1: Premature end of file.
2025-12-20 12:37:05,052 [ERROR] LogOutputStream:75 - [STDERR_REDIRECT] 
2025-12-20 12:37:06,031 [ERROR] LogOutputStream:75 - [STDERR_REDIRECT] [Fatal Error] :1:1: Premature end of file.
2025-12-20 12:37:06,031 [ERROR] LogOutputStream:75 - [STDERR_REDIRECT] 
2025-12-20 12:37:07,053 [ERROR] LogOutputStream:75 - [STDERR_REDIRECT] [Fatal Error] :1:1: Premature end of file.
2025-12-20 12:37:07,053 [ERROR] LogOutputStream:75 - [STDERR_REDIRECT] 
2025-12-20 12:37:08,030 [ERROR] LogOutputStream:75 - [STDERR_REDIRECT] [Fatal Error] :1:1: Premature end of file.
2025-12-20 12:37:08,032 [ERROR] LogOutputStream:75 - [STDERR_REDIRECT] 
2025-12-20 12:37:09,049 [ERROR] LogOutputStream:75 - [STDERR_REDIRECT] [Fatal Error] :1:1: Premature end of file.
2025-12-20 12:37:09,051 [ERROR] LogOutputStream:75 - [STDERR_REDIRECT] 
2025-12-20 12:37:10,040 [ERROR] LogOutputStream:75 - [STDERR_REDIRECT] [Fatal Error] :1:1: Premature end of file.
2025-12-20 12:37:10,040 [ERROR] LogOutputStream:75 - [STDERR_REDIRECT] 
2025-12-20 12:37:11,040 [ERROR] LogOutputStream:75 - [STDERR_REDIRECT] [Fatal Error] :1:1: Premature end of file.
2025-12-20 12:37:11,040 [ERROR] LogOutputStream:75 - [STDERR_REDIRECT] 
2025-12-20 21:12:13,081 [ERROR] LogOutputStream:75 - [STDERR_REDIRECT] [Fatal Error] :1:1: Premature end of file.
2025-12-20 21:12:13,081 [ERROR] LogOutputStream:75 - [STDERR_REDIRECT] 
2025-12-20 21:12:13,608 [ERROR] LogOutputStream:75 - [STDERR_REDIRECT] [Fatal Error] :1:1: Premature end of file.
2025-12-20 21:12:13,608 [ERROR] LogOutputStream:75 - [STDERR_REDIRECT] 
2025-12-20 21:12:13,796 [ERROR] LogOutputStream:75 - [STDERR_REDIRECT] [Fatal Error] :1:1: Premature end of file.
2025-12-20 21:12:13,796 [ERROR] LogOutputStream:75 - [STDERR_REDIRECT] 
2025-12-20 21:12:13,924 [ERROR] LogOutputStream:75 - [STDERR_REDIRECT] [Fatal Error] :1:1: Premature end of file.
2025-12-20 21:12:13,924 [ERROR] LogOutputStream:75 - [STDERR_REDIRECT] 
2025-12-20 21:12:13,980 [ERROR] LogOutputStream:75 - [STDERR_REDIRECT] [Fatal Error] :1:1: Premature end of file.
2025-12-20 21:12:13,980 [ERROR] LogOutputStream:75 - [STDERR_REDIRECT] 
2025-12-20 21:12:14,033 [ERROR] LogOutputStream:75 - [STDERR_REDIRECT] [Fatal Error] :1:1: Premature end of file.
2025-12-20 21:12:14,033 [ERROR] LogOutputStream:75 - [STDERR_REDIRECT] 
2025-12-20 21:12:14,092 [ERROR] LogOutputStream:75 - [STDERR_REDIRECT] [Fatal Error] :1:1: Premature end of file.
2025-12-20 21:12:14,092 [ERROR] LogOutputStream:75 - [STDERR_REDIRECT] 
2025-12-20 21:12:14,138 [ERROR] LogOutputStream:75 - [STDERR_REDIRECT] [Fatal Error] :1:1: Premature end of file.
2025-12-20 21:12:14,138 [ERROR] LogOutputStream:75 - [STDERR_REDIRECT] 
2025-12-20 21:12:14,205 [ERROR] LogOutputStream:75 - [STDERR_REDIRECT] [Fatal Error] :1:1: Premature end of file.
2025-12-20 21:12:14,206 [ERROR] LogOutputStream:75 - [STDERR_REDIRECT] 
2025-12-20 21:12:14,242 [ERROR] LogOutputStream:75 - [STDERR_REDIRECT] [Fatal Error] :1:1: Premature end of file.
2025-12-20 21:12:14,242 [ERROR] LogOutputStream:75 - [STDERR_REDIRECT] 
2025-12-20 21:12:14,285 [ERROR] LogOutputStream:75 - [STDERR_REDIRECT] [Fatal Error] :1:1: Premature end of file.
2025-12-20 21:12:14,285 [ERROR] LogOutputStream:75 - [STDERR_REDIRECT] 
2025-12-20 21:12:14,333 [ERROR] LogOutputStream:75 - [STDERR_REDIRECT] [Fatal Error] :1:1: Premature end of file.
2025-12-20 21:12:14,333 [ERROR] LogOutputStream:75 - [STDERR_REDIRECT] 
2025-12-20 21:12:14,382 [ERROR] LogOutputStream:75 - [STDERR_REDIRECT] [Fatal Error] :1:1: Premature end of file.
2025-12-20 21:12:14,382 [ERROR] LogOutputStream:75 - [STDERR_REDIRECT] 
2025-12-20 21:12:14,416 [ERROR] LogOutputStream:75 - [STDERR_REDIRECT] [Fatal Error] :1:1: Premature end of file.
2025-12-20 21:12:14,416 [ERROR] LogOutputStream:75 - [STDERR_REDIRECT] 
2025-12-20 21:12:14,458 [ERROR] LogOutputStream:75 - [STDERR_REDIRECT] [Fatal Error] :1:1: Premature end of file.
2025-12-20 21:12:14,458 [ERROR] LogOutputStream:75 - [STDERR_REDIRECT] 
2025-12-20 21:12:14,493 [ERROR] LogOutputStream:75 - [STDERR_REDIRECT] [Fatal Error] :1:1: Premature end of file.
2025-12-20 21:12:14,493 [ERROR] LogOutputStream:75 - [STDERR_REDIRECT] 
2025-12-20 21:12:14,529 [ERROR] LogOutputStream:75 - [STDERR_REDIRECT] [Fatal Error] :1:1: Premature end of file.
2025-12-20 21:12:14,529 [ERROR] LogOutputStream:75 - [STDERR_REDIRECT] 
2025-12-20 21:12:14,568 [ERROR] LogOutputStream:75 - [STDERR_REDIRECT] [Fatal Error] :1:1: Premature end of file.
2025-12-20 21:12:14,568 [ERROR] LogOutputStream:75 - [STDERR_REDIRECT] 
2025-12-20 21:12:14,604 [ERROR] LogOutputStream:75 - [STDERR_REDIRECT] [Fatal Error] :1:1: Premature end of file.
2025-12-20 21:12:14,606 [ERROR] LogOutputStream:75 - [STDERR_REDIRECT] 
2025-12-20 21:12:14,640 [ERROR] LogOutputStream:75 - [STDERR_REDIRECT] [Fatal Error] :1:1: Premature end of file.
2025-12-20 21:12:14,640 [ERROR] LogOutputStream:75 - [STDERR_REDIRECT] 
2025-12-20 21:12:14,687 [ERROR] LogOutputStream:75 - [STDERR_REDIRECT] [Fatal Error] :1:1: Premature end of file.
2025-12-20 21:12:14,687 [ERROR] LogOutputStream:75 - [STDERR_REDIRECT] 
2025-12-20 21:12:14,724 [ERROR] LogOutputStream:75 - [STDERR_REDIRECT] [Fatal Error] :1:1: Premature end of file.
2025-12-20 21:12:14,724 [ERROR] LogOutputStream:75 - [STDERR_REDIRECT] 
2025-12-20 21:12:14,759 [ERROR] LogOutputStream:75 - [STDERR_REDIRECT] [Fatal Error] :1:1: Premature end of file.
2025-12-20 21:12:14,759 [ERROR] LogOutputStream:75 - [STDERR_REDIRECT] 
2025-12-20 21:12:14,793 [ERROR] LogOutputStream:75 - [STDERR_REDIRECT] [Fatal Error] :1:1: Premature end of file.
2025-12-20 21:12:14,793 [ERROR] LogOutputStream:75 - [STDERR_REDIRECT] 
2025-12-20 21:12:14,828 [ERROR] LogOutputStream:75 - [STDERR_REDIRECT] [Fatal Error] :1:1: Premature end of file.
2025-12-20 21:12:14,828 [ERROR] LogOutputStream:75 - [STDERR_REDIRECT] 
2025-12-20 21:12:14,866 [ERROR] LogOutputStream:75 - [STDERR_REDIRECT] [Fatal Error] :1:1: Premature end of file.
2025-12-20 21:12:14,866 [ERROR] LogOutputStream:75 - [STDERR_REDIRECT] 
2025-12-20 21:12:14,902 [ERROR] LogOutputStream:75 - [STDERR_REDIRECT] [Fatal Error] :1:1: Premature end of file.
2025-12-20 21:12:14,902 [ERROR] LogOutputStream:75 - [STDERR_REDIRECT] 
2025-12-20 21:12:14,937 [ERROR] LogOutputStream:75 - [STDERR_REDIRECT] [Fatal Error] :1:1: Premature end of file.
2025-12-20 21:12:14,937 [ERROR] LogOutputStream:75 - [STDERR_REDIRECT] 
2025-12-20 21:12:14,971 [ERROR] LogOutputStream:75 - [STDERR_REDIRECT] [Fatal Error] :1:1: Premature end of file.
2025-12-20 21:12:14,971 [ERROR] LogOutputStream:75 - [STDERR_REDIRECT] 
2025-12-20 21:12:15,005 [ERROR] LogOutputStream:75 - [STDERR_REDIRECT] [Fatal Error] :1:1: Premature end of file.
2025-12-20 21:12:15,007 [ERROR] LogOutputStream:75 - [STDERR_REDIRECT] 
2025-12-20 21:12:15,041 [ERROR] LogOutputStream:75 - [STDERR_REDIRECT] [Fatal Error] :1:1: Premature end of file.
2025-12-20 21:12:15,041 [ERROR] LogOutputStream:75 - [STDERR_REDIRECT] 
2025-12-20 21:12:15,079 [ERROR] LogOutputStream:75 - [STDERR_REDIRECT] [Fatal Error] :1:1: Premature end of file.
2025-12-20 21:12:15,079 [ERROR] LogOutputStream:75 - [STDERR_REDIRECT] 
2025-12-20 21:12:15,117 [ERROR] LogOutputStream:75 - [STDERR_REDIRECT] [Fatal Error] :1:1: Premature end of file.
2025-12-20 21:12:15,117 [ERROR] LogOutputStream:75 - [STDERR_REDIRECT] 
2025-12-20 21:12:15,164 [INFO] WebApp:194 - Connection lost
2025-12-20 21:12:15,171 [ERROR] LogOutputStream:75 - [STDERR_REDIRECT] [Fatal Error] :1:1: Premature end of file.
2025-12-20 21:12:15,171 [ERROR] LogOutputStream:75 - [STDERR_REDIRECT] 
2025-12-20 21:12:15,210 [ERROR] LogOutputStream:75 - [STDERR_REDIRECT] [Fatal Error] :1:1: Premature end of file.
2025-12-20 21:12:15,210 [ERROR] LogOutputStream:75 - [STDERR_REDIRECT] 
2025-12-20 21:12:15,250 [ERROR] LogOutputStream:75 - [STDERR_REDIRECT] [Fatal Error] :1:1: Premature end of file.
2025-12-20 21:12:15,250 [ERROR] LogOutputStream:75 - [STDERR_REDIRECT] 
2025-12-20 21:12:15,286 [ERROR] LogOutputStream:75 - [STDERR_REDIRECT] [Fatal Error] :1:1: Premature end of file.
2025-12-20 21:12:15,286 [ERROR] LogOutputStream:75 - [STDERR_REDIRECT] 
2025-12-20 21:12:15,321 [ERROR] LogOutputStream:75 - [STDERR_REDIRECT] [Fatal Error] :1:1: Premature end of file.
2025-12-20 21:12:15,321 [ERROR] LogOutputStream:75 - [STDERR_REDIRECT] 
2025-12-20 21:12:15,355 [ERROR] LogOutputStream:75 - [STDERR_REDIRECT] [Fatal Error] :1:1: Premature end of file.
2025-12-20 21:12:15,355 [ERROR] LogOutputStream:75 - [STDERR_REDIRECT] 
2025-12-20 21:12:15,389 [ERROR] LogOutputStream:75 - [STDERR_REDIRECT] [Fatal Error] :1:1: Premature end of file.
2025-12-20 21:12:15,389 [ERROR] LogOutputStream:75 - [STDERR_REDIRECT] 
2025-12-20 21:12:15,423 [ERROR] LogOutputStream:75 - [STDERR_REDIRECT] [Fatal Error] :1:1: Premature end of file.
2025-12-20 21:12:15,423 [ERROR] LogOutputStream:75 - [STDERR_REDIRECT] 
2025-12-20 21:12:15,457 [ERROR] LogOutputStream:75 - [STDERR_REDIRECT] [Fatal Error] :1:1: Premature end of file.
2025-12-20 21:12:15,457 [ERROR] LogOutputStream:75 - [STDERR_REDIRECT] 
2025-12-20 21:12:15,495 [ERROR] LogOutputStream:75 - [STDERR_REDIRECT] [Fatal Error] :1:1: Premature end of file.
2025-12-20 21:12:15,495 [ERROR] LogOutputStream:75 - [STDERR_REDIRECT] 
2025-12-20 21:12:15,539 [ERROR] LogOutputStream:75 - [STDERR_REDIRECT] [Fatal Error] :1:1: Premature end of file.
2025-12-20 21:12:15,539 [ERROR] LogOutputStream:75 - [STDERR_REDIRECT] 
2025-12-20 21:12:15,583 [ERROR] LogOutputStream:75 - [STDERR_REDIRECT] [Fatal Error] :1:1: Premature end of file.
2025-12-20 21:12:15,583 [ERROR] LogOutputStream:75 - [STDERR_REDIRECT] 
2025-12-20 21:12:15,616 [ERROR] LogOutputStream:75 - [STDERR_REDIRECT] [Fatal Error] :1:1: Premature end of file.
2025-12-20 21:12:15,616 [ERROR] LogOutputStream:75 - [STDERR_REDIRECT] 
2025-12-20 21:12:15,654 [ERROR] LogOutputStream:75 - [STDERR_REDIRECT] [Fatal Error] :1:1: Premature end of file.
2025-12-20 21:12:15,654 [ERROR] LogOutputStream:75 - [STDERR_REDIRECT] 
2025-12-20 21:12:15,687 [ERROR] LogOutputStream:75 - [STDERR_REDIRECT] [Fatal Error] :1:1: Premature end of file.
2025-12-20 21:12:15,687 [ERROR] LogOutputStream:75 - [STDERR_REDIRECT] 
2025-12-20 21:12:15,723 [ERROR] LogOutputStream:75 - [STDERR_REDIRECT] [Fatal Error] :1:1: Premature end of file.
2025-12-20 21:12:15,723 [ERROR] LogOutputStream:75 - [STDERR_REDIRECT] 
2025-12-20 21:12:15,757 [ERROR] LogOutputStream:75 - [STDERR_REDIRECT] [Fatal Error] :1:1: Premature end of file.
2025-12-20 21:12:15,757 [ERROR] LogOutputStream:75 - [STDERR_REDIRECT] 
2025-12-20 21:12:15,793 [ERROR] LogOutputStream:75 - [STDERR_REDIRECT] [Fatal Error] :1:1: Premature end of file.
2025-12-20 21:12:15,793 [ERROR] LogOutputStream:75 - [STDERR_REDIRECT] 
2025-12-20 21:12:15,828 [ERROR] LogOutputStream:75 - [STDERR_REDIRECT] [Fatal Error] :1:1: Premature end of file.
2025-12-20 21:12:15,828 [ERROR] LogOutputStream:75 - [STDERR_REDIRECT] 
2025-12-20 21:12:15,859 [ERROR] LogOutputStream:75 - [STDERR_REDIRECT] [Fatal Error] :1:1: Premature end of file.
2025-12-20 21:12:15,859 [ERROR] LogOutputStream:75 - [STDERR_REDIRECT] 
2025-12-20 21:12:15,895 [ERROR] LogOutputStream:75 - [STDERR_REDIRECT] [Fatal Error] :1:1: Premature end of file.
2025-12-20 21:12:15,895 [ERROR] LogOutputStream:75 - [STDERR_REDIRECT] 
2025-12-20 21:12:15,929 [ERROR] LogOutputStream:75 - [STDERR_REDIRECT] [Fatal Error] :1:1: Premature end of file.
2025-12-20 21:12:15,929 [ERROR] LogOutputStream:75 - [STDERR_REDIRECT] 
2025-12-20 21:12:15,961 [ERROR] LogOutputStream:75 - [STDERR_REDIRECT] [Fatal Error] :1:1: Premature end of file.
2025-12-20 21:12:15,963 [ERROR] LogOutputStream:75 - [STDERR_REDIRECT] 
2025-12-20 21:12:15,996 [ERROR] LogOutputStream:75 - [STDERR_REDIRECT] [Fatal Error] :1:1: Premature end of file.
2025-12-20 21:12:15,996 [ERROR] LogOutputStream:75 - [STDERR_REDIRECT] 
2025-12-20 21:12:16,030 [ERROR] LogOutputStream:75 - [STDERR_REDIRECT] [Fatal Error] :1:1: Premature end of file.
2025-12-20 21:12:16,030 [ERROR] LogOutputStream:75 - [STDERR_REDIRECT] 
2025-12-20 21:12:16,065 [ERROR] LogOutputStream:75 - [STDERR_REDIRECT] [Fatal Error] :1:1: Premature end of file.
2025-12-20 21:12:16,067 [ERROR] LogOutputStream:75 - [STDERR_REDIRECT] 
2025-12-20 21:12:16,096 [ERROR] LogOutputStream:75 - [STDERR_REDIRECT] [Fatal Error] :1:1: Premature end of file.
2025-12-20 21:12:16,096 [ERROR] LogOutputStream:75 - [STDERR_REDIRECT] 
2025-12-20 21:12:16,129 [ERROR] LogOutputStream:75 - [STDERR_REDIRECT] [Fatal Error] :1:1: Premature end of file.
2025-12-20 21:12:16,129 [ERROR] LogOutputStream:75 - [STDERR_REDIRECT] 
2025-12-20 21:12:16,162 [ERROR] LogOutputStream:75 - [STDERR_REDIRECT] [Fatal Error] :1:1: Premature end of file.
2025-12-20 21:12:16,164 [ERROR] LogOutputStream:75 - [STDERR_REDIRECT] 
2025-12-20 21:12:16,207 [ERROR] LogOutputStream:75 - [STDERR_REDIRECT] [Fatal Error] :1:1: Premature end of file.
2025-12-20 21:12:16,207 [ERROR] LogOutputStream:75 - [STDERR_REDIRECT] 
2025-12-20 21:12:16,246 [ERROR] LogOutputStream:75 - [STDERR_REDIRECT] [Fatal Error] :1:1: Premature end of file.
2025-12-20 21:12:16,246 [ERROR] LogOutputStream:75 - [STDERR_REDIRECT] 
2025-12-20 21:12:16,282 [ERROR] LogOutputStream:75 - [STDERR_REDIRECT] [Fatal Error] :1:1: Premature end of file.
2025-12-20 21:12:16,282 [ERROR] LogOutputStream:75 - [STDERR_REDIRECT] 
2025-12-20 21:12:16,316 [ERROR] LogOutputStream:75 - [STDERR_REDIRECT] [Fatal Error] :1:1: Premature end of file.
2025-12-20 21:12:16,316 [ERROR] LogOutputStream:75 - [STDERR_REDIRECT] 
2025-12-20 21:12:16,348 [ERROR] LogOutputStream:75 - [STDERR_REDIRECT] [Fatal Error] :1:1: Premature end of file.
2025-12-20 21:12:16,348 [ERROR] LogOutputStream:75 - [STDERR_REDIRECT] 
2025-12-20 21:12:16,380 [ERROR] LogOutputStream:75 - [STDERR_REDIRECT] [Fatal Error] :1:1: Premature end of file.
2025-12-20 21:12:16,380 [ERROR] LogOutputStream:75 - [STDERR_REDIRECT] 
2025-12-20 21:12:16,413 [ERROR] LogOutputStream:75 - [STDERR_REDIRECT] [Fatal Error] :1:1: Premature end of file.
2025-12-20 21:12:16,415 [ERROR] LogOutputStream:75 - [STDERR_REDIRECT] 
2025-12-20 21:12:16,447 [ERROR] LogOutputStream:75 - [STDERR_REDIRECT] [Fatal Error] :1:1: Premature end of file.
2025-12-20 21:12:16,447 [ERROR] LogOutputStream:75 - [STDERR_REDIRECT] 
2025-12-20 21:12:16,482 [ERROR] LogOutputStream:75 - [STDERR_REDIRECT] [Fatal Error] :1:1: Premature end of file.
2025-12-20 21:12:16,482 [ERROR] LogOutputStream:75 - [STDERR_REDIRECT] 
2025-12-20 21:12:16,514 [ERROR] LogOutputStream:75 - [STDERR_REDIRECT] [Fatal Error] :1:1: Premature end of file.
2025-12-20 21:12:16,514 [ERROR] LogOutputStream:75 - [STDERR_REDIRECT] 
2025-12-20 21:12:16,547 [ERROR] LogOutputStream:75 - [STDERR_REDIRECT] [Fatal Error] :1:1: Premature end of file.
2025-12-20 21:12:16,547 [ERROR] LogOutputStream:75 - [STDERR_REDIRECT] 
2025-12-20 21:12:16,578 [ERROR] LogOutputStream:75 - [STDERR_REDIRECT] [Fatal Error] :1:1: Premature end of file.
2025-12-20 21:12:16,578 [ERROR] LogOutputStream:75 - [STDERR_REDIRECT] 
2025-12-20 21:12:16,616 [ERROR] LogOutputStream:75 - [STDERR_REDIRECT] [Fatal Error] :1:1: Premature end of file.
2025-12-20 21:12:16,616 [ERROR] LogOutputStream:75 - [STDERR_REDIRECT] 
2025-12-20 21:12:16,649 [ERROR] LogOutputStream:75 - [STDERR_REDIRECT] [Fatal Error] :1:1: Premature end of file.
2025-12-20 21:12:16,649 [ERROR] LogOutputStream:75 - [STDERR_REDIRECT] 
2025-12-20 21:12:16,680 [ERROR] LogOutputStream:75 - [STDERR_REDIRECT] [Fatal Error] :1:1: Premature end of file.
2025-12-20 21:12:16,680 [ERROR] LogOutputStream:75 - [STDERR_REDIRECT] 
2025-12-20 21:12:16,713 [ERROR] LogOutputStream:75 - [STDERR_REDIRECT] [Fatal Error] :1:1: Premature end of file.
2025-12-20 21:12:16,713 [ERROR] LogOutputStream:75 - [STDERR_REDIRECT] 
2025-12-20 21:12:16,750 [ERROR] LogOutputStream:75 - [STDERR_REDIRECT] [Fatal Error] :1:1: Premature end of file.
2025-12-20 21:12:16,750 [ERROR] LogOutputStream:75 - [STDERR_REDIRECT] 
2025-12-20 21:12:16,787 [ERROR] LogOutputStream:75 - [STDERR_REDIRECT] [Fatal Error] :1:1: Premature end of file.
2025-12-20 21:12:16,787 [ERROR] LogOutputStream:75 - [STDERR_REDIRECT] 
2025-12-20 21:12:16,822 [ERROR] LogOutputStream:75 - [STDERR_REDIRECT] [Fatal Error] :1:1: Premature end of file.
2025-12-20 21:12:16,822 [ERROR] LogOutputStream:75 - [STDERR_REDIRECT] 
2025-12-20 21:12:16,856 [ERROR] LogOutputStream:75 - [STDERR_REDIRECT] [Fatal Error] :1:1: Premature end of file.
2025-12-20 21:12:16,856 [ERROR] LogOutputStream:75 - [STDERR_REDIRECT] 
2025-12-20 21:12:16,891 [ERROR] LogOutputStream:75 - [STDERR_REDIRECT] [Fatal Error] :1:1: Premature end of file.
2025-12-20 21:12:16,891 [ERROR] LogOutputStream:75 - [STDERR_REDIRECT] 
2025-12-20 21:12:16,925 [ERROR] LogOutputStream:75 - [STDERR_REDIRECT] [Fatal Error] :1:1: Premature end of file.
2025-12-20 21:12:16,925 [ERROR] LogOutputStream:75 - [STDERR_REDIRECT] 
2025-12-20 21:12:16,960 [ERROR] LogOutputStream:75 - [STDERR_REDIRECT] [Fatal Error] :1:1: Premature end of file.
2025-12-20 21:12:16,962 [ERROR] LogOutputStream:75 - [STDERR_REDIRECT] 
2025-12-20 21:12:16,996 [ERROR] LogOutputStream:75 - [STDERR_REDIRECT] [Fatal Error] :1:1: Premature end of file.
2025-12-20 21:12:16,996 [ERROR] LogOutputStream:75 - [STDERR_REDIRECT] 
2025-12-20 21:12:17,031 [ERROR] LogOutputStream:75 - [STDERR_REDIRECT] [Fatal Error] :1:1: Premature end of file.
2025-12-20 21:12:17,031 [ERROR] LogOutputStream:75 - [STDERR_REDIRECT] 
2025-12-20 21:12:17,066 [ERROR] LogOutputStream:75 - [STDERR_REDIRECT] [Fatal Error] :1:1: Premature end of file.
2025-12-20 21:12:17,066 [ERROR] LogOutputStream:75 - [STDERR_REDIRECT] 
2025-12-20 21:12:17,311 [ERROR] LogOutputStream:75 - [STDERR_REDIRECT] [Fatal Error] :1:1: Premature end of file.
2025-12-20 21:12:17,311 [ERROR] LogOutputStream:75 - [STDERR_REDIRECT] 
2025-12-20 21:12:17,427 [ERROR] LogOutputStream:75 - [STDERR_REDIRECT] [Fatal Error] :1:1: Premature end of file.
2025-12-20 21:12:17,427 [ERROR] LogOutputStream:75 - [STDERR_REDIRECT] 
2025-12-20 21:12:17,589 [ERROR] LogOutputStream:75 - [STDERR_REDIRECT] [Fatal Error] :1:1: Premature end of file.
2025-12-20 21:12:17,589 [ERROR] LogOutputStream:75 - [STDERR_REDIRECT] 
2025-12-20 21:12:17,710 [ERROR] LogOutputStream:75 - [STDERR_REDIRECT] [Fatal Error] :1:1: Premature end of file.
2025-12-20 21:12:17,710 [ERROR] LogOutputStream:75 - [STDERR_REDIRECT] 
2025-12-20 21:12:17,804 [ERROR] LogOutputStream:75 - [STDERR_REDIRECT] [Fatal Error] :1:1: Premature end of file.
2025-12-20 21:12:17,804 [ERROR] LogOutputStream:75 - [STDERR_REDIRECT] 
2025-12-20 21:12:17,892 [ERROR] LogOutputStream:75 - [STDERR_REDIRECT] [Fatal Error] :1:1: Premature end of file.
2025-12-20 21:12:17,893 [ERROR] LogOutputStream:75 - [STDERR_REDIRECT] 
2025-12-20 21:12:17,948 [ERROR] LogOutputStream:75 - [STDERR_REDIRECT] [Fatal Error] :1:1: Premature end of file.
2025-12-20 21:12:17,948 [ERROR] LogOutputStream:75 - [STDERR_REDIRECT] 
2025-12-20 21:12:18,016 [ERROR] LogOutputStream:75 - [STDERR_REDIRECT] [Fatal Error] :1:1: Premature end of file.
2025-12-20 21:12:18,016 [ERROR] LogOutputStream:75 - [STDERR_REDIRECT] 
2025-12-20 21:12:18,087 [ERROR] LogOutputStream:75 - [STDERR_REDIRECT] [Fatal Error] :1:1: Premature end of file.
2025-12-20 21:12:18,088 [ERROR] LogOutputStream:75 - [STDERR_REDIRECT] 
2025-12-20 21:12:18,153 [ERROR] LogOutputStream:75 - [STDERR_REDIRECT] [Fatal Error] :1:1: Premature end of file.
2025-12-20 21:12:18,153 [ERROR] LogOutputStream:75 - [STDERR_REDIRECT] 
2025-12-20 21:12:18,208 [ERROR] LogOutputStream:75 - [STDERR_REDIRECT] [Fatal Error] :1:1: Premature end of file.
2025-12-20 21:12:18,208 [ERROR] LogOutputStream:75 - [STDERR_REDIRECT] 
2025-12-20 21:12:18,236 [ERROR] LogOutputStream:75 - [STDERR_REDIRECT] [Fatal Error] :1:1: Premature end of file.
2025-12-20 21:12:18,236 [ERROR] LogOutputStream:75 - [STDERR_REDIRECT] 
2025-12-20 21:12:18,275 [ERROR] LogOutputStream:75 - [STDERR_REDIRECT] [Fatal Error] :1:1: Premature end of file.
2025-12-20 21:12:18,275 [ERROR] LogOutputStream:75 - [STDERR_REDIRECT] 
2025-12-20 21:12:18,319 [ERROR] LogOutputStream:75 - [STDERR_REDIRECT] [Fatal Error] :1:1: Premature end of file.
2025-12-20 21:12:18,319 [ERROR] LogOutputStream:75 - [STDERR_REDIRECT] 
2025-12-20 21:12:18,349 [ERROR] LogOutputStream:75 - [STDERR_REDIRECT] [Fatal Error] :1:1: Premature end of file.
2025-12-20 21:12:18,349 [ERROR] LogOutputStream:75 - [STDERR_REDIRECT] 
2025-12-20 21:12:18,385 [ERROR] LogOutputStream:75 - [STDERR_REDIRECT] [Fatal Error] :1:1: Premature end of file.
2025-12-20 21:12:18,385 [ERROR] LogOutputStream:75 - [STDERR_REDIRECT] 
2025-12-20 21:12:18,412 [ERROR] LogOutputStream:75 - [STDERR_REDIRECT] [Fatal Error] :1:1: Premature end of file.
2025-12-20 21:12:18,412 [ERROR] LogOutputStream:75 - [STDERR_REDIRECT] 
2025-12-20 21:12:18,444 [ERROR] LogOutputStream:75 - [STDERR_REDIRECT] [Fatal Error] :1:1: Premature end of file.
2025-12-20 21:12:18,444 [ERROR] LogOutputStream:75 - [STDERR_REDIRECT] 
2025-12-20 21:12:18,476 [ERROR] LogOutputStream:75 - [STDERR_REDIRECT] [Fatal Error] :1:1: Premature end of file.
2025-12-20 21:12:18,476 [ERROR] LogOutputStream:75 - [STDERR_REDIRECT] 
2025-12-20 21:12:18,511 [ERROR] LogOutputStream:75 - [STDERR_REDIRECT] [Fatal Error] :1:1: Premature end of file.
2025-12-20 21:12:18,511 [ERROR] LogOutputStream:75 - [STDERR_REDIRECT] 
2025-12-20 21:12:18,554 [ERROR] LogOutputStream:75 - [STDERR_REDIRECT] [Fatal Error] :1:1: Premature end of file.
2025-12-20 21:12:18,554 [ERROR] LogOutputStream:75 - [STDERR_REDIRECT] 
2025-12-20 21:12:18,587 [ERROR] LogOutputStream:75 - [STDERR_REDIRECT] [Fatal Error] :1:1: Premature end of file.
2025-12-20 21:12:18,587 [ERROR] LogOutputStream:75 - [STDERR_REDIRECT] 
2025-12-20 21:12:18,621 [ERROR] LogOutputStream:75 - [STDERR_REDIRECT] [Fatal Error] :1:1: Premature end of file.
2025-12-20 21:12:18,621 [ERROR] LogOutputStream:75 - [STDERR_REDIRECT] 
2025-12-20 21:12:18,664 [ERROR] LogOutputStream:75 - [STDERR_REDIRECT] [Fatal Error] :1:1: Premature end of file.
2025-12-20 21:12:18,664 [ERROR] LogOutputStream:75 - [STDERR_REDIRECT] 
2025-12-20 21:12:18,696 [ERROR] LogOutputStream:75 - [STDERR_REDIRECT] [Fatal Error] :1:1: Premature end of file.
2025-12-20 21:12:18,696 [ERROR] LogOutputStream:75 - [STDERR_REDIRECT] 
2025-12-20 21:12:18,729 [ERROR] LogOutputStream:75 - [STDERR_REDIRECT] [Fatal Error] :1:1: Premature end of file.
2025-12-20 21:12:18,729 [ERROR] LogOutputStream:75 - [STDERR_REDIRECT] 
2025-12-20 21:12:18,763 [ERROR] LogOutputStream:75 - [STDERR_REDIRECT] [Fatal Error] :1:1: Premature end of file.
2025-12-20 21:12:18,763 [ERROR] LogOutputStream:75 - [STDERR_REDIRECT] 
2025-12-20 21:12:18,787 [ERROR] LogOutputStream:75 - [STDERR_REDIRECT] [Fatal Error] :1:1: Premature end of file.
2025-12-20 21:12:18,787 [ERROR] LogOutputStream:75 - [STDERR_REDIRECT] 
2025-12-20 21:12:18,821 [ERROR] LogOutputStream:75 - [STDERR_REDIRECT] [Fatal Error] :1:1: Premature end of file.
2025-12-20 21:12:18,821 [ERROR] LogOutputStream:75 - [STDERR_REDIRECT] 
2025-12-20 21:12:18,854 [ERROR] LogOutputStream:75 - [STDERR_REDIRECT] [Fatal Error] :1:1: Premature end of file.
2025-12-20 21:12:18,854 [ERROR] LogOutputStream:75 - [STDERR_REDIRECT] 
2025-12-20 21:12:18,887 [ERROR] LogOutputStream:75 - [STDERR_REDIRECT] [Fatal Error] :1:1: Premature end of file.
2025-12-20 21:12:18,887 [ERROR] LogOutputStream:75 - [STDERR_REDIRECT] 
2025-12-20 21:12:18,921 [ERROR] LogOutputStream:75 - [STDERR_REDIRECT] [Fatal Error] :1:1: Premature end of file.
2025-12-20 21:12:18,921 [ERROR] LogOutputStream:75 - [STDERR_REDIRECT] 
2025-12-20 21:12:18,959 [ERROR] LogOutputStream:75 - [STDERR_REDIRECT] [Fatal Error] :1:1: Premature end of file.
2025-12-20 21:12:18,959 [ERROR] LogOutputStream:75 - [STDERR_REDIRECT] 
2025-12-20 21:12:19,016 [ERROR] LogOutputStream:75 - [STDERR_REDIRECT] [Fatal Error] :1:1: Premature end of file.
2025-12-20 21:12:19,018 [ERROR] LogOutputStream:75 - [STDERR_REDIRECT] 
2025-12-20 21:12:19,076 [ERROR] LogOutputStream:75 - [STDERR_REDIRECT] [Fatal Error] :1:1: Premature end of file.
2025-12-20 21:12:19,076 [ERROR] LogOutputStream:75 - [STDERR_REDIRECT] 
2025-12-20 21:12:19,123 [ERROR] LogOutputStream:75 - [STDERR_REDIRECT] [Fatal Error] :1:1: Premature end of file.
2025-12-20 21:12:19,124 [ERROR] LogOutputStream:75 - [STDERR_REDIRECT] 
2025-12-20 21:12:19,174 [ERROR] LogOutputStream:75 - [STDERR_REDIRECT] [Fatal Error] :1:1: Premature end of file.
2025-12-20 21:12:19,174 [ERROR] LogOutputStream:75 - [STDERR_REDIRECT] 
2025-12-20 21:12:19,228 [ERROR] LogOutputStream:75 - [STDERR_REDIRECT] [Fatal Error] :1:1: Premature end of file.
2025-12-20 21:12:19,228 [ERROR] LogOutputStream:75 - [STDERR_REDIRECT] 
2025-12-20 21:12:19,278 [ERROR] LogOutputStream:75 - [STDERR_REDIRECT] [Fatal Error] :1:1: Premature end of file.
2025-12-20 21:12:19,278 [ERROR] LogOutputStream:75 - [STDERR_REDIRECT] 
2025-12-20 21:12:19,324 [ERROR] LogOutputStream:75 - [STDERR_REDIRECT] [Fatal Error] :1:1: Premature end of file.
2025-12-20 21:12:19,324 [ERROR] LogOutputStream:75 - [STDERR_REDIRECT] 
2025-12-20 21:12:19,376 [ERROR] LogOutputStream:75 - [STDERR_REDIRECT] [Fatal Error] :1:1: Premature end of file.
2025-12-20 21:12:19,376 [ERROR] LogOutputStream:75 - [STDERR_REDIRECT] 
2025-12-20 21:12:19,429 [ERROR] LogOutputStream:75 - [STDERR_REDIRECT] [Fatal Error] :1:1: Premature end of file.
2025-12-20 21:12:19,429 [ERROR] LogOutputStream:75 - [STDERR_REDIRECT] 
2025-12-20 21:12:19,479 [ERROR] LogOutputStream:75 - [STDERR_REDIRECT] [Fatal Error] :1:1: Premature end of file.
2025-12-20 21:12:19,479 [ERROR] LogOutputStream:75 - [STDERR_REDIRECT] 
2025-12-20 21:12:19,531 [ERROR] LogOutputStream:75 - [STDERR_REDIRECT] [Fatal Error] :1:1: Premature end of file.
2025-12-20 21:12:19,531 [ERROR] LogOutputStream:75 - [STDERR_REDIRECT] 
2025-12-20 21:12:19,576 [ERROR] LogOutputStream:75 - [STDERR_REDIRECT] [Fatal Error] :1:1: Premature end of file.
2025-12-20 21:12:19,576 [ERROR] LogOutputStream:75 - [STDERR_REDIRECT] 
2025-12-20 21:12:19,627 [ERROR] LogOutputStream:75 - [STDERR_REDIRECT] [Fatal Error] :1:1: Premature end of file.
2025-12-20 21:12:19,627 [ERROR] LogOutputStream:75 - [STDERR_REDIRECT] 
2025-12-20 21:12:19,668 [ERROR] LogOutputStream:75 - [STDERR_REDIRECT] [Fatal Error] :1:1: Premature end of file.
2025-12-20 21:12:19,669 [ERROR] LogOutputStream:75 - [STDERR_REDIRECT] 
2025-12-20 21:12:19,709 [ERROR] LogOutputStream:75 - [STDERR_REDIRECT] [Fatal Error] :1:1: Premature end of file.
2025-12-20 21:12:19,709 [ERROR] LogOutputStream:75 - [STDERR_REDIRECT] 
2025-12-20 21:12:19,752 [ERROR] LogOutputStream:75 - [STDERR_REDIRECT] [Fatal Error] :1:1: Premature end of file.
2025-12-20 21:12:19,752 [ERROR] LogOutputStream:75 - [STDERR_REDIRECT] 
2025-12-20 21:12:19,793 [ERROR] LogOutputStream:75 - [STDERR_REDIRECT] [Fatal Error] :1:1: Premature end of file.
2025-12-20 21:12:19,793 [ERROR] LogOutputStream:75 - [STDERR_REDIRECT] 
2025-12-20 21:12:19,834 [ERROR] LogOutputStream:75 - [STDERR_REDIRECT] [Fatal Error] :1:1: Premature end of file.
2025-12-20 21:12:19,837 [ERROR] LogOutputStream:75 - [STDERR_REDIRECT] 
2025-12-20 21:12:19,880 [ERROR] LogOutputStream:75 - [STDERR_REDIRECT] [Fatal Error] :1:1: Premature end of file.
2025-12-20 21:12:19,880 [ERROR] LogOutputStream:75 - [STDERR_REDIRECT] 
2025-12-20 21:12:19,923 [ERROR] LogOutputStream:75 - [STDERR_REDIRECT] [Fatal Error] :1:1: Premature end of file.
2025-12-20 21:12:19,923 [ERROR] LogOutputStream:75 - [STDERR_REDIRECT] 
2025-12-20 21:12:19,964 [ERROR] LogOutputStream:75 - [STDERR_REDIRECT] [Fatal Error] :1:1: Premature end of file.
2025-12-20 21:12:19,964 [ERROR] LogOutputStream:75 - [STDERR_REDIRECT] 
2025-12-20 21:12:20,005 [ERROR] LogOutputStream:75 - [STDERR_REDIRECT] [Fatal Error] :1:1: Premature end of file.
2025-12-20 21:12:20,005 [ERROR] LogOutputStream:75 - [STDERR_REDIRECT] 
2025-12-20 21:12:20,038 [ERROR] LogOutputStream:75 - [STDERR_REDIRECT] [Fatal Error] :1:1: Premature end of file.
2025-12-20 21:12:20,038 [ERROR] LogOutputStream:75 - [STDERR_REDIRECT] 
2025-12-20 21:12:20,082 [ERROR] LogOutputStream:75 - [STDERR_REDIRECT] [Fatal Error] :1:1: Premature end of file.
2025-12-20 21:12:20,082 [ERROR] LogOutputStream:75 - [STDERR_REDIRECT] 
2025-12-20 21:12:20,114 [ERROR] LogOutputStream:75 - [STDERR_REDIRECT] [Fatal Error] :1:1: Premature end of file.
2025-12-20 21:12:20,114 [ERROR] LogOutputStream:75 - [STDERR_REDIRECT] 
2025-12-20 21:12:20,154 [ERROR] LogOutputStream:75 - [STDERR_REDIRECT] [Fatal Error] :1:1: Premature end of file.
2025-12-20 21:12:20,154 [ERROR] LogOutputStream:75 - [STDERR_REDIRECT] 
2025-12-20 21:12:20,187 [ERROR] LogOutputStream:75 - [STDERR_REDIRECT] [Fatal Error] :1:1: Premature end of file.
2025-12-20 21:12:20,187 [ERROR] LogOutputStream:75 - [STDERR_REDIRECT] 
2025-12-20 21:12:20,220 [ERROR] LogOutputStream:75 - [STDERR_REDIRECT] [Fatal Error] :1:1: Premature end of file.
2025-12-20 21:12:20,220 [ERROR] LogOutputStream:75 - [STDERR_REDIRECT] 
2025-12-20 21:12:20,255 [ERROR] LogOutputStream:75 - [STDERR_REDIRECT] [Fatal Error] :1:1: Premature end of file.
2025-12-20 21:12:20,255 [ERROR] LogOutputStream:75 - [STDERR_REDIRECT] 
2025-12-20 21:12:20,286 [ERROR] LogOutputStream:75 - [STDERR_REDIRECT] [Fatal Error] :1:1: Premature end of file.
2025-12-20 21:12:20,286 [ERROR] LogOutputStream:75 - [STDERR_REDIRECT] 
2025-12-20 21:12:20,320 [ERROR] LogOutputStream:75 - [STDERR_REDIRECT] [Fatal Error] :1:1: Premature end of file.
2025-12-20 21:12:20,320 [ERROR] LogOutputStream:75 - [STDERR_REDIRECT] 
2025-12-20 21:12:20,355 [ERROR] LogOutputStream:75 - [STDERR_REDIRECT] [Fatal Error] :1:1: Premature end of file.
2025-12-20 21:12:20,355 [ERROR] LogOutputStream:75 - [STDERR_REDIRECT] 
2025-12-20 21:12:20,386 [ERROR] LogOutputStream:75 - [STDERR_REDIRECT] [Fatal Error] :1:1: Premature end of file.
2025-12-20 21:12:20,386 [ERROR] LogOutputStream:75 - [STDERR_REDIRECT] 
2025-12-20 21:12:20,441 [ERROR] LogOutputStream:75 - [STDERR_REDIRECT] [Fatal Error] :1:1: Premature end of file.
2025-12-20 21:12:20,441 [ERROR] LogOutputStream:75 - [STDERR_REDIRECT] 
2025-12-20 21:12:20,492 [ERROR] LogOutputStream:75 - [STDERR_REDIRECT] [Fatal Error] :1:1: Premature end of file.
2025-12-20 21:12:20,492 [ERROR] LogOutputStream:75 - [STDERR_REDIRECT] 
2025-12-20 21:12:20,538 [ERROR] LogOutputStream:75 - [STDERR_REDIRECT] [Fatal Error] :1:1: Premature end of file.
2025-12-20 21:12:20,538 [ERROR] LogOutputStream:75 - [STDERR_REDIRECT] 
2025-12-20 21:12:20,583 [ERROR] LogOutputStream:75 - [STDERR_REDIRECT] [Fatal Error] :1:1: Premature end of file.
2025-12-20 21:12:20,583 [ERROR] LogOutputStream:75 - [STDERR_REDIRECT] 
2025-12-20 21:12:20,632 [ERROR] LogOutputStream:75 - [STDERR_REDIRECT] [Fatal Error] :1:1: Premature end of file.
2025-12-20 21:12:20,632 [ERROR] LogOutputStream:75 - [STDERR_REDIRECT] 
2025-12-20 21:12:20,678 [ERROR] LogOutputStream:75 - [STDERR_REDIRECT] [Fatal Error] :1:1: Premature end of file.
2025-12-20 21:12:20,678 [ERROR] LogOutputStream:75 - [STDERR_REDIRECT] 
2025-12-20 21:12:20,720 [ERROR] LogOutputStream:75 - [STDERR_REDIRECT] [Fatal Error] :1:1: Premature end of file.
2025-12-20 21:12:20,720 [ERROR] LogOutputStream:75 - [STDERR_REDIRECT] 
2025-12-20 21:12:20,763 [ERROR] LogOutputStream:75 - [STDERR_REDIRECT] [Fatal Error] :1:1: Premature end of file.
2025-12-20 21:12:20,763 [ERROR] LogOutputStream:75 - [STDERR_REDIRECT] 
2025-12-20 21:12:20,806 [ERROR] LogOutputStream:75 - [STDERR_REDIRECT] [Fatal Error] :1:1: Premature end of file.
2025-12-20 21:12:20,807 [ERROR] LogOutputStream:75 - [STDERR_REDIRECT] 
2025-12-20 21:12:20,840 [ERROR] LogOutputStream:75 - [STDERR_REDIRECT] [Fatal Error] :1:1: Premature end of file.
2025-12-20 21:12:20,840 [ERROR] LogOutputStream:75 - [STDERR_REDIRECT] 
2025-12-20 21:12:20,884 [ERROR] LogOutputStream:75 - [STDERR_REDIRECT] [Fatal Error] :1:1: Premature end of file.
2025-12-20 21:12:20,884 [ERROR] LogOutputStream:75 - [STDERR_REDIRECT] 
2025-12-20 21:12:20,924 [ERROR] LogOutputStream:75 - [STDERR_REDIRECT] [Fatal Error] :1:1: Premature end of file.
2025-12-20 21:12:20,924 [ERROR] LogOutputStream:75 - [STDERR_REDIRECT] 
2025-12-20 21:12:20,963 [ERROR] LogOutputStream:75 - [STDERR_REDIRECT] [Fatal Error] :1:1: Premature end of file.
2025-12-20 21:12:20,963 [ERROR] LogOutputStream:75 - [STDERR_REDIRECT] 
2025-12-20 21:12:21,000 [ERROR] LogOutputStream:75 - [STDERR_REDIRECT] [Fatal Error] :1:1: Premature end of file.
2025-12-20 21:12:21,000 [ERROR] LogOutputStream:75 - [STDERR_REDIRECT] 
2025-12-20 21:12:21,036 [ERROR] LogOutputStream:75 - [STDERR_REDIRECT] [Fatal Error] :1:1: Premature end of file.
2025-12-20 21:12:21,036 [ERROR] LogOutputStream:75 - [STDERR_REDIRECT] 
2025-12-20 21:12:21,070 [ERROR] LogOutputStream:75 - [STDERR_REDIRECT] [Fatal Error] :1:1: Premature end of file.
2025-12-20 21:12:21,070 [ERROR] LogOutputStream:75 - [STDERR_REDIRECT] 
2025-12-20 21:12:21,106 [ERROR] LogOutputStream:75 - [STDERR_REDIRECT] [Fatal Error] :1:1: Premature end of file.
2025-12-20 21:12:21,106 [ERROR] LogOutputStream:75 - [STDERR_REDIRECT] 
2025-12-20 21:12:21,141 [ERROR] LogOutputStream:75 - [STDERR_REDIRECT] [Fatal Error] :1:1: Premature end of file.
2025-12-20 21:12:21,141 [ERROR] LogOutputStream:75 - [STDERR_REDIRECT] 
2025-12-20 21:12:21,177 [ERROR] LogOutputStream:75 - [STDERR_REDIRECT] [Fatal Error] :1:1: Premature end of file.
2025-12-20 21:12:21,177 [ERROR] LogOutputStream:75 - [STDERR_REDIRECT] 
2025-12-20 21:12:21,209 [ERROR] LogOutputStream:75 - [STDERR_REDIRECT] [Fatal Error] :1:1: Premature end of file.
2025-12-20 21:12:21,209 [ERROR] LogOutputStream:75 - [STDERR_REDIRECT] 
2025-12-20 21:12:21,239 [ERROR] LogOutputStream:75 - [STDERR_REDIRECT] [Fatal Error] :1:1: Premature end of file.
2025-12-20 21:12:21,247 [ERROR] LogOutputStream:75 - [STDERR_REDIRECT] 
2025-12-20 21:12:21,290 [ERROR] LogOutputStream:75 - [STDERR_REDIRECT] [Fatal Error] :1:1: Premature end of file.
2025-12-20 21:12:21,290 [ERROR] LogOutputStream:75 - [STDERR_REDIRECT] 
2025-12-20 21:12:21,353 [ERROR] LogOutputStream:75 - [STDERR_REDIRECT] [Fatal Error] :1:1: Premature end of file.
2025-12-20 21:12:21,353 [ERROR] LogOutputStream:75 - [STDERR_REDIRECT] 
2025-12-20 21:12:21,386 [ERROR] LogOutputStream:75 - [STDERR_REDIRECT] [Fatal Error] :1:1: Premature end of file.
2025-12-20 21:12:21,386 [ERROR] LogOutputStream:75 - [STDERR_REDIRECT] 
2025-12-20 21:12:21,433 [ERROR] LogOutputStream:75 - [STDERR_REDIRECT] [Fatal Error] :1:1: Premature end of file.
2025-12-20 21:12:21,433 [ERROR] LogOutputStream:75 - [STDERR_REDIRECT] 
2025-12-20 21:12:21,478 [ERROR] LogOutputStream:75 - [STDERR_REDIRECT] [Fatal Error] :1:1: Premature end of file.
2025-12-20 21:12:21,478 [ERROR] LogOutputStream:75 - [STDERR_REDIRECT] 
2025-12-20 21:12:21,511 [ERROR] LogOutputStream:75 - [STDERR_REDIRECT] [Fatal Error] :1:1: Premature end of file.
2025-12-20 21:12:21,511 [ERROR] LogOutputStream:75 - [STDERR_REDIRECT] 
2025-12-20 21:12:21,541 [ERROR] LogOutputStream:75 - [STDERR_REDIRECT] [Fatal Error] :1:1: Premature end of file.
2025-12-20 21:12:21,541 [ERROR] LogOutputStream:75 - [STDERR_REDIRECT] 
2025-12-20 21:12:21,576 [ERROR] LogOutputStream:75 - [STDERR_REDIRECT] [Fatal Error] :1:1: Premature end of file.
2025-12-20 21:12:21,576 [ERROR] LogOutputStream:75 - [STDERR_REDIRECT] 
2025-12-20 21:12:21,606 [ERROR] LogOutputStream:75 - [STDERR_REDIRECT] [Fatal Error] :1:1: Premature end of file.
2025-12-20 21:12:21,606 [ERROR] LogOutputStream:75 - [STDERR_REDIRECT] 
2025-12-20 21:12:21,648 [ERROR] LogOutputStream:75 - [STDERR_REDIRECT] [Fatal Error] :1:1: Premature end of file.
2025-12-20 21:12:21,648 [ERROR] LogOutputStream:75 - [STDERR_REDIRECT] 
2025-12-20 21:12:21,686 [ERROR] LogOutputStream:75 - [STDERR_REDIRECT] [Fatal Error] :1:1: Premature end of file.
2025-12-20 21:12:21,686 [ERROR] LogOutputStream:75 - [STDERR_REDIRECT] 
2025-12-20 21:12:21,787 [ERROR] LogOutputStream:75 - [STDERR_REDIRECT] [Fatal Error] :1:1: Premature end of file.
2025-12-20 21:12:21,787 [ERROR] LogOutputStream:75 - [STDERR_REDIRECT] 
2025-12-20 21:12:21,873 [ERROR] LogOutputStream:75 - [STDERR_REDIRECT] [Fatal Error] :1:1: Premature end of file.
2025-12-20 21:12:21,873 [ERROR] LogOutputStream:75 - [STDERR_REDIRECT] 
2025-12-20 21:12:21,911 [ERROR] LogOutputStream:75 - [STDERR_REDIRECT] [Fatal Error] :1:1: Premature end of file.
2025-12-20 21:12:21,911 [ERROR] LogOutputStream:75 - [STDERR_REDIRECT] 
2025-12-20 21:12:21,959 [ERROR] LogOutputStream:75 - [STDERR_REDIRECT] [Fatal Error] :1:1: Premature end of file.
2025-12-20 21:12:21,959 [ERROR] LogOutputStream:75 - [STDERR_REDIRECT] 
2025-12-20 21:12:22,002 [ERROR] LogOutputStream:75 - [STDERR_REDIRECT] [Fatal Error] :1:1: Premature end of file.
2025-12-20 21:12:22,002 [ERROR] LogOutputStream:75 - [STDERR_REDIRECT] 
2025-12-20 21:12:22,048 [ERROR] LogOutputStream:75 - [STDERR_REDIRECT] [Fatal Error] :1:1: Premature end of file.
2025-12-20 21:12:22,048 [ERROR] LogOutputStream:75 - [STDERR_REDIRECT] 
2025-12-20 21:12:22,095 [ERROR] LogOutputStream:75 - [STDERR_REDIRECT] [Fatal Error] :1:1: Premature end of file.
2025-12-20 21:12:22,095 [ERROR] LogOutputStream:75 - [STDERR_REDIRECT] 
2025-12-20 21:12:22,127 [ERROR] LogOutputStream:75 - [STDERR_REDIRECT] [Fatal Error] :1:1: Premature end of file.
2025-12-20 21:12:22,127 [ERROR] LogOutputStream:75 - [STDERR_REDIRECT] 
2025-12-20 21:12:22,190 [ERROR] LogOutputStream:75 - [STDERR_REDIRECT] [Fatal Error] :1:1: Premature end of file.
2025-12-20 21:12:22,190 [ERROR] LogOutputStream:75 - [STDERR_REDIRECT] 
2025-12-20 21:12:22,239 [ERROR] LogOutputStream:75 - [STDERR_REDIRECT] [Fatal Error] :1:1: Premature end of file.
2025-12-20 21:12:22,239 [ERROR] LogOutputStream:75 - [STDERR_REDIRECT] 
2025-12-20 21:12:22,287 [ERROR] LogOutputStream:75 - [STDERR_REDIRECT] [Fatal Error] :1:1: Premature end of file.
2025-12-20 21:12:22,287 [ERROR] LogOutputStream:75 - [STDERR_REDIRECT] 
2025-12-20 21:12:22,326 [ERROR] LogOutputStream:75 - [STDERR_REDIRECT] [Fatal Error] :1:1: Premature end of file.
2025-12-20 21:12:22,326 [ERROR] LogOutputStream:75 - [STDERR_REDIRECT] 
2025-12-20 21:12:22,374 [ERROR] LogOutputStream:75 - [STDERR_REDIRECT] [Fatal Error] :1:1: Premature end of file.
2025-12-20 21:12:22,374 [ERROR] LogOutputStream:75 - [STDERR_REDIRECT] 
2025-12-20 21:12:22,422 [ERROR] LogOutputStream:75 - [STDERR_REDIRECT] [Fatal Error] :1:1: Premature end of file.
2025-12-20 21:12:22,422 [ERROR] LogOutputStream:75 - [STDERR_REDIRECT] 
2025-12-20 21:12:22,469 [ERROR] LogOutputStream:75 - [STDERR_REDIRECT] [Fatal Error] :1:1: Premature end of file.
2025-12-20 21:12:22,469 [ERROR] LogOutputStream:75 - [STDERR_REDIRECT] 
2025-12-20 21:12:22,516 [ERROR] LogOutputStream:75 - [STDERR_REDIRECT] [Fatal Error] :1:1: Premature end of file.
2025-12-20 21:12:22,516 [ERROR] LogOutputStream:75 - [STDERR_REDIRECT] 
2025-12-20 21:12:22,579 [ERROR] LogOutputStream:75 - [STDERR_REDIRECT] [Fatal Error] :1:1: Premature end of file.
2025-12-20 21:12:22,579 [ERROR] LogOutputStream:75 - [STDERR_REDIRECT] 
2025-12-20 21:12:22,623 [ERROR] LogOutputStream:75 - [STDERR_REDIRECT] [Fatal Error] :1:1: Premature end of file.
2025-12-20 21:12:22,623 [ERROR] LogOutputStream:75 - [STDERR_REDIRECT] 
2025-12-20 21:12:22,662 [ERROR] LogOutputStream:75 - [STDERR_REDIRECT] [Fatal Error] :1:1: Premature end of file.
2025-12-20 21:12:22,662 [ERROR] LogOutputStream:75 - [STDERR_REDIRECT] 
2025-12-20 21:12:22,708 [ERROR] LogOutputStream:75 - [STDERR_REDIRECT] [Fatal Error] :1:1: Premature end of file.
2025-12-20 21:12:22,708 [ERROR] LogOutputStream:75 - [STDERR_REDIRECT] 
2025-12-20 21:12:22,739 [ERROR] LogOutputStream:75 - [STDERR_REDIRECT] [Fatal Error] :1:1: Premature end of file.
2025-12-20 21:12:22,739 [ERROR] LogOutputStream:75 - [STDERR_REDIRECT] 
2025-12-20 21:12:22,788 [ERROR] LogOutputStream:75 - [STDERR_REDIRECT] [Fatal Error] :1:1: Premature end of file.
2025-12-20 21:12:22,788 [ERROR] LogOutputStream:75 - [STDERR_REDIRECT] 
2025-12-20 21:12:22,827 [ERROR] LogOutputStream:75 - [STDERR_REDIRECT] [Fatal Error] :1:1: Premature end of file.
2025-12-20 21:12:22,827 [ERROR] LogOutputStream:75 - [STDERR_REDIRECT] 
2025-12-20 21:12:22,867 [ERROR] LogOutputStream:75 - [STDERR_REDIRECT] [Fatal Error] :1:1: Premature end of file.
2025-12-20 21:12:22,867 [ERROR] LogOutputStream:75 - [STDERR_REDIRECT] 
2025-12-20 21:12:22,915 [ERROR] LogOutputStream:75 - [STDERR_REDIRECT] [Fatal Error] :1:1: Premature end of file.
2025-12-20 21:12:22,915 [ERROR] LogOutputStream:75 - [STDERR_REDIRECT] 
2025-12-20 21:12:22,963 [ERROR] LogOutputStream:75 - [STDERR_REDIRECT] [Fatal Error] :1:1: Premature end of file.
2025-12-20 21:12:22,963 [ERROR] LogOutputStream:75 - [STDERR_REDIRECT] 
2025-12-20 21:12:22,995 [ERROR] LogOutputStream:75 - [STDERR_REDIRECT] [Fatal Error] :1:1: Premature end of file.
2025-12-20 21:12:22,995 [ERROR] LogOutputStream:75 - [STDERR_REDIRECT] 
2025-12-20 21:12:23,157 [ERROR] LogOutputStream:75 - [STDERR_REDIRECT] [Fatal Error] :1:1: Premature end of file.
2025-12-20 21:12:23,157 [ERROR] LogOutputStream:75 - [STDERR_REDIRECT] 
2025-12-20 21:12:23,191 [ERROR] LogOutputStream:75 - [STDERR_REDIRECT] [Fatal Error] :1:1: Premature end of file.
2025-12-20 21:12:23,191 [ERROR] LogOutputStream:75 - [STDERR_REDIRECT] 
2025-12-20 21:12:23,223 [ERROR] LogOutputStream:75 - [STDERR_REDIRECT] [Fatal Error] :1:1: Premature end of file.
2025-12-20 21:12:23,223 [ERROR] LogOutputStream:75 - [STDERR_REDIRECT] 
2025-12-20 21:12:23,270 [ERROR] LogOutputStream:75 - [STDERR_REDIRECT] [Fatal Error] :1:1: Premature end of file.
2025-12-20 21:12:23,270 [ERROR] LogOutputStream:75 - [STDERR_REDIRECT] 
2025-12-20 21:12:23,318 [ERROR] LogOutputStream:75 - [STDERR_REDIRECT] [Fatal Error] :1:1: Premature end of file.
2025-12-20 21:12:23,318 [ERROR] LogOutputStream:75 - [STDERR_REDIRECT] 
2025-12-20 21:12:23,350 [ERROR] LogOutputStream:75 - [STDERR_REDIRECT] [Fatal Error] :1:1: Premature end of file.
2025-12-20 21:12:23,350 [ERROR] LogOutputStream:75 - [STDERR_REDIRECT] 
2025-12-20 21:12:23,400 [ERROR] LogOutputStream:75 - [STDERR_REDIRECT] [Fatal Error] :1:1: Premature end of file.
2025-12-20 21:12:23,400 [ERROR] LogOutputStream:75 - [STDERR_REDIRECT] 
2025-12-20 21:12:23,446 [ERROR] LogOutputStream:75 - [STDERR_REDIRECT] [Fatal Error] :1:1: Premature end of file.
2025-12-20 21:12:23,446 [ERROR] LogOutputStream:75 - [STDERR_REDIRECT] 
2025-12-20 21:12:23,491 [ERROR] LogOutputStream:75 - [STDERR_REDIRECT] [Fatal Error] :1:1: Premature end of file.
2025-12-20 21:12:23,491 [ERROR] LogOutputStream:75 - [STDERR_REDIRECT] 
2025-12-20 21:12:23,553 [ERROR] LogOutputStream:75 - [STDERR_REDIRECT] [Fatal Error] :1:1: Premature end of file.
2025-12-20 21:12:23,553 [ERROR] LogOutputStream:75 - [STDERR_REDIRECT] 
2025-12-20 21:12:23,600 [ERROR] LogOutputStream:75 - [STDERR_REDIRECT] [Fatal Error] :1:1: Premature end of file.
2025-12-20 21:12:23,600 [ERROR] LogOutputStream:75 - [STDERR_REDIRECT] 
2025-12-20 21:12:23,646 [ERROR] LogOutputStream:75 - [STDERR_REDIRECT] [Fatal Error] :1:1: Premature end of file.
2025-12-20 21:12:23,646 [ERROR] LogOutputStream:75 - [STDERR_REDIRECT] 
2025-12-20 21:12:23,682 [ERROR] LogOutputStream:75 - [STDERR_REDIRECT] [Fatal Error] :1:1: Premature end of file.
2025-12-20 21:12:23,682 [ERROR] LogOutputStream:75 - [STDERR_REDIRECT] 
2025-12-20 21:12:23,712 [ERROR] LogOutputStream:75 - [STDERR_REDIRECT] [Fatal Error] :1:1: Premature end of file.
2025-12-20 21:12:23,712 [ERROR] LogOutputStream:75 - [STDERR_REDIRECT] 
2025-12-20 21:12:23,760 [ERROR] LogOutputStream:75 - [STDERR_REDIRECT] [Fatal Error] :1:1: Premature end of file.
2025-12-20 21:12:23,760 [ERROR] LogOutputStream:75 - [STDERR_REDIRECT] 
2025-12-20 21:12:23,808 [ERROR] LogOutputStream:75 - [STDERR_REDIRECT] [Fatal Error] :1:1: Premature end of file.
2025-12-20 21:12:23,808 [ERROR] LogOutputStream:75 - [STDERR_REDIRECT] 
2025-12-20 21:12:23,840 [ERROR] LogOutputStream:75 - [STDERR_REDIRECT] [Fatal Error] :1:1: Premature end of file.
2025-12-20 21:12:23,840 [ERROR] LogOutputStream:75 - [STDERR_REDIRECT] 
2025-12-20 21:12:23,890 [ERROR] LogOutputStream:75 - [STDERR_REDIRECT] [Fatal Error] :1:1: Premature end of file.
2025-12-20 21:12:23,890 [ERROR] LogOutputStream:75 - [STDERR_REDIRECT] 
2025-12-20 21:12:23,920 [ERROR] LogOutputStream:75 - [STDERR_REDIRECT] [Fatal Error] :1:1: Premature end of file.
2025-12-20 21:12:23,920 [ERROR] LogOutputStream:75 - [STDERR_REDIRECT] 
2025-12-20 21:12:23,973 [ERROR] LogOutputStream:75 - [STDERR_REDIRECT] [Fatal Error] :1:1: Premature end of file.
2025-12-20 21:12:23,976 [ERROR] LogOutputStream:75 - [STDERR_REDIRECT] 
2025-12-20 21:12:24,014 [ERROR] LogOutputStream:75 - [STDERR_REDIRECT] [Fatal Error] :1:1: Premature end of file.
2025-12-20 21:12:24,014 [ERROR] LogOutputStream:75 - [STDERR_REDIRECT] 
2025-12-20 21:12:24,059 [ERROR] LogOutputStream:75 - [STDERR_REDIRECT] [Fatal Error] :1:1: Premature end of file.
2025-12-20 21:12:24,059 [ERROR] LogOutputStream:75 - [STDERR_REDIRECT] 
2025-12-20 21:12:24,099 [ERROR] LogOutputStream:75 - [STDERR_REDIRECT] [Fatal Error] :1:1: Premature end of file.
2025-12-20 21:12:24,099 [ERROR] LogOutputStream:75 - [STDERR_REDIRECT] 
2025-12-20 21:12:24,139 [ERROR] LogOutputStream:75 - [STDERR_REDIRECT] [Fatal Error] :1:1: Premature end of file.
2025-12-20 21:12:24,139 [ERROR] LogOutputStream:75 - [STDERR_REDIRECT] 
2025-12-20 21:12:24,181 [ERROR] LogOutputStream:75 - [STDERR_REDIRECT] [Fatal Error] :1:1: Premature end of file.
2025-12-20 21:12:24,181 [ERROR] LogOutputStream:75 - [STDERR_REDIRECT] 
2025-12-20 21:12:24,227 [ERROR] LogOutputStream:75 - [STDERR_REDIRECT] [Fatal Error] :1:1: Premature end of file.
2025-12-20 21:12:24,227 [ERROR] LogOutputStream:75 - [STDERR_REDIRECT] 
2025-12-20 21:12:24,266 [ERROR] LogOutputStream:75 - [STDERR_REDIRECT] [Fatal Error] :1:1: Premature end of file.
2025-12-20 21:12:24,266 [ERROR] LogOutputStream:75 - [STDERR_REDIRECT] 
2025-12-20 21:12:24,303 [ERROR] LogOutputStream:75 - [STDERR_REDIRECT] [Fatal Error] :1:1: Premature end of file.
2025-12-20 21:12:24,303 [ERROR] LogOutputStream:75 - [STDERR_REDIRECT] 
2025-12-20 21:12:24,345 [ERROR] LogOutputStream:75 - [STDERR_REDIRECT] [Fatal Error] :1:1: Premature end of file.
2025-12-20 21:12:24,345 [ERROR] LogOutputStream:75 - [STDERR_REDIRECT] 
2025-12-20 21:12:24,384 [ERROR] LogOutputStream:75 - [STDERR_REDIRECT] [Fatal Error] :1:1: Premature end of file.
2025-12-20 21:12:24,384 [ERROR] LogOutputStream:75 - [STDERR_REDIRECT] 
2025-12-20 21:12:24,427 [ERROR] LogOutputStream:75 - [STDERR_REDIRECT] [Fatal Error] :1:1: Premature end of file.
2025-12-20 21:12:24,427 [ERROR] LogOutputStream:75 - [STDERR_REDIRECT] 
2025-12-20 21:12:24,472 [ERROR] LogOutputStream:75 - [STDERR_REDIRECT] [Fatal Error] :1:1: Premature end of file.
2025-12-20 21:12:24,472 [ERROR] LogOutputStream:75 - [STDERR_REDIRECT] 
2025-12-20 21:12:24,515 [ERROR] LogOutputStream:75 - [STDERR_REDIRECT] [Fatal Error] :1:1: Premature end of file.
2025-12-20 21:12:24,515 [ERROR] LogOutputStream:75 - [STDERR_REDIRECT] 
2025-12-20 21:12:24,562 [ERROR] LogOutputStream:75 - [STDERR_REDIRECT] [Fatal Error] :1:1: Premature end of file.
2025-12-20 21:12:24,562 [ERROR] LogOutputStream:75 - [STDERR_REDIRECT] 
2025-12-20 21:12:24,606 [ERROR] LogOutputStream:75 - [STDERR_REDIRECT] [Fatal Error] :1:1: Premature end of file.
2025-12-20 21:12:24,606 [ERROR] LogOutputStream:75 - [STDERR_REDIRECT] 
2025-12-20 21:12:24,648 [ERROR] LogOutputStream:75 - [STDERR_REDIRECT] [Fatal Error] :1:1: Premature end of file.
2025-12-20 21:12:24,648 [ERROR] LogOutputStream:75 - [STDERR_REDIRECT] 
2025-12-20 21:12:24,691 [ERROR] LogOutputStream:75 - [STDERR_REDIRECT] [Fatal Error] :1:1: Premature end of file.
2025-12-20 21:12:24,691 [ERROR] LogOutputStream:75 - [STDERR_REDIRECT] 
2025-12-20 21:12:24,754 [ERROR] LogOutputStream:75 - [STDERR_REDIRECT] [Fatal Error] :1:1: Premature end of file.
2025-12-20 21:12:24,754 [ERROR] LogOutputStream:75 - [STDERR_REDIRECT] 
2025-12-20 21:12:24,795 [ERROR] LogOutputStream:75 - [STDERR_REDIRECT] [Fatal Error] :1:1: Premature end of file.
2025-12-20 21:12:24,795 [ERROR] LogOutputStream:75 - [STDERR_REDIRECT] 
2025-12-20 21:12:24,839 [ERROR] LogOutputStream:75 - [STDERR_REDIRECT] [Fatal Error] :1:1: Premature end of file.
2025-12-20 21:12:24,839 [ERROR] LogOutputStream:75 - [STDERR_REDIRECT] 
2025-12-20 21:12:24,878 [ERROR] LogOutputStream:75 - [STDERR_REDIRECT] [Fatal Error] :1:1: Premature end of file.
2025-12-20 21:12:24,878 [ERROR] LogOutputStream:75 - [STDERR_REDIRECT] 
2025-12-20 21:12:24,924 [ERROR] LogOutputStream:75 - [STDERR_REDIRECT] [Fatal Error] :1:1: Premature end of file.
2025-12-20 21:12:24,924 [ERROR] LogOutputStream:75 - [STDERR_REDIRECT] 
2025-12-20 21:12:24,975 [ERROR] LogOutputStream:75 - [STDERR_REDIRECT] [Fatal Error] :1:1: Premature end of file.
2025-12-20 21:12:24,975 [ERROR] LogOutputStream:75 - [STDERR_REDIRECT] 
2025-12-20 21:12:25,014 [ERROR] LogOutputStream:75 - [STDERR_REDIRECT] [Fatal Error] :1:1: Premature end of file.
2025-12-20 21:12:25,014 [ERROR] LogOutputStream:75 - [STDERR_REDIRECT] 
2025-12-20 21:12:25,112 [ERROR] LogOutputStream:75 - [STDERR_REDIRECT] [Fatal Error] :1:1: Premature end of file.
2025-12-20 21:12:25,112 [ERROR] LogOutputStream:75 - [STDERR_REDIRECT] 
2025-12-20 21:12:25,198 [ERROR] LogOutputStream:75 - [STDERR_REDIRECT] [Fatal Error] :1:1: Premature end of file.
2025-12-20 21:12:25,198 [ERROR] LogOutputStream:75 - [STDERR_REDIRECT] 
2025-12-20 21:12:25,438 [ERROR] LogOutputStream:75 - [STDERR_REDIRECT] [Fatal Error] :1:1: Premature end of file.
2025-12-20 21:12:25,438 [ERROR] LogOutputStream:75 - [STDERR_REDIRECT] 
2025-12-20 21:12:25,513 [ERROR] LogOutputStream:75 - [STDERR_REDIRECT] [Fatal Error] :1:1: Premature end of file.
2025-12-20 21:12:25,513 [ERROR] LogOutputStream:75 - [STDERR_REDIRECT] 
2025-12-20 21:12:25,566 [ERROR] LogOutputStream:75 - [STDERR_REDIRECT] [Fatal Error] :1:1: Premature end of file.
2025-12-20 21:12:25,566 [ERROR] LogOutputStream:75 - [STDERR_REDIRECT] 
2025-12-20 21:12:25,617 [ERROR] LogOutputStream:75 - [STDERR_REDIRECT] [Fatal Error] :1:1: Premature end of file.
2025-12-20 21:12:25,617 [ERROR] LogOutputStream:75 - [STDERR_REDIRECT] 
2025-12-20 21:12:25,665 [ERROR] LogOutputStream:75 - [STDERR_REDIRECT] [Fatal Error] :1:1: Premature end of file.
2025-12-20 21:12:25,665 [ERROR] LogOutputStream:75 - [STDERR_REDIRECT] 
2025-12-20 21:12:25,711 [ERROR] LogOutputStream:75 - [STDERR_REDIRECT] [Fatal Error] :1:1: Premature end of file.
2025-12-20 21:12:25,711 [ERROR] LogOutputStream:75 - [STDERR_REDIRECT] 
2025-12-20 21:12:25,749 [ERROR] LogOutputStream:75 - [STDERR_REDIRECT] [Fatal Error] :1:1: Premature end of file.
2025-12-20 21:12:25,749 [ERROR] LogOutputStream:75 - [STDERR_REDIRECT] 
2025-12-20 21:12:25,808 [ERROR] LogOutputStream:75 - [STDERR_REDIRECT] [Fatal Error] :1:1: Premature end of file.
2025-12-20 21:12:25,808 [ERROR] LogOutputStream:75 - [STDERR_REDIRECT] 
2025-12-20 21:12:25,863 [ERROR] LogOutputStream:75 - [STDERR_REDIRECT] [Fatal Error] :1:1: Premature end of file.
2025-12-20 21:12:25,863 [ERROR] LogOutputStream:75 - [STDERR_REDIRECT] 
2025-12-20 21:12:25,912 [ERROR] LogOutputStream:75 - [STDERR_REDIRECT] [Fatal Error] :1:1: Premature end of file.
2025-12-20 21:12:25,912 [ERROR] LogOutputStream:75 - [STDERR_REDIRECT] 
2025-12-20 21:12:25,957 [ERROR] LogOutputStream:75 - [STDERR_REDIRECT] [Fatal Error] :1:1: Premature end of file.
2025-12-20 21:12:25,957 [ERROR] LogOutputStream:75 - [STDERR_REDIRECT] 
2025-12-20 21:12:26,005 [ERROR] LogOutputStream:75 - [STDERR_REDIRECT] [Fatal Error] :1:1: Premature end of file.
2025-12-20 21:12:26,005 [ERROR] LogOutputStream:75 - [STDERR_REDIRECT] 
2025-12-20 21:12:26,046 [ERROR] LogOutputStream:75 - [STDERR_REDIRECT] [Fatal Error] :1:1: Premature end of file.
2025-12-20 21:12:26,046 [ERROR] LogOutputStream:75 - [STDERR_REDIRECT] 
2025-12-20 21:12:26,092 [ERROR] LogOutputStream:75 - [STDERR_REDIRECT] [Fatal Error] :1:1: Premature end of file.
2025-12-20 21:12:26,092 [ERROR] LogOutputStream:75 - [STDERR_REDIRECT] 
2025-12-20 21:12:26,139 [ERROR] LogOutputStream:75 - [STDERR_REDIRECT] [Fatal Error] :1:1: Premature end of file.
2025-12-20 21:12:26,139 [ERROR] LogOutputStream:75 - [STDERR_REDIRECT] 
2025-12-20 21:12:26,181 [ERROR] LogOutputStream:75 - [STDERR_REDIRECT] [Fatal Error] :1:1: Premature end of file.
2025-12-20 21:12:26,181 [ERROR] LogOutputStream:75 - [STDERR_REDIRECT] 
2025-12-20 21:12:26,228 [ERROR] LogOutputStream:75 - [STDERR_REDIRECT] [Fatal Error] :1:1: Premature end of file.
2025-12-20 21:12:26,228 [ERROR] LogOutputStream:75 - [STDERR_REDIRECT] 
2025-12-20 21:12:26,277 [ERROR] LogOutputStream:75 - [STDERR_REDIRECT] [Fatal Error] :1:1: Premature end of file.
2025-12-20 21:12:26,277 [ERROR] LogOutputStream:75 - [STDERR_REDIRECT] 
2025-12-20 21:12:26,322 [ERROR] LogOutputStream:75 - [STDERR_REDIRECT] [Fatal Error] :1:1: Premature end of file.
2025-12-20 21:12:26,324 [ERROR] LogOutputStream:75 - [STDERR_REDIRECT] 
2025-12-20 21:12:26,362 [ERROR] LogOutputStream:75 - [STDERR_REDIRECT] [Fatal Error] :1:1: Premature end of file.
2025-12-20 21:12:26,362 [ERROR] LogOutputStream:75 - [STDERR_REDIRECT] 
2025-12-20 21:12:26,407 [ERROR] LogOutputStream:75 - [STDERR_REDIRECT] [Fatal Error] :1:1: Premature end of file.
2025-12-20 21:12:26,407 [ERROR] LogOutputStream:75 - [STDERR_REDIRECT] 
2025-12-20 21:12:26,451 [ERROR] LogOutputStream:75 - [STDERR_REDIRECT] [Fatal Error] :1:1: Premature end of file.
2025-12-20 21:12:26,451 [ERROR] LogOutputStream:75 - [STDERR_REDIRECT] 
2025-12-20 21:12:26,487 [ERROR] LogOutputStream:75 - [STDERR_REDIRECT] [Fatal Error] :1:1: Premature end of file.
2025-12-20 21:12:26,487 [ERROR] LogOutputStream:75 - [STDERR_REDIRECT] 
2025-12-20 21:12:26,552 [ERROR] LogOutputStream:75 - [STDERR_REDIRECT] [Fatal Error] :1:1: Premature end of file.
2025-12-20 21:12:26,552 [ERROR] LogOutputStream:75 - [STDERR_REDIRECT] 
2025-12-20 21:12:26,599 [ERROR] LogOutputStream:75 - [STDERR_REDIRECT] [Fatal Error] :1:1: Premature end of file.
2025-12-20 21:12:26,599 [ERROR] LogOutputStream:75 - [STDERR_REDIRECT] 
2025-12-20 21:12:26,648 [ERROR] LogOutputStream:75 - [STDERR_REDIRECT] [Fatal Error] :1:1: Premature end of file.
2025-12-20 21:12:26,648 [ERROR] LogOutputStream:75 - [STDERR_REDIRECT] 
2025-12-20 21:12:26,675 [ERROR] LogOutputStream:75 - [STDERR_REDIRECT] [Fatal Error] :1:1: Premature end of file.
2025-12-20 21:12:26,675 [ERROR] LogOutputStream:75 - [STDERR_REDIRECT] 
2025-12-20 21:12:26,725 [ERROR] LogOutputStream:75 - [STDERR_REDIRECT] [Fatal Error] :1:1: Premature end of file.
2025-12-20 21:12:26,725 [ERROR] LogOutputStream:75 - [STDERR_REDIRECT] 
2025-12-20 21:12:26,765 [ERROR] LogOutputStream:75 - [STDERR_REDIRECT] [Fatal Error] :1:1: Premature end of file.
2025-12-20 21:12:26,765 [ERROR] LogOutputStream:75 - [STDERR_REDIRECT] 
2025-12-20 21:12:26,806 [ERROR] LogOutputStream:75 - [STDERR_REDIRECT] [Fatal Error] :1:1: Premature end of file.
2025-12-20 21:12:26,806 [ERROR] LogOutputStream:75 - [STDERR_REDIRECT] 
2025-12-20 21:12:26,841 [ERROR] LogOutputStream:75 - [STDERR_REDIRECT] [Fatal Error] :1:1: Premature end of file.
2025-12-20 21:12:26,841 [ERROR] LogOutputStream:75 - [STDERR_REDIRECT] 
2025-12-20 21:12:26,876 [ERROR] LogOutputStream:75 - [STDERR_REDIRECT] [Fatal Error] :1:1: Premature end of file.
2025-12-20 21:12:26,876 [ERROR] LogOutputStream:75 - [STDERR_REDIRECT] 
2025-12-20 21:12:26,928 [ERROR] LogOutputStream:75 - [STDERR_REDIRECT] [Fatal Error] :1:1: Premature end of file.
2025-12-20 21:12:26,928 [ERROR] LogOutputStream:75 - [STDERR_REDIRECT] 
2025-12-20 21:12:26,977 [ERROR] LogOutputStream:75 - [STDERR_REDIRECT] [Fatal Error] :1:1: Premature end of file.
2025-12-20 21:12:26,977 [ERROR] LogOutputStream:75 - [STDERR_REDIRECT] 
2025-12-20 21:12:27,036 [ERROR] LogOutputStream:75 - [STDERR_REDIRECT] [Fatal Error] :1:1: Premature end of file.
2025-12-20 21:12:27,036 [ERROR] LogOutputStream:75 - [STDERR_REDIRECT] 
2025-12-20 21:12:27,088 [ERROR] LogOutputStream:75 - [STDERR_REDIRECT] [Fatal Error] :1:1: Premature end of file.
2025-12-20 21:12:27,088 [ERROR] LogOutputStream:75 - [STDERR_REDIRECT] 
2025-12-20 21:12:27,137 [ERROR] LogOutputStream:75 - [STDERR_REDIRECT] [Fatal Error] :1:1: Premature end of file.
2025-12-20 21:12:27,137 [ERROR] LogOutputStream:75 - [STDERR_REDIRECT] 
2025-12-20 21:12:27,191 [ERROR] LogOutputStream:75 - [STDERR_REDIRECT] [Fatal Error] :1:1: Premature end of file.
2025-12-20 21:12:27,191 [ERROR] LogOutputStream:75 - [STDERR_REDIRECT] 
2025-12-20 21:12:27,246 [ERROR] LogOutputStream:75 - [STDERR_REDIRECT] [Fatal Error] :1:1: Premature end of file.
2025-12-20 21:12:27,246 [ERROR] LogOutputStream:75 - [STDERR_REDIRECT] 
2025-12-20 21:12:27,292 [ERROR] LogOutputStream:75 - [STDERR_REDIRECT] [Fatal Error] :1:1: Premature end of file.
2025-12-20 21:12:27,292 [ERROR] LogOutputStream:75 - [STDERR_REDIRECT] 
2025-12-20 21:12:27,342 [ERROR] LogOutputStream:75 - [STDERR_REDIRECT] [Fatal Error] :1:1: Premature end of file.
2025-12-20 21:12:27,342 [ERROR] LogOutputStream:75 - [STDERR_REDIRECT] 
2025-12-20 21:12:27,391 [ERROR] LogOutputStream:75 - [STDERR_REDIRECT] [Fatal Error] :1:1: Premature end of file.
2025-12-20 21:12:27,391 [ERROR] LogOutputStream:75 - [STDERR_REDIRECT] 
2025-12-20 21:12:27,440 [ERROR] LogOutputStream:75 - [STDERR_REDIRECT] [Fatal Error] :1:1: Premature end of file.
2025-12-20 21:12:27,440 [ERROR] LogOutputStream:75 - [STDERR_REDIRECT] 
2025-12-20 21:12:27,493 [ERROR] LogOutputStream:75 - [STDERR_REDIRECT] [Fatal Error] :1:1: Premature end of file.
2025-12-20 21:12:27,493 [ERROR] LogOutputStream:75 - [STDERR_REDIRECT] 
2025-12-20 21:12:27,541 [ERROR] LogOutputStream:75 - [STDERR_REDIRECT] [Fatal Error] :1:1: Premature end of file.
2025-12-20 21:12:27,541 [ERROR] LogOutputStream:75 - [STDERR_REDIRECT] 
2025-12-20 21:12:27,591 [ERROR] LogOutputStream:75 - [STDERR_REDIRECT] [Fatal Error] :1:1: Premature end of file.
2025-12-20 21:12:27,591 [ERROR] LogOutputStream:75 - [STDERR_REDIRECT] 
2025-12-20 21:12:27,642 [ERROR] LogOutputStream:75 - [STDERR_REDIRECT] [Fatal Error] :1:1: Premature end of file.
2025-12-20 21:12:27,642 [ERROR] LogOutputStream:75 - [STDERR_REDIRECT] 
2025-12-20 21:12:27,691 [ERROR] LogOutputStream:75 - [STDERR_REDIRECT] [Fatal Error] :1:1: Premature end of file.
2025-12-20 21:12:27,691 [ERROR] LogOutputStream:75 - [STDERR_REDIRECT] 
2025-12-20 21:12:27,745 [ERROR] LogOutputStream:75 - [STDERR_REDIRECT] [Fatal Error] :1:1: Premature end of file.
2025-12-20 21:12:27,745 [ERROR] LogOutputStream:75 - [STDERR_REDIRECT] 
2025-12-20 21:12:27,800 [ERROR] LogOutputStream:75 - [STDERR_REDIRECT] [Fatal Error] :1:1: Premature end of file.
2025-12-20 21:12:27,800 [ERROR] LogOutputStream:75 - [STDERR_REDIRECT] 
2025-12-20 21:12:27,860 [ERROR] LogOutputStream:75 - [STDERR_REDIRECT] [Fatal Error] :1:1: Premature end of file.
2025-12-20 21:12:27,860 [ERROR] LogOutputStream:75 - [STDERR_REDIRECT] 
2025-12-20 21:12:27,947 [ERROR] LogOutputStream:75 - [STDERR_REDIRECT] [Fatal Error] :1:1: Premature end of file.
2025-12-20 21:12:27,947 [ERROR] LogOutputStream:75 - [STDERR_REDIRECT] 
2025-12-20 21:12:27,995 [ERROR] LogOutputStream:75 - [STDERR_REDIRECT] [Fatal Error] :1:1: Premature end of file.
2025-12-20 21:12:27,995 [ERROR] LogOutputStream:75 - [STDERR_REDIRECT] 
2025-12-20 21:12:28,027 [ERROR] LogOutputStream:75 - [STDERR_REDIRECT] [Fatal Error] :1:1: Premature end of file.
2025-12-20 21:12:28,027 [ERROR] LogOutputStream:75 - [STDERR_REDIRECT] 
2025-12-20 21:12:28,074 [ERROR] LogOutputStream:75 - [STDERR_REDIRECT] [Fatal Error] :1:1: Premature end of file.
2025-12-20 21:12:28,074 [ERROR] LogOutputStream:75 - [STDERR_REDIRECT] 
2025-12-20 21:12:28,108 [ERROR] LogOutputStream:75 - [STDERR_REDIRECT] [Fatal Error] :1:1: Premature end of file.
2025-12-20 21:12:28,123 [ERROR] LogOutputStream:75 - [STDERR_REDIRECT] 
2025-12-20 21:12:28,155 [ERROR] LogOutputStream:75 - [STDERR_REDIRECT] [Fatal Error] :1:1: Premature end of file.
2025-12-20 21:12:28,171 [ERROR] LogOutputStream:75 - [STDERR_REDIRECT] 
2025-12-20 21:12:28,203 [ERROR] LogOutputStream:75 - [STDERR_REDIRECT] [Fatal Error] :1:1: Premature end of file.
2025-12-20 21:12:28,203 [ERROR] LogOutputStream:75 - [STDERR_REDIRECT] 
2025-12-20 21:12:28,251 [ERROR] LogOutputStream:75 - [STDERR_REDIRECT] [Fatal Error] :1:1: Premature end of file.
2025-12-20 21:12:28,251 [ERROR] LogOutputStream:75 - [STDERR_REDIRECT] 
2025-12-20 21:12:28,299 [ERROR] LogOutputStream:75 - [STDERR_REDIRECT] [Fatal Error] :1:1: Premature end of file.
2025-12-20 21:12:28,299 [ERROR] LogOutputStream:75 - [STDERR_REDIRECT] 
2025-12-20 21:12:28,347 [ERROR] LogOutputStream:75 - [STDERR_REDIRECT] [Fatal Error] :1:1: Premature end of file.
2025-12-20 21:12:28,347 [ERROR] LogOutputStream:75 - [STDERR_REDIRECT] 
2025-12-20 21:12:28,408 [ERROR] LogOutputStream:75 - [STDERR_REDIRECT] [Fatal Error] :1:1: Premature end of file.
2025-12-20 21:12:28,408 [ERROR] LogOutputStream:75 - [STDERR_REDIRECT] 
2025-12-20 21:12:28,456 [ERROR] LogOutputStream:75 - [STDERR_REDIRECT] [Fatal Error] :1:1: Premature end of file.
2025-12-20 21:12:28,456 [ERROR] LogOutputStream:75 - [STDERR_REDIRECT] 
2025-12-20 21:12:28,498 [ERROR] LogOutputStream:75 - [STDERR_REDIRECT] [Fatal Error] :1:1: Premature end of file.
2025-12-20 21:12:28,498 [ERROR] LogOutputStream:75 - [STDERR_REDIRECT] 
2025-12-20 21:12:28,542 [ERROR] LogOutputStream:75 - [STDERR_REDIRECT] [Fatal Error] :1:1: Premature end of file.
2025-12-20 21:12:28,542 [ERROR] LogOutputStream:75 - [STDERR_REDIRECT] 
2025-12-20 21:12:28,583 [ERROR] LogOutputStream:75 - [STDERR_REDIRECT] [Fatal Error] :1:1: Premature end of file.
2025-12-20 21:12:28,583 [ERROR] LogOutputStream:75 - [STDERR_REDIRECT] 
2025-12-20 21:12:28,627 [ERROR] LogOutputStream:75 - [STDERR_REDIRECT] [Fatal Error] :1:1: Premature end of file.
2025-12-20 21:12:28,627 [ERROR] LogOutputStream:75 - [STDERR_REDIRECT] 
2025-12-20 21:12:28,667 [ERROR] LogOutputStream:75 - [STDERR_REDIRECT] [Fatal Error] :1:1: Premature end of file.
2025-12-20 21:12:28,667 [ERROR] LogOutputStream:75 - [STDERR_REDIRECT] 
2025-12-20 21:12:28,709 [ERROR] LogOutputStream:75 - [STDERR_REDIRECT] [Fatal Error] :1:1: Premature end of file.
2025-12-20 21:12:28,709 [ERROR] LogOutputStream:75 - [STDERR_REDIRECT] 
2025-12-20 21:12:28,756 [ERROR] LogOutputStream:75 - [STDERR_REDIRECT] [Fatal Error] :1:1: Premature end of file.
2025-12-20 21:12:28,772 [ERROR] LogOutputStream:75 - [STDERR_REDIRECT] 
2025-12-20 21:12:28,816 [ERROR] LogOutputStream:75 - [STDERR_REDIRECT] [Fatal Error] :1:1: Premature end of file.
2025-12-20 21:12:28,816 [ERROR] LogOutputStream:75 - [STDERR_REDIRECT] 
2025-12-20 21:12:28,853 [ERROR] LogOutputStream:75 - [STDERR_REDIRECT] [Fatal Error] :1:1: Premature end of file.
2025-12-20 21:12:28,853 [ERROR] LogOutputStream:75 - [STDERR_REDIRECT] 
2025-12-20 21:12:28,916 [ERROR] LogOutputStream:75 - [STDERR_REDIRECT] [Fatal Error] :1:1: Premature end of file.
2025-12-20 21:12:28,916 [ERROR] LogOutputStream:75 - [STDERR_REDIRECT] 
2025-12-20 21:12:28,964 [ERROR] LogOutputStream:75 - [STDERR_REDIRECT] [Fatal Error] :1:1: Premature end of file.
2025-12-20 21:12:28,964 [ERROR] LogOutputStream:75 - [STDERR_REDIRECT] 
2025-12-20 21:12:29,016 [ERROR] LogOutputStream:75 - [STDERR_REDIRECT] [Fatal Error] :1:1: Premature end of file.
2025-12-20 21:12:29,016 [ERROR] LogOutputStream:75 - [STDERR_REDIRECT] 
2025-12-20 21:12:29,061 [ERROR] LogOutputStream:75 - [STDERR_REDIRECT] [Fatal Error] :1:1: Premature end of file.
2025-12-20 21:12:29,061 [ERROR] LogOutputStream:75 - [STDERR_REDIRECT] 
2025-12-20 21:12:29,105 [ERROR] LogOutputStream:75 - [STDERR_REDIRECT] [Fatal Error] :1:1: Premature end of file.
2025-12-20 21:12:29,105 [ERROR] LogOutputStream:75 - [STDERR_REDIRECT] 
2025-12-20 21:12:29,157 [ERROR] LogOutputStream:75 - [STDERR_REDIRECT] [Fatal Error] :1:1: Premature end of file.
2025-12-20 21:12:29,157 [ERROR] LogOutputStream:75 - [STDERR_REDIRECT] 
2025-12-20 21:12:29,204 [ERROR] LogOutputStream:75 - [STDERR_REDIRECT] [Fatal Error] :1:1: Premature end of file.
2025-12-20 21:12:29,204 [ERROR] LogOutputStream:75 - [STDERR_REDIRECT] 
2025-12-20 21:12:29,250 [ERROR] LogOutputStream:75 - [STDERR_REDIRECT] [Fatal Error] :1:1: Premature end of file.
2025-12-20 21:12:29,250 [ERROR] LogOutputStream:75 - [STDERR_REDIRECT] 
2025-12-20 21:12:29,321 [ERROR] LogOutputStream:75 - [STDERR_REDIRECT] [Fatal Error] :1:1: Premature end of file.
2025-12-20 21:12:29,321 [ERROR] LogOutputStream:75 - [STDERR_REDIRECT] 
2025-12-20 21:12:29,383 [ERROR] LogOutputStream:75 - [STDERR_REDIRECT] [Fatal Error] :1:1: Premature end of file.
2025-12-20 21:12:29,383 [ERROR] LogOutputStream:75 - [STDERR_REDIRECT] 
2025-12-20 21:12:29,622 [ERROR] LogOutputStream:75 - [STDERR_REDIRECT] [Fatal Error] :1:1: Premature end of file.
2025-12-20 21:12:29,622 [ERROR] LogOutputStream:75 - [STDERR_REDIRECT] 
2025-12-20 21:12:29,702 [ERROR] LogOutputStream:75 - [STDERR_REDIRECT] [Fatal Error] :1:1: Premature end of file.
2025-12-20 21:12:29,702 [ERROR] LogOutputStream:75 - [STDERR_REDIRECT] 
2025-12-20 21:12:29,877 [ERROR] LogOutputStream:75 - [STDERR_REDIRECT] [Fatal Error] :1:1: Premature end of file.
2025-12-20 21:12:29,877 [ERROR] LogOutputStream:75 - [STDERR_REDIRECT] 
2025-12-20 21:12:29,946 [ERROR] LogOutputStream:75 - [STDERR_REDIRECT] [Fatal Error] :1:1: Premature end of file.
2025-12-20 21:12:29,946 [ERROR] LogOutputStream:75 - [STDERR_REDIRECT] 
2025-12-20 21:12:30,026 [ERROR] LogOutputStream:75 - [STDERR_REDIRECT] [Fatal Error] :1:1: Premature end of file.
2025-12-20 21:12:30,027 [ERROR] LogOutputStream:75 - [STDERR_REDIRECT] 
2025-12-20 21:12:30,087 [ERROR] LogOutputStream:75 - [STDERR_REDIRECT] [Fatal Error] :1:1: Premature end of file.
2025-12-20 21:12:30,087 [ERROR] LogOutputStream:75 - [STDERR_REDIRECT] 
2025-12-20 21:12:30,143 [ERROR] LogOutputStream:75 - [STDERR_REDIRECT] [Fatal Error] :1:1: Premature end of file.
2025-12-20 21:12:30,143 [ERROR] LogOutputStream:75 - [STDERR_REDIRECT] 
2025-12-20 21:12:30,191 [ERROR] LogOutputStream:75 - [STDERR_REDIRECT] [Fatal Error] :1:1: Premature end of file.
2025-12-20 21:12:30,191 [ERROR] LogOutputStream:75 - [STDERR_REDIRECT] 
2025-12-20 21:12:30,237 [ERROR] LogOutputStream:75 - [STDERR_REDIRECT] [Fatal Error] :1:1: Premature end of file.
2025-12-20 21:12:30,237 [ERROR] LogOutputStream:75 - [STDERR_REDIRECT] 
2025-12-20 21:12:30,353 [ERROR] LogOutputStream:75 - [STDERR_REDIRECT] [Fatal Error] :1:1: Premature end of file.
2025-12-20 21:12:30,353 [ERROR] LogOutputStream:75 - [STDERR_REDIRECT] 
2025-12-20 21:12:30,443 [ERROR] LogOutputStream:75 - [STDERR_REDIRECT] [Fatal Error] :1:1: Premature end of file.
2025-12-20 21:12:30,443 [ERROR] LogOutputStream:75 - [STDERR_REDIRECT] 
2025-12-20 21:12:30,523 [ERROR] LogOutputStream:75 - [STDERR_REDIRECT] [Fatal Error] :1:1: Premature end of file.
2025-12-20 21:12:30,523 [ERROR] LogOutputStream:75 - [STDERR_REDIRECT] 
2025-12-20 21:12:30,730 [ERROR] LogOutputStream:75 - [STDERR_REDIRECT] [Fatal Error] :1:1: Premature end of file.
2025-12-20 21:12:30,730 [ERROR] LogOutputStream:75 - [STDERR_REDIRECT] 
2025-12-20 21:12:30,936 [ERROR] LogOutputStream:75 - [STDERR_REDIRECT] [Fatal Error] :1:1: Premature end of file.
2025-12-20 21:12:30,936 [ERROR] LogOutputStream:75 - [STDERR_REDIRECT] 
2025-12-20 21:12:31,116 [ERROR] LogOutputStream:75 - [STDERR_REDIRECT] [Fatal Error] :1:1: Premature end of file.
2025-12-20 21:12:31,116 [ERROR] LogOutputStream:75 - [STDERR_REDIRECT] 
2025-12-20 21:12:31,231 [ERROR] LogOutputStream:75 - [STDERR_REDIRECT] [Fatal Error] :1:1: Premature end of file.
2025-12-20 21:12:31,231 [ERROR] LogOutputStream:75 - [STDERR_REDIRECT] 
2025-12-20 21:12:31,553 [ERROR] LogOutputStream:75 - [STDERR_REDIRECT] [Fatal Error] :1:1: Premature end of file.
2025-12-20 21:12:31,553 [ERROR] LogOutputStream:75 - [STDERR_REDIRECT] 
2025-12-20 21:12:31,746 [ERROR] LogOutputStream:75 - [STDERR_REDIRECT] [Fatal Error] :1:1: Premature end of file.
2025-12-20 21:12:31,746 [ERROR] LogOutputStream:75 - [STDERR_REDIRECT] 
2025-12-20 21:12:31,888 [ERROR] LogOutputStream:75 - [STDERR_REDIRECT] [Fatal Error] :1:1: Premature end of file.
2025-12-20 21:12:31,888 [ERROR] LogOutputStream:75 - [STDERR_REDIRECT] 
2025-12-20 21:12:32,227 [ERROR] LogOutputStream:75 - [STDERR_REDIRECT] [Fatal Error] :1:1: Premature end of file.
2025-12-20 21:12:32,227 [ERROR] LogOutputStream:75 - [STDERR_REDIRECT] 
2025-12-20 21:12:32,249 [INFO] WebApp:191 - Connection restablished
2025-12-20 21:12:34,055 [ERROR] LogOutputStream:75 - [STDERR_REDIRECT] [Fatal Error] :1:1: Premature end of file.
2025-12-20 21:12:34,055 [ERROR] LogOutputStream:75 - [STDERR_REDIRECT] 
2025-12-20 21:12:34,306 [ERROR] LogOutputStream:75 - [STDERR_REDIRECT] [Fatal Error] :1:1: Premature end of file.
2025-12-20 21:12:34,306 [ERROR] LogOutputStream:75 - [STDERR_REDIRECT] 
2025-12-20 21:12:34,482 [ERROR] LogOutputStream:75 - [STDERR_REDIRECT] [Fatal Error] :1:1: Premature end of file.
2025-12-20 21:12:34,482 [ERROR] LogOutputStream:75 - [STDERR_REDIRECT] 
2025-12-20 21:12:34,628 [ERROR] LogOutputStream:75 - [STDERR_REDIRECT] [Fatal Error] :1:1: Premature end of file.
2025-12-20 21:12:34,628 [ERROR] LogOutputStream:75 - [STDERR_REDIRECT] 
2025-12-20 21:12:34,701 [ERROR] LogOutputStream:75 - [STDERR_REDIRECT] [Fatal Error] :1:1: Premature end of file.
2025-12-20 21:12:34,703 [ERROR] LogOutputStream:75 - [STDERR_REDIRECT] 
2025-12-20 21:12:34,811 [ERROR] LogOutputStream:75 - [STDERR_REDIRECT] [Fatal Error] :1:1: Premature end of file.
2025-12-20 21:12:34,811 [ERROR] LogOutputStream:75 - [STDERR_REDIRECT] 
2025-12-20 21:12:34,886 [ERROR] LogOutputStream:75 - [STDERR_REDIRECT] [Fatal Error] :1:1: Premature end of file.
2025-12-20 21:12:34,886 [ERROR] LogOutputStream:75 - [STDERR_REDIRECT] 
2025-12-20 21:12:34,964 [ERROR] LogOutputStream:75 - [STDERR_REDIRECT] [Fatal Error] :1:1: Premature end of file.
2025-12-20 21:12:34,964 [ERROR] LogOutputStream:75 - [STDERR_REDIRECT] 
2025-12-20 21:12:35,041 [ERROR] LogOutputStream:75 - [STDERR_REDIRECT] [Fatal Error] :1:1: Premature end of file.
2025-12-20 21:12:35,041 [ERROR] LogOutputStream:75 - [STDERR_REDIRECT] 
2025-12-20 21:12:35,126 [ERROR] LogOutputStream:75 - [STDERR_REDIRECT] [Fatal Error] :1:1: Premature end of file.
2025-12-20 21:12:35,126 [ERROR] LogOutputStream:75 - [STDERR_REDIRECT] 
2025-12-20 21:12:35,197 [ERROR] LogOutputStream:75 - [STDERR_REDIRECT] [Fatal Error] :1:1: Premature end of file.
2025-12-20 21:12:35,197 [ERROR] LogOutputStream:75 - [STDERR_REDIRECT] 
2025-12-20 21:12:35,380 [ERROR] LogOutputStream:75 - [STDERR_REDIRECT] [Fatal Error] :1:1: Premature end of file.
2025-12-20 21:12:35,380 [ERROR] LogOutputStream:75 - [STDERR_REDIRECT] 
2025-12-20 21:12:35,455 [ERROR] LogOutputStream:75 - [STDERR_REDIRECT] [Fatal Error] :1:1: Premature end of file.
2025-12-20 21:12:35,455 [ERROR] LogOutputStream:75 - [STDERR_REDIRECT] 
2025-12-20 21:12:35,579 [ERROR] LogOutputStream:75 - [STDERR_REDIRECT] [Fatal Error] :1:1: Premature end of file.
2025-12-20 21:12:35,579 [ERROR] LogOutputStream:75 - [STDERR_REDIRECT] 
2025-12-20 21:12:35,675 [ERROR] LogOutputStream:75 - [STDERR_REDIRECT] [Fatal Error] :1:1: Premature end of file.
2025-12-20 21:12:35,675 [ERROR] LogOutputStream:75 - [STDERR_REDIRECT] 
2025-12-20 21:12:35,740 [ERROR] LogOutputStream:75 - [STDERR_REDIRECT] [Fatal Error] :1:1: Premature end of file.
2025-12-20 21:12:35,740 [ERROR] LogOutputStream:75 - [STDERR_REDIRECT] 
2025-12-20 21:12:35,809 [ERROR] LogOutputStream:75 - [STDERR_REDIRECT] [Fatal Error] :1:1: Premature end of file.
2025-12-20 21:12:35,809 [ERROR] LogOutputStream:75 - [STDERR_REDIRECT] 
2025-12-20 21:12:35,872 [ERROR] LogOutputStream:75 - [STDERR_REDIRECT] [Fatal Error] :1:1: Premature end of file.
2025-12-20 21:12:35,872 [ERROR] LogOutputStream:75 - [STDERR_REDIRECT] 
2025-12-20 21:12:35,937 [ERROR] LogOutputStream:75 - [STDERR_REDIRECT] [Fatal Error] :1:1: Premature end of file.
2025-12-20 21:12:35,937 [ERROR] LogOutputStream:75 - [STDERR_REDIRECT] 
2025-12-20 21:12:35,999 [ERROR] LogOutputStream:75 - [STDERR_REDIRECT] [Fatal Error] :1:1: Premature end of file.
2025-12-20 21:12:35,999 [ERROR] LogOutputStream:75 - [STDERR_REDIRECT] 
2025-12-20 21:12:36,111 [ERROR] LogOutputStream:75 - [STDERR_REDIRECT] [Fatal Error] :1:1: Premature end of file.
2025-12-20 21:12:36,111 [ERROR] LogOutputStream:75 - [STDERR_REDIRECT] 
2025-12-20 21:12:36,211 [ERROR] LogOutputStream:75 - [STDERR_REDIRECT] [Fatal Error] :1:1: Premature end of file.
2025-12-20 21:12:36,211 [ERROR] LogOutputStream:75 - [STDERR_REDIRECT] 
2025-12-20 21:12:36,259 [ERROR] LogOutputStream:75 - [STDERR_REDIRECT] [Fatal Error] :1:1: Premature end of file.
2025-12-20 21:12:36,259 [ERROR] LogOutputStream:75 - [STDERR_REDIRECT] 
2025-12-20 21:12:36,307 [ERROR] LogOutputStream:75 - [STDERR_REDIRECT] [Fatal Error] :1:1: Premature end of file.
2025-12-20 21:12:36,307 [ERROR] LogOutputStream:75 - [STDERR_REDIRECT] 
2025-12-20 21:12:36,338 [ERROR] LogOutputStream:75 - [STDERR_REDIRECT] [Fatal Error] :1:1: Premature end of file.
2025-12-20 21:12:36,338 [ERROR] LogOutputStream:75 - [STDERR_REDIRECT] 
2025-12-20 21:12:36,370 [ERROR] LogOutputStream:75 - [STDERR_REDIRECT] [Fatal Error] :1:1: Premature end of file.
2025-12-20 21:12:36,370 [ERROR] LogOutputStream:75 - [STDERR_REDIRECT] 
2025-12-20 21:12:36,402 [ERROR] LogOutputStream:75 - [STDERR_REDIRECT] [Fatal Error] :1:1: Premature end of file.
2025-12-20 21:12:36,402 [ERROR] LogOutputStream:75 - [STDERR_REDIRECT] 
2025-12-20 21:12:36,433 [ERROR] LogOutputStream:75 - [STDERR_REDIRECT] [Fatal Error] :1:1: Premature end of file.
2025-12-20 21:12:36,433 [ERROR] LogOutputStream:75 - [STDERR_REDIRECT] 
2025-12-20 21:12:36,450 [ERROR] LogOutputStream:75 - [STDERR_REDIRECT] [Fatal Error] :1:1: Premature end of file.
2025-12-20 21:12:36,450 [ERROR] LogOutputStream:75 - [STDERR_REDIRECT] 
2025-12-20 21:12:36,481 [ERROR] LogOutputStream:75 - [STDERR_REDIRECT] [Fatal Error] :1:1: Premature end of file.
2025-12-20 21:12:36,481 [ERROR] LogOutputStream:75 - [STDERR_REDIRECT] 
2025-12-20 21:12:36,513 [ERROR] LogOutputStream:75 - [STDERR_REDIRECT] [Fatal Error] :1:1: Premature end of file.
2025-12-20 21:12:36,513 [ERROR] LogOutputStream:75 - [STDERR_REDIRECT] 
2025-12-20 21:12:36,555 [ERROR] LogOutputStream:75 - [STDERR_REDIRECT] [Fatal Error] :1:1: Premature end of file.
2025-12-20 21:12:36,555 [ERROR] LogOutputStream:75 - [STDERR_REDIRECT] 
2025-12-20 21:12:36,587 [ERROR] LogOutputStream:75 - [STDERR_REDIRECT] [Fatal Error] :1:1: Premature end of file.
2025-12-20 21:12:36,587 [ERROR] LogOutputStream:75 - [STDERR_REDIRECT] 
2025-12-20 21:12:36,620 [ERROR] LogOutputStream:75 - [STDERR_REDIRECT] [Fatal Error] :1:1: Premature end of file.
2025-12-20 21:12:36,620 [ERROR] LogOutputStream:75 - [STDERR_REDIRECT] 
2025-12-20 21:12:36,696 [ERROR] LogOutputStream:75 - [STDERR_REDIRECT] [Fatal Error] :1:1: Premature end of file.
2025-12-20 21:12:36,696 [ERROR] LogOutputStream:75 - [STDERR_REDIRECT] 
2025-12-20 21:12:36,772 [ERROR] LogOutputStream:75 - [STDERR_REDIRECT] [Fatal Error] :1:1: Premature end of file.
2025-12-20 21:12:36,772 [ERROR] LogOutputStream:75 - [STDERR_REDIRECT] 
2025-12-20 21:12:36,905 [ERROR] LogOutputStream:75 - [STDERR_REDIRECT] [Fatal Error] :1:1: Premature end of file.
2025-12-20 21:12:36,905 [ERROR] LogOutputStream:75 - [STDERR_REDIRECT] 
2025-12-20 21:12:37,019 [ERROR] LogOutputStream:75 - [STDERR_REDIRECT] [Fatal Error] :1:1: Premature end of file.
2025-12-20 21:12:37,019 [ERROR] LogOutputStream:75 - [STDERR_REDIRECT] 
2025-12-20 21:12:37,097 [ERROR] LogOutputStream:75 - [STDERR_REDIRECT] [Fatal Error] :1:1: Premature end of file.
2025-12-20 21:12:37,099 [ERROR] LogOutputStream:75 - [STDERR_REDIRECT] 
2025-12-20 21:12:37,172 [ERROR] LogOutputStream:75 - [STDERR_REDIRECT] [Fatal Error] :1:1: Premature end of file.
2025-12-20 21:12:37,174 [ERROR] LogOutputStream:75 - [STDERR_REDIRECT] 
2025-12-20 21:12:37,243 [ERROR] LogOutputStream:75 - [STDERR_REDIRECT] [Fatal Error] :1:1: Premature end of file.
2025-12-20 21:12:37,243 [ERROR] LogOutputStream:75 - [STDERR_REDIRECT] 
2025-12-20 21:12:37,315 [ERROR] LogOutputStream:75 - [STDERR_REDIRECT] [Fatal Error] :1:1: Premature end of file.
2025-12-20 21:12:37,315 [ERROR] LogOutputStream:75 - [STDERR_REDIRECT] 
2025-12-20 21:12:37,392 [ERROR] LogOutputStream:75 - [STDERR_REDIRECT] [Fatal Error] :1:1: Premature end of file.
2025-12-20 21:12:37,392 [ERROR] LogOutputStream:75 - [STDERR_REDIRECT] 
2025-12-20 21:12:37,522 [ERROR] LogOutputStream:75 - [STDERR_REDIRECT] [Fatal Error] :1:1: Premature end of file.
2025-12-20 21:12:37,522 [ERROR] LogOutputStream:75 - [STDERR_REDIRECT] 
2025-12-20 21:12:37,607 [ERROR] LogOutputStream:75 - [STDERR_REDIRECT] [Fatal Error] :1:1: Premature end of file.
2025-12-20 21:12:37,607 [ERROR] LogOutputStream:75 - [STDERR_REDIRECT] 
2025-12-20 21:12:37,689 [ERROR] LogOutputStream:75 - [STDERR_REDIRECT] [Fatal Error] :1:1: Premature end of file.
2025-12-20 21:12:37,689 [ERROR] LogOutputStream:75 - [STDERR_REDIRECT] 
2025-12-20 21:12:37,751 [ERROR] LogOutputStream:75 - [STDERR_REDIRECT] [Fatal Error] :1:1: Premature end of file.
2025-12-20 21:12:37,751 [ERROR] LogOutputStream:75 - [STDERR_REDIRECT] 
2025-12-20 21:12:37,803 [ERROR] LogOutputStream:75 - [STDERR_REDIRECT] [Fatal Error] :1:1: Premature end of file.
2025-12-20 21:12:37,803 [ERROR] LogOutputStream:75 - [STDERR_REDIRECT] 
2025-12-20 21:12:37,840 [ERROR] LogOutputStream:75 - [STDERR_REDIRECT] [Fatal Error] :1:1: Premature end of file.
2025-12-20 21:12:37,840 [ERROR] LogOutputStream:75 - [STDERR_REDIRECT] 
2025-12-20 21:12:37,864 [ERROR] LogOutputStream:75 - [STDERR_REDIRECT] [Fatal Error] :1:1: Premature end of file.
2025-12-20 21:12:37,864 [ERROR] LogOutputStream:75 - [STDERR_REDIRECT] 
2025-12-20 21:12:37,896 [ERROR] LogOutputStream:75 - [STDERR_REDIRECT] [Fatal Error] :1:1: Premature end of file.
2025-12-20 21:12:37,896 [ERROR] LogOutputStream:75 - [STDERR_REDIRECT] 
2025-12-20 21:12:37,960 [ERROR] LogOutputStream:75 - [STDERR_REDIRECT] [Fatal Error] :1:1: Premature end of file.
2025-12-20 21:12:37,960 [ERROR] LogOutputStream:75 - [STDERR_REDIRECT] 
2025-12-20 21:12:37,992 [ERROR] LogOutputStream:75 - [STDERR_REDIRECT] [Fatal Error] :1:1: Premature end of file.
2025-12-20 21:12:37,992 [ERROR] LogOutputStream:75 - [STDERR_REDIRECT] 
2025-12-20 21:12:38,040 [ERROR] LogOutputStream:75 - [STDERR_REDIRECT] [Fatal Error] :1:1: Premature end of file.
2025-12-20 21:12:38,040 [ERROR] LogOutputStream:75 - [STDERR_REDIRECT] 
2025-12-20 21:12:38,087 [ERROR] LogOutputStream:75 - [STDERR_REDIRECT] [Fatal Error] :1:1: Premature end of file.
2025-12-20 21:12:38,087 [ERROR] LogOutputStream:75 - [STDERR_REDIRECT] 
2025-12-20 21:12:38,111 [ERROR] LogOutputStream:75 - [STDERR_REDIRECT] [Fatal Error] :1:1: Premature end of file.
2025-12-20 21:12:38,111 [ERROR] LogOutputStream:75 - [STDERR_REDIRECT] 
2025-12-20 21:12:38,135 [ERROR] LogOutputStream:75 - [STDERR_REDIRECT] [Fatal Error] :1:1: Premature end of file.
2025-12-20 21:12:38,135 [ERROR] LogOutputStream:75 - [STDERR_REDIRECT] 
2025-12-20 21:12:38,167 [ERROR] LogOutputStream:75 - [STDERR_REDIRECT] [Fatal Error] :1:1: Premature end of file.
2025-12-20 21:12:38,167 [ERROR] LogOutputStream:75 - [STDERR_REDIRECT] 
2025-12-20 21:12:38,199 [ERROR] LogOutputStream:75 - [STDERR_REDIRECT] [Fatal Error] :1:1: Premature end of file.
2025-12-20 21:12:38,199 [ERROR] LogOutputStream:75 - [STDERR_REDIRECT] 
2025-12-20 21:12:38,230 [ERROR] LogOutputStream:75 - [STDERR_REDIRECT] [Fatal Error] :1:1: Premature end of file.
2025-12-20 21:12:38,230 [ERROR] LogOutputStream:75 - [STDERR_REDIRECT] 
2025-12-20 21:12:38,263 [ERROR] LogOutputStream:75 - [STDERR_REDIRECT] [Fatal Error] :1:1: Premature end of file.
2025-12-20 21:12:38,263 [ERROR] LogOutputStream:75 - [STDERR_REDIRECT] 
2025-12-20 21:12:38,294 [ERROR] LogOutputStream:75 - [STDERR_REDIRECT] [Fatal Error] :1:1: Premature end of file.
2025-12-20 21:12:38,294 [ERROR] LogOutputStream:75 - [STDERR_REDIRECT] 
2025-12-20 21:12:38,326 [ERROR] LogOutputStream:75 - [STDERR_REDIRECT] [Fatal Error] :1:1: Premature end of file.
2025-12-20 21:12:38,326 [ERROR] LogOutputStream:75 - [STDERR_REDIRECT] 
2025-12-20 21:12:38,358 [ERROR] LogOutputStream:75 - [STDERR_REDIRECT] [Fatal Error] :1:1: Premature end of file.
2025-12-20 21:12:38,358 [ERROR] LogOutputStream:75 - [STDERR_REDIRECT] 
2025-12-20 21:12:38,390 [ERROR] LogOutputStream:75 - [STDERR_REDIRECT] [Fatal Error] :1:1: Premature end of file.
2025-12-20 21:12:38,390 [ERROR] LogOutputStream:75 - [STDERR_REDIRECT] 
2025-12-20 21:12:38,421 [ERROR] LogOutputStream:75 - [STDERR_REDIRECT] [Fatal Error] :1:1: Premature end of file.
2025-12-20 21:12:38,421 [ERROR] LogOutputStream:75 - [STDERR_REDIRECT] 
2025-12-20 21:12:38,453 [ERROR] LogOutputStream:75 - [STDERR_REDIRECT] [Fatal Error] :1:1: Premature end of file.
2025-12-20 21:12:38,453 [ERROR] LogOutputStream:75 - [STDERR_REDIRECT] 
2025-12-20 21:12:38,485 [ERROR] LogOutputStream:75 - [STDERR_REDIRECT] [Fatal Error] :1:1: Premature end of file.
2025-12-20 21:12:38,485 [ERROR] LogOutputStream:75 - [STDERR_REDIRECT] 
2025-12-20 21:12:38,517 [ERROR] LogOutputStream:75 - [STDERR_REDIRECT] [Fatal Error] :1:1: Premature end of file.
2025-12-20 21:12:38,517 [ERROR] LogOutputStream:75 - [STDERR_REDIRECT] 
2025-12-20 21:12:38,549 [ERROR] LogOutputStream:75 - [STDERR_REDIRECT] [Fatal Error] :1:1: Premature end of file.
2025-12-20 21:12:38,549 [ERROR] LogOutputStream:75 - [STDERR_REDIRECT] 
2025-12-20 21:12:38,580 [ERROR] LogOutputStream:75 - [STDERR_REDIRECT] [Fatal Error] :1:1: Premature end of file.
2025-12-20 21:12:38,580 [ERROR] LogOutputStream:75 - [STDERR_REDIRECT] 
2025-12-20 21:12:38,596 [ERROR] LogOutputStream:75 - [STDERR_REDIRECT] [Fatal Error] :1:1: Premature end of file.
2025-12-20 21:12:38,596 [ERROR] LogOutputStream:75 - [STDERR_REDIRECT] 
2025-12-20 21:12:38,644 [ERROR] LogOutputStream:75 - [STDERR_REDIRECT] [Fatal Error] :1:1: Premature end of file.
2025-12-20 21:12:38,644 [ERROR] LogOutputStream:75 - [STDERR_REDIRECT] 
2025-12-20 21:12:38,676 [ERROR] LogOutputStream:75 - [STDERR_REDIRECT] [Fatal Error] :1:1: Premature end of file.
2025-12-20 21:12:38,676 [ERROR] LogOutputStream:75 - [STDERR_REDIRECT] 
2025-12-20 21:12:38,743 [ERROR] LogOutputStream:75 - [STDERR_REDIRECT] [Fatal Error] :1:1: Premature end of file.
2025-12-20 21:12:38,745 [ERROR] LogOutputStream:75 - [STDERR_REDIRECT] 
2025-12-20 21:12:38,802 [ERROR] LogOutputStream:75 - [STDERR_REDIRECT] [Fatal Error] :1:1: Premature end of file.
2025-12-20 21:12:38,804 [ERROR] LogOutputStream:75 - [STDERR_REDIRECT] 
2025-12-20 21:12:38,859 [ERROR] LogOutputStream:75 - [STDERR_REDIRECT] [Fatal Error] :1:1: Premature end of file.
2025-12-20 21:12:38,859 [ERROR] LogOutputStream:75 - [STDERR_REDIRECT] 
2025-12-20 21:12:38,908 [ERROR] LogOutputStream:75 - [STDERR_REDIRECT] [Fatal Error] :1:1: Premature end of file.
2025-12-20 21:12:38,908 [ERROR] LogOutputStream:75 - [STDERR_REDIRECT] 
2025-12-20 21:12:38,960 [ERROR] LogOutputStream:75 - [STDERR_REDIRECT] [Fatal Error] :1:1: Premature end of file.
2025-12-20 21:12:38,960 [ERROR] LogOutputStream:75 - [STDERR_REDIRECT] 
2025-12-20 21:12:39,023 [ERROR] LogOutputStream:75 - [STDERR_REDIRECT] [Fatal Error] :1:1: Premature end of file.
2025-12-20 21:12:39,023 [ERROR] LogOutputStream:75 - [STDERR_REDIRECT] 
2025-12-20 21:12:39,094 [ERROR] LogOutputStream:75 - [STDERR_REDIRECT] [Fatal Error] :1:1: Premature end of file.
2025-12-20 21:12:39,094 [ERROR] LogOutputStream:75 - [STDERR_REDIRECT] 
2025-12-20 21:12:39,179 [ERROR] LogOutputStream:75 - [STDERR_REDIRECT] [Fatal Error] :1:1: Premature end of file.
2025-12-20 21:12:39,179 [ERROR] LogOutputStream:75 - [STDERR_REDIRECT] 
2025-12-20 21:12:39,246 [ERROR] LogOutputStream:75 - [STDERR_REDIRECT] [Fatal Error] :1:1: Premature end of file.
2025-12-20 21:12:39,246 [ERROR] LogOutputStream:75 - [STDERR_REDIRECT] 
2025-12-20 21:12:39,301 [ERROR] LogOutputStream:75 - [STDERR_REDIRECT] [Fatal Error] :1:1: Premature end of file.
2025-12-20 21:12:39,301 [ERROR] LogOutputStream:75 - [STDERR_REDIRECT] 
2025-12-20 21:12:39,352 [ERROR] LogOutputStream:75 - [STDERR_REDIRECT] [Fatal Error] :1:1: Premature end of file.
2025-12-20 21:12:39,352 [ERROR] LogOutputStream:75 - [STDERR_REDIRECT] 
2025-12-20 21:12:39,445 [ERROR] LogOutputStream:75 - [STDERR_REDIRECT] [Fatal Error] :1:1: Premature end of file.
2025-12-20 21:12:39,445 [ERROR] LogOutputStream:75 - [STDERR_REDIRECT] 
2025-12-20 21:12:39,507 [ERROR] LogOutputStream:75 - [STDERR_REDIRECT] [Fatal Error] :1:1: Premature end of file.
2025-12-20 21:12:39,507 [ERROR] LogOutputStream:75 - [STDERR_REDIRECT] 
2025-12-20 21:12:39,586 [ERROR] LogOutputStream:75 - [STDERR_REDIRECT] [Fatal Error] :1:1: Premature end of file.
2025-12-20 21:12:39,586 [ERROR] LogOutputStream:75 - [STDERR_REDIRECT] 
2025-12-20 21:12:39,686 [ERROR] LogOutputStream:75 - [STDERR_REDIRECT] [Fatal Error] :1:1: Premature end of file.
2025-12-20 21:12:39,686 [ERROR] LogOutputStream:75 - [STDERR_REDIRECT] 
2025-12-20 21:12:39,758 [ERROR] LogOutputStream:75 - [STDERR_REDIRECT] [Fatal Error] :1:1: Premature end of file.
2025-12-20 21:12:39,760 [ERROR] LogOutputStream:75 - [STDERR_REDIRECT] 
2025-12-20 21:12:39,799 [ERROR] LogOutputStream:75 - [STDERR_REDIRECT] [Fatal Error] :1:1: Premature end of file.
2025-12-20 21:12:39,799 [ERROR] LogOutputStream:75 - [STDERR_REDIRECT] 
2025-12-20 21:12:39,847 [ERROR] LogOutputStream:75 - [STDERR_REDIRECT] [Fatal Error] :1:1: Premature end of file.
2025-12-20 21:12:39,847 [ERROR] LogOutputStream:75 - [STDERR_REDIRECT] 
2025-12-20 21:12:39,878 [ERROR] LogOutputStream:75 - [STDERR_REDIRECT] [Fatal Error] :1:1: Premature end of file.
2025-12-20 21:12:39,878 [ERROR] LogOutputStream:75 - [STDERR_REDIRECT] 
2025-12-20 21:12:39,915 [ERROR] LogOutputStream:75 - [STDERR_REDIRECT] [Fatal Error] :1:1: Premature end of file.
2025-12-20 21:12:39,915 [ERROR] LogOutputStream:75 - [STDERR_REDIRECT] 
2025-12-20 21:12:39,956 [ERROR] LogOutputStream:75 - [STDERR_REDIRECT] [Fatal Error] :1:1: Premature end of file.
2025-12-20 21:12:39,956 [ERROR] LogOutputStream:75 - [STDERR_REDIRECT] 
2025-12-20 21:12:39,992 [ERROR] LogOutputStream:75 - [STDERR_REDIRECT] [Fatal Error] :1:1: Premature end of file.
2025-12-20 21:12:39,992 [ERROR] LogOutputStream:75 - [STDERR_REDIRECT] 
2025-12-20 21:12:40,047 [ERROR] LogOutputStream:75 - [STDERR_REDIRECT] [Fatal Error] :1:1: Premature end of file.
2025-12-20 21:12:40,047 [ERROR] LogOutputStream:75 - [STDERR_REDIRECT] 
2025-12-20 21:12:40,123 [ERROR] LogOutputStream:75 - [STDERR_REDIRECT] [Fatal Error] :1:1: Premature end of file.
2025-12-20 21:12:40,123 [ERROR] LogOutputStream:75 - [STDERR_REDIRECT] 
2025-12-20 21:12:40,233 [ERROR] LogOutputStream:75 - [STDERR_REDIRECT] [Fatal Error] :1:1: Premature end of file.
2025-12-20 21:12:40,233 [ERROR] LogOutputStream:75 - [STDERR_REDIRECT] 
2025-12-20 21:12:40,297 [ERROR] LogOutputStream:75 - [STDERR_REDIRECT] [Fatal Error] :1:1: Premature end of file.
2025-12-20 21:12:40,297 [ERROR] LogOutputStream:75 - [STDERR_REDIRECT] 
2025-12-20 21:12:40,585 [ERROR] LogOutputStream:75 - [STDERR_REDIRECT] [Fatal Error] :1:1: Premature end of file.
2025-12-20 21:12:40,586 [ERROR] LogOutputStream:75 - [STDERR_REDIRECT] 
2025-12-20 21:12:40,734 [ERROR] LogOutputStream:75 - [STDERR_REDIRECT] [Fatal Error] :1:1: Premature end of file.
2025-12-20 21:12:40,734 [ERROR] LogOutputStream:75 - [STDERR_REDIRECT] 
2025-12-20 21:12:40,797 [ERROR] LogOutputStream:75 - [STDERR_REDIRECT] [Fatal Error] :1:1: Premature end of file.
2025-12-20 21:12:40,797 [ERROR] LogOutputStream:75 - [STDERR_REDIRECT] 
2025-12-20 21:12:40,845 [ERROR] LogOutputStream:75 - [STDERR_REDIRECT] [Fatal Error] :1:1: Premature end of file.
2025-12-20 21:12:40,845 [ERROR] LogOutputStream:75 - [STDERR_REDIRECT] 
2025-12-20 21:12:40,892 [ERROR] LogOutputStream:75 - [STDERR_REDIRECT] [Fatal Error] :1:1: Premature end of file.
2025-12-20 21:12:40,892 [ERROR] LogOutputStream:75 - [STDERR_REDIRECT] 
2025-12-20 21:12:40,969 [ERROR] LogOutputStream:75 - [STDERR_REDIRECT] [Fatal Error] :1:1: Premature end of file.
2025-12-20 21:12:40,969 [ERROR] LogOutputStream:75 - [STDERR_REDIRECT] 
2025-12-20 21:12:41,038 [ERROR] LogOutputStream:75 - [STDERR_REDIRECT] [Fatal Error] :1:1: Premature end of file.
2025-12-20 21:12:41,039 [ERROR] LogOutputStream:75 - [STDERR_REDIRECT] 
2025-12-20 21:12:41,095 [ERROR] LogOutputStream:75 - [STDERR_REDIRECT] [Fatal Error] :1:1: Premature end of file.
2025-12-20 21:12:41,095 [ERROR] LogOutputStream:75 - [STDERR_REDIRECT] 
2025-12-20 21:12:41,136 [ERROR] LogOutputStream:75 - [STDERR_REDIRECT] [Fatal Error] :1:1: Premature end of file.
2025-12-20 21:12:41,136 [ERROR] LogOutputStream:75 - [STDERR_REDIRECT] 
2025-12-20 21:12:41,182 [ERROR] LogOutputStream:75 - [STDERR_REDIRECT] [Fatal Error] :1:1: Premature end of file.
2025-12-20 21:12:41,182 [ERROR] LogOutputStream:75 - [STDERR_REDIRECT] 
2025-12-20 21:12:41,227 [ERROR] LogOutputStream:75 - [STDERR_REDIRECT] [Fatal Error] :1:1: Premature end of file.
2025-12-20 21:12:41,227 [ERROR] LogOutputStream:75 - [STDERR_REDIRECT] 
2025-12-20 21:12:41,269 [ERROR] LogOutputStream:75 - [STDERR_REDIRECT] [Fatal Error] :1:1: Premature end of file.
2025-12-20 21:12:41,269 [ERROR] LogOutputStream:75 - [STDERR_REDIRECT] 
2025-12-20 21:12:41,303 [ERROR] LogOutputStream:75 - [STDERR_REDIRECT] [Fatal Error] :1:1: Premature end of file.
2025-12-20 21:12:41,303 [ERROR] LogOutputStream:75 - [STDERR_REDIRECT] 
2025-12-20 21:12:41,334 [ERROR] LogOutputStream:75 - [STDERR_REDIRECT] [Fatal Error] :1:1: Premature end of file.
2025-12-20 21:12:41,334 [ERROR] LogOutputStream:75 - [STDERR_REDIRECT] 
2025-12-20 21:12:41,366 [ERROR] LogOutputStream:75 - [STDERR_REDIRECT] [Fatal Error] :1:1: Premature end of file.
2025-12-20 21:12:41,366 [ERROR] LogOutputStream:75 - [STDERR_REDIRECT] 
2025-12-20 21:12:41,398 [ERROR] LogOutputStream:75 - [STDERR_REDIRECT] [Fatal Error] :1:1: Premature end of file.
2025-12-20 21:12:41,398 [ERROR] LogOutputStream:75 - [STDERR_REDIRECT] 
2025-12-20 21:12:41,438 [ERROR] LogOutputStream:75 - [STDERR_REDIRECT] [Fatal Error] :1:1: Premature end of file.
2025-12-20 21:12:41,438 [ERROR] LogOutputStream:75 - [STDERR_REDIRECT] 
2025-12-20 21:12:41,462 [ERROR] LogOutputStream:75 - [STDERR_REDIRECT] [Fatal Error] :1:1: Premature end of file.
2025-12-20 21:12:41,462 [ERROR] LogOutputStream:75 - [STDERR_REDIRECT] 
2025-12-20 21:12:41,494 [ERROR] LogOutputStream:75 - [STDERR_REDIRECT] [Fatal Error] :1:1: Premature end of file.
2025-12-20 21:12:41,494 [ERROR] LogOutputStream:75 - [STDERR_REDIRECT] 
2025-12-20 21:12:41,526 [ERROR] LogOutputStream:75 - [STDERR_REDIRECT] [Fatal Error] :1:1: Premature end of file.
2025-12-20 21:12:41,526 [ERROR] LogOutputStream:75 - [STDERR_REDIRECT] 
2025-12-20 21:12:41,573 [ERROR] LogOutputStream:75 - [STDERR_REDIRECT] [Fatal Error] :1:1: Premature end of file.
2025-12-20 21:12:41,573 [ERROR] LogOutputStream:75 - [STDERR_REDIRECT] 
2025-12-20 21:12:41,631 [ERROR] LogOutputStream:75 - [STDERR_REDIRECT] [Fatal Error] :1:1: Premature end of file.
2025-12-20 21:12:41,631 [ERROR] LogOutputStream:75 - [STDERR_REDIRECT] 
2025-12-20 21:12:41,701 [ERROR] LogOutputStream:75 - [STDERR_REDIRECT] [Fatal Error] :1:1: Premature end of file.
2025-12-20 21:12:41,702 [ERROR] LogOutputStream:75 - [STDERR_REDIRECT] 
2025-12-20 21:12:41,762 [ERROR] LogOutputStream:75 - [STDERR_REDIRECT] [Fatal Error] :1:1: Premature end of file.
2025-12-20 21:12:41,762 [ERROR] LogOutputStream:75 - [STDERR_REDIRECT] 
2025-12-20 21:12:41,819 [ERROR] LogOutputStream:75 - [STDERR_REDIRECT] [Fatal Error] :1:1: Premature end of file.
2025-12-20 21:12:41,820 [ERROR] LogOutputStream:75 - [STDERR_REDIRECT] 
2025-12-20 21:12:41,874 [ERROR] LogOutputStream:75 - [STDERR_REDIRECT] [Fatal Error] :1:1: Premature end of file.
2025-12-20 21:12:41,874 [ERROR] LogOutputStream:75 - [STDERR_REDIRECT] 
2025-12-20 21:12:41,928 [ERROR] LogOutputStream:75 - [STDERR_REDIRECT] [Fatal Error] :1:1: Premature end of file.
2025-12-20 21:12:41,929 [ERROR] LogOutputStream:75 - [STDERR_REDIRECT] 
2025-12-20 21:12:41,982 [ERROR] LogOutputStream:75 - [STDERR_REDIRECT] [Fatal Error] :1:1: Premature end of file.
2025-12-20 21:12:41,982 [ERROR] LogOutputStream:75 - [STDERR_REDIRECT] 
2025-12-20 21:12:42,043 [ERROR] LogOutputStream:75 - [STDERR_REDIRECT] [Fatal Error] :1:1: Premature end of file.
2025-12-20 21:12:42,043 [ERROR] LogOutputStream:75 - [STDERR_REDIRECT] 
2025-12-20 21:12:42,126 [ERROR] LogOutputStream:75 - [STDERR_REDIRECT] [Fatal Error] :1:1: Premature end of file.
2025-12-20 21:12:42,126 [ERROR] LogOutputStream:75 - [STDERR_REDIRECT] 
2025-12-20 21:12:42,194 [ERROR] LogOutputStream:75 - [STDERR_REDIRECT] [Fatal Error] :1:1: Premature end of file.
2025-12-20 21:12:42,194 [ERROR] LogOutputStream:75 - [STDERR_REDIRECT] 
2025-12-20 21:12:42,226 [ERROR] LogOutputStream:75 - [STDERR_REDIRECT] [Fatal Error] :1:1: Premature end of file.
2025-12-20 21:12:42,226 [ERROR] LogOutputStream:75 - [STDERR_REDIRECT] 
2025-12-20 21:12:42,273 [ERROR] LogOutputStream:75 - [STDERR_REDIRECT] [Fatal Error] :1:1: Premature end of file.
2025-12-20 21:12:42,273 [ERROR] LogOutputStream:75 - [STDERR_REDIRECT] 
2025-12-20 21:12:42,305 [ERROR] LogOutputStream:75 - [STDERR_REDIRECT] [Fatal Error] :1:1: Premature end of file.
2025-12-20 21:12:42,305 [ERROR] LogOutputStream:75 - [STDERR_REDIRECT] 
2025-12-20 21:12:42,360 [ERROR] LogOutputStream:75 - [STDERR_REDIRECT] [Fatal Error] :1:1: Premature end of file.
2025-12-20 21:12:42,360 [ERROR] LogOutputStream:75 - [STDERR_REDIRECT] 
2025-12-20 21:12:42,403 [ERROR] LogOutputStream:75 - [STDERR_REDIRECT] [Fatal Error] :1:1: Premature end of file.
2025-12-20 21:12:42,403 [ERROR] LogOutputStream:75 - [STDERR_REDIRECT] 
2025-12-20 21:12:42,448 [ERROR] LogOutputStream:75 - [STDERR_REDIRECT] [Fatal Error] :1:1: Premature end of file.
2025-12-20 21:12:42,448 [ERROR] LogOutputStream:75 - [STDERR_REDIRECT] 
2025-12-20 21:12:42,511 [ERROR] LogOutputStream:75 - [STDERR_REDIRECT] [Fatal Error] :1:1: Premature end of file.
2025-12-20 21:12:42,511 [ERROR] LogOutputStream:75 - [STDERR_REDIRECT] 
2025-12-20 21:12:42,570 [ERROR] LogOutputStream:75 - [STDERR_REDIRECT] [Fatal Error] :1:1: Premature end of file.
2025-12-20 21:12:42,571 [ERROR] LogOutputStream:75 - [STDERR_REDIRECT] 
2025-12-20 21:12:42,654 [ERROR] LogOutputStream:75 - [STDERR_REDIRECT] [Fatal Error] :1:1: Premature end of file.
2025-12-20 21:12:42,654 [ERROR] LogOutputStream:75 - [STDERR_REDIRECT] 
2025-12-20 21:12:42,750 [ERROR] LogOutputStream:75 - [STDERR_REDIRECT] [Fatal Error] :1:1: Premature end of file.
2025-12-20 21:12:42,750 [ERROR] LogOutputStream:75 - [STDERR_REDIRECT] 
2025-12-20 21:12:42,859 [ERROR] LogOutputStream:75 - [STDERR_REDIRECT] [Fatal Error] :1:1: Premature end of file.
2025-12-20 21:12:42,859 [ERROR] LogOutputStream:75 - [STDERR_REDIRECT] 
2025-12-20 21:12:42,982 [ERROR] LogOutputStream:75 - [STDERR_REDIRECT] [Fatal Error] :1:1: Premature end of file.
2025-12-20 21:12:42,982 [ERROR] LogOutputStream:75 - [STDERR_REDIRECT] 
2025-12-20 21:12:43,036 [ERROR] LogOutputStream:75 - [STDERR_REDIRECT] [Fatal Error] :1:1: Premature end of file.
2025-12-20 21:12:43,036 [ERROR] LogOutputStream:75 - [STDERR_REDIRECT] 
2025-12-20 21:12:43,074 [ERROR] LogOutputStream:75 - [STDERR_REDIRECT] [Fatal Error] :1:1: Premature end of file.
2025-12-20 21:12:43,074 [ERROR] LogOutputStream:75 - [STDERR_REDIRECT] 
2025-12-20 21:12:43,124 [ERROR] LogOutputStream:75 - [STDERR_REDIRECT] [Fatal Error] :1:1: Premature end of file.
2025-12-20 21:12:43,124 [ERROR] LogOutputStream:75 - [STDERR_REDIRECT] 
2025-12-20 21:12:43,257 [ERROR] LogOutputStream:75 - [STDERR_REDIRECT] [Fatal Error] :1:1: Premature end of file.
2025-12-20 21:12:43,257 [ERROR] LogOutputStream:75 - [STDERR_REDIRECT] 
2025-12-20 21:12:43,364 [ERROR] LogOutputStream:75 - [STDERR_REDIRECT] [Fatal Error] :1:1: Premature end of file.
2025-12-20 21:12:43,366 [ERROR] LogOutputStream:75 - [STDERR_REDIRECT] 
2025-12-20 21:12:43,447 [ERROR] LogOutputStream:75 - [STDERR_REDIRECT] [Fatal Error] :1:1: Premature end of file.
2025-12-20 21:12:43,447 [ERROR] LogOutputStream:75 - [STDERR_REDIRECT] 
2025-12-20 21:12:43,507 [ERROR] LogOutputStream:75 - [STDERR_REDIRECT] [Fatal Error] :1:1: Premature end of file.
2025-12-20 21:12:43,508 [ERROR] LogOutputStream:75 - [STDERR_REDIRECT] 
2025-12-20 21:12:43,562 [ERROR] LogOutputStream:75 - [STDERR_REDIRECT] [Fatal Error] :1:1: Premature end of file.
2025-12-20 21:12:43,562 [ERROR] LogOutputStream:75 - [STDERR_REDIRECT] 
2025-12-20 21:12:43,620 [ERROR] LogOutputStream:75 - [STDERR_REDIRECT] [Fatal Error] :1:1: Premature end of file.
2025-12-20 21:12:43,620 [ERROR] LogOutputStream:75 - [STDERR_REDIRECT] 
2025-12-20 21:12:43,673 [ERROR] LogOutputStream:75 - [STDERR_REDIRECT] [Fatal Error] :1:1: Premature end of file.
2025-12-20 21:12:43,673 [ERROR] LogOutputStream:75 - [STDERR_REDIRECT] 
2025-12-20 21:12:43,733 [ERROR] LogOutputStream:75 - [STDERR_REDIRECT] [Fatal Error] :1:1: Premature end of file.
2025-12-20 21:12:43,733 [ERROR] LogOutputStream:75 - [STDERR_REDIRECT] 
2025-12-20 21:12:43,784 [ERROR] LogOutputStream:75 - [STDERR_REDIRECT] [Fatal Error] :1:1: Premature end of file.
2025-12-20 21:12:43,784 [ERROR] LogOutputStream:75 - [STDERR_REDIRECT] 
2025-12-20 21:12:43,850 [ERROR] LogOutputStream:75 - [STDERR_REDIRECT] [Fatal Error] :1:1: Premature end of file.
2025-12-20 21:12:43,850 [ERROR] LogOutputStream:75 - [STDERR_REDIRECT] 
2025-12-20 21:12:43,900 [ERROR] LogOutputStream:75 - [STDERR_REDIRECT] [Fatal Error] :1:1: Premature end of file.
2025-12-20 21:12:43,900 [ERROR] LogOutputStream:75 - [STDERR_REDIRECT] 
2025-12-20 21:12:43,982 [ERROR] LogOutputStream:75 - [STDERR_REDIRECT] [Fatal Error] :1:1: Premature end of file.
2025-12-20 21:12:43,982 [ERROR] LogOutputStream:75 - [STDERR_REDIRECT] 
2025-12-20 21:12:44,123 [ERROR] LogOutputStream:75 - [STDERR_REDIRECT] [Fatal Error] :1:1: Premature end of file.
2025-12-20 21:12:44,123 [ERROR] LogOutputStream:75 - [STDERR_REDIRECT] 
2025-12-20 21:12:44,179 [ERROR] LogOutputStream:75 - [STDERR_REDIRECT] [Fatal Error] :1:1: Premature end of file.
2025-12-20 21:12:44,179 [ERROR] LogOutputStream:75 - [STDERR_REDIRECT] 
2025-12-20 21:12:44,231 [ERROR] LogOutputStream:75 - [STDERR_REDIRECT] [Fatal Error] :1:1: Premature end of file.
2025-12-20 21:12:44,231 [ERROR] LogOutputStream:75 - [STDERR_REDIRECT] 
2025-12-20 21:12:44,282 [ERROR] LogOutputStream:75 - [STDERR_REDIRECT] [Fatal Error] :1:1: Premature end of file.
2025-12-20 21:12:44,283 [ERROR] LogOutputStream:75 - [STDERR_REDIRECT] 
2025-12-20 21:12:44,337 [ERROR] LogOutputStream:75 - [STDERR_REDIRECT] [Fatal Error] :1:1: Premature end of file.
2025-12-20 21:12:44,337 [ERROR] LogOutputStream:75 - [STDERR_REDIRECT] 
2025-12-20 21:12:44,356 [INFO] WebApp:194 - Connection lost
2025-12-20 21:12:44,411 [ERROR] LogOutputStream:75 - [STDERR_REDIRECT] [Fatal Error] :1:1: Premature end of file.
2025-12-20 21:12:44,411 [ERROR] LogOutputStream:75 - [STDERR_REDIRECT] 
2025-12-20 21:12:44,466 [ERROR] LogOutputStream:75 - [STDERR_REDIRECT] [Fatal Error] :1:1: Premature end of file.
2025-12-20 21:12:44,467 [ERROR] LogOutputStream:75 - [STDERR_REDIRECT] 
2025-12-20 21:12:44,488 [INFO] WebApp:191 - Connection restablished
2025-12-20 21:12:44,597 [ERROR] LogOutputStream:75 - [STDERR_REDIRECT] [Fatal Error] :1:1: Premature end of file.
2025-12-20 21:12:44,598 [ERROR] LogOutputStream:75 - [STDERR_REDIRECT] 
2025-12-20 21:12:44,660 [ERROR] LogOutputStream:75 - [STDERR_REDIRECT] [Fatal Error] :1:1: Premature end of file.
2025-12-20 21:12:44,660 [ERROR] LogOutputStream:75 - [STDERR_REDIRECT] 
2025-12-20 21:12:44,717 [ERROR] LogOutputStream:75 - [STDERR_REDIRECT] [Fatal Error] :1:1: Premature end of file.
2025-12-20 21:12:44,721 [ERROR] LogOutputStream:75 - [STDERR_REDIRECT] 
2025-12-20 21:12:44,849 [ERROR] LogOutputStream:75 - [STDERR_REDIRECT] [Fatal Error] :1:1: Premature end of file.
2025-12-20 21:12:44,849 [ERROR] LogOutputStream:75 - [STDERR_REDIRECT] 
2025-12-20 21:12:45,042 [ERROR] LogOutputStream:75 - [STDERR_REDIRECT] [Fatal Error] :1:1: Premature end of file.
2025-12-20 21:12:45,042 [ERROR] LogOutputStream:75 - [STDERR_REDIRECT] 
2025-12-20 21:12:45,131 [ERROR] LogOutputStream:75 - [STDERR_REDIRECT] [Fatal Error] :1:1: Premature end of file.
2025-12-20 21:12:45,131 [ERROR] LogOutputStream:75 - [STDERR_REDIRECT] 
2025-12-20 21:12:45,163 [ERROR] LogOutputStream:75 - [STDERR_REDIRECT] [Fatal Error] :1:1: Premature end of file.
2025-12-20 21:12:45,163 [ERROR] LogOutputStream:75 - [STDERR_REDIRECT] 
2025-12-20 21:12:45,210 [ERROR] LogOutputStream:75 - [STDERR_REDIRECT] [Fatal Error] :1:1: Premature end of file.
2025-12-20 21:12:45,210 [ERROR] LogOutputStream:75 - [STDERR_REDIRECT] 
2025-12-20 21:12:45,236 [ERROR] LogOutputStream:75 - [STDERR_REDIRECT] [Fatal Error] :1:1: Premature end of file.
2025-12-20 21:12:45,236 [ERROR] LogOutputStream:75 - [STDERR_REDIRECT] 
2025-12-20 21:12:45,269 [ERROR] LogOutputStream:75 - [STDERR_REDIRECT] [Fatal Error] :1:1: Premature end of file.
2025-12-20 21:12:45,269 [ERROR] LogOutputStream:75 - [STDERR_REDIRECT] 
2025-12-20 21:12:45,300 [ERROR] LogOutputStream:75 - [STDERR_REDIRECT] [Fatal Error] :1:1: Premature end of file.
2025-12-20 21:12:45,300 [ERROR] LogOutputStream:75 - [STDERR_REDIRECT] 
2025-12-20 21:12:45,332 [ERROR] LogOutputStream:75 - [STDERR_REDIRECT] [Fatal Error] :1:1: Premature end of file.
2025-12-20 21:12:45,332 [ERROR] LogOutputStream:75 - [STDERR_REDIRECT] 
2025-12-20 21:12:45,363 [ERROR] LogOutputStream:75 - [STDERR_REDIRECT] [Fatal Error] :1:1: Premature end of file.
2025-12-20 21:12:45,363 [ERROR] LogOutputStream:75 - [STDERR_REDIRECT] 
2025-12-20 21:12:45,411 [ERROR] LogOutputStream:75 - [STDERR_REDIRECT] [Fatal Error] :1:1: Premature end of file.
2025-12-20 21:12:45,411 [ERROR] LogOutputStream:75 - [STDERR_REDIRECT] 
2025-12-20 21:12:45,444 [ERROR] LogOutputStream:75 - [STDERR_REDIRECT] [Fatal Error] :1:1: Premature end of file.
2025-12-20 21:12:45,444 [ERROR] LogOutputStream:75 - [STDERR_REDIRECT] 
2025-12-20 21:12:45,507 [ERROR] LogOutputStream:75 - [STDERR_REDIRECT] [Fatal Error] :1:1: Premature end of file.
2025-12-20 21:12:45,507 [ERROR] LogOutputStream:75 - [STDERR_REDIRECT] 
2025-12-20 21:12:45,600 [ERROR] LogOutputStream:75 - [STDERR_REDIRECT] [Fatal Error] :1:1: Premature end of file.
2025-12-20 21:12:45,600 [ERROR] LogOutputStream:75 - [STDERR_REDIRECT] 
2025-12-20 21:12:45,647 [ERROR] LogOutputStream:75 - [STDERR_REDIRECT] [Fatal Error] :1:1: Premature end of file.
2025-12-20 21:12:45,647 [ERROR] LogOutputStream:75 - [STDERR_REDIRECT] 
2025-12-20 21:12:45,679 [ERROR] LogOutputStream:75 - [STDERR_REDIRECT] [Fatal Error] :1:1: Premature end of file.
2025-12-20 21:12:45,679 [ERROR] LogOutputStream:75 - [STDERR_REDIRECT] 
2025-12-20 21:12:45,712 [ERROR] LogOutputStream:75 - [STDERR_REDIRECT] [Fatal Error] :1:1: Premature end of file.
2025-12-20 21:12:45,712 [ERROR] LogOutputStream:75 - [STDERR_REDIRECT] 
2025-12-20 21:12:45,744 [ERROR] LogOutputStream:75 - [STDERR_REDIRECT] [Fatal Error] :1:1: Premature end of file.
2025-12-20 21:12:45,744 [ERROR] LogOutputStream:75 - [STDERR_REDIRECT] 
2025-12-20 21:12:45,799 [ERROR] LogOutputStream:75 - [STDERR_REDIRECT] [Fatal Error] :1:1: Premature end of file.
2025-12-20 21:12:45,799 [ERROR] LogOutputStream:75 - [STDERR_REDIRECT] 
2025-12-20 21:12:45,851 [ERROR] LogOutputStream:75 - [STDERR_REDIRECT] [Fatal Error] :1:1: Premature end of file.
2025-12-20 21:12:45,851 [ERROR] LogOutputStream:75 - [STDERR_REDIRECT] 
2025-12-20 21:12:45,899 [ERROR] LogOutputStream:75 - [STDERR_REDIRECT] [Fatal Error] :1:1: Premature end of file.
2025-12-20 21:12:45,900 [ERROR] LogOutputStream:75 - [STDERR_REDIRECT] 
2025-12-20 21:12:45,959 [ERROR] LogOutputStream:75 - [STDERR_REDIRECT] [Fatal Error] :1:1: Premature end of file.
2025-12-20 21:12:45,959 [ERROR] LogOutputStream:75 - [STDERR_REDIRECT] 
2025-12-20 21:12:46,015 [ERROR] LogOutputStream:75 - [STDERR_REDIRECT] [Fatal Error] :1:1: Premature end of file.
2025-12-20 21:12:46,015 [ERROR] LogOutputStream:75 - [STDERR_REDIRECT] 
2025-12-20 21:12:46,075 [ERROR] LogOutputStream:75 - [STDERR_REDIRECT] [Fatal Error] :1:1: Premature end of file.
2025-12-20 21:12:46,075 [ERROR] LogOutputStream:75 - [STDERR_REDIRECT] 
2025-12-20 21:12:46,151 [ERROR] LogOutputStream:75 - [STDERR_REDIRECT] [Fatal Error] :1:1: Premature end of file.
2025-12-20 21:12:46,151 [ERROR] LogOutputStream:75 - [STDERR_REDIRECT] 
2025-12-20 21:12:46,214 [ERROR] LogOutputStream:75 - [STDERR_REDIRECT] [Fatal Error] :1:1: Premature end of file.
2025-12-20 21:12:46,214 [ERROR] LogOutputStream:75 - [STDERR_REDIRECT] 
2025-12-20 21:12:46,274 [ERROR] LogOutputStream:75 - [STDERR_REDIRECT] [Fatal Error] :1:1: Premature end of file.
2025-12-20 21:12:46,274 [ERROR] LogOutputStream:75 - [STDERR_REDIRECT] 
2025-12-20 21:12:46,383 [ERROR] LogOutputStream:75 - [STDERR_REDIRECT] [Fatal Error] :1:1: Premature end of file.
2025-12-20 21:12:46,383 [ERROR] LogOutputStream:75 - [STDERR_REDIRECT] 
2025-12-20 21:12:46,500 [ERROR] LogOutputStream:75 - [STDERR_REDIRECT] [Fatal Error] :1:1: Premature end of file.
2025-12-20 21:12:46,500 [ERROR] LogOutputStream:75 - [STDERR_REDIRECT] 
2025-12-20 21:12:46,629 [ERROR] LogOutputStream:75 - [STDERR_REDIRECT] [Fatal Error] :1:1: Premature end of file.
2025-12-20 21:12:46,629 [ERROR] LogOutputStream:75 - [STDERR_REDIRECT] 
2025-12-20 21:12:46,672 [ERROR] LogOutputStream:75 - [STDERR_REDIRECT] [Fatal Error] :1:1: Premature end of file.
2025-12-20 21:12:46,672 [ERROR] LogOutputStream:75 - [STDERR_REDIRECT] 
2025-12-20 21:12:46,705 [ERROR] LogOutputStream:75 - [STDERR_REDIRECT] [Fatal Error] :1:1: Premature end of file.
2025-12-20 21:12:46,705 [ERROR] LogOutputStream:75 - [STDERR_REDIRECT] 
2025-12-20 21:12:46,739 [ERROR] LogOutputStream:75 - [STDERR_REDIRECT] [Fatal Error] :1:1: Premature end of file.
2025-12-20 21:12:46,747 [ERROR] LogOutputStream:75 - [STDERR_REDIRECT] 
2025-12-20 21:12:46,780 [ERROR] LogOutputStream:75 - [STDERR_REDIRECT] [Fatal Error] :1:1: Premature end of file.
2025-12-20 21:12:46,780 [ERROR] LogOutputStream:75 - [STDERR_REDIRECT] 
2025-12-20 21:12:46,805 [ERROR] LogOutputStream:75 - [STDERR_REDIRECT] [Fatal Error] :1:1: Premature end of file.
2025-12-20 21:12:46,805 [ERROR] LogOutputStream:75 - [STDERR_REDIRECT] 
2025-12-20 21:12:46,838 [ERROR] LogOutputStream:75 - [STDERR_REDIRECT] [Fatal Error] :1:1: Premature end of file.
2025-12-20 21:12:46,838 [ERROR] LogOutputStream:75 - [STDERR_REDIRECT] 
2025-12-20 21:12:46,880 [ERROR] LogOutputStream:75 - [STDERR_REDIRECT] [Fatal Error] :1:1: Premature end of file.
2025-12-20 21:12:46,880 [ERROR] LogOutputStream:75 - [STDERR_REDIRECT] 
2025-12-20 21:12:46,913 [ERROR] LogOutputStream:75 - [STDERR_REDIRECT] [Fatal Error] :1:1: Premature end of file.
2025-12-20 21:12:46,913 [ERROR] LogOutputStream:75 - [STDERR_REDIRECT] 
2025-12-20 21:12:46,947 [ERROR] LogOutputStream:75 - [STDERR_REDIRECT] [Fatal Error] :1:1: Premature end of file.
2025-12-20 21:12:46,947 [ERROR] LogOutputStream:75 - [STDERR_REDIRECT] 
2025-12-20 21:12:46,980 [ERROR] LogOutputStream:75 - [STDERR_REDIRECT] [Fatal Error] :1:1: Premature end of file.
2025-12-20 21:12:46,980 [ERROR] LogOutputStream:75 - [STDERR_REDIRECT] 
2025-12-20 21:12:47,013 [ERROR] LogOutputStream:75 - [STDERR_REDIRECT] [Fatal Error] :1:1: Premature end of file.
2025-12-20 21:12:47,013 [ERROR] LogOutputStream:75 - [STDERR_REDIRECT] 
2025-12-20 21:12:47,047 [ERROR] LogOutputStream:75 - [STDERR_REDIRECT] [Fatal Error] :1:1: Premature end of file.
2025-12-20 21:12:47,047 [ERROR] LogOutputStream:75 - [STDERR_REDIRECT] 
2025-12-20 21:12:47,080 [ERROR] LogOutputStream:75 - [STDERR_REDIRECT] [Fatal Error] :1:1: Premature end of file.
2025-12-20 21:12:47,080 [ERROR] LogOutputStream:75 - [STDERR_REDIRECT] 
2025-12-20 21:12:47,120 [ERROR] LogOutputStream:75 - [STDERR_REDIRECT] [Fatal Error] :1:1: Premature end of file.
2025-12-20 21:12:47,120 [ERROR] LogOutputStream:75 - [STDERR_REDIRECT] 
2025-12-20 21:12:47,155 [ERROR] LogOutputStream:75 - [STDERR_REDIRECT] [Fatal Error] :1:1: Premature end of file.
2025-12-20 21:12:47,155 [ERROR] LogOutputStream:75 - [STDERR_REDIRECT] 
2025-12-20 21:12:47,189 [ERROR] LogOutputStream:75 - [STDERR_REDIRECT] [Fatal Error] :1:1: Premature end of file.
2025-12-20 21:12:47,189 [ERROR] LogOutputStream:75 - [STDERR_REDIRECT] 
2025-12-20 21:12:47,222 [ERROR] LogOutputStream:75 - [STDERR_REDIRECT] [Fatal Error] :1:1: Premature end of file.
2025-12-20 21:12:47,222 [ERROR] LogOutputStream:75 - [STDERR_REDIRECT] 
2025-12-20 21:12:47,255 [ERROR] LogOutputStream:75 - [STDERR_REDIRECT] [Fatal Error] :1:1: Premature end of file.
2025-12-20 21:12:47,255 [ERROR] LogOutputStream:75 - [STDERR_REDIRECT] 
2025-12-20 21:12:47,288 [ERROR] LogOutputStream:75 - [STDERR_REDIRECT] [Fatal Error] :1:1: Premature end of file.
2025-12-20 21:12:47,288 [ERROR] LogOutputStream:75 - [STDERR_REDIRECT] 
2025-12-20 21:12:47,322 [ERROR] LogOutputStream:75 - [STDERR_REDIRECT] [Fatal Error] :1:1: Premature end of file.
2025-12-20 21:12:47,322 [ERROR] LogOutputStream:75 - [STDERR_REDIRECT] 
2025-12-20 21:12:47,355 [ERROR] LogOutputStream:75 - [STDERR_REDIRECT] [Fatal Error] :1:1: Premature end of file.
2025-12-20 21:12:47,355 [ERROR] LogOutputStream:75 - [STDERR_REDIRECT] 
2025-12-20 21:12:47,388 [ERROR] LogOutputStream:75 - [STDERR_REDIRECT] [Fatal Error] :1:1: Premature end of file.
2025-12-20 21:12:47,388 [ERROR] LogOutputStream:75 - [STDERR_REDIRECT] 
2025-12-20 21:12:47,430 [ERROR] LogOutputStream:75 - [STDERR_REDIRECT] [Fatal Error] :1:1: Premature end of file.
2025-12-20 21:12:47,430 [ERROR] LogOutputStream:75 - [STDERR_REDIRECT] 
2025-12-20 21:12:47,472 [ERROR] LogOutputStream:75 - [STDERR_REDIRECT] [Fatal Error] :1:1: Premature end of file.
2025-12-20 21:12:47,472 [ERROR] LogOutputStream:75 - [STDERR_REDIRECT] 
2025-12-20 21:12:47,519 [ERROR] LogOutputStream:75 - [STDERR_REDIRECT] [Fatal Error] :1:1: Premature end of file.
2025-12-20 21:12:47,520 [ERROR] LogOutputStream:75 - [STDERR_REDIRECT] 
2025-12-20 21:12:47,568 [ERROR] LogOutputStream:75 - [STDERR_REDIRECT] [Fatal Error] :1:1: Premature end of file.
2025-12-20 21:12:47,568 [ERROR] LogOutputStream:75 - [STDERR_REDIRECT] 
2025-12-20 21:12:47,640 [ERROR] LogOutputStream:75 - [STDERR_REDIRECT] [Fatal Error] :1:1: Premature end of file.
2025-12-20 21:12:47,640 [ERROR] LogOutputStream:75 - [STDERR_REDIRECT] 
2025-12-20 21:12:47,692 [ERROR] LogOutputStream:75 - [STDERR_REDIRECT] [Fatal Error] :1:1: Premature end of file.
2025-12-20 21:12:47,692 [ERROR] LogOutputStream:75 - [STDERR_REDIRECT] 
2025-12-20 21:12:47,741 [ERROR] LogOutputStream:75 - [STDERR_REDIRECT] [Fatal Error] :1:1: Premature end of file.
2025-12-20 21:12:47,741 [ERROR] LogOutputStream:75 - [STDERR_REDIRECT] 
2025-12-20 21:12:47,791 [ERROR] LogOutputStream:75 - [STDERR_REDIRECT] [Fatal Error] :1:1: Premature end of file.
2025-12-20 21:12:47,791 [ERROR] LogOutputStream:75 - [STDERR_REDIRECT] 
2025-12-20 21:12:47,844 [ERROR] LogOutputStream:75 - [STDERR_REDIRECT] [Fatal Error] :1:1: Premature end of file.
2025-12-20 21:12:47,846 [ERROR] LogOutputStream:75 - [STDERR_REDIRECT] 
2025-12-20 21:12:47,897 [ERROR] LogOutputStream:75 - [STDERR_REDIRECT] [Fatal Error] :1:1: Premature end of file.
2025-12-20 21:12:47,897 [ERROR] LogOutputStream:75 - [STDERR_REDIRECT] 
2025-12-20 21:12:47,958 [ERROR] LogOutputStream:75 - [STDERR_REDIRECT] [Fatal Error] :1:1: Premature end of file.
2025-12-20 21:12:47,958 [ERROR] LogOutputStream:75 - [STDERR_REDIRECT] 
2025-12-20 21:12:48,025 [ERROR] LogOutputStream:75 - [STDERR_REDIRECT] [Fatal Error] :1:1: Premature end of file.
2025-12-20 21:12:48,025 [ERROR] LogOutputStream:75 - [STDERR_REDIRECT] 
2025-12-20 21:12:48,078 [ERROR] LogOutputStream:75 - [STDERR_REDIRECT] [Fatal Error] :1:1: Premature end of file.
2025-12-20 21:12:48,078 [ERROR] LogOutputStream:75 - [STDERR_REDIRECT] 
2025-12-20 21:12:48,140 [ERROR] LogOutputStream:75 - [STDERR_REDIRECT] [Fatal Error] :1:1: Premature end of file.
2025-12-20 21:12:48,140 [ERROR] LogOutputStream:75 - [STDERR_REDIRECT] 
2025-12-20 21:12:48,200 [ERROR] LogOutputStream:75 - [STDERR_REDIRECT] [Fatal Error] :1:1: Premature end of file.
2025-12-20 21:12:48,200 [ERROR] LogOutputStream:75 - [STDERR_REDIRECT] 
2025-12-20 21:12:48,253 [ERROR] LogOutputStream:75 - [STDERR_REDIRECT] [Fatal Error] :1:1: Premature end of file.
2025-12-20 21:12:48,253 [ERROR] LogOutputStream:75 - [STDERR_REDIRECT] 
2025-12-20 21:12:48,306 [ERROR] LogOutputStream:75 - [STDERR_REDIRECT] [Fatal Error] :1:1: Premature end of file.
2025-12-20 21:12:48,306 [ERROR] LogOutputStream:75 - [STDERR_REDIRECT] 
2025-12-20 21:12:48,359 [ERROR] LogOutputStream:75 - [STDERR_REDIRECT] [Fatal Error] :1:1: Premature end of file.
2025-12-20 21:12:48,359 [ERROR] LogOutputStream:75 - [STDERR_REDIRECT] 
2025-12-20 21:12:48,401 [ERROR] LogOutputStream:75 - [STDERR_REDIRECT] [Fatal Error] :1:1: Premature end of file.
2025-12-20 21:12:48,401 [ERROR] LogOutputStream:75 - [STDERR_REDIRECT] 
2025-12-20 21:12:48,442 [ERROR] LogOutputStream:75 - [STDERR_REDIRECT] [Fatal Error] :1:1: Premature end of file.
2025-12-20 21:12:48,442 [ERROR] LogOutputStream:75 - [STDERR_REDIRECT] 
2025-12-20 21:12:48,474 [ERROR] LogOutputStream:75 - [STDERR_REDIRECT] [Fatal Error] :1:1: Premature end of file.
2025-12-20 21:12:48,474 [ERROR] LogOutputStream:75 - [STDERR_REDIRECT] 
2025-12-20 21:12:48,506 [ERROR] LogOutputStream:75 - [STDERR_REDIRECT] [Fatal Error] :1:1: Premature end of file.
2025-12-20 21:12:48,506 [ERROR] LogOutputStream:75 - [STDERR_REDIRECT] 
2025-12-20 21:12:48,531 [ERROR] LogOutputStream:75 - [STDERR_REDIRECT] [Fatal Error] :1:1: Premature end of file.
2025-12-20 21:12:48,531 [ERROR] LogOutputStream:75 - [STDERR_REDIRECT] 
2025-12-20 21:12:48,554 [ERROR] LogOutputStream:75 - [STDERR_REDIRECT] [Fatal Error] :1:1: Premature end of file.
2025-12-20 21:12:48,554 [ERROR] LogOutputStream:75 - [STDERR_REDIRECT] 
2025-12-20 21:12:48,586 [ERROR] LogOutputStream:75 - [STDERR_REDIRECT] [Fatal Error] :1:1: Premature end of file.
2025-12-20 21:12:48,586 [ERROR] LogOutputStream:75 - [STDERR_REDIRECT] 
2025-12-20 21:12:48,618 [ERROR] LogOutputStream:75 - [STDERR_REDIRECT] [Fatal Error] :1:1: Premature end of file.
2025-12-20 21:12:48,618 [ERROR] LogOutputStream:75 - [STDERR_REDIRECT] 
2025-12-20 21:12:48,649 [ERROR] LogOutputStream:75 - [STDERR_REDIRECT] [Fatal Error] :1:1: Premature end of file.
2025-12-20 21:12:48,649 [ERROR] LogOutputStream:75 - [STDERR_REDIRECT] 
2025-12-20 21:12:48,681 [ERROR] LogOutputStream:75 - [STDERR_REDIRECT] [Fatal Error] :1:1: Premature end of file.
2025-12-20 21:12:48,681 [ERROR] LogOutputStream:75 - [STDERR_REDIRECT] 
2025-12-20 21:12:48,720 [ERROR] LogOutputStream:75 - [STDERR_REDIRECT] [Fatal Error] :1:1: Premature end of file.
2025-12-20 21:12:48,720 [ERROR] LogOutputStream:75 - [STDERR_REDIRECT] 
2025-12-20 21:12:48,755 [ERROR] LogOutputStream:75 - [STDERR_REDIRECT] [Fatal Error] :1:1: Premature end of file.
2025-12-20 21:12:48,755 [ERROR] LogOutputStream:75 - [STDERR_REDIRECT] 
2025-12-20 21:12:48,788 [ERROR] LogOutputStream:75 - [STDERR_REDIRECT] [Fatal Error] :1:1: Premature end of file.
2025-12-20 21:12:48,788 [ERROR] LogOutputStream:75 - [STDERR_REDIRECT] 
2025-12-20 21:12:48,827 [ERROR] LogOutputStream:75 - [STDERR_REDIRECT] [Fatal Error] :1:1: Premature end of file.
2025-12-20 21:12:48,827 [ERROR] LogOutputStream:75 - [STDERR_REDIRECT] 
2025-12-20 21:12:48,887 [ERROR] LogOutputStream:75 - [STDERR_REDIRECT] [Fatal Error] :1:1: Premature end of file.
2025-12-20 21:12:48,887 [ERROR] LogOutputStream:75 - [STDERR_REDIRECT] 
2025-12-20 21:12:48,936 [ERROR] LogOutputStream:75 - [STDERR_REDIRECT] [Fatal Error] :1:1: Premature end of file.
2025-12-20 21:12:48,936 [ERROR] LogOutputStream:75 - [STDERR_REDIRECT] 
2025-12-20 21:12:48,976 [ERROR] LogOutputStream:75 - [STDERR_REDIRECT] [Fatal Error] :1:1: Premature end of file.
2025-12-20 21:12:48,976 [ERROR] LogOutputStream:75 - [STDERR_REDIRECT] 
2025-12-20 21:12:49,008 [ERROR] LogOutputStream:75 - [STDERR_REDIRECT] [Fatal Error] :1:1: Premature end of file.
2025-12-20 21:12:49,008 [ERROR] LogOutputStream:75 - [STDERR_REDIRECT] 
2025-12-20 21:12:49,040 [ERROR] LogOutputStream:75 - [STDERR_REDIRECT] [Fatal Error] :1:1: Premature end of file.
2025-12-20 21:12:49,040 [ERROR] LogOutputStream:75 - [STDERR_REDIRECT] 
2025-12-20 21:12:49,071 [ERROR] LogOutputStream:75 - [STDERR_REDIRECT] [Fatal Error] :1:1: Premature end of file.
2025-12-20 21:12:49,071 [ERROR] LogOutputStream:75 - [STDERR_REDIRECT] 
2025-12-20 21:12:49,103 [ERROR] LogOutputStream:75 - [STDERR_REDIRECT] [Fatal Error] :1:1: Premature end of file.
2025-12-20 21:12:49,103 [ERROR] LogOutputStream:75 - [STDERR_REDIRECT] 
2025-12-20 21:12:49,135 [ERROR] LogOutputStream:75 - [STDERR_REDIRECT] [Fatal Error] :1:1: Premature end of file.
2025-12-20 21:12:49,135 [ERROR] LogOutputStream:75 - [STDERR_REDIRECT] 
2025-12-20 21:12:49,167 [ERROR] LogOutputStream:75 - [STDERR_REDIRECT] [Fatal Error] :1:1: Premature end of file.
2025-12-20 21:12:49,167 [ERROR] LogOutputStream:75 - [STDERR_REDIRECT] 
2025-12-20 21:12:49,215 [ERROR] LogOutputStream:75 - [STDERR_REDIRECT] [Fatal Error] :1:1: Premature end of file.
2025-12-20 21:12:49,215 [ERROR] LogOutputStream:75 - [STDERR_REDIRECT] 
2025-12-20 21:12:49,253 [ERROR] LogOutputStream:75 - [STDERR_REDIRECT] [Fatal Error] :1:1: Premature end of file.
2025-12-20 21:12:49,253 [ERROR] LogOutputStream:75 - [STDERR_REDIRECT] 
2025-12-20 21:12:49,280 [ERROR] LogOutputStream:75 - [STDERR_REDIRECT] [Fatal Error] :1:1: Premature end of file.
2025-12-20 21:12:49,280 [ERROR] LogOutputStream:75 - [STDERR_REDIRECT] 
2025-12-20 21:12:49,313 [ERROR] LogOutputStream:75 - [STDERR_REDIRECT] [Fatal Error] :1:1: Premature end of file.
2025-12-20 21:12:49,313 [ERROR] LogOutputStream:75 - [STDERR_REDIRECT] 
2025-12-20 21:12:49,360 [ERROR] LogOutputStream:75 - [STDERR_REDIRECT] [Fatal Error] :1:1: Premature end of file.
2025-12-20 21:12:49,360 [ERROR] LogOutputStream:75 - [STDERR_REDIRECT] 
2025-12-20 21:12:49,411 [ERROR] LogOutputStream:75 - [STDERR_REDIRECT] [Fatal Error] :1:1: Premature end of file.
2025-12-20 21:12:49,413 [ERROR] LogOutputStream:75 - [STDERR_REDIRECT] 
2025-12-20 21:12:49,450 [ERROR] LogOutputStream:75 - [STDERR_REDIRECT] [Fatal Error] :1:1: Premature end of file.
2025-12-20 21:12:49,450 [ERROR] LogOutputStream:75 - [STDERR_REDIRECT] 
2025-12-20 21:12:49,482 [ERROR] LogOutputStream:75 - [STDERR_REDIRECT] [Fatal Error] :1:1: Premature end of file.
2025-12-20 21:12:49,482 [ERROR] LogOutputStream:75 - [STDERR_REDIRECT] 
2025-12-20 21:12:49,514 [ERROR] LogOutputStream:75 - [STDERR_REDIRECT] [Fatal Error] :1:1: Premature end of file.
2025-12-20 21:12:49,514 [ERROR] LogOutputStream:75 - [STDERR_REDIRECT] 
2025-12-20 21:12:49,546 [ERROR] LogOutputStream:75 - [STDERR_REDIRECT] [Fatal Error] :1:1: Premature end of file.
2025-12-20 21:12:49,546 [ERROR] LogOutputStream:75 - [STDERR_REDIRECT] 
2025-12-20 21:12:49,577 [ERROR] LogOutputStream:75 - [STDERR_REDIRECT] [Fatal Error] :1:1: Premature end of file.
2025-12-20 21:12:49,577 [ERROR] LogOutputStream:75 - [STDERR_REDIRECT] 
2025-12-20 21:12:49,625 [ERROR] LogOutputStream:75 - [STDERR_REDIRECT] [Fatal Error] :1:1: Premature end of file.
2025-12-20 21:12:49,625 [ERROR] LogOutputStream:75 - [STDERR_REDIRECT] 
2025-12-20 21:12:49,657 [ERROR] LogOutputStream:75 - [STDERR_REDIRECT] [Fatal Error] :1:1: Premature end of file.
2025-12-20 21:12:49,657 [ERROR] LogOutputStream:75 - [STDERR_REDIRECT] 
2025-12-20 21:12:49,688 [ERROR] LogOutputStream:75 - [STDERR_REDIRECT] [Fatal Error] :1:1: Premature end of file.
2025-12-20 21:12:49,688 [ERROR] LogOutputStream:75 - [STDERR_REDIRECT] 
2025-12-20 21:12:49,742 [ERROR] LogOutputStream:75 - [STDERR_REDIRECT] [Fatal Error] :1:1: Premature end of file.
2025-12-20 21:12:49,742 [ERROR] LogOutputStream:75 - [STDERR_REDIRECT] 
2025-12-20 21:12:49,799 [ERROR] LogOutputStream:75 - [STDERR_REDIRECT] [Fatal Error] :1:1: Premature end of file.
2025-12-20 21:12:49,799 [ERROR] LogOutputStream:75 - [STDERR_REDIRECT] 
2025-12-20 21:12:49,857 [ERROR] LogOutputStream:75 - [STDERR_REDIRECT] [Fatal Error] :1:1: Premature end of file.
2025-12-20 21:12:49,857 [ERROR] LogOutputStream:75 - [STDERR_REDIRECT] 
2025-12-20 21:12:49,912 [ERROR] LogOutputStream:75 - [STDERR_REDIRECT] [Fatal Error] :1:1: Premature end of file.
2025-12-20 21:12:49,912 [ERROR] LogOutputStream:75 - [STDERR_REDIRECT] 
2025-12-20 21:12:49,963 [ERROR] LogOutputStream:75 - [STDERR_REDIRECT] [Fatal Error] :1:1: Premature end of file.
2025-12-20 21:12:49,963 [ERROR] LogOutputStream:75 - [STDERR_REDIRECT] 
2025-12-20 21:12:50,007 [ERROR] LogOutputStream:75 - [STDERR_REDIRECT] [Fatal Error] :1:1: Premature end of file.
2025-12-20 21:12:50,007 [ERROR] LogOutputStream:75 - [STDERR_REDIRECT] 
2025-12-20 21:12:50,054 [ERROR] LogOutputStream:75 - [STDERR_REDIRECT] [Fatal Error] :1:1: Premature end of file.
2025-12-20 21:12:50,054 [ERROR] LogOutputStream:75 - [STDERR_REDIRECT] 
2025-12-20 21:12:50,103 [ERROR] LogOutputStream:75 - [STDERR_REDIRECT] [Fatal Error] :1:1: Premature end of file.
2025-12-20 21:12:50,103 [ERROR] LogOutputStream:75 - [STDERR_REDIRECT] 
2025-12-20 21:12:50,149 [ERROR] LogOutputStream:75 - [STDERR_REDIRECT] [Fatal Error] :1:1: Premature end of file.
2025-12-20 21:12:50,149 [ERROR] LogOutputStream:75 - [STDERR_REDIRECT] 
2025-12-20 21:12:50,206 [ERROR] LogOutputStream:75 - [STDERR_REDIRECT] [Fatal Error] :1:1: Premature end of file.
2025-12-20 21:12:50,206 [ERROR] LogOutputStream:75 - [STDERR_REDIRECT] 
2025-12-20 21:12:50,261 [ERROR] LogOutputStream:75 - [STDERR_REDIRECT] [Fatal Error] :1:1: Premature end of file.
2025-12-20 21:12:50,261 [ERROR] LogOutputStream:75 - [STDERR_REDIRECT] 
2025-12-20 21:12:50,323 [ERROR] LogOutputStream:75 - [STDERR_REDIRECT] [Fatal Error] :1:1: Premature end of file.
2025-12-20 21:12:50,325 [ERROR] LogOutputStream:75 - [STDERR_REDIRECT] 
2025-12-20 21:12:50,376 [ERROR] LogOutputStream:75 - [STDERR_REDIRECT] [Fatal Error] :1:1: Premature end of file.
2025-12-20 21:12:50,376 [ERROR] LogOutputStream:75 - [STDERR_REDIRECT] 
2025-12-20 21:12:50,430 [ERROR] LogOutputStream:75 - [STDERR_REDIRECT] [Fatal Error] :1:1: Premature end of file.
2025-12-20 21:12:50,430 [ERROR] LogOutputStream:75 - [STDERR_REDIRECT] 
2025-12-20 21:12:50,479 [ERROR] LogOutputStream:75 - [STDERR_REDIRECT] [Fatal Error] :1:1: Premature end of file.
2025-12-20 21:12:50,479 [ERROR] LogOutputStream:75 - [STDERR_REDIRECT] 
2025-12-20 21:12:50,533 [ERROR] LogOutputStream:75 - [STDERR_REDIRECT] [Fatal Error] :1:1: Premature end of file.
2025-12-20 21:12:50,533 [ERROR] LogOutputStream:75 - [STDERR_REDIRECT] 
2025-12-20 21:12:50,583 [ERROR] LogOutputStream:75 - [STDERR_REDIRECT] [Fatal Error] :1:1: Premature end of file.
2025-12-20 21:12:50,583 [ERROR] LogOutputStream:75 - [STDERR_REDIRECT] 
2025-12-20 21:12:50,638 [ERROR] LogOutputStream:75 - [STDERR_REDIRECT] [Fatal Error] :1:1: Premature end of file.
2025-12-20 21:12:50,638 [ERROR] LogOutputStream:75 - [STDERR_REDIRECT] 
2025-12-20 21:12:50,681 [ERROR] LogOutputStream:75 - [STDERR_REDIRECT] [Fatal Error] :1:1: Premature end of file.
2025-12-20 21:12:50,681 [ERROR] LogOutputStream:75 - [STDERR_REDIRECT] 
2025-12-20 21:12:50,728 [ERROR] LogOutputStream:75 - [STDERR_REDIRECT] [Fatal Error] :1:1: Premature end of file.
2025-12-20 21:12:50,728 [ERROR] LogOutputStream:75 - [STDERR_REDIRECT] 
2025-12-20 21:12:50,777 [ERROR] LogOutputStream:75 - [STDERR_REDIRECT] [Fatal Error] :1:1: Premature end of file.
2025-12-20 21:12:50,779 [ERROR] LogOutputStream:75 - [STDERR_REDIRECT] 
2025-12-20 21:12:50,823 [ERROR] LogOutputStream:75 - [STDERR_REDIRECT] [Fatal Error] :1:1: Premature end of file.
2025-12-20 21:12:50,823 [ERROR] LogOutputStream:75 - [STDERR_REDIRECT] 
2025-12-20 21:12:50,855 [ERROR] LogOutputStream:75 - [STDERR_REDIRECT] [Fatal Error] :1:1: Premature end of file.
2025-12-20 21:12:50,855 [ERROR] LogOutputStream:75 - [STDERR_REDIRECT] 
2025-12-20 21:12:50,871 [ERROR] LogOutputStream:75 - [STDERR_REDIRECT] [Fatal Error] :1:1: Premature end of file.
2025-12-20 21:12:50,871 [ERROR] LogOutputStream:75 - [STDERR_REDIRECT] 
2025-12-20 21:12:50,902 [ERROR] LogOutputStream:75 - [STDERR_REDIRECT] [Fatal Error] :1:1: Premature end of file.
2025-12-20 21:12:50,902 [ERROR] LogOutputStream:75 - [STDERR_REDIRECT] 
2025-12-20 21:12:50,935 [ERROR] LogOutputStream:75 - [STDERR_REDIRECT] [Fatal Error] :1:1: Premature end of file.
2025-12-20 21:12:50,935 [ERROR] LogOutputStream:75 - [STDERR_REDIRECT] 
2025-12-20 21:12:50,982 [ERROR] LogOutputStream:75 - [STDERR_REDIRECT] [Fatal Error] :1:1: Premature end of file.
2025-12-20 21:12:50,982 [ERROR] LogOutputStream:75 - [STDERR_REDIRECT] 
2025-12-20 21:12:51,014 [ERROR] LogOutputStream:75 - [STDERR_REDIRECT] [Fatal Error] :1:1: Premature end of file.
2025-12-20 21:12:51,014 [ERROR] LogOutputStream:75 - [STDERR_REDIRECT] 
2025-12-20 21:12:51,061 [ERROR] LogOutputStream:75 - [STDERR_REDIRECT] [Fatal Error] :1:1: Premature end of file.
2025-12-20 21:12:51,061 [ERROR] LogOutputStream:75 - [STDERR_REDIRECT] 
2025-12-20 21:12:51,093 [ERROR] LogOutputStream:75 - [STDERR_REDIRECT] [Fatal Error] :1:1: Premature end of file.
2025-12-20 21:12:51,093 [ERROR] LogOutputStream:75 - [STDERR_REDIRECT] 
2025-12-20 21:12:51,125 [ERROR] LogOutputStream:75 - [STDERR_REDIRECT] [Fatal Error] :1:1: Premature end of file.
2025-12-20 21:12:51,125 [ERROR] LogOutputStream:75 - [STDERR_REDIRECT] 
2025-12-20 21:12:51,157 [ERROR] LogOutputStream:75 - [STDERR_REDIRECT] [Fatal Error] :1:1: Premature end of file.
2025-12-20 21:12:51,157 [ERROR] LogOutputStream:75 - [STDERR_REDIRECT] 
2025-12-20 21:12:51,189 [ERROR] LogOutputStream:75 - [STDERR_REDIRECT] [Fatal Error] :1:1: Premature end of file.
2025-12-20 21:12:51,189 [ERROR] LogOutputStream:75 - [STDERR_REDIRECT] 
2025-12-20 21:12:51,220 [ERROR] LogOutputStream:75 - [STDERR_REDIRECT] [Fatal Error] :1:1: Premature end of file.
2025-12-20 21:12:51,220 [ERROR] LogOutputStream:75 - [STDERR_REDIRECT] 
2025-12-20 21:12:51,252 [ERROR] LogOutputStream:75 - [STDERR_REDIRECT] [Fatal Error] :1:1: Premature end of file.
2025-12-20 21:12:51,252 [ERROR] LogOutputStream:75 - [STDERR_REDIRECT] 
2025-12-20 21:12:51,309 [ERROR] LogOutputStream:75 - [STDERR_REDIRECT] [Fatal Error] :1:1: Premature end of file.
2025-12-20 21:12:51,309 [ERROR] LogOutputStream:75 - [STDERR_REDIRECT] 
2025-12-20 21:12:51,380 [ERROR] LogOutputStream:75 - [STDERR_REDIRECT] [Fatal Error] :1:1: Premature end of file.
2025-12-20 21:12:51,380 [ERROR] LogOutputStream:75 - [STDERR_REDIRECT] 
2025-12-20 21:12:51,430 [ERROR] LogOutputStream:75 - [STDERR_REDIRECT] [Fatal Error] :1:1: Premature end of file.
2025-12-20 21:12:51,430 [ERROR] LogOutputStream:75 - [STDERR_REDIRECT] 
2025-12-20 21:12:51,484 [ERROR] LogOutputStream:75 - [STDERR_REDIRECT] [Fatal Error] :1:1: Premature end of file.
2025-12-20 21:12:51,484 [ERROR] LogOutputStream:75 - [STDERR_REDIRECT] 
2025-12-20 21:12:51,542 [ERROR] LogOutputStream:75 - [STDERR_REDIRECT] [Fatal Error] :1:1: Premature end of file.
2025-12-20 21:12:51,542 [ERROR] LogOutputStream:75 - [STDERR_REDIRECT] 
2025-12-20 21:12:51,597 [ERROR] LogOutputStream:75 - [STDERR_REDIRECT] [Fatal Error] :1:1: Premature end of file.
2025-12-20 21:12:51,597 [ERROR] LogOutputStream:75 - [STDERR_REDIRECT] 
2025-12-20 21:12:51,651 [ERROR] LogOutputStream:75 - [STDERR_REDIRECT] [Fatal Error] :1:1: Premature end of file.
2025-12-20 21:12:51,651 [ERROR] LogOutputStream:75 - [STDERR_REDIRECT] 
2025-12-20 21:12:51,704 [ERROR] LogOutputStream:75 - [STDERR_REDIRECT] [Fatal Error] :1:1: Premature end of file.
2025-12-20 21:12:51,704 [ERROR] LogOutputStream:75 - [STDERR_REDIRECT] 
2025-12-20 21:12:51,757 [ERROR] LogOutputStream:75 - [STDERR_REDIRECT] [Fatal Error] :1:1: Premature end of file.
2025-12-20 21:12:51,757 [ERROR] LogOutputStream:75 - [STDERR_REDIRECT] 
2025-12-20 21:12:51,809 [ERROR] LogOutputStream:75 - [STDERR_REDIRECT] [Fatal Error] :1:1: Premature end of file.
2025-12-20 21:12:51,809 [ERROR] LogOutputStream:75 - [STDERR_REDIRECT] 
2025-12-20 21:12:51,860 [ERROR] LogOutputStream:75 - [STDERR_REDIRECT] [Fatal Error] :1:1: Premature end of file.
2025-12-20 21:12:51,862 [ERROR] LogOutputStream:75 - [STDERR_REDIRECT] 
2025-12-20 21:12:51,913 [ERROR] LogOutputStream:75 - [STDERR_REDIRECT] [Fatal Error] :1:1: Premature end of file.
2025-12-20 21:12:51,913 [ERROR] LogOutputStream:75 - [STDERR_REDIRECT] 
2025-12-20 21:12:51,961 [ERROR] LogOutputStream:75 - [STDERR_REDIRECT] [Fatal Error] :1:1: Premature end of file.
2025-12-20 21:12:51,961 [ERROR] LogOutputStream:75 - [STDERR_REDIRECT] 
2025-12-20 21:12:52,013 [ERROR] LogOutputStream:75 - [STDERR_REDIRECT] [Fatal Error] :1:1: Premature end of file.
2025-12-20 21:12:52,013 [ERROR] LogOutputStream:75 - [STDERR_REDIRECT] 
2025-12-20 21:12:52,062 [ERROR] LogOutputStream:75 - [STDERR_REDIRECT] [Fatal Error] :1:1: Premature end of file.
2025-12-20 21:12:52,062 [ERROR] LogOutputStream:75 - [STDERR_REDIRECT] 
2025-12-20 21:12:52,111 [ERROR] LogOutputStream:75 - [STDERR_REDIRECT] [Fatal Error] :1:1: Premature end of file.
2025-12-20 21:12:52,111 [ERROR] LogOutputStream:75 - [STDERR_REDIRECT] 
2025-12-20 21:12:52,163 [ERROR] LogOutputStream:75 - [STDERR_REDIRECT] [Fatal Error] :1:1: Premature end of file.
2025-12-20 21:12:52,163 [ERROR] LogOutputStream:75 - [STDERR_REDIRECT] 
2025-12-20 21:12:52,217 [ERROR] LogOutputStream:75 - [STDERR_REDIRECT] [Fatal Error] :1:1: Premature end of file.
2025-12-20 21:12:52,217 [ERROR] LogOutputStream:75 - [STDERR_REDIRECT] 
2025-12-20 21:12:52,265 [ERROR] LogOutputStream:75 - [STDERR_REDIRECT] [Fatal Error] :1:1: Premature end of file.
2025-12-20 21:12:52,265 [ERROR] LogOutputStream:75 - [STDERR_REDIRECT] 
2025-12-20 21:12:52,312 [ERROR] LogOutputStream:75 - [STDERR_REDIRECT] [Fatal Error] :1:1: Premature end of file.
2025-12-20 21:12:52,312 [ERROR] LogOutputStream:75 - [STDERR_REDIRECT] 
2025-12-20 21:12:52,370 [ERROR] LogOutputStream:75 - [STDERR_REDIRECT] [Fatal Error] :1:1: Premature end of file.
2025-12-20 21:12:52,370 [ERROR] LogOutputStream:75 - [STDERR_REDIRECT] 
2025-12-20 21:12:52,531 [ERROR] LogOutputStream:75 - [STDERR_REDIRECT] [Fatal Error] :1:1: Premature end of file.
2025-12-20 21:12:52,531 [ERROR] LogOutputStream:75 - [STDERR_REDIRECT] 
2025-12-20 21:12:52,592 [ERROR] LogOutputStream:75 - [STDERR_REDIRECT] [Fatal Error] :1:1: Premature end of file.
2025-12-20 21:12:52,592 [ERROR] LogOutputStream:75 - [STDERR_REDIRECT] 
2025-12-20 21:12:52,651 [ERROR] LogOutputStream:75 - [STDERR_REDIRECT] [Fatal Error] :1:1: Premature end of file.
2025-12-20 21:12:52,651 [ERROR] LogOutputStream:75 - [STDERR_REDIRECT] 
2025-12-20 21:12:52,702 [ERROR] LogOutputStream:75 - [STDERR_REDIRECT] [Fatal Error] :1:1: Premature end of file.
2025-12-20 21:12:52,704 [ERROR] LogOutputStream:75 - [STDERR_REDIRECT] 
2025-12-20 21:12:52,757 [ERROR] LogOutputStream:75 - [STDERR_REDIRECT] [Fatal Error] :1:1: Premature end of file.
2025-12-20 21:12:52,757 [ERROR] LogOutputStream:75 - [STDERR_REDIRECT] 
2025-12-20 21:12:52,882 [ERROR] LogOutputStream:75 - [STDERR_REDIRECT] [Fatal Error] :1:1: Premature end of file.
2025-12-20 21:12:52,882 [ERROR] LogOutputStream:75 - [STDERR_REDIRECT] 
2025-12-20 21:12:52,972 [ERROR] LogOutputStream:75 - [STDERR_REDIRECT] [Fatal Error] :1:1: Premature end of file.
2025-12-20 21:12:52,972 [ERROR] LogOutputStream:75 - [STDERR_REDIRECT] 
2025-12-20 21:12:53,020 [ERROR] LogOutputStream:75 - [STDERR_REDIRECT] [Fatal Error] :1:1: Premature end of file.
2025-12-20 21:12:53,020 [ERROR] LogOutputStream:75 - [STDERR_REDIRECT] 
2025-12-20 21:12:53,052 [ERROR] LogOutputStream:75 - [STDERR_REDIRECT] [Fatal Error] :1:1: Premature end of file.
2025-12-20 21:12:53,052 [ERROR] LogOutputStream:75 - [STDERR_REDIRECT] 
2025-12-20 21:12:53,084 [ERROR] LogOutputStream:75 - [STDERR_REDIRECT] [Fatal Error] :1:1: Premature end of file.
2025-12-20 21:12:53,084 [ERROR] LogOutputStream:75 - [STDERR_REDIRECT] 
2025-12-20 21:12:53,131 [ERROR] LogOutputStream:75 - [STDERR_REDIRECT] [Fatal Error] :1:1: Premature end of file.
2025-12-20 21:12:53,131 [ERROR] LogOutputStream:75 - [STDERR_REDIRECT] 
2025-12-20 21:12:53,163 [ERROR] LogOutputStream:75 - [STDERR_REDIRECT] [Fatal Error] :1:1: Premature end of file.
2025-12-20 21:12:53,163 [ERROR] LogOutputStream:75 - [STDERR_REDIRECT] 
2025-12-20 21:12:53,211 [ERROR] LogOutputStream:75 - [STDERR_REDIRECT] [Fatal Error] :1:1: Premature end of file.
2025-12-20 21:12:53,211 [ERROR] LogOutputStream:75 - [STDERR_REDIRECT] 
2025-12-20 21:12:53,243 [ERROR] LogOutputStream:75 - [STDERR_REDIRECT] [Fatal Error] :1:1: Premature end of file.
2025-12-20 21:12:53,243 [ERROR] LogOutputStream:75 - [STDERR_REDIRECT] 
2025-12-20 21:12:53,276 [ERROR] LogOutputStream:75 - [STDERR_REDIRECT] [Fatal Error] :1:1: Premature end of file.
2025-12-20 21:12:53,276 [ERROR] LogOutputStream:75 - [STDERR_REDIRECT] 
2025-12-20 21:12:53,292 [ERROR] LogOutputStream:75 - [STDERR_REDIRECT] [Fatal Error] :1:1: Premature end of file.
2025-12-20 21:12:53,292 [ERROR] LogOutputStream:75 - [STDERR_REDIRECT] 
2025-12-20 21:12:53,347 [ERROR] LogOutputStream:75 - [STDERR_REDIRECT] [Fatal Error] :1:1: Premature end of file.
2025-12-20 21:12:53,347 [ERROR] LogOutputStream:75 - [STDERR_REDIRECT] 
2025-12-20 21:12:53,391 [ERROR] LogOutputStream:75 - [STDERR_REDIRECT] [Fatal Error] :1:1: Premature end of file.
2025-12-20 21:12:53,391 [ERROR] LogOutputStream:75 - [STDERR_REDIRECT] 
2025-12-20 21:12:53,431 [ERROR] LogOutputStream:75 - [STDERR_REDIRECT] [Fatal Error] :1:1: Premature end of file.
2025-12-20 21:12:53,431 [ERROR] LogOutputStream:75 - [STDERR_REDIRECT] 
2025-12-20 21:12:53,526 [ERROR] LogOutputStream:75 - [STDERR_REDIRECT] [Fatal Error] :1:1: Premature end of file.
2025-12-20 21:12:53,526 [ERROR] LogOutputStream:75 - [STDERR_REDIRECT] 
2025-12-20 21:12:53,547 [ERROR] LogOutputStream:75 - [STDERR_REDIRECT] [Fatal Error] :1:1: Premature end of file.
2025-12-20 21:12:53,547 [ERROR] LogOutputStream:75 - [STDERR_REDIRECT] 
2025-12-20 21:12:53,569 [ERROR] LogOutputStream:75 - [STDERR_REDIRECT] [Fatal Error] :1:1: Premature end of file.
2025-12-20 21:12:53,569 [ERROR] LogOutputStream:75 - [STDERR_REDIRECT] 
2025-12-20 21:12:53,600 [ERROR] LogOutputStream:75 - [STDERR_REDIRECT] [Fatal Error] :1:1: Premature end of file.
2025-12-20 21:12:53,600 [ERROR] LogOutputStream:75 - [STDERR_REDIRECT] 
2025-12-20 21:12:53,624 [ERROR] LogOutputStream:75 - [STDERR_REDIRECT] [Fatal Error] :1:1: Premature end of file.
2025-12-20 21:12:53,624 [ERROR] LogOutputStream:75 - [STDERR_REDIRECT] 
2025-12-20 21:12:55,625 [ERROR] LogOutputStream:75 - [STDERR_REDIRECT] [Fatal Error] :1:1: Premature end of file.
2025-12-20 21:12:55,626 [ERROR] LogOutputStream:75 - [STDERR_REDIRECT] 
2025-12-20 21:12:55,682 [ERROR] LogOutputStream:75 - [STDERR_REDIRECT] [Fatal Error] :1:1: Premature end of file.
2025-12-20 21:12:55,682 [ERROR] LogOutputStream:75 - [STDERR_REDIRECT] 
2025-12-20 21:12:55,724 [ERROR] LogOutputStream:75 - [STDERR_REDIRECT] [Fatal Error] :1:1: Premature end of file.
2025-12-20 21:12:55,724 [ERROR] LogOutputStream:75 - [STDERR_REDIRECT] 
2025-12-20 21:12:55,750 [ERROR] LogOutputStream:75 - [STDERR_REDIRECT] [Fatal Error] :1:1: Premature end of file.
2025-12-20 21:12:55,750 [ERROR] LogOutputStream:75 - [STDERR_REDIRECT] 
2025-12-20 21:12:55,774 [ERROR] LogOutputStream:75 - [STDERR_REDIRECT] [Fatal Error] :1:1: Premature end of file.
2025-12-20 21:12:55,774 [ERROR] LogOutputStream:75 - [STDERR_REDIRECT] 
2025-12-20 21:12:55,800 [ERROR] LogOutputStream:75 - [STDERR_REDIRECT] [Fatal Error] :1:1: Premature end of file.
2025-12-20 21:12:55,800 [ERROR] LogOutputStream:75 - [STDERR_REDIRECT] 
2025-12-20 21:12:55,826 [ERROR] LogOutputStream:75 - [STDERR_REDIRECT] [Fatal Error] :1:1: Premature end of file.
2025-12-20 21:12:55,826 [ERROR] LogOutputStream:75 - [STDERR_REDIRECT] 
2025-12-20 21:12:55,852 [ERROR] LogOutputStream:75 - [STDERR_REDIRECT] [Fatal Error] :1:1: Premature end of file.
2025-12-20 21:12:55,852 [ERROR] LogOutputStream:75 - [STDERR_REDIRECT] 
2025-12-20 21:12:55,896 [ERROR] LogOutputStream:75 - [STDERR_REDIRECT] [Fatal Error] :1:1: Premature end of file.
2025-12-20 21:12:55,897 [ERROR] LogOutputStream:75 - [STDERR_REDIRECT] 
2025-12-20 21:12:55,961 [ERROR] LogOutputStream:75 - [STDERR_REDIRECT] [Fatal Error] :1:1: Premature end of file.
2025-12-20 21:12:55,961 [ERROR] LogOutputStream:75 - [STDERR_REDIRECT] 
2025-12-20 21:12:55,986 [ERROR] LogOutputStream:75 - [STDERR_REDIRECT] [Fatal Error] :1:1: Premature end of file.
2025-12-20 21:12:55,986 [ERROR] LogOutputStream:75 - [STDERR_REDIRECT] 
2025-12-20 21:12:56,007 [ERROR] LogOutputStream:75 - [STDERR_REDIRECT] [Fatal Error] :1:1: Premature end of file.
2025-12-20 21:12:56,007 [ERROR] LogOutputStream:75 - [STDERR_REDIRECT] 
2025-12-20 21:12:56,032 [ERROR] LogOutputStream:75 - [STDERR_REDIRECT] [Fatal Error] :1:1: Premature end of file.
2025-12-20 21:12:56,032 [ERROR] LogOutputStream:75 - [STDERR_REDIRECT] 
2025-12-20 21:12:56,062 [ERROR] LogOutputStream:75 - [STDERR_REDIRECT] [Fatal Error] :1:1: Premature end of file.
2025-12-20 21:12:56,062 [ERROR] LogOutputStream:75 - [STDERR_REDIRECT] 
2025-12-20 21:12:56,160 [ERROR] LogOutputStream:75 - [STDERR_REDIRECT] [Fatal Error] :1:1: Premature end of file.
2025-12-20 21:12:56,160 [ERROR] LogOutputStream:75 - [STDERR_REDIRECT] 
2025-12-20 21:12:56,255 [ERROR] LogOutputStream:75 - [STDERR_REDIRECT] [Fatal Error] :1:1: Premature end of file.
2025-12-20 21:12:56,255 [ERROR] LogOutputStream:75 - [STDERR_REDIRECT] 
2025-12-20 21:12:56,290 [ERROR] LogOutputStream:75 - [STDERR_REDIRECT] [Fatal Error] :1:1: Premature end of file.
2025-12-20 21:12:56,290 [ERROR] LogOutputStream:75 - [STDERR_REDIRECT] 
2025-12-20 21:12:56,387 [ERROR] LogOutputStream:75 - [STDERR_REDIRECT] [Fatal Error] :1:1: Premature end of file.
2025-12-20 21:12:56,387 [ERROR] LogOutputStream:75 - [STDERR_REDIRECT] 
2025-12-20 21:12:56,422 [ERROR] LogOutputStream:75 - [STDERR_REDIRECT] [Fatal Error] :1:1: Premature end of file.
2025-12-20 21:12:56,422 [ERROR] LogOutputStream:75 - [STDERR_REDIRECT] 
2025-12-20 21:12:56,451 [ERROR] LogOutputStream:75 - [STDERR_REDIRECT] [Fatal Error] :1:1: Premature end of file.
2025-12-20 21:12:56,451 [ERROR] LogOutputStream:75 - [STDERR_REDIRECT] 
2025-12-20 21:12:56,483 [ERROR] LogOutputStream:75 - [STDERR_REDIRECT] [Fatal Error] :1:1: Premature end of file.
2025-12-20 21:12:56,483 [ERROR] LogOutputStream:75 - [STDERR_REDIRECT] 
2025-12-20 21:12:56,514 [ERROR] LogOutputStream:75 - [STDERR_REDIRECT] [Fatal Error] :1:1: Premature end of file.
2025-12-20 21:12:56,514 [ERROR] LogOutputStream:75 - [STDERR_REDIRECT] 
2025-12-20 21:12:56,551 [ERROR] LogOutputStream:75 - [STDERR_REDIRECT] [Fatal Error] :1:1: Premature end of file.
2025-12-20 21:12:56,551 [ERROR] LogOutputStream:75 - [STDERR_REDIRECT] 
2025-12-20 21:12:56,576 [ERROR] LogOutputStream:75 - [STDERR_REDIRECT] [Fatal Error] :1:1: Premature end of file.
2025-12-20 21:12:56,577 [ERROR] LogOutputStream:75 - [STDERR_REDIRECT] 
2025-12-20 21:12:56,602 [ERROR] LogOutputStream:75 - [STDERR_REDIRECT] [Fatal Error] :1:1: Premature end of file.
2025-12-20 21:12:56,602 [ERROR] LogOutputStream:75 - [STDERR_REDIRECT] 
2025-12-20 21:12:56,635 [ERROR] LogOutputStream:75 - [STDERR_REDIRECT] [Fatal Error] :1:1: Premature end of file.
2025-12-20 21:12:56,635 [ERROR] LogOutputStream:75 - [STDERR_REDIRECT] 
2025-12-20 21:12:56,660 [ERROR] LogOutputStream:75 - [STDERR_REDIRECT] [Fatal Error] :1:1: Premature end of file.
2025-12-20 21:12:56,660 [ERROR] LogOutputStream:75 - [STDERR_REDIRECT] 
2025-12-20 21:12:56,696 [ERROR] LogOutputStream:75 - [STDERR_REDIRECT] [Fatal Error] :1:1: Premature end of file.
2025-12-20 21:12:56,696 [ERROR] LogOutputStream:75 - [STDERR_REDIRECT] 
2025-12-20 21:12:56,723 [ERROR] LogOutputStream:75 - [STDERR_REDIRECT] [Fatal Error] :1:1: Premature end of file.
2025-12-20 21:12:56,723 [ERROR] LogOutputStream:75 - [STDERR_REDIRECT] 
2025-12-20 21:12:56,744 [ERROR] LogOutputStream:75 - [STDERR_REDIRECT] [Fatal Error] :1:1: Premature end of file.
2025-12-20 21:12:56,744 [ERROR] LogOutputStream:75 - [STDERR_REDIRECT] 
2025-12-20 21:12:56,763 [ERROR] LogOutputStream:75 - [STDERR_REDIRECT] [Fatal Error] :1:1: Premature end of file.
2025-12-20 21:12:56,764 [ERROR] LogOutputStream:75 - [STDERR_REDIRECT] 
2025-12-20 21:12:56,785 [ERROR] LogOutputStream:75 - [STDERR_REDIRECT] [Fatal Error] :1:1: Premature end of file.
2025-12-20 21:12:56,785 [ERROR] LogOutputStream:75 - [STDERR_REDIRECT] 
2025-12-20 21:12:56,805 [ERROR] LogOutputStream:75 - [STDERR_REDIRECT] [Fatal Error] :1:1: Premature end of file.
2025-12-20 21:12:56,805 [ERROR] LogOutputStream:75 - [STDERR_REDIRECT] 
2025-12-20 21:12:56,824 [ERROR] LogOutputStream:75 - [STDERR_REDIRECT] [Fatal Error] :1:1: Premature end of file.
2025-12-20 21:12:56,824 [ERROR] LogOutputStream:75 - [STDERR_REDIRECT] 
2025-12-20 21:12:56,845 [ERROR] LogOutputStream:75 - [STDERR_REDIRECT] [Fatal Error] :1:1: Premature end of file.
2025-12-20 21:12:56,845 [ERROR] LogOutputStream:75 - [STDERR_REDIRECT] 
2025-12-20 21:12:56,865 [ERROR] LogOutputStream:75 - [STDERR_REDIRECT] [Fatal Error] :1:1: Premature end of file.
2025-12-20 21:12:56,865 [ERROR] LogOutputStream:75 - [STDERR_REDIRECT] 
2025-12-20 21:12:56,889 [ERROR] LogOutputStream:75 - [STDERR_REDIRECT] [Fatal Error] :1:1: Premature end of file.
2025-12-20 21:12:56,889 [ERROR] LogOutputStream:75 - [STDERR_REDIRECT] 
2025-12-20 21:12:56,913 [ERROR] LogOutputStream:75 - [STDERR_REDIRECT] [Fatal Error] :1:1: Premature end of file.
2025-12-20 21:12:56,913 [ERROR] LogOutputStream:75 - [STDERR_REDIRECT] 
2025-12-20 21:12:56,937 [ERROR] LogOutputStream:75 - [STDERR_REDIRECT] [Fatal Error] :1:1: Premature end of file.
2025-12-20 21:12:56,937 [ERROR] LogOutputStream:75 - [STDERR_REDIRECT] 
2025-12-20 21:12:56,958 [ERROR] LogOutputStream:75 - [STDERR_REDIRECT] [Fatal Error] :1:1: Premature end of file.
2025-12-20 21:12:56,958 [ERROR] LogOutputStream:75 - [STDERR_REDIRECT] 
2025-12-20 21:12:56,978 [ERROR] LogOutputStream:75 - [STDERR_REDIRECT] [Fatal Error] :1:1: Premature end of file.
2025-12-20 21:12:56,978 [ERROR] LogOutputStream:75 - [STDERR_REDIRECT] 
2025-12-20 21:12:56,998 [ERROR] LogOutputStream:75 - [STDERR_REDIRECT] [Fatal Error] :1:1: Premature end of file.
2025-12-20 21:12:56,998 [ERROR] LogOutputStream:75 - [STDERR_REDIRECT] 
2025-12-20 21:12:57,021 [ERROR] LogOutputStream:75 - [STDERR_REDIRECT] [Fatal Error] :1:1: Premature end of file.
2025-12-20 21:12:57,021 [ERROR] LogOutputStream:75 - [STDERR_REDIRECT] 
2025-12-20 21:12:57,041 [ERROR] LogOutputStream:75 - [STDERR_REDIRECT] [Fatal Error] :1:1: Premature end of file.
2025-12-20 21:12:57,041 [ERROR] LogOutputStream:75 - [STDERR_REDIRECT] 
2025-12-20 21:12:57,062 [ERROR] LogOutputStream:75 - [STDERR_REDIRECT] [Fatal Error] :1:1: Premature end of file.
2025-12-20 21:12:57,062 [ERROR] LogOutputStream:75 - [STDERR_REDIRECT] 
2025-12-20 21:12:57,175 [ERROR] LogOutputStream:75 - [STDERR_REDIRECT] [Fatal Error] :1:1: Premature end of file.
2025-12-20 21:12:57,175 [ERROR] LogOutputStream:75 - [STDERR_REDIRECT] 
2025-12-20 21:12:57,197 [ERROR] LogOutputStream:75 - [STDERR_REDIRECT] [Fatal Error] :1:1: Premature end of file.
2025-12-20 21:12:57,197 [ERROR] LogOutputStream:75 - [STDERR_REDIRECT] 
2025-12-20 21:12:57,220 [ERROR] LogOutputStream:75 - [STDERR_REDIRECT] [Fatal Error] :1:1: Premature end of file.
2025-12-20 21:12:57,220 [ERROR] LogOutputStream:75 - [STDERR_REDIRECT] 
2025-12-20 21:12:57,249 [ERROR] LogOutputStream:75 - [STDERR_REDIRECT] [Fatal Error] :1:1: Premature end of file.
2025-12-20 21:12:57,249 [ERROR] LogOutputStream:75 - [STDERR_REDIRECT] 
2025-12-20 21:12:57,274 [ERROR] LogOutputStream:75 - [STDERR_REDIRECT] [Fatal Error] :1:1: Premature end of file.
2025-12-20 21:12:57,274 [ERROR] LogOutputStream:75 - [STDERR_REDIRECT] 
2025-12-20 21:12:57,298 [ERROR] LogOutputStream:75 - [STDERR_REDIRECT] [Fatal Error] :1:1: Premature end of file.
2025-12-20 21:12:57,298 [ERROR] LogOutputStream:75 - [STDERR_REDIRECT] 
2025-12-20 21:12:57,321 [ERROR] LogOutputStream:75 - [STDERR_REDIRECT] [Fatal Error] :1:1: Premature end of file.
2025-12-20 21:12:57,321 [ERROR] LogOutputStream:75 - [STDERR_REDIRECT] 
2025-12-20 21:12:57,355 [ERROR] LogOutputStream:75 - [STDERR_REDIRECT] [Fatal Error] :1:1: Premature end of file.
2025-12-20 21:12:57,355 [ERROR] LogOutputStream:75 - [STDERR_REDIRECT] 
2025-12-20 21:12:57,393 [ERROR] LogOutputStream:75 - [STDERR_REDIRECT] [Fatal Error] :1:1: Premature end of file.
2025-12-20 21:12:57,393 [ERROR] LogOutputStream:75 - [STDERR_REDIRECT] 
2025-12-20 21:12:57,430 [ERROR] LogOutputStream:75 - [STDERR_REDIRECT] [Fatal Error] :1:1: Premature end of file.
2025-12-20 21:12:57,430 [ERROR] LogOutputStream:75 - [STDERR_REDIRECT] 
2025-12-20 21:12:57,451 [ERROR] LogOutputStream:75 - [STDERR_REDIRECT] [Fatal Error] :1:1: Premature end of file.
2025-12-20 21:12:57,451 [ERROR] LogOutputStream:75 - [STDERR_REDIRECT] 
2025-12-20 21:12:57,471 [ERROR] LogOutputStream:75 - [STDERR_REDIRECT] [Fatal Error] :1:1: Premature end of file.
2025-12-20 21:12:57,471 [ERROR] LogOutputStream:75 - [STDERR_REDIRECT] 
2025-12-20 21:12:57,494 [ERROR] LogOutputStream:75 - [STDERR_REDIRECT] [Fatal Error] :1:1: Premature end of file.
2025-12-20 21:12:57,494 [ERROR] LogOutputStream:75 - [STDERR_REDIRECT] 
2025-12-20 21:12:57,518 [ERROR] LogOutputStream:75 - [STDERR_REDIRECT] [Fatal Error] :1:1: Premature end of file.
2025-12-20 21:12:57,518 [ERROR] LogOutputStream:75 - [STDERR_REDIRECT] 
2025-12-20 21:12:57,542 [ERROR] LogOutputStream:75 - [STDERR_REDIRECT] [Fatal Error] :1:1: Premature end of file.
2025-12-20 21:12:57,542 [ERROR] LogOutputStream:75 - [STDERR_REDIRECT] 
2025-12-20 21:12:57,562 [ERROR] LogOutputStream:75 - [STDERR_REDIRECT] [Fatal Error] :1:1: Premature end of file.
2025-12-20 21:12:57,562 [ERROR] LogOutputStream:75 - [STDERR_REDIRECT] 
2025-12-20 21:12:57,584 [ERROR] LogOutputStream:75 - [STDERR_REDIRECT] [Fatal Error] :1:1: Premature end of file.
2025-12-20 21:12:57,584 [ERROR] LogOutputStream:75 - [STDERR_REDIRECT] 
2025-12-20 21:12:57,609 [ERROR] LogOutputStream:75 - [STDERR_REDIRECT] [Fatal Error] :1:1: Premature end of file.
2025-12-20 21:12:57,609 [ERROR] LogOutputStream:75 - [STDERR_REDIRECT] 
2025-12-20 21:12:57,667 [ERROR] LogOutputStream:75 - [STDERR_REDIRECT] [Fatal Error] :1:1: Premature end of file.
2025-12-20 21:12:57,667 [ERROR] LogOutputStream:75 - [STDERR_REDIRECT] 
2025-12-20 21:12:57,708 [ERROR] LogOutputStream:75 - [STDERR_REDIRECT] [Fatal Error] :1:1: Premature end of file.
2025-12-20 21:12:57,708 [ERROR] LogOutputStream:75 - [STDERR_REDIRECT] 
2025-12-20 21:12:57,743 [ERROR] LogOutputStream:75 - [STDERR_REDIRECT] [Fatal Error] :1:1: Premature end of file.
2025-12-20 21:12:57,743 [ERROR] LogOutputStream:75 - [STDERR_REDIRECT] 
2025-12-20 21:12:57,777 [ERROR] LogOutputStream:75 - [STDERR_REDIRECT] [Fatal Error] :1:1: Premature end of file.
2025-12-20 21:12:57,777 [ERROR] LogOutputStream:75 - [STDERR_REDIRECT] 
2025-12-20 21:12:57,800 [ERROR] LogOutputStream:75 - [STDERR_REDIRECT] [Fatal Error] :1:1: Premature end of file.
2025-12-20 21:12:57,800 [ERROR] LogOutputStream:75 - [STDERR_REDIRECT] 
2025-12-20 21:12:57,823 [ERROR] LogOutputStream:75 - [STDERR_REDIRECT] [Fatal Error] :1:1: Premature end of file.
2025-12-20 21:12:57,823 [ERROR] LogOutputStream:75 - [STDERR_REDIRECT] 
2025-12-20 21:12:57,846 [ERROR] LogOutputStream:75 - [STDERR_REDIRECT] [Fatal Error] :1:1: Premature end of file.
2025-12-20 21:12:57,846 [ERROR] LogOutputStream:75 - [STDERR_REDIRECT] 
2025-12-20 21:12:57,871 [ERROR] LogOutputStream:75 - [STDERR_REDIRECT] [Fatal Error] :1:1: Premature end of file.
2025-12-20 21:12:57,871 [ERROR] LogOutputStream:75 - [STDERR_REDIRECT] 
2025-12-20 21:12:57,894 [ERROR] LogOutputStream:75 - [STDERR_REDIRECT] [Fatal Error] :1:1: Premature end of file.
2025-12-20 21:12:57,894 [ERROR] LogOutputStream:75 - [STDERR_REDIRECT] 
2025-12-20 21:12:57,952 [ERROR] LogOutputStream:75 - [STDERR_REDIRECT] [Fatal Error] :1:1: Premature end of file.
2025-12-20 21:12:57,952 [ERROR] LogOutputStream:75 - [STDERR_REDIRECT] 
2025-12-20 21:12:57,977 [ERROR] LogOutputStream:75 - [STDERR_REDIRECT] [Fatal Error] :1:1: Premature end of file.
2025-12-20 21:12:57,977 [ERROR] LogOutputStream:75 - [STDERR_REDIRECT] 
2025-12-20 21:12:57,999 [ERROR] LogOutputStream:75 - [STDERR_REDIRECT] [Fatal Error] :1:1: Premature end of file.
2025-12-20 21:12:57,999 [ERROR] LogOutputStream:75 - [STDERR_REDIRECT] 
2025-12-20 21:12:58,021 [ERROR] LogOutputStream:75 - [STDERR_REDIRECT] [Fatal Error] :1:1: Premature end of file.
2025-12-20 21:12:58,021 [ERROR] LogOutputStream:75 - [STDERR_REDIRECT] 
2025-12-20 21:12:58,042 [ERROR] LogOutputStream:75 - [STDERR_REDIRECT] [Fatal Error] :1:1: Premature end of file.
2025-12-20 21:12:58,042 [ERROR] LogOutputStream:75 - [STDERR_REDIRECT] 
2025-12-20 21:12:58,065 [ERROR] LogOutputStream:75 - [STDERR_REDIRECT] [Fatal Error] :1:1: Premature end of file.
2025-12-20 21:12:58,065 [ERROR] LogOutputStream:75 - [STDERR_REDIRECT] 
2025-12-20 21:12:58,091 [ERROR] LogOutputStream:75 - [STDERR_REDIRECT] [Fatal Error] :1:1: Premature end of file.
2025-12-20 21:12:58,091 [ERROR] LogOutputStream:75 - [STDERR_REDIRECT] 
2025-12-20 21:12:58,112 [ERROR] LogOutputStream:75 - [STDERR_REDIRECT] [Fatal Error] :1:1: Premature end of file.
2025-12-20 21:12:58,112 [ERROR] LogOutputStream:75 - [STDERR_REDIRECT] 
2025-12-20 21:12:58,139 [ERROR] LogOutputStream:75 - [STDERR_REDIRECT] [Fatal Error] :1:1: Premature end of file.
2025-12-20 21:12:58,139 [ERROR] LogOutputStream:75 - [STDERR_REDIRECT] 
2025-12-20 21:12:58,163 [ERROR] LogOutputStream:75 - [STDERR_REDIRECT] [Fatal Error] :1:1: Premature end of file.
2025-12-20 21:12:58,163 [ERROR] LogOutputStream:75 - [STDERR_REDIRECT] 
2025-12-20 21:12:58,187 [ERROR] LogOutputStream:75 - [STDERR_REDIRECT] [Fatal Error] :1:1: Premature end of file.
2025-12-20 21:12:58,187 [ERROR] LogOutputStream:75 - [STDERR_REDIRECT] 
2025-12-20 21:12:58,205 [ERROR] LogOutputStream:75 - [STDERR_REDIRECT] [Fatal Error] :1:1: Premature end of file.
2025-12-20 21:12:58,205 [ERROR] LogOutputStream:75 - [STDERR_REDIRECT] 
2025-12-20 21:12:58,225 [ERROR] LogOutputStream:75 - [STDERR_REDIRECT] [Fatal Error] :1:1: Premature end of file.
2025-12-20 21:12:58,225 [ERROR] LogOutputStream:75 - [STDERR_REDIRECT] 
2025-12-20 21:12:58,244 [ERROR] LogOutputStream:75 - [STDERR_REDIRECT] [Fatal Error] :1:1: Premature end of file.
2025-12-20 21:12:58,244 [ERROR] LogOutputStream:75 - [STDERR_REDIRECT] 
2025-12-20 21:12:58,266 [ERROR] LogOutputStream:75 - [STDERR_REDIRECT] [Fatal Error] :1:1: Premature end of file.
2025-12-20 21:12:58,267 [ERROR] LogOutputStream:75 - [STDERR_REDIRECT] 
2025-12-20 21:12:58,289 [ERROR] LogOutputStream:75 - [STDERR_REDIRECT] [Fatal Error] :1:1: Premature end of file.
2025-12-20 21:12:58,289 [ERROR] LogOutputStream:75 - [STDERR_REDIRECT] 
2025-12-20 21:12:58,313 [ERROR] LogOutputStream:75 - [STDERR_REDIRECT] [Fatal Error] :1:1: Premature end of file.
2025-12-20 21:12:58,314 [ERROR] LogOutputStream:75 - [STDERR_REDIRECT] 
2025-12-20 21:12:58,338 [ERROR] LogOutputStream:75 - [STDERR_REDIRECT] [Fatal Error] :1:1: Premature end of file.
2025-12-20 21:12:58,338 [ERROR] LogOutputStream:75 - [STDERR_REDIRECT] 
2025-12-20 21:12:58,363 [ERROR] LogOutputStream:75 - [STDERR_REDIRECT] [Fatal Error] :1:1: Premature end of file.
2025-12-20 21:12:58,363 [ERROR] LogOutputStream:75 - [STDERR_REDIRECT] 
2025-12-20 21:12:58,388 [ERROR] LogOutputStream:75 - [STDERR_REDIRECT] [Fatal Error] :1:1: Premature end of file.
2025-12-20 21:12:58,388 [ERROR] LogOutputStream:75 - [STDERR_REDIRECT] 
2025-12-20 21:12:58,416 [ERROR] LogOutputStream:75 - [STDERR_REDIRECT] [Fatal Error] :1:1: Premature end of file.
2025-12-20 21:12:58,417 [ERROR] LogOutputStream:75 - [STDERR_REDIRECT] 
2025-12-20 21:12:58,444 [ERROR] LogOutputStream:75 - [STDERR_REDIRECT] [Fatal Error] :1:1: Premature end of file.
2025-12-20 21:12:58,444 [ERROR] LogOutputStream:75 - [STDERR_REDIRECT] 
2025-12-20 21:12:58,473 [ERROR] LogOutputStream:75 - [STDERR_REDIRECT] [Fatal Error] :1:1: Premature end of file.
2025-12-20 21:12:58,473 [ERROR] LogOutputStream:75 - [STDERR_REDIRECT] 
2025-12-20 21:12:58,505 [ERROR] LogOutputStream:75 - [STDERR_REDIRECT] [Fatal Error] :1:1: Premature end of file.
2025-12-20 21:12:58,505 [ERROR] LogOutputStream:75 - [STDERR_REDIRECT] 
2025-12-20 21:12:58,536 [ERROR] LogOutputStream:75 - [STDERR_REDIRECT] [Fatal Error] :1:1: Premature end of file.
2025-12-20 21:12:58,536 [ERROR] LogOutputStream:75 - [STDERR_REDIRECT] 
2025-12-20 21:12:58,571 [ERROR] LogOutputStream:75 - [STDERR_REDIRECT] [Fatal Error] :1:1: Premature end of file.
2025-12-20 21:12:58,571 [ERROR] LogOutputStream:75 - [STDERR_REDIRECT] 
2025-12-20 21:12:58,605 [ERROR] LogOutputStream:75 - [STDERR_REDIRECT] [Fatal Error] :1:1: Premature end of file.
2025-12-20 21:12:58,605 [ERROR] LogOutputStream:75 - [STDERR_REDIRECT] 
2025-12-20 21:12:58,635 [ERROR] LogOutputStream:75 - [STDERR_REDIRECT] [Fatal Error] :1:1: Premature end of file.
2025-12-20 21:12:58,636 [ERROR] LogOutputStream:75 - [STDERR_REDIRECT] 
2025-12-20 21:12:58,671 [ERROR] LogOutputStream:75 - [STDERR_REDIRECT] [Fatal Error] :1:1: Premature end of file.
2025-12-20 21:12:58,671 [ERROR] LogOutputStream:75 - [STDERR_REDIRECT] 
2025-12-20 21:12:58,704 [ERROR] LogOutputStream:75 - [STDERR_REDIRECT] [Fatal Error] :1:1: Premature end of file.
2025-12-20 21:12:58,704 [ERROR] LogOutputStream:75 - [STDERR_REDIRECT] 
2025-12-20 21:12:58,744 [ERROR] LogOutputStream:75 - [STDERR_REDIRECT] [Fatal Error] :1:1: Premature end of file.
2025-12-20 21:12:58,744 [ERROR] LogOutputStream:75 - [STDERR_REDIRECT] 
2025-12-20 21:12:58,775 [ERROR] LogOutputStream:75 - [STDERR_REDIRECT] [Fatal Error] :1:1: Premature end of file.
2025-12-20 21:12:58,775 [ERROR] LogOutputStream:75 - [STDERR_REDIRECT] 
2025-12-20 21:12:58,807 [ERROR] LogOutputStream:75 - [STDERR_REDIRECT] [Fatal Error] :1:1: Premature end of file.
2025-12-20 21:12:58,807 [ERROR] LogOutputStream:75 - [STDERR_REDIRECT] 
2025-12-20 21:12:58,833 [ERROR] LogOutputStream:75 - [STDERR_REDIRECT] [Fatal Error] :1:1: Premature end of file.
2025-12-20 21:12:58,833 [ERROR] LogOutputStream:75 - [STDERR_REDIRECT] 
2025-12-20 21:12:58,864 [ERROR] LogOutputStream:75 - [STDERR_REDIRECT] [Fatal Error] :1:1: Premature end of file.
2025-12-20 21:12:58,864 [ERROR] LogOutputStream:75 - [STDERR_REDIRECT] 
2025-12-20 21:12:58,897 [ERROR] LogOutputStream:75 - [STDERR_REDIRECT] [Fatal Error] :1:1: Premature end of file.
2025-12-20 21:12:58,897 [ERROR] LogOutputStream:75 - [STDERR_REDIRECT] 
2025-12-20 21:12:58,931 [ERROR] LogOutputStream:75 - [STDERR_REDIRECT] [Fatal Error] :1:1: Premature end of file.
2025-12-20 21:12:58,931 [ERROR] LogOutputStream:75 - [STDERR_REDIRECT] 
2025-12-20 21:12:58,962 [ERROR] LogOutputStream:75 - [STDERR_REDIRECT] [Fatal Error] :1:1: Premature end of file.
2025-12-20 21:12:58,962 [ERROR] LogOutputStream:75 - [STDERR_REDIRECT] 
2025-12-20 21:12:58,998 [ERROR] LogOutputStream:75 - [STDERR_REDIRECT] [Fatal Error] :1:1: Premature end of file.
2025-12-20 21:12:58,998 [ERROR] LogOutputStream:75 - [STDERR_REDIRECT] 
2025-12-20 21:12:59,032 [ERROR] LogOutputStream:75 - [STDERR_REDIRECT] [Fatal Error] :1:1: Premature end of file.
2025-12-20 21:12:59,032 [ERROR] LogOutputStream:75 - [STDERR_REDIRECT] 
2025-12-20 21:12:59,064 [ERROR] LogOutputStream:75 - [STDERR_REDIRECT] [Fatal Error] :1:1: Premature end of file.
2025-12-20 21:12:59,064 [ERROR] LogOutputStream:75 - [STDERR_REDIRECT] 
2025-12-20 21:12:59,096 [ERROR] LogOutputStream:75 - [STDERR_REDIRECT] [Fatal Error] :1:1: Premature end of file.
2025-12-20 21:12:59,096 [ERROR] LogOutputStream:75 - [STDERR_REDIRECT] 
2025-12-20 21:12:59,125 [ERROR] LogOutputStream:75 - [STDERR_REDIRECT] [Fatal Error] :1:1: Premature end of file.
2025-12-20 21:12:59,126 [ERROR] LogOutputStream:75 - [STDERR_REDIRECT] 
2025-12-20 21:12:59,153 [ERROR] LogOutputStream:75 - [STDERR_REDIRECT] [Fatal Error] :1:1: Premature end of file.
2025-12-20 21:12:59,153 [ERROR] LogOutputStream:75 - [STDERR_REDIRECT] 
2025-12-20 21:12:59,181 [ERROR] LogOutputStream:75 - [STDERR_REDIRECT] [Fatal Error] :1:1: Premature end of file.
2025-12-20 21:12:59,181 [ERROR] LogOutputStream:75 - [STDERR_REDIRECT] 
2025-12-20 21:12:59,208 [ERROR] LogOutputStream:75 - [STDERR_REDIRECT] [Fatal Error] :1:1: Premature end of file.
2025-12-20 21:12:59,208 [ERROR] LogOutputStream:75 - [STDERR_REDIRECT] 
2025-12-20 21:12:59,239 [ERROR] LogOutputStream:75 - [STDERR_REDIRECT] [Fatal Error] :1:1: Premature end of file.
2025-12-20 21:12:59,239 [ERROR] LogOutputStream:75 - [STDERR_REDIRECT] 
2025-12-20 21:12:59,271 [ERROR] LogOutputStream:75 - [STDERR_REDIRECT] [Fatal Error] :1:1: Premature end of file.
2025-12-20 21:12:59,271 [ERROR] LogOutputStream:75 - [STDERR_REDIRECT] 
2025-12-20 21:12:59,303 [ERROR] LogOutputStream:75 - [STDERR_REDIRECT] [Fatal Error] :1:1: Premature end of file.
2025-12-20 21:12:59,303 [ERROR] LogOutputStream:75 - [STDERR_REDIRECT] 
2025-12-20 21:12:59,327 [ERROR] LogOutputStream:75 - [STDERR_REDIRECT] [Fatal Error] :1:1: Premature end of file.
2025-12-20 21:12:59,327 [ERROR] LogOutputStream:75 - [STDERR_REDIRECT] 
2025-12-20 21:12:59,357 [ERROR] LogOutputStream:75 - [STDERR_REDIRECT] [Fatal Error] :1:1: Premature end of file.
2025-12-20 21:12:59,358 [ERROR] LogOutputStream:75 - [STDERR_REDIRECT] 
2025-12-20 21:12:59,389 [ERROR] LogOutputStream:75 - [STDERR_REDIRECT] [Fatal Error] :1:1: Premature end of file.
2025-12-20 21:12:59,389 [ERROR] LogOutputStream:75 - [STDERR_REDIRECT] 
2025-12-20 21:12:59,422 [ERROR] LogOutputStream:75 - [STDERR_REDIRECT] [Fatal Error] :1:1: Premature end of file.
2025-12-20 21:12:59,422 [ERROR] LogOutputStream:75 - [STDERR_REDIRECT] 
2025-12-20 21:12:59,457 [ERROR] LogOutputStream:75 - [STDERR_REDIRECT] [Fatal Error] :1:1: Premature end of file.
2025-12-20 21:12:59,457 [ERROR] LogOutputStream:75 - [STDERR_REDIRECT] 
2025-12-20 21:12:59,489 [ERROR] LogOutputStream:75 - [STDERR_REDIRECT] [Fatal Error] :1:1: Premature end of file.
2025-12-20 21:12:59,489 [ERROR] LogOutputStream:75 - [STDERR_REDIRECT] 
2025-12-20 21:12:59,514 [ERROR] LogOutputStream:75 - [STDERR_REDIRECT] [Fatal Error] :1:1: Premature end of file.
2025-12-20 21:12:59,514 [ERROR] LogOutputStream:75 - [STDERR_REDIRECT] 
2025-12-20 21:12:59,542 [ERROR] LogOutputStream:75 - [STDERR_REDIRECT] [Fatal Error] :1:1: Premature end of file.
2025-12-20 21:12:59,542 [ERROR] LogOutputStream:75 - [STDERR_REDIRECT] 
2025-12-20 21:12:59,571 [ERROR] LogOutputStream:75 - [STDERR_REDIRECT] [Fatal Error] :1:1: Premature end of file.
2025-12-20 21:12:59,571 [ERROR] LogOutputStream:75 - [STDERR_REDIRECT] 
2025-12-20 21:12:59,599 [ERROR] LogOutputStream:75 - [STDERR_REDIRECT] [Fatal Error] :1:1: Premature end of file.
2025-12-20 21:12:59,599 [ERROR] LogOutputStream:75 - [STDERR_REDIRECT] 
2025-12-20 21:12:59,625 [ERROR] LogOutputStream:75 - [STDERR_REDIRECT] [Fatal Error] :1:1: Premature end of file.
2025-12-20 21:12:59,625 [ERROR] LogOutputStream:75 - [STDERR_REDIRECT] 
2025-12-20 21:12:59,655 [ERROR] LogOutputStream:75 - [STDERR_REDIRECT] [Fatal Error] :1:1: Premature end of file.
2025-12-20 21:12:59,655 [ERROR] LogOutputStream:75 - [STDERR_REDIRECT] 
2025-12-20 21:12:59,682 [ERROR] LogOutputStream:75 - [STDERR_REDIRECT] [Fatal Error] :1:1: Premature end of file.
2025-12-20 21:12:59,682 [ERROR] LogOutputStream:75 - [STDERR_REDIRECT] 
2025-12-20 21:12:59,714 [ERROR] LogOutputStream:75 - [STDERR_REDIRECT] [Fatal Error] :1:1: Premature end of file.
2025-12-20 21:12:59,715 [ERROR] LogOutputStream:75 - [STDERR_REDIRECT] 
2025-12-20 21:12:59,739 [ERROR] LogOutputStream:75 - [STDERR_REDIRECT] [Fatal Error] :1:1: Premature end of file.
2025-12-20 21:12:59,739 [ERROR] LogOutputStream:75 - [STDERR_REDIRECT] 
2025-12-20 21:12:59,766 [ERROR] LogOutputStream:75 - [STDERR_REDIRECT] [Fatal Error] :1:1: Premature end of file.
2025-12-20 21:12:59,766 [ERROR] LogOutputStream:75 - [STDERR_REDIRECT] 
2025-12-20 21:12:59,788 [ERROR] LogOutputStream:75 - [STDERR_REDIRECT] [Fatal Error] :1:1: Premature end of file.
2025-12-20 21:12:59,789 [ERROR] LogOutputStream:75 - [STDERR_REDIRECT] 
2025-12-20 21:12:59,814 [ERROR] LogOutputStream:75 - [STDERR_REDIRECT] [Fatal Error] :1:1: Premature end of file.
2025-12-20 21:12:59,815 [ERROR] LogOutputStream:75 - [STDERR_REDIRECT] 
2025-12-20 21:12:59,847 [ERROR] LogOutputStream:75 - [STDERR_REDIRECT] [Fatal Error] :1:1: Premature end of file.
2025-12-20 21:12:59,847 [ERROR] LogOutputStream:75 - [STDERR_REDIRECT] 
2025-12-20 21:12:59,872 [ERROR] LogOutputStream:75 - [STDERR_REDIRECT] [Fatal Error] :1:1: Premature end of file.
2025-12-20 21:12:59,872 [ERROR] LogOutputStream:75 - [STDERR_REDIRECT] 
2025-12-20 21:12:59,892 [ERROR] LogOutputStream:75 - [STDERR_REDIRECT] [Fatal Error] :1:1: Premature end of file.
2025-12-20 21:12:59,892 [ERROR] LogOutputStream:75 - [STDERR_REDIRECT] 
2025-12-20 21:12:59,914 [ERROR] LogOutputStream:75 - [STDERR_REDIRECT] [Fatal Error] :1:1: Premature end of file.
2025-12-20 21:12:59,914 [ERROR] LogOutputStream:75 - [STDERR_REDIRECT] 
2025-12-20 21:12:59,941 [ERROR] LogOutputStream:75 - [STDERR_REDIRECT] [Fatal Error] :1:1: Premature end of file.
2025-12-20 21:12:59,941 [ERROR] LogOutputStream:75 - [STDERR_REDIRECT] 
2025-12-20 21:12:59,963 [ERROR] LogOutputStream:75 - [STDERR_REDIRECT] [Fatal Error] :1:1: Premature end of file.
2025-12-20 21:12:59,963 [ERROR] LogOutputStream:75 - [STDERR_REDIRECT] 
2025-12-20 21:12:59,989 [ERROR] LogOutputStream:75 - [STDERR_REDIRECT] [Fatal Error] :1:1: Premature end of file.
2025-12-20 21:12:59,989 [ERROR] LogOutputStream:75 - [STDERR_REDIRECT] 
2025-12-20 21:13:00,012 [ERROR] LogOutputStream:75 - [STDERR_REDIRECT] [Fatal Error] :1:1: Premature end of file.
2025-12-20 21:13:00,012 [ERROR] LogOutputStream:75 - [STDERR_REDIRECT] 
2025-12-20 21:13:00,033 [ERROR] LogOutputStream:75 - [STDERR_REDIRECT] [Fatal Error] :1:1: Premature end of file.
2025-12-20 21:13:00,033 [ERROR] LogOutputStream:75 - [STDERR_REDIRECT] 
2025-12-20 21:13:00,061 [ERROR] LogOutputStream:75 - [STDERR_REDIRECT] [Fatal Error] :1:1: Premature end of file.
2025-12-20 21:13:00,061 [ERROR] LogOutputStream:75 - [STDERR_REDIRECT] 
2025-12-20 21:13:00,089 [ERROR] LogOutputStream:75 - [STDERR_REDIRECT] [Fatal Error] :1:1: Premature end of file.
2025-12-20 21:13:00,089 [ERROR] LogOutputStream:75 - [STDERR_REDIRECT] 
2025-12-20 21:13:00,118 [ERROR] LogOutputStream:75 - [STDERR_REDIRECT] [Fatal Error] :1:1: Premature end of file.
2025-12-20 21:13:00,118 [ERROR] LogOutputStream:75 - [STDERR_REDIRECT] 
2025-12-20 21:13:00,139 [ERROR] LogOutputStream:75 - [STDERR_REDIRECT] [Fatal Error] :1:1: Premature end of file.
2025-12-20 21:13:00,139 [ERROR] LogOutputStream:75 - [STDERR_REDIRECT] 
2025-12-20 21:13:00,162 [ERROR] LogOutputStream:75 - [STDERR_REDIRECT] [Fatal Error] :1:1: Premature end of file.
2025-12-20 21:13:00,162 [ERROR] LogOutputStream:75 - [STDERR_REDIRECT] 
2025-12-20 21:13:00,184 [ERROR] LogOutputStream:75 - [STDERR_REDIRECT] [Fatal Error] :1:1: Premature end of file.
2025-12-20 21:13:00,185 [ERROR] LogOutputStream:75 - [STDERR_REDIRECT] 
2025-12-20 21:13:00,212 [ERROR] LogOutputStream:75 - [STDERR_REDIRECT] [Fatal Error] :1:1: Premature end of file.
2025-12-20 21:13:00,212 [ERROR] LogOutputStream:75 - [STDERR_REDIRECT] 
2025-12-20 21:13:00,236 [ERROR] LogOutputStream:75 - [STDERR_REDIRECT] [Fatal Error] :1:1: Premature end of file.
2025-12-20 21:13:00,236 [ERROR] LogOutputStream:75 - [STDERR_REDIRECT] 
2025-12-20 21:13:00,274 [ERROR] LogOutputStream:75 - [STDERR_REDIRECT] [Fatal Error] :1:1: Premature end of file.
2025-12-20 21:13:00,274 [ERROR] LogOutputStream:75 - [STDERR_REDIRECT] 
2025-12-20 21:13:00,308 [ERROR] LogOutputStream:75 - [STDERR_REDIRECT] [Fatal Error] :1:1: Premature end of file.
2025-12-20 21:13:00,308 [ERROR] LogOutputStream:75 - [STDERR_REDIRECT] 
2025-12-20 21:13:00,338 [ERROR] LogOutputStream:75 - [STDERR_REDIRECT] [Fatal Error] :1:1: Premature end of file.
2025-12-20 21:13:00,338 [ERROR] LogOutputStream:75 - [STDERR_REDIRECT] 
2025-12-20 21:13:00,364 [ERROR] LogOutputStream:75 - [STDERR_REDIRECT] [Fatal Error] :1:1: Premature end of file.
2025-12-20 21:13:00,364 [ERROR] LogOutputStream:75 - [STDERR_REDIRECT] 
2025-12-20 21:13:00,394 [ERROR] LogOutputStream:75 - [STDERR_REDIRECT] [Fatal Error] :1:1: Premature end of file.
2025-12-20 21:13:00,394 [ERROR] LogOutputStream:75 - [STDERR_REDIRECT] 
2025-12-20 21:13:00,423 [ERROR] LogOutputStream:75 - [STDERR_REDIRECT] [Fatal Error] :1:1: Premature end of file.
2025-12-20 21:13:00,423 [ERROR] LogOutputStream:75 - [STDERR_REDIRECT] 
2025-12-20 21:13:00,450 [ERROR] LogOutputStream:75 - [STDERR_REDIRECT] [Fatal Error] :1:1: Premature end of file.
2025-12-20 21:13:00,450 [ERROR] LogOutputStream:75 - [STDERR_REDIRECT] 
2025-12-20 21:13:00,476 [ERROR] LogOutputStream:75 - [STDERR_REDIRECT] [Fatal Error] :1:1: Premature end of file.
2025-12-20 21:13:00,476 [ERROR] LogOutputStream:75 - [STDERR_REDIRECT] 
2025-12-20 21:13:00,504 [ERROR] LogOutputStream:75 - [STDERR_REDIRECT] [Fatal Error] :1:1: Premature end of file.
2025-12-20 21:13:00,504 [ERROR] LogOutputStream:75 - [STDERR_REDIRECT] 
2025-12-20 21:13:00,535 [ERROR] LogOutputStream:75 - [STDERR_REDIRECT] [Fatal Error] :1:1: Premature end of file.
2025-12-20 21:13:00,536 [ERROR] LogOutputStream:75 - [STDERR_REDIRECT] 
2025-12-20 21:13:00,565 [ERROR] LogOutputStream:75 - [STDERR_REDIRECT] [Fatal Error] :1:1: Premature end of file.
2025-12-20 21:13:00,565 [ERROR] LogOutputStream:75 - [STDERR_REDIRECT] 
2025-12-20 21:13:00,598 [ERROR] LogOutputStream:75 - [STDERR_REDIRECT] [Fatal Error] :1:1: Premature end of file.
2025-12-20 21:13:00,598 [ERROR] LogOutputStream:75 - [STDERR_REDIRECT] 
2025-12-20 21:13:00,686 [ERROR] LogOutputStream:75 - [STDERR_REDIRECT] [Fatal Error] :1:1: Premature end of file.
2025-12-20 21:13:00,687 [ERROR] LogOutputStream:75 - [STDERR_REDIRECT] 
2025-12-20 21:13:00,772 [ERROR] LogOutputStream:75 - [STDERR_REDIRECT] [Fatal Error] :1:1: Premature end of file.
2025-12-20 21:13:00,773 [ERROR] LogOutputStream:75 - [STDERR_REDIRECT] 
2025-12-20 21:13:00,851 [ERROR] LogOutputStream:75 - [STDERR_REDIRECT] [Fatal Error] :1:1: Premature end of file.
2025-12-20 21:13:00,851 [ERROR] LogOutputStream:75 - [STDERR_REDIRECT] 
2025-12-20 21:13:00,927 [ERROR] LogOutputStream:75 - [STDERR_REDIRECT] [Fatal Error] :1:1: Premature end of file.
2025-12-20 21:13:00,927 [ERROR] LogOutputStream:75 - [STDERR_REDIRECT] 
2025-12-20 21:13:01,003 [ERROR] LogOutputStream:75 - [STDERR_REDIRECT] [Fatal Error] :1:1: Premature end of file.
2025-12-20 21:13:01,003 [ERROR] LogOutputStream:75 - [STDERR_REDIRECT] 
2025-12-20 21:13:01,067 [ERROR] LogOutputStream:75 - [STDERR_REDIRECT] [Fatal Error] :1:1: Premature end of file.
2025-12-20 21:13:01,067 [ERROR] LogOutputStream:75 - [STDERR_REDIRECT] 
2025-12-20 21:13:01,134 [ERROR] LogOutputStream:75 - [STDERR_REDIRECT] [Fatal Error] :1:1: Premature end of file.
2025-12-20 21:13:01,135 [ERROR] LogOutputStream:75 - [STDERR_REDIRECT] 
2025-12-20 21:13:01,137 [ERROR] LogOutputStream:75 - [STDERR_REDIRECT] Exception in thread "Serial Ports Filter" java.lang.NullPointerException: Cannot invoke "org.eclipse.core.resources.ResourcesPlugin.getLog()" because the return value of "org.eclipse.core.resources.ResourcesPlugin.getPlugin()" is null
2025-12-20 21:13:01,138 [ERROR] LogOutputStream:75 - [STDERR_REDIRECT] 	at com.st.stm32cube.common.logger.MCULoggerPlugin.log(MCULoggerPlugin.java:84)
2025-12-20 21:13:01,138 [ERROR] LogOutputStream:75 - [STDERR_REDIRECT] 	at com.st.stm32cube.common.logger.MCULoggerPlugin.logException(MCULoggerPlugin.java:116)
2025-12-20 21:13:01,138 [ERROR] LogOutputStream:75 - [STDERR_REDIRECT] 	at com.st.stm32cube.ide.mpu.remote.serial.internal.SerialPortProviderWindows.run(SerialPortProviderWindows.java:156)
2025-12-20 21:13:01,139 [ERROR] LogOutputStream:75 - [STDERR_REDIRECT] 	at java.base/java.util.TimerThread.mainLoop(Timer.java:566)
2025-12-20 21:13:01,139 [ERROR] LogOutputStream:75 - [STDERR_REDIRECT] 	at java.base/java.util.TimerThread.run(Timer.java:516)
