2026-01-12 12:02:27,799 [INFO] Activator:176 - 


2026-01-12 12:02:27,815 [INFO] Activator:177 - !SESSION log4j initialized
2026-01-12 12:02:32,081 [INFO] LogOutputStream:77 - [STDOUT_REDIRECT] 
2026-01-12 12:02:33,798 [INFO] ApplicationProperties:184 - Using Application install path: C:\ST\STM32CubeIDE_1.19.0\STM32CubeIDE\plugins\com.st.stm32cube.common.mx_6.15.0.202507011659
2026-01-12 12:02:33,814 [INFO] DbMcusXml:78 - Set database path to: C:\ST\STM32CubeIDE_1.19.0\STM32CubeIDE\plugins\com.st.stm32cube.common.mx_6.15.0.202507011659\\db\/mcu/
2026-01-12 12:02:33,814 [INFO] ApiDb:274 - Set plugin database path to: C:\ST\STM32CubeIDE_1.19.0\STM32CubeIDE\plugins\com.st.stm32cube.common.mx_6.15.0.202507011659\\db\/plugins/boardmanager/
2026-01-12 12:02:33,814 [WARN] ApiDb:259 - Overriding images path with different value:  => C:\ST\STM32CubeIDE_1.19.0\STM32CubeIDE\plugins\com.st.stm32cube.common.mx_6.15.0.202507011659\\db\/plugins/mcufinder/images/
2026-01-12 12:02:33,823 [INFO] ApiDb:250 - Set database path to: C:\Users\kerem\.stmcufinder\plugins\mcufinder//mcu/
2026-01-12 12:02:33,824 [INFO] DbMcusAds:125 - Set database path to: C:\Users\kerem\.stmcufinder\plugins\mcufinder//mcu/
2026-01-12 12:02:33,826 [INFO] CrossReferenceDbSqlite:203 - Set database path to: C:\Users\kerem\.stmcufinder\plugins\mcufinder//mcu/cs/
2026-01-12 12:02:33,915 [INFO] RulesReader:64 - Compatibility file has been processed (317 Rules)
2026-01-12 12:02:33,978 [INFO] DbMcusXml:78 - Set database path to: C:\ST\STM32CubeIDE_1.19.0\STM32CubeIDE\plugins\com.st.stm32cube.common.mx_6.15.0.202507011659\\db\/mcu/
2026-01-12 12:02:33,978 [INFO] ApiDb:274 - Set plugin database path to: C:\ST\STM32CubeIDE_1.19.0\STM32CubeIDE\plugins\com.st.stm32cube.common.mx_6.15.0.202507011659\\db\/plugins/boardmanager/
2026-01-12 12:02:33,978 [INFO] ApiDb:261 - Set plugin images path to: C:\ST\STM32CubeIDE_1.19.0\STM32CubeIDE\plugins\com.st.stm32cube.common.mx_6.15.0.202507011659\\db\/plugins/mcufinder/images/
2026-01-12 12:02:33,978 [WARN] DbFile:41 - Overriding database path with different value: C:\Users\kerem\.stmcufinder\plugins\mcufinder/ => C:\Users\kerem\.stmcufinder\plugins\mcufinder
2026-01-12 12:02:33,978 [INFO] ApiDb:250 - Set database path to: C:\Users\kerem\.stmcufinder\plugins\mcufinder//mcu/
2026-01-12 12:02:33,978 [WARN] DbFile:41 - Overriding database path with different value: C:\Users\kerem\.stmcufinder\plugins\mcufinder/ => C:\Users\kerem\.stmcufinder\plugins\mcufinder
2026-01-12 12:02:33,978 [INFO] DbMcusAds:125 - Set database path to: C:\Users\kerem\.stmcufinder\plugins\mcufinder//mcu/
2026-01-12 12:02:33,978 [WARN] DbFile:41 - Overriding database path with different value: C:\Users\kerem\.stmcufinder\plugins\mcufinder/ => C:\Users\kerem\.stmcufinder\plugins\mcufinder
2026-01-12 12:02:33,978 [WARN] DbFile:41 - Overriding database path with different value: C:\Users\kerem\.stmcufinder\plugins\mcufinder/ => C:\Users\kerem\.stmcufinder\plugins\mcufinder
2026-01-12 12:02:33,978 [INFO] CrossReferenceDbSqlite:203 - Set database path to: C:\Users\kerem\.stmcufinder\plugins\mcufinder//mcu/cs/
2026-01-12 12:02:34,056 [INFO] MainPanel:274 - HeapMemory: 268435456
2026-01-12 12:02:34,164 [INFO] DbMcusXml:78 - Set database path to: C:\ST\STM32CubeIDE_1.19.0\STM32CubeIDE\plugins\com.st.stm32cube.common.mx_6.15.0.202507011659\\db\/mcu/
2026-01-12 12:02:34,164 [INFO] ApiDb:274 - Set plugin database path to: C:\ST\STM32CubeIDE_1.19.0\STM32CubeIDE\plugins\com.st.stm32cube.common.mx_6.15.0.202507011659\\db\/plugins/boardmanager/
2026-01-12 12:02:34,164 [INFO] ApiDb:261 - Set plugin images path to: C:\ST\STM32CubeIDE_1.19.0\STM32CubeIDE\plugins\com.st.stm32cube.common.mx_6.15.0.202507011659\\db\/plugins/mcufinder/images/
2026-01-12 12:02:34,165 [WARN] DbFile:41 - Overriding database path with different value: C:\Users\kerem\.stmcufinder\plugins\mcufinder/ => C:\Users\kerem\.stmcufinder\plugins\mcufinder
2026-01-12 12:02:34,165 [INFO] ApiDb:250 - Set database path to: C:\Users\kerem\.stmcufinder\plugins\mcufinder//mcu/
2026-01-12 12:02:34,165 [WARN] DbFile:41 - Overriding database path with different value: C:\Users\kerem\.stmcufinder\plugins\mcufinder/ => C:\Users\kerem\.stmcufinder\plugins\mcufinder
2026-01-12 12:02:34,165 [INFO] DbMcusAds:125 - Set database path to: C:\Users\kerem\.stmcufinder\plugins\mcufinder//mcu/
2026-01-12 12:02:34,165 [WARN] DbFile:41 - Overriding database path with different value: C:\Users\kerem\.stmcufinder\plugins\mcufinder/ => C:\Users\kerem\.stmcufinder\plugins\mcufinder
2026-01-12 12:02:34,165 [WARN] DbFile:41 - Overriding database path with different value: C:\Users\kerem\.stmcufinder\plugins\mcufinder/ => C:\Users\kerem\.stmcufinder\plugins\mcufinder
2026-01-12 12:02:34,165 [INFO] CrossReferenceDbSqlite:203 - Set database path to: C:\Users\kerem\.stmcufinder\plugins\mcufinder//mcu/cs/
2026-01-12 12:02:34,180 [INFO] ApplicationProperties:184 - Using Application install path: C:\ST\STM32CubeIDE_1.19.0\STM32CubeIDE\plugins\com.st.stm32cube.common.mx_6.15.0.202507011659
2026-01-12 12:02:34,181 [INFO] PluginManage:196 - Search for loadable plugins [exclusion list=, ]
2026-01-12 12:02:34,182 [INFO] PluginManage:310 - Check plugin analytics
2026-01-12 12:02:34,355 [INFO] AnalyticsPlugin:253 - Accepted Software Licenses: STM32CubeMX.6.15.0
2026-01-12 12:02:34,356 [INFO] AnalyticsPlugin:255 - Accepted CMSIS Pack Licenses: STMicroelectronics.X-CUBE-BLE1.7.1.0,STMicroelectronics.X-CUBE-BLEMGR.4.1.0,Infineon.AIROC-Wi-Fi-Bluetooth-STM32.1.7.1,STMicroelectronics.FP-SNS-STBOX1.2.1.0
2026-01-12 12:02:34,356 [INFO] AnalyticsPlugin:257 - Accepted Firmware Licenses: FW.U5.1.8.0
2026-01-12 12:02:34,358 [INFO] PluginManage:359 - Loaded plugin analytics (category:tool,tabindex:-1)
2026-01-12 12:02:34,359 [INFO] PluginManage:310 - Check plugin cadmodel
2026-01-12 12:02:34,365 [INFO] CADModel:105 - Init CAD model plugin
2026-01-12 12:02:34,365 [INFO] PluginManage:359 - Loaded plugin cadmodel (category:power,tabindex:5)
2026-01-12 12:02:34,366 [INFO] PluginManage:310 - Check plugin clock
2026-01-12 12:02:34,377 [INFO] PluginManage:359 - Loaded plugin clock (category:base,tabindex:2)
2026-01-12 12:02:34,377 [INFO] PluginManage:310 - Check plugin ddr
2026-01-12 12:02:34,381 [INFO] PluginManage:359 - Loaded plugin ddr (category:tool,tabindex:6)
2026-01-12 12:02:34,381 [INFO] PluginManage:310 - Check plugin filemanager
2026-01-12 12:02:34,502 [INFO] PluginManage:359 - Loaded plugin filemanager (category:base,tabindex:10)
2026-01-12 12:02:34,502 [INFO] PluginManage:310 - Check plugin ipmanager
2026-01-12 12:02:34,508 [INFO] PluginManage:359 - Loaded plugin ipmanager (category:base,tabindex:5)
2026-01-12 12:02:34,508 [INFO] PluginManage:310 - Check plugin lpbam
2026-01-12 12:02:34,514 [INFO] PluginManage:359 - Loaded plugin lpbam (category:base,tabindex:0)
2026-01-12 12:02:34,514 [INFO] PluginManage:310 - Check plugin memorymap
2026-01-12 12:02:34,527 [INFO] PluginManage:359 - Loaded plugin memorymap (category:base,tabindex:4)
2026-01-12 12:02:34,527 [INFO] PluginManage:310 - Check plugin pinoutandconfiguration
2026-01-12 12:02:34,537 [INFO] PluginManage:359 - Loaded plugin pinoutandconfiguration (category:base,tabindex:1)
2026-01-12 12:02:34,537 [INFO] PluginManage:310 - Check plugin pinoutconfig
2026-01-12 12:02:34,602 [WARN] SupportedApi:132 - Cannot load RTOS API schema: s4s-elt-must-match.1: The content of 'definitions' must match (annotation?, (simpleType | complexType)?, (unique | key | keyref)*)). A problem was found starting at: attribute.
2026-01-12 12:02:34,710 [INFO] PluginManage:359 - Loaded plugin pinoutconfig (category:base,tabindex:0)
2026-01-12 12:02:34,710 [INFO] PluginManage:310 - Check plugin power
2026-01-12 12:02:34,719 [INFO] PluginManage:359 - Loaded plugin power (category:power,tabindex:4)
2026-01-12 12:02:34,719 [INFO] PluginManage:310 - Check plugin projectmanager
2026-01-12 12:02:34,732 [INFO] PluginManage:359 - Loaded plugin projectmanager (category:projectmanager,tabindex:4)
2026-01-12 12:02:34,732 [INFO] PluginManage:310 - Check plugin rif
2026-01-12 12:02:34,741 [INFO] PluginManage:359 - Loaded plugin rif (category:base,tabindex:3)
2026-01-12 12:02:34,741 [INFO] PluginManage:310 - Check plugin thirdparty
2026-01-12 12:02:34,867 [WARN] IntegrityCheckThread:84 - waiting for thirdparty lock release [integrity check]
2026-01-12 12:02:34,868 [INFO] PluginManage:359 - Loaded plugin thirdparty (category:base,tabindex:-1)
2026-01-12 12:02:34,868 [INFO] IntegrityCheckThread:86 - entering critical section [integrity check]
2026-01-12 12:02:34,868 [INFO] PluginManage:310 - Check plugin tools
2026-01-12 12:02:34,868 [INFO] ThirdPartyUpdaterWithRetryManager:70 - Updater plugin not ready yet. [1/15]
2026-01-12 12:02:34,870 [INFO] PluginManage:359 - Loaded plugin tools (category:base,tabindex:7)
2026-01-12 12:02:34,871 [INFO] PluginManage:310 - Check plugin tutovideos
2026-01-12 12:02:35,033 [INFO] PluginManage:359 - Loaded plugin tutovideos (category:base,tabindex:-1)
2026-01-12 12:02:35,033 [INFO] PluginManage:310 - Check plugin updater
2026-01-12 12:02:35,052 [INFO] PluginManage:359 - Loaded plugin updater (category:base,tabindex:12)
2026-01-12 12:02:35,052 [INFO] PluginManage:310 - Check plugin userauth
2026-01-12 12:02:35,056 [INFO] UserAuth:118 - Init User Auth plugin
2026-01-12 12:02:35,057 [INFO] PluginManage:359 - Loaded plugin userauth (category:base,tabindex:14)
2026-01-12 12:02:35,057 [INFO] PluginManage:283 - PluginManage : Loaded plugins [18]
2026-01-12 12:02:35,214 [INFO] PinOutPanel:1589 - setPackage(No Configuration,No Configuration)
2026-01-12 12:02:35,281 [INFO] CADModel:165 - CPN selected for project level
2026-01-12 12:02:35,281 [INFO] CADModel:114 - Register for checkConnection events
2026-01-12 12:02:35,300 [INFO] IPUIPlugin:80 - create IPUIPlugin
2026-01-12 12:02:35,300 [INFO] PluginManager:220 - loadIPPluginJar : add adc
2026-01-12 12:02:35,302 [INFO] IPUIPlugin:80 - create IPUIPlugin
2026-01-12 12:02:35,303 [INFO] PluginManager:220 - loadIPPluginJar : add aes
2026-01-12 12:02:35,305 [INFO] IPUIPlugin:80 - create IPUIPlugin
2026-01-12 12:02:35,305 [INFO] PluginManager:220 - loadIPPluginJar : add can
2026-01-12 12:02:35,307 [INFO] IPUIPlugin:80 - create IPUIPlugin
2026-01-12 12:02:35,307 [INFO] PluginManager:220 - loadIPPluginJar : add comp
2026-01-12 12:02:35,309 [INFO] IPUIPlugin:80 - create IPUIPlugin
2026-01-12 12:02:35,309 [INFO] PluginManager:220 - loadIPPluginJar : add cryp
2026-01-12 12:02:35,311 [INFO] IPUIPlugin:80 - create IPUIPlugin
2026-01-12 12:02:35,311 [INFO] PluginManager:220 - loadIPPluginJar : add ddr_ctrl_phy
2026-01-12 12:02:35,314 [INFO] IPUIPlugin:80 - create IPUIPlugin
2026-01-12 12:02:35,314 [INFO] PluginManager:220 - loadIPPluginJar : add dfsdm
2026-01-12 12:02:35,319 [INFO] IPUIPlugin:80 - create IPUIPlugin
2026-01-12 12:02:35,319 [INFO] PluginManager:220 - loadIPPluginJar : add dma
2026-01-12 12:02:35,324 [INFO] IPUIPlugin:80 - create IPUIPlugin
2026-01-12 12:02:35,324 [INFO] PluginManager:220 - loadIPPluginJar : add dma3
2026-01-12 12:02:35,327 [INFO] IPUIPlugin:80 - create IPUIPlugin
2026-01-12 12:02:35,327 [INFO] PluginManager:220 - loadIPPluginJar : add extmemmanager
2026-01-12 12:02:35,328 [INFO] IPUIPlugin:80 - create IPUIPlugin
2026-01-12 12:02:35,329 [INFO] PluginManager:220 - loadIPPluginJar : add fatfs
2026-01-12 12:02:35,333 [INFO] IPUIPlugin:80 - create IPUIPlugin
2026-01-12 12:02:35,333 [INFO] PluginManager:220 - loadIPPluginJar : add fmc
2026-01-12 12:02:35,341 [INFO] IPUIPlugin:80 - create IPUIPlugin
2026-01-12 12:02:35,341 [INFO] PluginManager:220 - loadIPPluginJar : add freertos
2026-01-12 12:02:35,343 [INFO] IPUIPlugin:80 - create IPUIPlugin
2026-01-12 12:02:35,343 [INFO] PluginManager:220 - loadIPPluginJar : add genericplugin
2026-01-12 12:02:35,345 [INFO] IPUIPlugin:80 - create IPUIPlugin
2026-01-12 12:02:35,345 [INFO] PluginManager:220 - loadIPPluginJar : add gfxmmu
2026-01-12 12:02:35,349 [INFO] IPUIPlugin:80 - create IPUIPlugin
2026-01-12 12:02:35,349 [INFO] PluginManager:220 - loadIPPluginJar : add gic
2026-01-12 12:02:35,352 [INFO] IPUIPlugin:80 - create IPUIPlugin
2026-01-12 12:02:35,352 [INFO] PluginManager:220 - loadIPPluginJar : add gpio
2026-01-12 12:02:35,355 [INFO] IPUIPlugin:80 - create IPUIPlugin
2026-01-12 12:02:35,355 [INFO] PluginManager:220 - loadIPPluginJar : add gtzc
2026-01-12 12:02:35,357 [INFO] IPUIPlugin:80 - create IPUIPlugin
2026-01-12 12:02:35,357 [INFO] PluginManager:220 - loadIPPluginJar : add hash
2026-01-12 12:02:35,359 [INFO] IPUIPlugin:80 - create IPUIPlugin
2026-01-12 12:02:35,359 [INFO] PluginManager:220 - loadIPPluginJar : add i2c
2026-01-12 12:02:35,361 [INFO] IPUIPlugin:80 - create IPUIPlugin
2026-01-12 12:02:35,362 [INFO] PluginManager:220 - loadIPPluginJar : add i2s
2026-01-12 12:02:35,364 [INFO] IPUIPlugin:80 - create IPUIPlugin
2026-01-12 12:02:35,364 [INFO] PluginManager:220 - loadIPPluginJar : add i3c
2026-01-12 12:02:35,367 [INFO] IPUIPlugin:80 - create IPUIPlugin
2026-01-12 12:02:35,367 [INFO] PluginManager:220 - loadIPPluginJar : add ipddr
2026-01-12 12:02:35,373 [INFO] IPUIPlugin:80 - create IPUIPlugin
2026-01-12 12:02:35,373 [INFO] PluginManager:220 - loadIPPluginJar : add linkedlist
2026-01-12 12:02:35,375 [INFO] IPUIPlugin:80 - create IPUIPlugin
2026-01-12 12:02:35,375 [INFO] PluginManager:220 - loadIPPluginJar : add lorawan
2026-01-12 12:02:35,377 [INFO] IPUIPlugin:80 - create IPUIPlugin
2026-01-12 12:02:35,377 [INFO] PluginManager:220 - loadIPPluginJar : add ltdc
2026-01-12 12:02:35,382 [INFO] IPUIPlugin:80 - create IPUIPlugin
2026-01-12 12:02:35,382 [INFO] PluginManager:220 - loadIPPluginJar : add mdma
2026-01-12 12:02:35,385 [INFO] IPUIPlugin:80 - create IPUIPlugin
2026-01-12 12:02:35,385 [INFO] PluginManager:220 - loadIPPluginJar : add nvic
2026-01-12 12:02:35,387 [INFO] IPUIPlugin:80 - create IPUIPlugin
2026-01-12 12:02:35,387 [INFO] PluginManager:220 - loadIPPluginJar : add opamp
2026-01-12 12:02:35,390 [INFO] IPUIPlugin:80 - create IPUIPlugin
2026-01-12 12:02:35,390 [INFO] PluginManager:220 - loadIPPluginJar : add openamp
2026-01-12 12:02:35,394 [INFO] IPUIPlugin:80 - create IPUIPlugin
2026-01-12 12:02:35,394 [INFO] PluginManager:220 - loadIPPluginJar : add pdm2pcm
2026-01-12 12:02:35,398 [INFO] IPUIPlugin:80 - create IPUIPlugin
2026-01-12 12:02:35,400 [INFO] PluginManager:220 - loadIPPluginJar : add plateformsettings
2026-01-12 12:02:35,402 [INFO] IPUIPlugin:80 - create IPUIPlugin
2026-01-12 12:02:35,402 [INFO] PluginManager:220 - loadIPPluginJar : add quadspi
2026-01-12 12:02:35,404 [INFO] IPUIPlugin:80 - create IPUIPlugin
2026-01-12 12:02:35,405 [INFO] PluginManager:220 - loadIPPluginJar : add radio
2026-01-12 12:02:35,410 [INFO] IPUIPlugin:80 - create IPUIPlugin
2026-01-12 12:02:35,410 [INFO] PluginManager:220 - loadIPPluginJar : add resmgrutility
2026-01-12 12:02:35,413 [INFO] IPUIPlugin:80 - create IPUIPlugin
2026-01-12 12:02:35,414 [INFO] PluginManager:220 - loadIPPluginJar : add sai
2026-01-12 12:02:35,415 [INFO] IPUIPlugin:80 - create IPUIPlugin
2026-01-12 12:02:35,415 [INFO] PluginManager:220 - loadIPPluginJar : add spi
2026-01-12 12:02:35,420 [INFO] IPUIPlugin:80 - create IPUIPlugin
2026-01-12 12:02:35,420 [INFO] PluginManager:220 - loadIPPluginJar : add stm32_wpan
2026-01-12 12:02:35,422 [INFO] IPUIPlugin:80 - create IPUIPlugin
2026-01-12 12:02:35,422 [INFO] PluginManager:220 - loadIPPluginJar : add tim
2026-01-12 12:02:35,424 [INFO] IPUIPlugin:80 - create IPUIPlugin
2026-01-12 12:02:35,425 [INFO] PluginManager:220 - loadIPPluginJar : add touchsensing
2026-01-12 12:02:35,426 [INFO] IPUIPlugin:80 - create IPUIPlugin
2026-01-12 12:02:35,426 [INFO] PluginManager:220 - loadIPPluginJar : add tracer_emb
2026-01-12 12:02:35,428 [INFO] IPUIPlugin:80 - create IPUIPlugin
2026-01-12 12:02:35,428 [INFO] PluginManager:220 - loadIPPluginJar : add ts
2026-01-12 12:02:35,429 [INFO] IPUIPlugin:80 - create IPUIPlugin
2026-01-12 12:02:35,429 [INFO] PluginManager:220 - loadIPPluginJar : add tsc
2026-01-12 12:02:35,430 [INFO] IPUIPlugin:80 - create IPUIPlugin
2026-01-12 12:02:35,430 [INFO] PluginManager:220 - loadIPPluginJar : add ucpd
2026-01-12 12:02:35,432 [INFO] IPUIPlugin:80 - create IPUIPlugin
2026-01-12 12:02:35,432 [INFO] PluginManager:220 - loadIPPluginJar : add usart
2026-01-12 12:02:35,436 [INFO] IPUIPlugin:80 - create IPUIPlugin
2026-01-12 12:02:35,436 [INFO] PluginManager:220 - loadIPPluginJar : add usbx
2026-01-12 12:02:35,544 [FATAL] Updater:351 - Updater called before beeing initialized
2026-01-12 12:02:35,561 [INFO] RulesReader:64 - Compatibility file has been processed (317 Rules)
2026-01-12 12:02:35,568 [INFO] RulesReader:64 - Compatibility file has been processed (317 Rules)
2026-01-12 12:02:35,577 [INFO] CADModel:165 - CPN selected for project level
2026-01-12 12:02:35,577 [INFO] CADModel:114 - Register for checkConnection events
2026-01-12 12:02:35,577 [FATAL] Updater:351 - Updater called before beeing initialized
2026-01-12 12:02:35,577 [ERROR] CADModel:125 - Updater not yet initialized, retry later 
2026-01-12 12:02:35,699 [FATAL] Updater:351 - Updater called before beeing initialized
2026-01-12 12:02:35,702 [INFO] CADModel:165 - CPN selected for project level
2026-01-12 12:02:35,702 [INFO] CADModel:114 - Register for checkConnection events
2026-01-12 12:02:35,702 [FATAL] Updater:351 - Updater called before beeing initialized
2026-01-12 12:02:35,702 [ERROR] CADModel:125 - Updater not yet initialized, retry later 
2026-01-12 12:02:35,707 [FATAL] Updater:351 - Updater called before beeing initialized
2026-01-12 12:02:35,790 [FATAL] Updater:351 - Updater called before beeing initialized
2026-01-12 12:02:35,792 [INFO] DbMcusAds:53 - JSON generation date=Mon Dec 08 17:28:09 TRT 2025 (1765204089911)
2026-01-12 12:02:35,792 [FATAL] Updater:351 - Updater called before beeing initialized
2026-01-12 12:02:35,821 [WARN] DetailPanel:346 - Failed to get advertising image, set to default
2026-01-12 12:02:35,879 [FATAL] Updater:351 - Updater called before beeing initialized
2026-01-12 12:02:35,880 [FATAL] Updater:351 - Updater called before beeing initialized
2026-01-12 12:02:35,880 [FATAL] Updater:351 - Updater called before beeing initialized
2026-01-12 12:02:35,880 [WARN] DetailPanel:346 - Failed to get advertising image, set to default
2026-01-12 12:02:35,881 [FATAL] Updater:351 - Updater called before beeing initialized
2026-01-12 12:02:35,917 [ERROR] Updater:1198 - MainUpdater not yet initialized. External WinMGr cannot be set.
2026-01-12 12:02:35,918 [INFO] Updater:1134 - Updater Version found : 6.15.0
2026-01-12 12:02:35,933 [INFO] ApplicationProperties:184 - Using Application install path: C:\ST\STM32CubeIDE_1.19.0\STM32CubeIDE\plugins\com.st.stm32cube.common.mx_6.15.0.202507011659
2026-01-12 12:02:36,287 [INFO] MainUpdater:2872 - connection check result : 10
2026-01-12 12:02:36,288 [INFO] MainUpdater:3604 - Updater definition file requires update
2026-01-12 12:02:36,288 [INFO] MainUpdater:289 - Updater Check For Update Now.
2026-01-12 12:02:36,288 [INFO] MicroXplorer:498 - Change Database Version : DB.6.0.150
2026-01-12 12:02:36,292 [INFO] McuFinderGlobals:63 - Set McuFinder mode to 2 (CubeIDE integrated)
2026-01-12 12:02:36,292 [INFO] UserAuth:171 - activating auth plugin
2026-01-12 12:02:36,294 [INFO] UserAuth:487 - Internet connection configuration mode: 1
2026-01-12 12:02:36,309 [INFO] JxBrowserEngine:152 - Initiate JxBrowser Engine with user profile folder
2026-01-12 12:02:36,343 [INFO] ServerAccessManage:452 - Complete download http(s) 200
2026-01-12 12:02:36,343 [INFO] ServerAccessManage:509 - Download File updaters.zip
2026-01-12 12:02:36,518 [INFO] FileExtend:248 - Unzip File : updaters.zip
2026-01-12 12:02:36,519 [INFO] FileExtend:263 - Standard Zip Deflate
2026-01-12 12:02:36,920 [INFO] ServerAccessManage:452 - Complete download http(s) 200
2026-01-12 12:02:36,920 [INFO] ServerAccessManage:509 - Download File PacksControlFlags.xml
2026-01-12 12:02:37,012 [INFO] ServerAccessManage:452 - Complete download http(s) 200
2026-01-12 12:02:37,012 [INFO] ServerAccessManage:509 - Download File cubemx.pidx
2026-01-12 12:02:37,111 [INFO] LoadServerUpdatesThread:375 - End of LoadServerUpdate Thread
2026-01-12 12:02:37,114 [INFO] WebApp:169 - Instantiating new browser for Auth
2026-01-12 12:02:37,279 [INFO] CheckServerUpdateThread:120 - End of CheckServer Thread
2026-01-12 12:02:37,852 [INFO] WebApp:463 - Apply proxy settings
2026-01-12 12:02:37,853 [INFO] WebApp:548 - Chromium requires no authentication
2026-01-12 12:02:37,861 [INFO] WebApp:491 - Direct internet connection detected
2026-01-12 12:02:37,901 [INFO] WebApp:900 - Register for checkConnection events
2026-01-12 12:02:37,902 [INFO] WebApp:463 - Apply proxy settings
2026-01-12 12:02:37,902 [INFO] WebApp:548 - Chromium requires no authentication
2026-01-12 12:02:37,902 [INFO] WebApp:491 - Direct internet connection detected
2026-01-12 12:02:38,111 [WARN] PackLoader:240 - Cannot read IP mode file for STMicroelectronics.FP-SNS-MOTENVWB1.1.4.0
2026-01-12 12:02:38,119 [WARN] PackLoader:240 - Cannot read IP mode file for STMicroelectronics.FP-ATR-ASTRA1.2.0.2
2026-01-12 12:02:38,127 [WARN] PackLoader:240 - Cannot read IP mode file for STMicroelectronics.X-CUBE-SMBUS.2.1.0
2026-01-12 12:02:38,131 [WARN] PackLoader:240 - Cannot read IP mode file for STMicroelectronics.X-CUBE-ST60.1.0.0
2026-01-12 12:02:38,137 [INFO] WebApp:225 - Starting web application
2026-01-12 12:02:38,137 [INFO] WebApp:593 - Web application path used C:\ST\STM32CubeIDE_1.19.0\STM32CubeIDE\plugins\com.st.stm32cube.common.mx_6.15.0.202507011659\db\plugins\mcufinder\reactClient1\index.html
2026-01-12 12:02:38,162 [WARN] PackLoader:240 - Cannot read IP mode file for STMicroelectronics.X-CUBE-AZRTOS-F7.1.1.0
2026-01-12 12:02:38,177 [WARN] PackLoader:240 - Cannot read IP mode file for STMicroelectronics.FP-SNS-MOTENV1.5.1.0
2026-01-12 12:02:38,207 [WARN] PackLoader:240 - Cannot read IP mode file for Infineon.AIROC-Wi-Fi-Bluetooth-STM32.1.7.1
2026-01-12 12:02:38,367 [WARN] PackLoader:240 - Cannot read IP mode file for STMicroelectronics.X-CUBE-AZRTOS-H7.3.4.0
2026-01-12 12:02:38,380 [WARN] PackLoader:240 - Cannot read IP mode file for STMicroelectronics.X-CUBE-DISPLAY.3.0.0
2026-01-12 12:02:38,396 [WARN] PackLoader:240 - Cannot read IP mode file for STMicroelectronics.X-CUBE-NFC10.1.0.0
2026-01-12 12:02:38,404 [WARN] PackLoader:240 - Cannot read IP mode file for STMicroelectronics.X-CUBE-ST60.1.1.0
2026-01-12 12:02:38,412 [WARN] PackLoader:240 - Cannot read IP mode file for emotas.I-CUBE-CANOPEN.1.3.0
2026-01-12 12:02:38,420 [WARN] PackLoader:240 - Cannot read IP mode file for STMicroelectronics.X-CUBE-GNSS1.7.1.0
2026-01-12 12:02:38,426 [WARN] ConditionMgr:438 - getConditionDescription Invalid condition id : Cortex-A Device cause : null
2026-01-12 12:02:38,435 [WARN] ConditionMgr:1044 - genDependencies : Invalid condition id : Cortex-A Device cause : null
2026-01-12 12:02:38,435 [WARN] ConditionMgr:1044 - genDependencies : Invalid condition id : Cortex-A Device cause : null
2026-01-12 12:02:38,435 [WARN] ConditionMgr:1044 - genDependencies : Invalid condition id : Cortex-A Device cause : null
2026-01-12 12:02:38,452 [WARN] PackLoader:240 - Cannot read IP mode file for STMicroelectronics.FP-SNS-STBOX1.2.1.0
2026-01-12 12:02:38,463 [INFO] WebApp:191 - Connection restablished
2026-01-12 12:02:38,501 [WARN] PackLoader:240 - Cannot read IP mode file for STMicroelectronics.FP-SNS-SMARTAG2.1.2.0
2026-01-12 12:02:38,506 [WARN] PackLoader:240 - Cannot read IP mode file for STMicroelectronics.FP-SNS-FLIGHT1.5.1.0
2026-01-12 12:02:38,516 [INFO] LogOutputStream:77 - [STDOUT_REDIRECT] 1 : Invalid condition id : UX_CORESTACK_Condition cause : null
2026-01-12 12:02:38,517 [INFO] LogOutputStream:77 - [STDOUT_REDIRECT] 1 : Invalid condition id : UX_CORESTACK_Condition cause : null
2026-01-12 12:02:38,518 [INFO] LogOutputStream:77 - [STDOUT_REDIRECT] 1 : Invalid condition id : UX_CORESTACK_Condition cause : null
2026-01-12 12:02:38,518 [ERROR] LogOutputStream:75 - [STDERR_REDIRECT] [Fatal Error] :1:1: Premature end of file.
2026-01-12 12:02:38,519 [ERROR] LogOutputStream:75 - [STDERR_REDIRECT] 
2026-01-12 12:02:38,520 [INFO] LogOutputStream:77 - [STDOUT_REDIRECT] 1 : Invalid condition id : UX_CORESTACK_Condition cause : null
2026-01-12 12:02:38,521 [INFO] LogOutputStream:77 - [STDOUT_REDIRECT] 1 : Invalid condition id : UX_CORESTACK_Condition cause : null
2026-01-12 12:02:38,525 [WARN] PackLoader:240 - Cannot read IP mode file for STMicroelectronics.X-CUBE-AZRTOS-WL.2.0.0
2026-01-12 12:02:38,532 [WARN] PackLoader:240 - Cannot read IP mode file for STMicroelectronics.FP-SNS-MOTENV1.5.0.0
2026-01-12 12:02:38,553 [WARN] PackLoader:240 - Cannot read IP mode file for STMicroelectronics.X-CUBE-AZRTOS-H7RS.1.2.0
2026-01-12 12:02:38,566 [WARN] PackLoader:240 - Cannot read IP mode file for WES.I-CUBE-Cesium.1.3.0
2026-01-12 12:02:38,575 [WARN] PackLoader:240 - Cannot read IP mode file for STMicroelectronics.X-CUBE-BLE2.3.3.0
2026-01-12 12:02:38,599 [WARN] PackLoader:240 - Cannot read IP mode file for STMicroelectronics.X-CUBE-NFC9.1.0.0
2026-01-12 12:02:38,612 [WARN] PackLoader:240 - Cannot read IP mode file for wolfSSL.I-CUBE-wolfSSL.5.8.0
2026-01-12 12:02:38,623 [WARN] PackLoader:240 - Cannot read IP mode file for STMicroelectronics.X-CUBE-BLE1.7.1.0
2026-01-12 12:02:38,676 [WARN] PackLoader:240 - Cannot read IP mode file for wolfSSL.I-CUBE-wolfMQTT.1.19.2
2026-01-12 12:02:38,686 [WARN] PackLoader:240 - Cannot read IP mode file for STMicroelectronics.X-CUBE-FREERTOS.1.4.0
2026-01-12 12:02:38,699 [WARN] PackLoader:240 - Cannot read IP mode file for STMicroelectronics.X-CUBE-EEPRMA1.5.2.0
2026-01-12 12:02:38,711 [WARN] PackLoader:240 - Cannot read IP mode file for STMicroelectronics.X-CUBE-ST67W61.1.1.0
2026-01-12 12:02:38,719 [WARN] PackLoader:240 - Cannot read IP mode file for STMicroelectronics.X-CUBE-AI.10.1.0
2026-01-12 12:02:38,769 [WARN] PackLoader:240 - Cannot read IP mode file for STMicroelectronics.X-CUBE-MEMS1.12.0.0
2026-01-12 12:02:38,849 [WARN] PackLoader:240 - Cannot read IP mode file for STMicroelectronics.X-CUBE-AZRTOS-G0.1.1.0
2026-01-12 12:02:38,857 [WARN] PackLoader:240 - Cannot read IP mode file for STMicroelectronics.X-CUBE-SAFEA1.1.2.2
2026-01-12 12:02:38,866 [WARN] PackLoader:240 - Cannot read IP mode file for STMicroelectronics.X-CUBE-NFC4.3.0.0
2026-01-12 12:02:38,875 [WARN] PackLoader:240 - Cannot read IP mode file for EmbeddedOffice.I-CUBE-FS-RTOS.1.0.1
2026-01-12 12:02:38,883 [WARN] PackLoader:240 - Cannot read IP mode file for STMicroelectronics.X-CUBE-WB05N.2.0.0
2026-01-12 12:02:38,889 [WARN] PackLoader:240 - Cannot read IP mode file for wolfSSL.I-CUBE-wolfTPM.3.8.0
2026-01-12 12:02:38,897 [WARN] PackLoader:240 - Cannot read IP mode file for STMicroelectronics.X-CUBE-TCPP.4.2.0
2026-01-12 12:02:38,905 [WARN] PackLoader:240 - Cannot read IP mode file for RealThread.X-CUBE-RT-Thread_Nano.4.1.1
2026-01-12 12:02:38,911 [WARN] PackLoader:240 - Cannot read IP mode file for STMicroelectronics.FP-ATR-SIGFOX1.3.2.0
2026-01-12 12:02:38,917 [WARN] PackLoader:240 - Cannot read IP mode file for ITTIA_DB.I-CUBE-ITTIADB.8.9.0
2026-01-12 12:02:38,924 [WARN] PackLoader:240 - Cannot read IP mode file for STMicroelectronics.X-CUBE-ST67W61.1.0.0
2026-01-12 12:02:38,930 [WARN] PackLoader:240 - Cannot read IP mode file for STMicroelectronics.X-CUBE-AI.10.2.0
2026-01-12 12:02:38,959 [WARN] PackLoader:240 - Cannot read IP mode file for SEGGER.I-CUBE-embOS.1.3.1
2026-01-12 12:02:38,993 [WARN] PackLoader:240 - Cannot read IP mode file for STMicroelectronics.X-CUBE-ALGOBUILD.1.4.0
2026-01-12 12:02:39,057 [WARN] PackLoader:240 - Cannot read IP mode file for STMicroelectronics.X-CUBE-MEMS1.11.3.0
2026-01-12 12:02:39,145 [WARN] PackLoader:240 - Cannot read IP mode file for STMicroelectronics.X-CUBE-PM33A1.1.0.0
2026-01-12 12:02:39,157 [WARN] PackLoader:240 - Cannot read IP mode file for STMicroelectronics.X-CUBE-AZRTOS-F4.1.1.0
2026-01-12 12:02:39,163 [WARN] PackLoader:240 - Cannot read IP mode file for Avnet-IotConnect.X-CUBE-IoTC-DA16k-PMOD.1.0.0
2026-01-12 12:02:39,169 [WARN] PackLoader:240 - Cannot read IP mode file for STMicroelectronics.X-CUBE-ISPU.2.1.0
2026-01-12 12:02:39,177 [WARN] PackLoader:240 - Cannot read IP mode file for STMicroelectronics.X-CUBE-IPS.3.2.0
2026-01-12 12:02:39,186 [WARN] PackLoader:240 - Cannot read IP mode file for STMicroelectronics.X-CUBE-NFC12.1.0.0
2026-01-12 12:02:39,197 [WARN] PackLoader:240 - Cannot read IP mode file for STMicroelectronics.X-CUBE-AZRTOS-L5.2.0.0
2026-01-12 12:02:39,205 [WARN] PackLoader:240 - Cannot read IP mode file for STMicroelectronics.X-CUBE-NFC6.3.1.0
2026-01-12 12:02:39,213 [WARN] PackLoader:240 - Cannot read IP mode file for STMicroelectronics.X-CUBE-FREERTOS.1.3.1
2026-01-12 12:02:39,221 [WARN] PackLoader:240 - Cannot read IP mode file for STMicroelectronics.X-CUBE-TOUCHGFX.4.26.0
2026-01-12 12:02:39,229 [WARN] PackLoader:240 - Cannot read IP mode file for STMicroelectronics.FP-SNS-STAIOTCFT.1.0.0
2026-01-12 12:02:39,236 [WARN] PackLoader:240 - Cannot read IP mode file for STMicroelectronics.X-CUBE-DPower.1.3.0
2026-01-12 12:02:39,246 [WARN] ConditionMgr:438 - getConditionDescription Invalid condition id : LAN8742 Phy interface Condition cause : null
2026-01-12 12:02:39,246 [WARN] PackLoader:240 - Cannot read IP mode file for STMicroelectronics.X-CUBE-AZRTOS-L4.2.0.0
2026-01-12 12:02:39,247 [WARN] ConditionMgr:1044 - genDependencies : Invalid condition id : LAN8742 Phy interface Condition cause : null
2026-01-12 12:02:39,247 [WARN] ConditionMgr:1044 - genDependencies : Invalid condition id : LAN8742 Phy interface Condition cause : null
2026-01-12 12:02:39,247 [WARN] ConditionMgr:1044 - genDependencies : Invalid condition id : LAN8742 Phy interface Condition cause : null
2026-01-12 12:02:39,254 [WARN] PackLoader:240 - Cannot read IP mode file for STMicroelectronics.X-CUBE-SFXS2LP1.4.0.0
2026-01-12 12:02:39,269 [WARN] PackLoader:240 - Cannot read IP mode file for STMicroelectronics.X-CUBE-BLEMGR.4.1.0
2026-01-12 12:02:39,321 [WARN] ConditionMgr:438 - getConditionDescription Invalid condition id : UX DEVICE CLASS RTOS Condition cause : null
2026-01-12 12:02:39,321 [WARN] ConditionMgr:438 - getConditionDescription Invalid condition id : UX DEVICE CLASS RTOS Condition cause : null
2026-01-12 12:02:39,322 [WARN] PackLoader:240 - Cannot read IP mode file for STMicroelectronics.X-CUBE-AZRTOS-WB.2.0.0
2026-01-12 12:02:39,322 [WARN] ConditionMgr:1044 - genDependencies : Invalid condition id : UX DEVICE CLASS RTOS Condition cause : null
2026-01-12 12:02:39,323 [WARN] ConditionMgr:1044 - genDependencies : Invalid condition id : UX DEVICE CLASS RTOS Condition cause : null
2026-01-12 12:02:39,323 [WARN] ConditionMgr:1044 - genDependencies : Invalid condition id : UX DEVICE CLASS RTOS Condition cause : null
2026-01-12 12:02:39,323 [WARN] ConditionMgr:1044 - genDependencies : Invalid condition id : UX DEVICE CLASS RTOS Condition cause : null
2026-01-12 12:02:39,323 [WARN] ConditionMgr:1044 - genDependencies : Invalid condition id : UX DEVICE CLASS RTOS Condition cause : null
2026-01-12 12:02:39,328 [WARN] PackLoader:240 - Cannot read IP mode file for STMicroelectronics.X-CUBE-GNSS1.7.0.1
2026-01-12 12:02:39,331 [WARN] PackLoader:240 - Cannot read IP mode file for STMicroelectronics.X-CUBE-TOUCHGFX.4.25.0
2026-01-12 12:02:39,336 [WARN] PackLoader:240 - Cannot read IP mode file for STMicroelectronics.FP-SNS-STBOX1.2.0.0
2026-01-12 12:02:39,345 [WARN] PackLoader:240 - Cannot read IP mode file for STMicroelectronics.X-CUBE-SUBG2.5.0.0
2026-01-12 12:02:39,357 [WARN] PackLoader:240 - Cannot read IP mode file for STMicroelectronics.X-CUBE-AZRTOS-H7RS.1.1.0
2026-01-12 12:02:39,363 [WARN] PackLoader:240 - Cannot read IP mode file for Cesanta.I-CUBE-Mongoose.7.13.0
2026-01-12 12:02:39,370 [WARN] PackLoader:240 - Cannot read IP mode file for STMicroelectronics.X-CUBE-AZRTOS-G4.2.0.0
2026-01-12 12:02:39,378 [WARN] PackLoader:240 - Cannot read IP mode file for wolfSSL.I-CUBE-wolfSSH.1.4.20
2026-01-12 12:02:39,385 [WARN] PackLoader:240 - Cannot read IP mode file for STMicroelectronics.X-CUBE-NFC7.2.0.0
2026-01-12 12:02:39,390 [WARN] PackLoader:240 - Cannot read IP mode file for STMicroelectronics.X-CUBE-IPS.3.1.0
2026-01-12 12:02:39,398 [WARN] PackLoader:240 - Cannot read IP mode file for STMicroelectronics.X-CUBE-ALS.1.0.2
2026-01-12 12:02:39,404 [WARN] PackLoader:240 - Cannot read IP mode file for STMicroelectronics.X-CUBE-STSE01.1.0.0
2026-01-12 12:02:39,409 [WARN] PackLoader:240 - Cannot read IP mode file for portGmbH.I-Cube-SoM-uGOAL.1.1.0
2026-01-12 12:02:39,418 [WARN] PackLoader:240 - Cannot read IP mode file for STMicroelectronics.X-CUBE-TOF1.3.4.3
2026-01-12 12:02:39,421 [INFO] ThirdParty:978 - Integrity check success = true
2026-01-12 12:02:39,421 [INFO] IntegrityCheckThread:100 - exiting critical section [integrity check]
2026-01-12 12:02:39,422 [INFO] IntegrityCheckThread:103 - End integrity checks thread
2026-01-12 12:02:39,463 [ERROR] LogOutputStream:75 - [STDERR_REDIRECT] [Fatal Error] :1:1: Premature end of file.
2026-01-12 12:02:39,463 [ERROR] LogOutputStream:75 - [STDERR_REDIRECT] 
2026-01-12 12:02:40,445 [ERROR] LogOutputStream:75 - [STDERR_REDIRECT] [Fatal Error] :1:1: Premature end of file.
2026-01-12 12:02:40,445 [ERROR] LogOutputStream:75 - [STDERR_REDIRECT] 
2026-01-12 12:02:41,442 [ERROR] LogOutputStream:75 - [STDERR_REDIRECT] [Fatal Error] :1:1: Premature end of file.
2026-01-12 12:02:41,442 [ERROR] LogOutputStream:75 - [STDERR_REDIRECT] 
2026-01-12 12:02:42,442 [ERROR] LogOutputStream:75 - [STDERR_REDIRECT] [Fatal Error] :1:1: Premature end of file.
2026-01-12 12:02:42,442 [ERROR] LogOutputStream:75 - [STDERR_REDIRECT] 
2026-01-12 12:02:43,443 [ERROR] LogOutputStream:75 - [STDERR_REDIRECT] [Fatal Error] :1:1: Premature end of file.
2026-01-12 12:02:43,443 [ERROR] LogOutputStream:75 - [STDERR_REDIRECT] 
2026-01-12 12:02:44,446 [ERROR] LogOutputStream:75 - [STDERR_REDIRECT] [Fatal Error] :1:1: Premature end of file.
2026-01-12 12:02:44,446 [ERROR] LogOutputStream:75 - [STDERR_REDIRECT] 
2026-01-12 12:02:45,443 [ERROR] LogOutputStream:75 - [STDERR_REDIRECT] [Fatal Error] :1:1: Premature end of file.
2026-01-12 12:02:45,443 [ERROR] LogOutputStream:75 - [STDERR_REDIRECT] 
2026-01-12 12:02:46,442 [ERROR] LogOutputStream:75 - [STDERR_REDIRECT] [Fatal Error] :1:1: Premature end of file.
2026-01-12 12:02:46,442 [ERROR] LogOutputStream:75 - [STDERR_REDIRECT] 
2026-01-12 12:02:47,442 [ERROR] LogOutputStream:75 - [STDERR_REDIRECT] [Fatal Error] :1:1: Premature end of file.
2026-01-12 12:02:47,442 [ERROR] LogOutputStream:75 - [STDERR_REDIRECT] 
2026-01-12 12:02:48,441 [ERROR] LogOutputStream:75 - [STDERR_REDIRECT] [Fatal Error] :1:1: Premature end of file.
2026-01-12 12:02:48,442 [ERROR] LogOutputStream:75 - [STDERR_REDIRECT] 
2026-01-12 12:02:49,443 [ERROR] LogOutputStream:75 - [STDERR_REDIRECT] [Fatal Error] :1:1: Premature end of file.
2026-01-12 12:02:49,443 [ERROR] LogOutputStream:75 - [STDERR_REDIRECT] 
2026-01-12 12:02:50,443 [ERROR] LogOutputStream:75 - [STDERR_REDIRECT] [Fatal Error] :1:1: Premature end of file.
2026-01-12 12:02:50,443 [ERROR] LogOutputStream:75 - [STDERR_REDIRECT] 
2026-01-12 12:02:51,443 [ERROR] LogOutputStream:75 - [STDERR_REDIRECT] [Fatal Error] :1:1: Premature end of file.
2026-01-12 12:02:51,443 [ERROR] LogOutputStream:75 - [STDERR_REDIRECT] 
2026-01-12 12:02:52,444 [ERROR] LogOutputStream:75 - [STDERR_REDIRECT] [Fatal Error] :1:1: Premature end of file.
2026-01-12 12:02:52,444 [ERROR] LogOutputStream:75 - [STDERR_REDIRECT] 
2026-01-12 12:02:53,442 [ERROR] LogOutputStream:75 - [STDERR_REDIRECT] [Fatal Error] :1:1: Premature end of file.
2026-01-12 12:02:53,442 [ERROR] LogOutputStream:75 - [STDERR_REDIRECT] 
2026-01-12 12:02:54,444 [ERROR] LogOutputStream:75 - [STDERR_REDIRECT] [Fatal Error] :1:1: Premature end of file.
2026-01-12 12:02:54,444 [ERROR] LogOutputStream:75 - [STDERR_REDIRECT] 
2026-01-12 12:02:55,442 [ERROR] LogOutputStream:75 - [STDERR_REDIRECT] [Fatal Error] :1:1: Premature end of file.
2026-01-12 12:02:55,442 [ERROR] LogOutputStream:75 - [STDERR_REDIRECT] 
2026-01-12 12:02:56,444 [ERROR] LogOutputStream:75 - [STDERR_REDIRECT] [Fatal Error] :1:1: Premature end of file.
2026-01-12 12:02:56,444 [ERROR] LogOutputStream:75 - [STDERR_REDIRECT] 
2026-01-12 12:02:57,442 [ERROR] LogOutputStream:75 - [STDERR_REDIRECT] [Fatal Error] :1:1: Premature end of file.
2026-01-12 12:02:57,442 [ERROR] LogOutputStream:75 - [STDERR_REDIRECT] 
2026-01-12 12:02:58,444 [ERROR] LogOutputStream:75 - [STDERR_REDIRECT] [Fatal Error] :1:1: Premature end of file.
2026-01-12 12:02:58,444 [ERROR] LogOutputStream:75 - [STDERR_REDIRECT] 
2026-01-12 12:02:59,451 [ERROR] LogOutputStream:75 - [STDERR_REDIRECT] [Fatal Error] :1:1: Premature end of file.
2026-01-12 12:02:59,452 [ERROR] LogOutputStream:75 - [STDERR_REDIRECT] 
2026-01-12 12:03:00,443 [ERROR] LogOutputStream:75 - [STDERR_REDIRECT] [Fatal Error] :1:1: Premature end of file.
2026-01-12 12:03:00,443 [ERROR] LogOutputStream:75 - [STDERR_REDIRECT] 
2026-01-12 12:03:01,442 [ERROR] LogOutputStream:75 - [STDERR_REDIRECT] [Fatal Error] :1:1: Premature end of file.
2026-01-12 12:03:01,442 [ERROR] LogOutputStream:75 - [STDERR_REDIRECT] 
2026-01-12 12:03:02,445 [ERROR] LogOutputStream:75 - [STDERR_REDIRECT] [Fatal Error] :1:1: Premature end of file.
2026-01-12 12:03:02,445 [ERROR] LogOutputStream:75 - [STDERR_REDIRECT] 
2026-01-12 12:03:03,444 [ERROR] LogOutputStream:75 - [STDERR_REDIRECT] [Fatal Error] :1:1: Premature end of file.
2026-01-12 12:03:03,444 [ERROR] LogOutputStream:75 - [STDERR_REDIRECT] 
2026-01-12 12:03:04,444 [ERROR] LogOutputStream:75 - [STDERR_REDIRECT] [Fatal Error] :1:1: Premature end of file.
2026-01-12 12:03:04,444 [ERROR] LogOutputStream:75 - [STDERR_REDIRECT] 
2026-01-12 12:03:05,443 [ERROR] LogOutputStream:75 - [STDERR_REDIRECT] [Fatal Error] :1:1: Premature end of file.
2026-01-12 12:03:05,443 [ERROR] LogOutputStream:75 - [STDERR_REDIRECT] 
2026-01-12 12:03:06,445 [ERROR] LogOutputStream:75 - [STDERR_REDIRECT] [Fatal Error] :1:1: Premature end of file.
2026-01-12 12:03:06,445 [ERROR] LogOutputStream:75 - [STDERR_REDIRECT] 
2026-01-12 12:03:07,451 [ERROR] LogOutputStream:75 - [STDERR_REDIRECT] [Fatal Error] :1:1: Premature end of file.
2026-01-12 12:03:07,452 [ERROR] LogOutputStream:75 - [STDERR_REDIRECT] 
2026-01-12 12:03:08,459 [ERROR] LogOutputStream:75 - [STDERR_REDIRECT] [Fatal Error] :1:1: Premature end of file.
2026-01-12 12:03:08,459 [ERROR] LogOutputStream:75 - [STDERR_REDIRECT] 
2026-01-12 12:03:09,459 [ERROR] LogOutputStream:75 - [STDERR_REDIRECT] [Fatal Error] :1:1: Premature end of file.
2026-01-12 12:03:09,459 [ERROR] LogOutputStream:75 - [STDERR_REDIRECT] 
2026-01-12 12:03:10,460 [ERROR] LogOutputStream:75 - [STDERR_REDIRECT] [Fatal Error] :1:1: Premature end of file.
2026-01-12 12:03:10,460 [ERROR] LogOutputStream:75 - [STDERR_REDIRECT] 
2026-01-12 12:03:11,462 [ERROR] LogOutputStream:75 - [STDERR_REDIRECT] [Fatal Error] :1:1: Premature end of file.
2026-01-12 12:03:11,462 [ERROR] LogOutputStream:75 - [STDERR_REDIRECT] 
2026-01-12 12:03:12,472 [ERROR] LogOutputStream:75 - [STDERR_REDIRECT] [Fatal Error] :1:1: Premature end of file.
2026-01-12 12:03:12,472 [ERROR] LogOutputStream:75 - [STDERR_REDIRECT] 
2026-01-12 12:03:13,471 [ERROR] LogOutputStream:75 - [STDERR_REDIRECT] [Fatal Error] :1:1: Premature end of file.
2026-01-12 12:03:13,471 [ERROR] LogOutputStream:75 - [STDERR_REDIRECT] 
2026-01-12 12:03:14,460 [ERROR] LogOutputStream:75 - [STDERR_REDIRECT] [Fatal Error] :1:1: Premature end of file.
2026-01-12 12:03:14,460 [ERROR] LogOutputStream:75 - [STDERR_REDIRECT] 
2026-01-12 12:03:15,461 [ERROR] LogOutputStream:75 - [STDERR_REDIRECT] [Fatal Error] :1:1: Premature end of file.
2026-01-12 12:03:15,461 [ERROR] LogOutputStream:75 - [STDERR_REDIRECT] 
2026-01-12 12:03:16,475 [ERROR] LogOutputStream:75 - [STDERR_REDIRECT] [Fatal Error] :1:1: Premature end of file.
2026-01-12 12:03:16,475 [ERROR] LogOutputStream:75 - [STDERR_REDIRECT] 
2026-01-12 12:03:17,461 [ERROR] LogOutputStream:75 - [STDERR_REDIRECT] [Fatal Error] :1:1: Premature end of file.
2026-01-12 12:03:17,461 [ERROR] LogOutputStream:75 - [STDERR_REDIRECT] 
2026-01-12 12:03:18,455 [ERROR] LogOutputStream:75 - [STDERR_REDIRECT] [Fatal Error] :1:1: Premature end of file.
2026-01-12 12:03:18,455 [ERROR] LogOutputStream:75 - [STDERR_REDIRECT] 
2026-01-12 12:03:19,460 [ERROR] LogOutputStream:75 - [STDERR_REDIRECT] [Fatal Error] :1:1: Premature end of file.
2026-01-12 12:03:19,460 [ERROR] LogOutputStream:75 - [STDERR_REDIRECT] 
2026-01-12 12:03:20,465 [ERROR] LogOutputStream:75 - [STDERR_REDIRECT] [Fatal Error] :1:1: Premature end of file.
2026-01-12 12:03:20,465 [ERROR] LogOutputStream:75 - [STDERR_REDIRECT] 
2026-01-12 12:03:21,458 [ERROR] LogOutputStream:75 - [STDERR_REDIRECT] [Fatal Error] :1:1: Premature end of file.
2026-01-12 12:03:21,458 [ERROR] LogOutputStream:75 - [STDERR_REDIRECT] 
2026-01-12 12:03:22,460 [ERROR] LogOutputStream:75 - [STDERR_REDIRECT] [Fatal Error] :1:1: Premature end of file.
2026-01-12 12:03:22,460 [ERROR] LogOutputStream:75 - [STDERR_REDIRECT] 
2026-01-12 12:03:23,467 [ERROR] LogOutputStream:75 - [STDERR_REDIRECT] [Fatal Error] :1:1: Premature end of file.
2026-01-12 12:03:23,467 [ERROR] LogOutputStream:75 - [STDERR_REDIRECT] 
2026-01-12 12:03:24,461 [ERROR] LogOutputStream:75 - [STDERR_REDIRECT] [Fatal Error] :1:1: Premature end of file.
2026-01-12 12:03:24,461 [ERROR] LogOutputStream:75 - [STDERR_REDIRECT] 
2026-01-12 12:03:25,481 [ERROR] LogOutputStream:75 - [STDERR_REDIRECT] [Fatal Error] :1:1: Premature end of file.
2026-01-12 12:03:25,481 [ERROR] LogOutputStream:75 - [STDERR_REDIRECT] 
2026-01-12 12:03:26,462 [ERROR] LogOutputStream:75 - [STDERR_REDIRECT] [Fatal Error] :1:1: Premature end of file.
2026-01-12 12:03:26,463 [ERROR] LogOutputStream:75 - [STDERR_REDIRECT] 
2026-01-12 12:03:27,472 [ERROR] LogOutputStream:75 - [STDERR_REDIRECT] [Fatal Error] :1:1: Premature end of file.
2026-01-12 12:03:27,472 [ERROR] LogOutputStream:75 - [STDERR_REDIRECT] 
2026-01-12 12:03:28,464 [ERROR] LogOutputStream:75 - [STDERR_REDIRECT] [Fatal Error] :1:1: Premature end of file.
2026-01-12 12:03:28,464 [ERROR] LogOutputStream:75 - [STDERR_REDIRECT] 
2026-01-12 12:03:29,467 [ERROR] LogOutputStream:75 - [STDERR_REDIRECT] [Fatal Error] :1:1: Premature end of file.
2026-01-12 12:03:29,467 [ERROR] LogOutputStream:75 - [STDERR_REDIRECT] 
2026-01-12 12:03:30,485 [ERROR] LogOutputStream:75 - [STDERR_REDIRECT] [Fatal Error] :1:1: Premature end of file.
2026-01-12 12:03:30,485 [ERROR] LogOutputStream:75 - [STDERR_REDIRECT] 
2026-01-12 12:03:31,462 [ERROR] LogOutputStream:75 - [STDERR_REDIRECT] [Fatal Error] :1:1: Premature end of file.
2026-01-12 12:03:31,462 [ERROR] LogOutputStream:75 - [STDERR_REDIRECT] 
2026-01-12 12:03:32,465 [ERROR] LogOutputStream:75 - [STDERR_REDIRECT] [Fatal Error] :1:1: Premature end of file.
2026-01-12 12:03:32,465 [ERROR] LogOutputStream:75 - [STDERR_REDIRECT] 
2026-01-12 12:03:33,463 [ERROR] LogOutputStream:75 - [STDERR_REDIRECT] [Fatal Error] :1:1: Premature end of file.
2026-01-12 12:03:33,463 [ERROR] LogOutputStream:75 - [STDERR_REDIRECT] 
2026-01-12 12:03:34,489 [ERROR] LogOutputStream:75 - [STDERR_REDIRECT] [Fatal Error] :1:1: Premature end of file.
2026-01-12 12:03:34,505 [ERROR] LogOutputStream:75 - [STDERR_REDIRECT] 
2026-01-12 12:03:35,474 [ERROR] LogOutputStream:75 - [STDERR_REDIRECT] [Fatal Error] :1:1: Premature end of file.
2026-01-12 12:03:35,474 [ERROR] LogOutputStream:75 - [STDERR_REDIRECT] 
2026-01-12 12:03:36,474 [ERROR] LogOutputStream:75 - [STDERR_REDIRECT] [Fatal Error] :1:1: Premature end of file.
2026-01-12 12:03:36,474 [ERROR] LogOutputStream:75 - [STDERR_REDIRECT] 
2026-01-12 12:03:37,474 [ERROR] LogOutputStream:75 - [STDERR_REDIRECT] [Fatal Error] :1:1: Premature end of file.
2026-01-12 12:03:37,474 [ERROR] LogOutputStream:75 - [STDERR_REDIRECT] 
2026-01-12 12:03:38,468 [ERROR] LogOutputStream:75 - [STDERR_REDIRECT] [Fatal Error] :1:1: Premature end of file.
2026-01-12 12:03:38,468 [ERROR] LogOutputStream:75 - [STDERR_REDIRECT] 
2026-01-12 12:03:39,531 [ERROR] LogOutputStream:75 - [STDERR_REDIRECT] [Fatal Error] :1:1: Premature end of file.
2026-01-12 12:03:39,531 [ERROR] LogOutputStream:75 - [STDERR_REDIRECT] 
2026-01-12 12:03:40,503 [ERROR] LogOutputStream:75 - [STDERR_REDIRECT] [Fatal Error] :1:1: Premature end of file.
2026-01-12 12:03:40,503 [ERROR] LogOutputStream:75 - [STDERR_REDIRECT] 
2026-01-12 12:03:41,469 [ERROR] LogOutputStream:75 - [STDERR_REDIRECT] [Fatal Error] :1:1: Premature end of file.
2026-01-12 12:03:41,470 [ERROR] LogOutputStream:75 - [STDERR_REDIRECT] 
2026-01-12 12:03:42,476 [ERROR] LogOutputStream:75 - [STDERR_REDIRECT] [Fatal Error] :1:1: Premature end of file.
2026-01-12 12:03:42,476 [ERROR] LogOutputStream:75 - [STDERR_REDIRECT] 
2026-01-12 12:03:43,608 [ERROR] LogOutputStream:75 - [STDERR_REDIRECT] [Fatal Error] :1:1: Premature end of file.
2026-01-12 12:03:43,608 [ERROR] LogOutputStream:75 - [STDERR_REDIRECT] 
2026-01-12 12:03:44,465 [ERROR] LogOutputStream:75 - [STDERR_REDIRECT] [Fatal Error] :1:1: Premature end of file.
2026-01-12 12:03:44,466 [ERROR] LogOutputStream:75 - [STDERR_REDIRECT] 
2026-01-12 12:03:45,461 [ERROR] LogOutputStream:75 - [STDERR_REDIRECT] [Fatal Error] :1:1: Premature end of file.
2026-01-12 12:03:45,461 [ERROR] LogOutputStream:75 - [STDERR_REDIRECT] 
2026-01-12 12:03:46,456 [ERROR] LogOutputStream:75 - [STDERR_REDIRECT] [Fatal Error] :1:1: Premature end of file.
2026-01-12 12:03:46,456 [ERROR] LogOutputStream:75 - [STDERR_REDIRECT] 
2026-01-12 12:03:47,464 [ERROR] LogOutputStream:75 - [STDERR_REDIRECT] [Fatal Error] :1:1: Premature end of file.
2026-01-12 12:03:47,464 [ERROR] LogOutputStream:75 - [STDERR_REDIRECT] 
2026-01-12 12:03:48,461 [ERROR] LogOutputStream:75 - [STDERR_REDIRECT] [Fatal Error] :1:1: Premature end of file.
2026-01-12 12:03:48,461 [ERROR] LogOutputStream:75 - [STDERR_REDIRECT] 
2026-01-12 12:03:49,472 [ERROR] LogOutputStream:75 - [STDERR_REDIRECT] [Fatal Error] :1:1: Premature end of file.
2026-01-12 12:03:49,472 [ERROR] LogOutputStream:75 - [STDERR_REDIRECT] 
2026-01-12 12:03:50,461 [ERROR] LogOutputStream:75 - [STDERR_REDIRECT] [Fatal Error] :1:1: Premature end of file.
2026-01-12 12:03:50,461 [ERROR] LogOutputStream:75 - [STDERR_REDIRECT] 
2026-01-12 12:03:51,458 [ERROR] LogOutputStream:75 - [STDERR_REDIRECT] [Fatal Error] :1:1: Premature end of file.
2026-01-12 12:03:51,458 [ERROR] LogOutputStream:75 - [STDERR_REDIRECT] 
2026-01-12 12:03:52,462 [ERROR] LogOutputStream:75 - [STDERR_REDIRECT] [Fatal Error] :1:1: Premature end of file.
2026-01-12 12:03:52,462 [ERROR] LogOutputStream:75 - [STDERR_REDIRECT] 
2026-01-12 12:03:53,459 [ERROR] LogOutputStream:75 - [STDERR_REDIRECT] [Fatal Error] :1:1: Premature end of file.
2026-01-12 12:03:53,459 [ERROR] LogOutputStream:75 - [STDERR_REDIRECT] 
2026-01-12 12:03:54,464 [ERROR] LogOutputStream:75 - [STDERR_REDIRECT] [Fatal Error] :1:1: Premature end of file.
2026-01-12 12:03:54,464 [ERROR] LogOutputStream:75 - [STDERR_REDIRECT] 
2026-01-12 12:03:55,548 [ERROR] LogOutputStream:75 - [STDERR_REDIRECT] [Fatal Error] :1:1: Premature end of file.
2026-01-12 12:03:55,548 [ERROR] LogOutputStream:75 - [STDERR_REDIRECT] 
2026-01-12 12:03:56,485 [ERROR] LogOutputStream:75 - [STDERR_REDIRECT] [Fatal Error] :1:1: Premature end of file.
2026-01-12 12:03:56,485 [ERROR] LogOutputStream:75 - [STDERR_REDIRECT] 
2026-01-12 12:03:57,469 [ERROR] LogOutputStream:75 - [STDERR_REDIRECT] [Fatal Error] :1:1: Premature end of file.
2026-01-12 12:03:57,469 [ERROR] LogOutputStream:75 - [STDERR_REDIRECT] 
2026-01-12 12:03:58,465 [ERROR] LogOutputStream:75 - [STDERR_REDIRECT] [Fatal Error] :1:1: Premature end of file.
2026-01-12 12:03:58,465 [ERROR] LogOutputStream:75 - [STDERR_REDIRECT] 
2026-01-12 12:03:59,462 [ERROR] LogOutputStream:75 - [STDERR_REDIRECT] [Fatal Error] :1:1: Premature end of file.
2026-01-12 12:03:59,463 [ERROR] LogOutputStream:75 - [STDERR_REDIRECT] 
2026-01-12 12:04:00,463 [ERROR] LogOutputStream:75 - [STDERR_REDIRECT] [Fatal Error] :1:1: Premature end of file.
2026-01-12 12:04:00,463 [ERROR] LogOutputStream:75 - [STDERR_REDIRECT] 
2026-01-12 12:04:01,462 [ERROR] LogOutputStream:75 - [STDERR_REDIRECT] [Fatal Error] :1:1: Premature end of file.
2026-01-12 12:04:01,462 [ERROR] LogOutputStream:75 - [STDERR_REDIRECT] 
2026-01-12 12:04:02,461 [ERROR] LogOutputStream:75 - [STDERR_REDIRECT] [Fatal Error] :1:1: Premature end of file.
2026-01-12 12:04:02,461 [ERROR] LogOutputStream:75 - [STDERR_REDIRECT] 
2026-01-12 12:04:03,458 [ERROR] LogOutputStream:75 - [STDERR_REDIRECT] [Fatal Error] :1:1: Premature end of file.
2026-01-12 12:04:03,458 [ERROR] LogOutputStream:75 - [STDERR_REDIRECT] 
2026-01-12 12:04:04,464 [ERROR] LogOutputStream:75 - [STDERR_REDIRECT] [Fatal Error] :1:1: Premature end of file.
2026-01-12 12:04:04,464 [ERROR] LogOutputStream:75 - [STDERR_REDIRECT] 
2026-01-12 12:04:05,470 [ERROR] LogOutputStream:75 - [STDERR_REDIRECT] [Fatal Error] :1:1: Premature end of file.
2026-01-12 12:04:05,470 [ERROR] LogOutputStream:75 - [STDERR_REDIRECT] 
2026-01-12 12:04:06,471 [ERROR] LogOutputStream:75 - [STDERR_REDIRECT] [Fatal Error] :1:1: Premature end of file.
2026-01-12 12:04:06,471 [ERROR] LogOutputStream:75 - [STDERR_REDIRECT] 
2026-01-12 12:04:07,463 [ERROR] LogOutputStream:75 - [STDERR_REDIRECT] [Fatal Error] :1:1: Premature end of file.
2026-01-12 12:04:07,463 [ERROR] LogOutputStream:75 - [STDERR_REDIRECT] 
2026-01-12 12:04:08,469 [ERROR] LogOutputStream:75 - [STDERR_REDIRECT] [Fatal Error] :1:1: Premature end of file.
2026-01-12 12:04:08,469 [ERROR] LogOutputStream:75 - [STDERR_REDIRECT] 
2026-01-12 12:04:09,455 [ERROR] LogOutputStream:75 - [STDERR_REDIRECT] [Fatal Error] :1:1: Premature end of file.
2026-01-12 12:04:09,455 [ERROR] LogOutputStream:75 - [STDERR_REDIRECT] 
2026-01-12 12:04:10,470 [ERROR] LogOutputStream:75 - [STDERR_REDIRECT] [Fatal Error] :1:1: Premature end of file.
2026-01-12 12:04:10,470 [ERROR] LogOutputStream:75 - [STDERR_REDIRECT] 
2026-01-12 12:04:11,456 [ERROR] LogOutputStream:75 - [STDERR_REDIRECT] [Fatal Error] :1:1: Premature end of file.
2026-01-12 12:04:11,456 [ERROR] LogOutputStream:75 - [STDERR_REDIRECT] 
2026-01-12 12:04:12,457 [ERROR] LogOutputStream:75 - [STDERR_REDIRECT] [Fatal Error] :1:1: Premature end of file.
2026-01-12 12:04:12,457 [ERROR] LogOutputStream:75 - [STDERR_REDIRECT] 
2026-01-12 12:04:13,455 [ERROR] LogOutputStream:75 - [STDERR_REDIRECT] [Fatal Error] :1:1: Premature end of file.
2026-01-12 12:04:13,455 [ERROR] LogOutputStream:75 - [STDERR_REDIRECT] 
2026-01-12 12:04:14,470 [ERROR] LogOutputStream:75 - [STDERR_REDIRECT] [Fatal Error] :1:1: Premature end of file.
2026-01-12 12:04:14,470 [ERROR] LogOutputStream:75 - [STDERR_REDIRECT] 
2026-01-12 12:04:15,459 [ERROR] LogOutputStream:75 - [STDERR_REDIRECT] [Fatal Error] :1:1: Premature end of file.
2026-01-12 12:04:15,459 [ERROR] LogOutputStream:75 - [STDERR_REDIRECT] 
2026-01-12 12:04:16,527 [ERROR] LogOutputStream:75 - [STDERR_REDIRECT] [Fatal Error] :1:1: Premature end of file.
2026-01-12 12:04:16,527 [ERROR] LogOutputStream:75 - [STDERR_REDIRECT] 
2026-01-12 12:04:17,462 [ERROR] LogOutputStream:75 - [STDERR_REDIRECT] [Fatal Error] :1:1: Premature end of file.
2026-01-12 12:04:17,462 [ERROR] LogOutputStream:75 - [STDERR_REDIRECT] 
2026-01-12 12:04:18,467 [ERROR] LogOutputStream:75 - [STDERR_REDIRECT] [Fatal Error] :1:1: Premature end of file.
2026-01-12 12:04:18,467 [ERROR] LogOutputStream:75 - [STDERR_REDIRECT] 
2026-01-12 12:04:19,449 [ERROR] LogOutputStream:75 - [STDERR_REDIRECT] [Fatal Error] :1:1: Premature end of file.
2026-01-12 12:04:19,449 [ERROR] LogOutputStream:75 - [STDERR_REDIRECT] 
2026-01-12 12:04:20,462 [ERROR] LogOutputStream:75 - [STDERR_REDIRECT] [Fatal Error] :1:1: Premature end of file.
2026-01-12 12:04:20,462 [ERROR] LogOutputStream:75 - [STDERR_REDIRECT] 
2026-01-12 12:04:21,461 [ERROR] LogOutputStream:75 - [STDERR_REDIRECT] [Fatal Error] :1:1: Premature end of file.
2026-01-12 12:04:21,461 [ERROR] LogOutputStream:75 - [STDERR_REDIRECT] 
2026-01-12 12:04:22,469 [ERROR] LogOutputStream:75 - [STDERR_REDIRECT] [Fatal Error] :1:1: Premature end of file.
2026-01-12 12:04:22,469 [ERROR] LogOutputStream:75 - [STDERR_REDIRECT] 
2026-01-12 12:04:23,448 [ERROR] LogOutputStream:75 - [STDERR_REDIRECT] [Fatal Error] :1:1: Premature end of file.
2026-01-12 12:04:23,448 [ERROR] LogOutputStream:75 - [STDERR_REDIRECT] 
2026-01-12 12:04:24,471 [ERROR] LogOutputStream:75 - [STDERR_REDIRECT] [Fatal Error] :1:1: Premature end of file.
2026-01-12 12:04:24,471 [ERROR] LogOutputStream:75 - [STDERR_REDIRECT] 
2026-01-12 12:04:25,462 [ERROR] LogOutputStream:75 - [STDERR_REDIRECT] [Fatal Error] :1:1: Premature end of file.
2026-01-12 12:04:25,462 [ERROR] LogOutputStream:75 - [STDERR_REDIRECT] 
2026-01-12 12:04:26,463 [ERROR] LogOutputStream:75 - [STDERR_REDIRECT] [Fatal Error] :1:1: Premature end of file.
2026-01-12 12:04:26,463 [ERROR] LogOutputStream:75 - [STDERR_REDIRECT] 
2026-01-12 12:04:27,459 [ERROR] LogOutputStream:75 - [STDERR_REDIRECT] [Fatal Error] :1:1: Premature end of file.
2026-01-12 12:04:27,459 [ERROR] LogOutputStream:75 - [STDERR_REDIRECT] 
2026-01-12 12:04:28,467 [ERROR] LogOutputStream:75 - [STDERR_REDIRECT] [Fatal Error] :1:1: Premature end of file.
2026-01-12 12:04:28,468 [ERROR] LogOutputStream:75 - [STDERR_REDIRECT] 
2026-01-12 12:04:29,459 [ERROR] LogOutputStream:75 - [STDERR_REDIRECT] [Fatal Error] :1:1: Premature end of file.
2026-01-12 12:04:29,459 [ERROR] LogOutputStream:75 - [STDERR_REDIRECT] 
2026-01-12 12:04:30,463 [ERROR] LogOutputStream:75 - [STDERR_REDIRECT] [Fatal Error] :1:1: Premature end of file.
2026-01-12 12:04:30,463 [ERROR] LogOutputStream:75 - [STDERR_REDIRECT] 
2026-01-12 12:04:31,464 [ERROR] LogOutputStream:75 - [STDERR_REDIRECT] [Fatal Error] :1:1: Premature end of file.
2026-01-12 12:04:31,464 [ERROR] LogOutputStream:75 - [STDERR_REDIRECT] 
2026-01-12 12:04:32,464 [ERROR] LogOutputStream:75 - [STDERR_REDIRECT] [Fatal Error] :1:1: Premature end of file.
2026-01-12 12:04:32,464 [ERROR] LogOutputStream:75 - [STDERR_REDIRECT] 
2026-01-12 12:04:33,457 [ERROR] LogOutputStream:75 - [STDERR_REDIRECT] [Fatal Error] :1:1: Premature end of file.
2026-01-12 12:04:33,457 [ERROR] LogOutputStream:75 - [STDERR_REDIRECT] 
2026-01-12 12:04:34,464 [ERROR] LogOutputStream:75 - [STDERR_REDIRECT] [Fatal Error] :1:1: Premature end of file.
2026-01-12 12:04:34,464 [ERROR] LogOutputStream:75 - [STDERR_REDIRECT] 
2026-01-12 12:04:35,457 [ERROR] LogOutputStream:75 - [STDERR_REDIRECT] [Fatal Error] :1:1: Premature end of file.
2026-01-12 12:04:35,457 [ERROR] LogOutputStream:75 - [STDERR_REDIRECT] 
2026-01-12 12:04:36,462 [ERROR] LogOutputStream:75 - [STDERR_REDIRECT] [Fatal Error] :1:1: Premature end of file.
2026-01-12 12:04:36,462 [ERROR] LogOutputStream:75 - [STDERR_REDIRECT] 
2026-01-12 12:04:37,469 [ERROR] LogOutputStream:75 - [STDERR_REDIRECT] [Fatal Error] :1:1: Premature end of file.
2026-01-12 12:04:37,469 [ERROR] LogOutputStream:75 - [STDERR_REDIRECT] 
2026-01-12 12:04:38,464 [ERROR] LogOutputStream:75 - [STDERR_REDIRECT] [Fatal Error] :1:1: Premature end of file.
2026-01-12 12:04:38,464 [ERROR] LogOutputStream:75 - [STDERR_REDIRECT] 
2026-01-12 12:04:39,464 [ERROR] LogOutputStream:75 - [STDERR_REDIRECT] [Fatal Error] :1:1: Premature end of file.
2026-01-12 12:04:39,464 [ERROR] LogOutputStream:75 - [STDERR_REDIRECT] 
2026-01-12 12:04:40,474 [ERROR] LogOutputStream:75 - [STDERR_REDIRECT] [Fatal Error] :1:1: Premature end of file.
2026-01-12 12:04:40,474 [ERROR] LogOutputStream:75 - [STDERR_REDIRECT] 
2026-01-12 12:04:41,456 [ERROR] LogOutputStream:75 - [STDERR_REDIRECT] [Fatal Error] :1:1: Premature end of file.
2026-01-12 12:04:41,456 [ERROR] LogOutputStream:75 - [STDERR_REDIRECT] 
2026-01-12 12:04:42,474 [ERROR] LogOutputStream:75 - [STDERR_REDIRECT] [Fatal Error] :1:1: Premature end of file.
2026-01-12 12:04:42,474 [ERROR] LogOutputStream:75 - [STDERR_REDIRECT] 
2026-01-12 12:04:43,463 [ERROR] LogOutputStream:75 - [STDERR_REDIRECT] [Fatal Error] :1:1: Premature end of file.
2026-01-12 12:04:43,463 [ERROR] LogOutputStream:75 - [STDERR_REDIRECT] 
2026-01-12 12:04:44,461 [ERROR] LogOutputStream:75 - [STDERR_REDIRECT] [Fatal Error] :1:1: Premature end of file.
2026-01-12 12:04:44,461 [ERROR] LogOutputStream:75 - [STDERR_REDIRECT] 
2026-01-12 12:04:45,459 [ERROR] LogOutputStream:75 - [STDERR_REDIRECT] [Fatal Error] :1:1: Premature end of file.
2026-01-12 12:04:45,459 [ERROR] LogOutputStream:75 - [STDERR_REDIRECT] 
2026-01-12 12:04:46,452 [ERROR] LogOutputStream:75 - [STDERR_REDIRECT] [Fatal Error] :1:1: Premature end of file.
2026-01-12 12:04:46,452 [ERROR] LogOutputStream:75 - [STDERR_REDIRECT] 
2026-01-12 12:04:47,469 [ERROR] LogOutputStream:75 - [STDERR_REDIRECT] [Fatal Error] :1:1: Premature end of file.
2026-01-12 12:04:47,469 [ERROR] LogOutputStream:75 - [STDERR_REDIRECT] 
2026-01-12 12:04:48,471 [ERROR] LogOutputStream:75 - [STDERR_REDIRECT] [Fatal Error] :1:1: Premature end of file.
2026-01-12 12:04:48,471 [ERROR] LogOutputStream:75 - [STDERR_REDIRECT] 
2026-01-12 12:04:49,458 [ERROR] LogOutputStream:75 - [STDERR_REDIRECT] [Fatal Error] :1:1: Premature end of file.
2026-01-12 12:04:49,458 [ERROR] LogOutputStream:75 - [STDERR_REDIRECT] 
2026-01-12 12:04:50,459 [ERROR] LogOutputStream:75 - [STDERR_REDIRECT] [Fatal Error] :1:1: Premature end of file.
2026-01-12 12:04:50,459 [ERROR] LogOutputStream:75 - [STDERR_REDIRECT] 
2026-01-12 12:04:51,462 [ERROR] LogOutputStream:75 - [STDERR_REDIRECT] [Fatal Error] :1:1: Premature end of file.
2026-01-12 12:04:51,462 [ERROR] LogOutputStream:75 - [STDERR_REDIRECT] 
2026-01-12 12:04:52,461 [ERROR] LogOutputStream:75 - [STDERR_REDIRECT] [Fatal Error] :1:1: Premature end of file.
2026-01-12 12:04:52,461 [ERROR] LogOutputStream:75 - [STDERR_REDIRECT] 
2026-01-12 12:04:53,460 [ERROR] LogOutputStream:75 - [STDERR_REDIRECT] [Fatal Error] :1:1: Premature end of file.
2026-01-12 12:04:53,460 [ERROR] LogOutputStream:75 - [STDERR_REDIRECT] 
2026-01-12 12:04:54,461 [ERROR] LogOutputStream:75 - [STDERR_REDIRECT] [Fatal Error] :1:1: Premature end of file.
2026-01-12 12:04:54,461 [ERROR] LogOutputStream:75 - [STDERR_REDIRECT] 
2026-01-12 12:04:55,443 [ERROR] LogOutputStream:75 - [STDERR_REDIRECT] [Fatal Error] :1:1: Premature end of file.
2026-01-12 12:04:55,443 [ERROR] LogOutputStream:75 - [STDERR_REDIRECT] 
2026-01-12 12:04:56,442 [ERROR] LogOutputStream:75 - [STDERR_REDIRECT] [Fatal Error] :1:1: Premature end of file.
2026-01-12 12:04:56,442 [ERROR] LogOutputStream:75 - [STDERR_REDIRECT] 
2026-01-12 12:04:57,443 [ERROR] LogOutputStream:75 - [STDERR_REDIRECT] [Fatal Error] :1:1: Premature end of file.
2026-01-12 12:04:57,443 [ERROR] LogOutputStream:75 - [STDERR_REDIRECT] 
2026-01-12 12:04:58,442 [ERROR] LogOutputStream:75 - [STDERR_REDIRECT] [Fatal Error] :1:1: Premature end of file.
2026-01-12 12:04:58,442 [ERROR] LogOutputStream:75 - [STDERR_REDIRECT] 
2026-01-12 12:04:59,441 [ERROR] LogOutputStream:75 - [STDERR_REDIRECT] [Fatal Error] :1:1: Premature end of file.
2026-01-12 12:04:59,441 [ERROR] LogOutputStream:75 - [STDERR_REDIRECT] 
2026-01-12 12:05:00,444 [ERROR] LogOutputStream:75 - [STDERR_REDIRECT] [Fatal Error] :1:1: Premature end of file.
2026-01-12 12:05:00,444 [ERROR] LogOutputStream:75 - [STDERR_REDIRECT] 
2026-01-12 12:05:01,442 [ERROR] LogOutputStream:75 - [STDERR_REDIRECT] [Fatal Error] :1:1: Premature end of file.
2026-01-12 12:05:01,442 [ERROR] LogOutputStream:75 - [STDERR_REDIRECT] 
2026-01-12 12:05:02,441 [ERROR] LogOutputStream:75 - [STDERR_REDIRECT] [Fatal Error] :1:1: Premature end of file.
2026-01-12 12:05:02,441 [ERROR] LogOutputStream:75 - [STDERR_REDIRECT] 
2026-01-12 12:05:03,442 [ERROR] LogOutputStream:75 - [STDERR_REDIRECT] [Fatal Error] :1:1: Premature end of file.
2026-01-12 12:05:03,442 [ERROR] LogOutputStream:75 - [STDERR_REDIRECT] 
2026-01-12 12:05:04,444 [ERROR] LogOutputStream:75 - [STDERR_REDIRECT] [Fatal Error] :1:1: Premature end of file.
2026-01-12 12:05:04,444 [ERROR] LogOutputStream:75 - [STDERR_REDIRECT] 
2026-01-12 12:05:05,442 [ERROR] LogOutputStream:75 - [STDERR_REDIRECT] [Fatal Error] :1:1: Premature end of file.
2026-01-12 12:05:05,442 [ERROR] LogOutputStream:75 - [STDERR_REDIRECT] 
2026-01-12 12:05:06,441 [ERROR] LogOutputStream:75 - [STDERR_REDIRECT] [Fatal Error] :1:1: Premature end of file.
2026-01-12 12:05:06,441 [ERROR] LogOutputStream:75 - [STDERR_REDIRECT] 
2026-01-12 12:05:07,441 [ERROR] LogOutputStream:75 - [STDERR_REDIRECT] [Fatal Error] :1:1: Premature end of file.
2026-01-12 12:05:07,441 [ERROR] LogOutputStream:75 - [STDERR_REDIRECT] 
2026-01-12 12:05:08,442 [ERROR] LogOutputStream:75 - [STDERR_REDIRECT] [Fatal Error] :1:1: Premature end of file.
2026-01-12 12:05:08,443 [ERROR] LogOutputStream:75 - [STDERR_REDIRECT] 
2026-01-12 12:05:09,443 [ERROR] LogOutputStream:75 - [STDERR_REDIRECT] [Fatal Error] :1:1: Premature end of file.
2026-01-12 12:05:09,443 [ERROR] LogOutputStream:75 - [STDERR_REDIRECT] 
2026-01-12 12:05:10,456 [ERROR] LogOutputStream:75 - [STDERR_REDIRECT] [Fatal Error] :1:1: Premature end of file.
2026-01-12 12:05:10,457 [ERROR] LogOutputStream:75 - [STDERR_REDIRECT] 
2026-01-12 12:05:11,467 [ERROR] LogOutputStream:75 - [STDERR_REDIRECT] [Fatal Error] :1:1: Premature end of file.
2026-01-12 12:05:11,467 [ERROR] LogOutputStream:75 - [STDERR_REDIRECT] 
2026-01-12 12:05:12,440 [ERROR] LogOutputStream:75 - [STDERR_REDIRECT] [Fatal Error] :1:1: Premature end of file.
2026-01-12 12:05:12,440 [ERROR] LogOutputStream:75 - [STDERR_REDIRECT] 
2026-01-12 12:05:13,444 [ERROR] LogOutputStream:75 - [STDERR_REDIRECT] [Fatal Error] :1:1: Premature end of file.
2026-01-12 12:05:13,445 [ERROR] LogOutputStream:75 - [STDERR_REDIRECT] 
2026-01-12 12:05:14,444 [ERROR] LogOutputStream:75 - [STDERR_REDIRECT] [Fatal Error] :1:1: Premature end of file.
2026-01-12 12:05:14,444 [ERROR] LogOutputStream:75 - [STDERR_REDIRECT] 
2026-01-12 12:05:15,443 [ERROR] LogOutputStream:75 - [STDERR_REDIRECT] [Fatal Error] :1:1: Premature end of file.
2026-01-12 12:05:15,443 [ERROR] LogOutputStream:75 - [STDERR_REDIRECT] 
2026-01-12 12:05:16,446 [ERROR] LogOutputStream:75 - [STDERR_REDIRECT] [Fatal Error] :1:1: Premature end of file.
2026-01-12 12:05:16,446 [ERROR] LogOutputStream:75 - [STDERR_REDIRECT] 
2026-01-12 12:05:17,442 [ERROR] LogOutputStream:75 - [STDERR_REDIRECT] [Fatal Error] :1:1: Premature end of file.
2026-01-12 12:05:17,442 [ERROR] LogOutputStream:75 - [STDERR_REDIRECT] 
2026-01-12 12:05:18,446 [ERROR] LogOutputStream:75 - [STDERR_REDIRECT] [Fatal Error] :1:1: Premature end of file.
2026-01-12 12:05:18,446 [ERROR] LogOutputStream:75 - [STDERR_REDIRECT] 
2026-01-12 12:05:19,442 [ERROR] LogOutputStream:75 - [STDERR_REDIRECT] [Fatal Error] :1:1: Premature end of file.
2026-01-12 12:05:19,442 [ERROR] LogOutputStream:75 - [STDERR_REDIRECT] 
2026-01-12 12:05:20,443 [ERROR] LogOutputStream:75 - [STDERR_REDIRECT] [Fatal Error] :1:1: Premature end of file.
2026-01-12 12:05:20,443 [ERROR] LogOutputStream:75 - [STDERR_REDIRECT] 
2026-01-12 12:05:21,441 [ERROR] LogOutputStream:75 - [STDERR_REDIRECT] [Fatal Error] :1:1: Premature end of file.
2026-01-12 12:05:21,441 [ERROR] LogOutputStream:75 - [STDERR_REDIRECT] 
2026-01-12 12:05:22,442 [ERROR] LogOutputStream:75 - [STDERR_REDIRECT] [Fatal Error] :1:1: Premature end of file.
2026-01-12 12:05:22,442 [ERROR] LogOutputStream:75 - [STDERR_REDIRECT] 
2026-01-12 12:05:23,444 [ERROR] LogOutputStream:75 - [STDERR_REDIRECT] [Fatal Error] :1:1: Premature end of file.
2026-01-12 12:05:23,444 [ERROR] LogOutputStream:75 - [STDERR_REDIRECT] 
2026-01-12 12:05:24,444 [ERROR] LogOutputStream:75 - [STDERR_REDIRECT] [Fatal Error] :1:1: Premature end of file.
2026-01-12 12:05:24,444 [ERROR] LogOutputStream:75 - [STDERR_REDIRECT] 
2026-01-12 12:05:25,441 [ERROR] LogOutputStream:75 - [STDERR_REDIRECT] [Fatal Error] :1:1: Premature end of file.
2026-01-12 12:05:25,442 [ERROR] LogOutputStream:75 - [STDERR_REDIRECT] 
2026-01-12 12:05:26,442 [ERROR] LogOutputStream:75 - [STDERR_REDIRECT] [Fatal Error] :1:1: Premature end of file.
2026-01-12 12:05:26,442 [ERROR] LogOutputStream:75 - [STDERR_REDIRECT] 
2026-01-12 12:05:27,443 [ERROR] LogOutputStream:75 - [STDERR_REDIRECT] [Fatal Error] :1:1: Premature end of file.
2026-01-12 12:05:27,444 [ERROR] LogOutputStream:75 - [STDERR_REDIRECT] 
2026-01-12 12:05:28,442 [ERROR] LogOutputStream:75 - [STDERR_REDIRECT] [Fatal Error] :1:1: Premature end of file.
2026-01-12 12:05:28,442 [ERROR] LogOutputStream:75 - [STDERR_REDIRECT] 
2026-01-12 12:05:29,442 [ERROR] LogOutputStream:75 - [STDERR_REDIRECT] [Fatal Error] :1:1: Premature end of file.
2026-01-12 12:05:29,442 [ERROR] LogOutputStream:75 - [STDERR_REDIRECT] 
2026-01-12 12:05:30,442 [ERROR] LogOutputStream:75 - [STDERR_REDIRECT] [Fatal Error] :1:1: Premature end of file.
2026-01-12 12:05:30,442 [ERROR] LogOutputStream:75 - [STDERR_REDIRECT] 
2026-01-12 12:05:31,441 [ERROR] LogOutputStream:75 - [STDERR_REDIRECT] [Fatal Error] :1:1: Premature end of file.
2026-01-12 12:05:31,442 [ERROR] LogOutputStream:75 - [STDERR_REDIRECT] 
2026-01-12 12:05:32,441 [ERROR] LogOutputStream:75 - [STDERR_REDIRECT] [Fatal Error] :1:1: Premature end of file.
2026-01-12 12:05:32,441 [ERROR] LogOutputStream:75 - [STDERR_REDIRECT] 
2026-01-12 12:05:33,442 [ERROR] LogOutputStream:75 - [STDERR_REDIRECT] [Fatal Error] :1:1: Premature end of file.
2026-01-12 12:05:33,442 [ERROR] LogOutputStream:75 - [STDERR_REDIRECT] 
2026-01-12 12:05:34,443 [ERROR] LogOutputStream:75 - [STDERR_REDIRECT] [Fatal Error] :1:1: Premature end of file.
2026-01-12 12:05:34,443 [ERROR] LogOutputStream:75 - [STDERR_REDIRECT] 
2026-01-12 12:05:35,444 [ERROR] LogOutputStream:75 - [STDERR_REDIRECT] [Fatal Error] :1:1: Premature end of file.
2026-01-12 12:05:35,444 [ERROR] LogOutputStream:75 - [STDERR_REDIRECT] 
2026-01-12 12:05:36,441 [ERROR] LogOutputStream:75 - [STDERR_REDIRECT] [Fatal Error] :1:1: Premature end of file.
2026-01-12 12:05:36,441 [ERROR] LogOutputStream:75 - [STDERR_REDIRECT] 
2026-01-12 12:05:37,442 [ERROR] LogOutputStream:75 - [STDERR_REDIRECT] [Fatal Error] :1:1: Premature end of file.
2026-01-12 12:05:37,442 [ERROR] LogOutputStream:75 - [STDERR_REDIRECT] 
2026-01-12 12:05:38,444 [ERROR] LogOutputStream:75 - [STDERR_REDIRECT] [Fatal Error] :1:1: Premature end of file.
2026-01-12 12:05:38,444 [ERROR] LogOutputStream:75 - [STDERR_REDIRECT] 
2026-01-12 12:05:39,443 [ERROR] LogOutputStream:75 - [STDERR_REDIRECT] [Fatal Error] :1:1: Premature end of file.
2026-01-12 12:05:39,443 [ERROR] LogOutputStream:75 - [STDERR_REDIRECT] 
2026-01-12 12:05:40,450 [ERROR] LogOutputStream:75 - [STDERR_REDIRECT] [Fatal Error] :1:1: Premature end of file.
2026-01-12 12:05:40,450 [ERROR] LogOutputStream:75 - [STDERR_REDIRECT] 
2026-01-12 12:05:41,478 [ERROR] LogOutputStream:75 - [STDERR_REDIRECT] [Fatal Error] :1:1: Premature end of file.
2026-01-12 12:05:41,478 [ERROR] LogOutputStream:75 - [STDERR_REDIRECT] 
2026-01-12 12:05:42,460 [ERROR] LogOutputStream:75 - [STDERR_REDIRECT] [Fatal Error] :1:1: Premature end of file.
2026-01-12 12:05:42,460 [ERROR] LogOutputStream:75 - [STDERR_REDIRECT] 
2026-01-12 12:05:43,464 [ERROR] LogOutputStream:75 - [STDERR_REDIRECT] [Fatal Error] :1:1: Premature end of file.
2026-01-12 12:05:43,464 [ERROR] LogOutputStream:75 - [STDERR_REDIRECT] 
2026-01-12 12:05:44,459 [ERROR] LogOutputStream:75 - [STDERR_REDIRECT] [Fatal Error] :1:1: Premature end of file.
2026-01-12 12:05:44,459 [ERROR] LogOutputStream:75 - [STDERR_REDIRECT] 
2026-01-12 12:05:45,462 [ERROR] LogOutputStream:75 - [STDERR_REDIRECT] [Fatal Error] :1:1: Premature end of file.
2026-01-12 12:05:45,462 [ERROR] LogOutputStream:75 - [STDERR_REDIRECT] 
2026-01-12 12:05:46,466 [ERROR] LogOutputStream:75 - [STDERR_REDIRECT] [Fatal Error] :1:1: Premature end of file.
2026-01-12 12:05:46,466 [ERROR] LogOutputStream:75 - [STDERR_REDIRECT] 
2026-01-12 12:05:47,467 [ERROR] LogOutputStream:75 - [STDERR_REDIRECT] [Fatal Error] :1:1: Premature end of file.
2026-01-12 12:05:47,467 [ERROR] LogOutputStream:75 - [STDERR_REDIRECT] 
2026-01-12 12:05:48,463 [ERROR] LogOutputStream:75 - [STDERR_REDIRECT] [Fatal Error] :1:1: Premature end of file.
2026-01-12 12:05:48,463 [ERROR] LogOutputStream:75 - [STDERR_REDIRECT] 
2026-01-12 12:05:49,449 [ERROR] LogOutputStream:75 - [STDERR_REDIRECT] [Fatal Error] :1:1: Premature end of file.
2026-01-12 12:05:49,449 [ERROR] LogOutputStream:75 - [STDERR_REDIRECT] 
2026-01-12 12:05:50,469 [ERROR] LogOutputStream:75 - [STDERR_REDIRECT] [Fatal Error] :1:1: Premature end of file.
2026-01-12 12:05:50,470 [ERROR] LogOutputStream:75 - [STDERR_REDIRECT] 
2026-01-12 12:05:51,474 [ERROR] LogOutputStream:75 - [STDERR_REDIRECT] [Fatal Error] :1:1: Premature end of file.
2026-01-12 12:05:51,475 [ERROR] LogOutputStream:75 - [STDERR_REDIRECT] 
2026-01-12 12:05:52,464 [ERROR] LogOutputStream:75 - [STDERR_REDIRECT] [Fatal Error] :1:1: Premature end of file.
2026-01-12 12:05:52,464 [ERROR] LogOutputStream:75 - [STDERR_REDIRECT] 
2026-01-12 12:05:53,467 [ERROR] LogOutputStream:75 - [STDERR_REDIRECT] [Fatal Error] :1:1: Premature end of file.
2026-01-12 12:05:53,467 [ERROR] LogOutputStream:75 - [STDERR_REDIRECT] 
2026-01-12 12:05:54,460 [ERROR] LogOutputStream:75 - [STDERR_REDIRECT] [Fatal Error] :1:1: Premature end of file.
2026-01-12 12:05:54,460 [ERROR] LogOutputStream:75 - [STDERR_REDIRECT] 
2026-01-12 12:05:55,451 [ERROR] LogOutputStream:75 - [STDERR_REDIRECT] [Fatal Error] :1:1: Premature end of file.
2026-01-12 12:05:55,451 [ERROR] LogOutputStream:75 - [STDERR_REDIRECT] 
2026-01-12 12:05:56,445 [ERROR] LogOutputStream:75 - [STDERR_REDIRECT] [Fatal Error] :1:1: Premature end of file.
2026-01-12 12:05:56,445 [ERROR] LogOutputStream:75 - [STDERR_REDIRECT] 
2026-01-12 12:05:57,442 [ERROR] LogOutputStream:75 - [STDERR_REDIRECT] [Fatal Error] :1:1: Premature end of file.
2026-01-12 12:05:57,442 [ERROR] LogOutputStream:75 - [STDERR_REDIRECT] 
2026-01-12 12:05:58,443 [ERROR] LogOutputStream:75 - [STDERR_REDIRECT] [Fatal Error] :1:1: Premature end of file.
2026-01-12 12:05:58,443 [ERROR] LogOutputStream:75 - [STDERR_REDIRECT] 
2026-01-12 12:05:59,442 [ERROR] LogOutputStream:75 - [STDERR_REDIRECT] [Fatal Error] :1:1: Premature end of file.
2026-01-12 12:05:59,442 [ERROR] LogOutputStream:75 - [STDERR_REDIRECT] 
2026-01-12 12:06:00,442 [ERROR] LogOutputStream:75 - [STDERR_REDIRECT] [Fatal Error] :1:1: Premature end of file.
2026-01-12 12:06:00,442 [ERROR] LogOutputStream:75 - [STDERR_REDIRECT] 
2026-01-12 12:06:01,443 [ERROR] LogOutputStream:75 - [STDERR_REDIRECT] [Fatal Error] :1:1: Premature end of file.
2026-01-12 12:06:01,443 [ERROR] LogOutputStream:75 - [STDERR_REDIRECT] 
2026-01-12 12:06:02,441 [ERROR] LogOutputStream:75 - [STDERR_REDIRECT] [Fatal Error] :1:1: Premature end of file.
2026-01-12 12:06:02,442 [ERROR] LogOutputStream:75 - [STDERR_REDIRECT] 
2026-01-12 12:06:03,442 [ERROR] LogOutputStream:75 - [STDERR_REDIRECT] [Fatal Error] :1:1: Premature end of file.
2026-01-12 12:06:03,442 [ERROR] LogOutputStream:75 - [STDERR_REDIRECT] 
2026-01-12 12:06:04,442 [ERROR] LogOutputStream:75 - [STDERR_REDIRECT] [Fatal Error] :1:1: Premature end of file.
2026-01-12 12:06:04,442 [ERROR] LogOutputStream:75 - [STDERR_REDIRECT] 
2026-01-12 12:06:05,442 [ERROR] LogOutputStream:75 - [STDERR_REDIRECT] [Fatal Error] :1:1: Premature end of file.
2026-01-12 12:06:05,442 [ERROR] LogOutputStream:75 - [STDERR_REDIRECT] 
2026-01-12 12:06:06,441 [ERROR] LogOutputStream:75 - [STDERR_REDIRECT] [Fatal Error] :1:1: Premature end of file.
2026-01-12 12:06:06,441 [ERROR] LogOutputStream:75 - [STDERR_REDIRECT] 
2026-01-12 12:06:07,443 [ERROR] LogOutputStream:75 - [STDERR_REDIRECT] [Fatal Error] :1:1: Premature end of file.
2026-01-12 12:06:07,443 [ERROR] LogOutputStream:75 - [STDERR_REDIRECT] 
2026-01-12 12:06:08,446 [ERROR] LogOutputStream:75 - [STDERR_REDIRECT] [Fatal Error] :1:1: Premature end of file.
2026-01-12 12:06:08,446 [ERROR] LogOutputStream:75 - [STDERR_REDIRECT] 
2026-01-12 12:06:09,442 [ERROR] LogOutputStream:75 - [STDERR_REDIRECT] [Fatal Error] :1:1: Premature end of file.
2026-01-12 12:06:09,442 [ERROR] LogOutputStream:75 - [STDERR_REDIRECT] 
2026-01-12 12:06:10,444 [ERROR] LogOutputStream:75 - [STDERR_REDIRECT] [Fatal Error] :1:1: Premature end of file.
2026-01-12 12:06:10,444 [ERROR] LogOutputStream:75 - [STDERR_REDIRECT] 
2026-01-12 12:06:11,444 [ERROR] LogOutputStream:75 - [STDERR_REDIRECT] [Fatal Error] :1:1: Premature end of file.
2026-01-12 12:06:11,444 [ERROR] LogOutputStream:75 - [STDERR_REDIRECT] 
2026-01-12 12:06:12,443 [ERROR] LogOutputStream:75 - [STDERR_REDIRECT] [Fatal Error] :1:1: Premature end of file.
2026-01-12 12:06:12,444 [ERROR] LogOutputStream:75 - [STDERR_REDIRECT] 
2026-01-12 12:06:13,444 [ERROR] LogOutputStream:75 - [STDERR_REDIRECT] [Fatal Error] :1:1: Premature end of file.
2026-01-12 12:06:13,444 [ERROR] LogOutputStream:75 - [STDERR_REDIRECT] 
2026-01-12 12:06:14,441 [ERROR] LogOutputStream:75 - [STDERR_REDIRECT] [Fatal Error] :1:1: Premature end of file.
2026-01-12 12:06:14,441 [ERROR] LogOutputStream:75 - [STDERR_REDIRECT] 
2026-01-12 12:06:15,444 [ERROR] LogOutputStream:75 - [STDERR_REDIRECT] [Fatal Error] :1:1: Premature end of file.
2026-01-12 12:06:15,444 [ERROR] LogOutputStream:75 - [STDERR_REDIRECT] 
2026-01-12 12:06:16,443 [ERROR] LogOutputStream:75 - [STDERR_REDIRECT] [Fatal Error] :1:1: Premature end of file.
2026-01-12 12:06:16,443 [ERROR] LogOutputStream:75 - [STDERR_REDIRECT] 
2026-01-12 12:06:17,444 [ERROR] LogOutputStream:75 - [STDERR_REDIRECT] [Fatal Error] :1:1: Premature end of file.
2026-01-12 12:06:17,444 [ERROR] LogOutputStream:75 - [STDERR_REDIRECT] 
2026-01-12 12:06:18,442 [ERROR] LogOutputStream:75 - [STDERR_REDIRECT] [Fatal Error] :1:1: Premature end of file.
2026-01-12 12:06:18,442 [ERROR] LogOutputStream:75 - [STDERR_REDIRECT] 
2026-01-12 12:06:19,444 [ERROR] LogOutputStream:75 - [STDERR_REDIRECT] [Fatal Error] :1:1: Premature end of file.
2026-01-12 12:06:19,444 [ERROR] LogOutputStream:75 - [STDERR_REDIRECT] 
2026-01-12 12:06:20,441 [ERROR] LogOutputStream:75 - [STDERR_REDIRECT] [Fatal Error] :1:1: Premature end of file.
2026-01-12 12:06:20,441 [ERROR] LogOutputStream:75 - [STDERR_REDIRECT] 
2026-01-12 12:06:21,442 [ERROR] LogOutputStream:75 - [STDERR_REDIRECT] [Fatal Error] :1:1: Premature end of file.
2026-01-12 12:06:21,442 [ERROR] LogOutputStream:75 - [STDERR_REDIRECT] 
2026-01-12 12:06:22,441 [ERROR] LogOutputStream:75 - [STDERR_REDIRECT] [Fatal Error] :1:1: Premature end of file.
2026-01-12 12:06:22,441 [ERROR] LogOutputStream:75 - [STDERR_REDIRECT] 
2026-01-12 12:06:23,442 [ERROR] LogOutputStream:75 - [STDERR_REDIRECT] [Fatal Error] :1:1: Premature end of file.
2026-01-12 12:06:23,442 [ERROR] LogOutputStream:75 - [STDERR_REDIRECT] 
2026-01-12 12:06:24,444 [ERROR] LogOutputStream:75 - [STDERR_REDIRECT] [Fatal Error] :1:1: Premature end of file.
2026-01-12 12:06:24,444 [ERROR] LogOutputStream:75 - [STDERR_REDIRECT] 
2026-01-12 12:06:25,441 [ERROR] LogOutputStream:75 - [STDERR_REDIRECT] [Fatal Error] :1:1: Premature end of file.
2026-01-12 12:06:25,441 [ERROR] LogOutputStream:75 - [STDERR_REDIRECT] 
2026-01-12 12:06:26,441 [ERROR] LogOutputStream:75 - [STDERR_REDIRECT] [Fatal Error] :1:1: Premature end of file.
2026-01-12 12:06:26,441 [ERROR] LogOutputStream:75 - [STDERR_REDIRECT] 
2026-01-12 12:06:27,442 [ERROR] LogOutputStream:75 - [STDERR_REDIRECT] [Fatal Error] :1:1: Premature end of file.
2026-01-12 12:06:27,442 [ERROR] LogOutputStream:75 - [STDERR_REDIRECT] 
2026-01-12 12:06:28,443 [ERROR] LogOutputStream:75 - [STDERR_REDIRECT] [Fatal Error] :1:1: Premature end of file.
2026-01-12 12:06:28,443 [ERROR] LogOutputStream:75 - [STDERR_REDIRECT] 
2026-01-12 12:06:29,440 [ERROR] LogOutputStream:75 - [STDERR_REDIRECT] [Fatal Error] :1:1: Premature end of file.
2026-01-12 12:06:29,440 [ERROR] LogOutputStream:75 - [STDERR_REDIRECT] 
2026-01-12 12:06:30,442 [ERROR] LogOutputStream:75 - [STDERR_REDIRECT] [Fatal Error] :1:1: Premature end of file.
2026-01-12 12:06:30,442 [ERROR] LogOutputStream:75 - [STDERR_REDIRECT] 
2026-01-12 12:06:31,441 [ERROR] LogOutputStream:75 - [STDERR_REDIRECT] [Fatal Error] :1:1: Premature end of file.
2026-01-12 12:06:31,441 [ERROR] LogOutputStream:75 - [STDERR_REDIRECT] 
2026-01-12 12:06:32,443 [ERROR] LogOutputStream:75 - [STDERR_REDIRECT] [Fatal Error] :1:1: Premature end of file.
2026-01-12 12:06:32,443 [ERROR] LogOutputStream:75 - [STDERR_REDIRECT] 
2026-01-12 12:06:33,442 [ERROR] LogOutputStream:75 - [STDERR_REDIRECT] [Fatal Error] :1:1: Premature end of file.
2026-01-12 12:06:33,442 [ERROR] LogOutputStream:75 - [STDERR_REDIRECT] 
2026-01-12 12:06:34,441 [ERROR] LogOutputStream:75 - [STDERR_REDIRECT] [Fatal Error] :1:1: Premature end of file.
2026-01-12 12:06:34,441 [ERROR] LogOutputStream:75 - [STDERR_REDIRECT] 
2026-01-12 12:06:35,441 [ERROR] LogOutputStream:75 - [STDERR_REDIRECT] [Fatal Error] :1:1: Premature end of file.
2026-01-12 12:06:35,441 [ERROR] LogOutputStream:75 - [STDERR_REDIRECT] 
2026-01-12 12:06:36,443 [ERROR] LogOutputStream:75 - [STDERR_REDIRECT] [Fatal Error] :1:1: Premature end of file.
2026-01-12 12:06:36,443 [ERROR] LogOutputStream:75 - [STDERR_REDIRECT] 
2026-01-12 12:06:37,441 [ERROR] LogOutputStream:75 - [STDERR_REDIRECT] [Fatal Error] :1:1: Premature end of file.
2026-01-12 12:06:37,441 [ERROR] LogOutputStream:75 - [STDERR_REDIRECT] 
2026-01-12 12:06:38,442 [ERROR] LogOutputStream:75 - [STDERR_REDIRECT] [Fatal Error] :1:1: Premature end of file.
2026-01-12 12:06:38,442 [ERROR] LogOutputStream:75 - [STDERR_REDIRECT] 
2026-01-12 12:06:39,443 [ERROR] LogOutputStream:75 - [STDERR_REDIRECT] [Fatal Error] :1:1: Premature end of file.
2026-01-12 12:06:39,443 [ERROR] LogOutputStream:75 - [STDERR_REDIRECT] 
2026-01-12 12:06:40,445 [ERROR] LogOutputStream:75 - [STDERR_REDIRECT] [Fatal Error] :1:1: Premature end of file.
2026-01-12 12:06:40,445 [ERROR] LogOutputStream:75 - [STDERR_REDIRECT] 
2026-01-12 12:06:41,442 [ERROR] LogOutputStream:75 - [STDERR_REDIRECT] [Fatal Error] :1:1: Premature end of file.
2026-01-12 12:06:41,443 [ERROR] LogOutputStream:75 - [STDERR_REDIRECT] 
2026-01-12 12:06:42,442 [ERROR] LogOutputStream:75 - [STDERR_REDIRECT] [Fatal Error] :1:1: Premature end of file.
2026-01-12 12:06:42,442 [ERROR] LogOutputStream:75 - [STDERR_REDIRECT] 
2026-01-12 12:06:43,444 [ERROR] LogOutputStream:75 - [STDERR_REDIRECT] [Fatal Error] :1:1: Premature end of file.
2026-01-12 12:06:43,444 [ERROR] LogOutputStream:75 - [STDERR_REDIRECT] 
2026-01-12 12:06:44,443 [ERROR] LogOutputStream:75 - [STDERR_REDIRECT] [Fatal Error] :1:1: Premature end of file.
2026-01-12 12:06:44,443 [ERROR] LogOutputStream:75 - [STDERR_REDIRECT] 
2026-01-12 12:06:45,444 [ERROR] LogOutputStream:75 - [STDERR_REDIRECT] [Fatal Error] :1:1: Premature end of file.
2026-01-12 12:06:45,444 [ERROR] LogOutputStream:75 - [STDERR_REDIRECT] 
2026-01-12 12:06:46,442 [ERROR] LogOutputStream:75 - [STDERR_REDIRECT] [Fatal Error] :1:1: Premature end of file.
2026-01-12 12:06:46,442 [ERROR] LogOutputStream:75 - [STDERR_REDIRECT] 
2026-01-12 12:06:47,441 [ERROR] LogOutputStream:75 - [STDERR_REDIRECT] [Fatal Error] :1:1: Premature end of file.
2026-01-12 12:06:47,441 [ERROR] LogOutputStream:75 - [STDERR_REDIRECT] 
2026-01-12 12:06:48,441 [ERROR] LogOutputStream:75 - [STDERR_REDIRECT] [Fatal Error] :1:1: Premature end of file.
2026-01-12 12:06:48,442 [ERROR] LogOutputStream:75 - [STDERR_REDIRECT] 
2026-01-12 12:06:49,443 [ERROR] LogOutputStream:75 - [STDERR_REDIRECT] [Fatal Error] :1:1: Premature end of file.
2026-01-12 12:06:49,443 [ERROR] LogOutputStream:75 - [STDERR_REDIRECT] 
2026-01-12 12:06:50,440 [ERROR] LogOutputStream:75 - [STDERR_REDIRECT] [Fatal Error] :1:1: Premature end of file.
2026-01-12 12:06:50,440 [ERROR] LogOutputStream:75 - [STDERR_REDIRECT] 
2026-01-12 12:06:51,444 [ERROR] LogOutputStream:75 - [STDERR_REDIRECT] [Fatal Error] :1:1: Premature end of file.
2026-01-12 12:06:51,444 [ERROR] LogOutputStream:75 - [STDERR_REDIRECT] 
2026-01-12 12:06:52,444 [ERROR] LogOutputStream:75 - [STDERR_REDIRECT] [Fatal Error] :1:1: Premature end of file.
2026-01-12 12:06:52,444 [ERROR] LogOutputStream:75 - [STDERR_REDIRECT] 
2026-01-12 12:06:53,443 [ERROR] LogOutputStream:75 - [STDERR_REDIRECT] [Fatal Error] :1:1: Premature end of file.
2026-01-12 12:06:53,444 [ERROR] LogOutputStream:75 - [STDERR_REDIRECT] 
2026-01-12 12:06:54,444 [ERROR] LogOutputStream:75 - [STDERR_REDIRECT] [Fatal Error] :1:1: Premature end of file.
2026-01-12 12:06:54,444 [ERROR] LogOutputStream:75 - [STDERR_REDIRECT] 
2026-01-12 12:06:55,444 [ERROR] LogOutputStream:75 - [STDERR_REDIRECT] [Fatal Error] :1:1: Premature end of file.
2026-01-12 12:06:55,444 [ERROR] LogOutputStream:75 - [STDERR_REDIRECT] 
2026-01-12 12:06:56,444 [ERROR] LogOutputStream:75 - [STDERR_REDIRECT] [Fatal Error] :1:1: Premature end of file.
2026-01-12 12:06:56,444 [ERROR] LogOutputStream:75 - [STDERR_REDIRECT] 
2026-01-12 12:06:57,442 [ERROR] LogOutputStream:75 - [STDERR_REDIRECT] [Fatal Error] :1:1: Premature end of file.
2026-01-12 12:06:57,442 [ERROR] LogOutputStream:75 - [STDERR_REDIRECT] 
2026-01-12 12:06:58,443 [ERROR] LogOutputStream:75 - [STDERR_REDIRECT] [Fatal Error] :1:1: Premature end of file.
2026-01-12 12:06:58,443 [ERROR] LogOutputStream:75 - [STDERR_REDIRECT] 
2026-01-12 12:06:59,443 [ERROR] LogOutputStream:75 - [STDERR_REDIRECT] [Fatal Error] :1:1: Premature end of file.
2026-01-12 12:06:59,443 [ERROR] LogOutputStream:75 - [STDERR_REDIRECT] 
2026-01-12 12:07:00,445 [ERROR] LogOutputStream:75 - [STDERR_REDIRECT] [Fatal Error] :1:1: Premature end of file.
2026-01-12 12:07:00,445 [ERROR] LogOutputStream:75 - [STDERR_REDIRECT] 
2026-01-12 12:07:01,443 [ERROR] LogOutputStream:75 - [STDERR_REDIRECT] [Fatal Error] :1:1: Premature end of file.
2026-01-12 12:07:01,443 [ERROR] LogOutputStream:75 - [STDERR_REDIRECT] 
2026-01-12 12:07:02,444 [ERROR] LogOutputStream:75 - [STDERR_REDIRECT] [Fatal Error] :1:1: Premature end of file.
2026-01-12 12:07:02,444 [ERROR] LogOutputStream:75 - [STDERR_REDIRECT] 
2026-01-12 12:07:03,445 [ERROR] LogOutputStream:75 - [STDERR_REDIRECT] [Fatal Error] :1:1: Premature end of file.
2026-01-12 12:07:03,445 [ERROR] LogOutputStream:75 - [STDERR_REDIRECT] 
2026-01-12 12:07:04,442 [ERROR] LogOutputStream:75 - [STDERR_REDIRECT] [Fatal Error] :1:1: Premature end of file.
2026-01-12 12:07:04,442 [ERROR] LogOutputStream:75 - [STDERR_REDIRECT] 
2026-01-12 12:07:05,442 [ERROR] LogOutputStream:75 - [STDERR_REDIRECT] [Fatal Error] :1:1: Premature end of file.
2026-01-12 12:07:05,442 [ERROR] LogOutputStream:75 - [STDERR_REDIRECT] 
2026-01-12 12:07:06,444 [ERROR] LogOutputStream:75 - [STDERR_REDIRECT] [Fatal Error] :1:1: Premature end of file.
2026-01-12 12:07:06,444 [ERROR] LogOutputStream:75 - [STDERR_REDIRECT] 
2026-01-12 12:07:07,442 [ERROR] LogOutputStream:75 - [STDERR_REDIRECT] [Fatal Error] :1:1: Premature end of file.
2026-01-12 12:07:07,443 [ERROR] LogOutputStream:75 - [STDERR_REDIRECT] 
2026-01-12 12:07:08,444 [ERROR] LogOutputStream:75 - [STDERR_REDIRECT] [Fatal Error] :1:1: Premature end of file.
2026-01-12 12:07:08,444 [ERROR] LogOutputStream:75 - [STDERR_REDIRECT] 
2026-01-12 12:07:09,441 [ERROR] LogOutputStream:75 - [STDERR_REDIRECT] [Fatal Error] :1:1: Premature end of file.
2026-01-12 12:07:09,441 [ERROR] LogOutputStream:75 - [STDERR_REDIRECT] 
2026-01-12 12:07:10,441 [ERROR] LogOutputStream:75 - [STDERR_REDIRECT] [Fatal Error] :1:1: Premature end of file.
2026-01-12 12:07:10,441 [ERROR] LogOutputStream:75 - [STDERR_REDIRECT] 
2026-01-12 12:07:11,441 [ERROR] LogOutputStream:75 - [STDERR_REDIRECT] [Fatal Error] :1:1: Premature end of file.
2026-01-12 12:07:11,443 [ERROR] LogOutputStream:75 - [STDERR_REDIRECT] 
2026-01-12 12:07:12,441 [ERROR] LogOutputStream:75 - [STDERR_REDIRECT] [Fatal Error] :1:1: Premature end of file.
2026-01-12 12:07:12,442 [ERROR] LogOutputStream:75 - [STDERR_REDIRECT] 
2026-01-12 12:07:13,444 [ERROR] LogOutputStream:75 - [STDERR_REDIRECT] [Fatal Error] :1:1: Premature end of file.
2026-01-12 12:07:13,444 [ERROR] LogOutputStream:75 - [STDERR_REDIRECT] 
2026-01-12 12:07:14,441 [ERROR] LogOutputStream:75 - [STDERR_REDIRECT] [Fatal Error] :1:1: Premature end of file.
2026-01-12 12:07:14,441 [ERROR] LogOutputStream:75 - [STDERR_REDIRECT] 
2026-01-12 12:07:15,446 [ERROR] LogOutputStream:75 - [STDERR_REDIRECT] [Fatal Error] :1:1: Premature end of file.
2026-01-12 12:07:15,446 [ERROR] LogOutputStream:75 - [STDERR_REDIRECT] 
2026-01-12 12:07:16,443 [ERROR] LogOutputStream:75 - [STDERR_REDIRECT] [Fatal Error] :1:1: Premature end of file.
2026-01-12 12:07:16,443 [ERROR] LogOutputStream:75 - [STDERR_REDIRECT] 
2026-01-12 12:07:17,442 [ERROR] LogOutputStream:75 - [STDERR_REDIRECT] [Fatal Error] :1:1: Premature end of file.
2026-01-12 12:07:17,442 [ERROR] LogOutputStream:75 - [STDERR_REDIRECT] 
2026-01-12 12:07:18,444 [ERROR] LogOutputStream:75 - [STDERR_REDIRECT] [Fatal Error] :1:1: Premature end of file.
2026-01-12 12:07:18,444 [ERROR] LogOutputStream:75 - [STDERR_REDIRECT] 
2026-01-12 12:07:19,442 [ERROR] LogOutputStream:75 - [STDERR_REDIRECT] [Fatal Error] :1:1: Premature end of file.
2026-01-12 12:07:19,443 [ERROR] LogOutputStream:75 - [STDERR_REDIRECT] 
2026-01-12 12:07:20,441 [ERROR] LogOutputStream:75 - [STDERR_REDIRECT] [Fatal Error] :1:1: Premature end of file.
2026-01-12 12:07:20,441 [ERROR] LogOutputStream:75 - [STDERR_REDIRECT] 
2026-01-12 12:07:21,443 [ERROR] LogOutputStream:75 - [STDERR_REDIRECT] [Fatal Error] :1:1: Premature end of file.
2026-01-12 12:07:21,443 [ERROR] LogOutputStream:75 - [STDERR_REDIRECT] 
2026-01-12 12:07:22,441 [ERROR] LogOutputStream:75 - [STDERR_REDIRECT] [Fatal Error] :1:1: Premature end of file.
2026-01-12 12:07:22,441 [ERROR] LogOutputStream:75 - [STDERR_REDIRECT] 
2026-01-12 12:07:23,442 [ERROR] LogOutputStream:75 - [STDERR_REDIRECT] [Fatal Error] :1:1: Premature end of file.
2026-01-12 12:07:23,442 [ERROR] LogOutputStream:75 - [STDERR_REDIRECT] 
2026-01-12 12:07:24,441 [ERROR] LogOutputStream:75 - [STDERR_REDIRECT] [Fatal Error] :1:1: Premature end of file.
2026-01-12 12:07:24,442 [ERROR] LogOutputStream:75 - [STDERR_REDIRECT] 
2026-01-12 12:07:25,441 [ERROR] LogOutputStream:75 - [STDERR_REDIRECT] [Fatal Error] :1:1: Premature end of file.
2026-01-12 12:07:25,442 [ERROR] LogOutputStream:75 - [STDERR_REDIRECT] 
2026-01-12 12:07:26,441 [ERROR] LogOutputStream:75 - [STDERR_REDIRECT] [Fatal Error] :1:1: Premature end of file.
2026-01-12 12:07:26,441 [ERROR] LogOutputStream:75 - [STDERR_REDIRECT] 
2026-01-12 12:07:27,443 [ERROR] LogOutputStream:75 - [STDERR_REDIRECT] [Fatal Error] :1:1: Premature end of file.
2026-01-12 12:07:27,443 [ERROR] LogOutputStream:75 - [STDERR_REDIRECT] 
2026-01-12 12:07:28,441 [ERROR] LogOutputStream:75 - [STDERR_REDIRECT] [Fatal Error] :1:1: Premature end of file.
2026-01-12 12:07:28,441 [ERROR] LogOutputStream:75 - [STDERR_REDIRECT] 
2026-01-12 12:07:29,442 [ERROR] LogOutputStream:75 - [STDERR_REDIRECT] [Fatal Error] :1:1: Premature end of file.
2026-01-12 12:07:29,442 [ERROR] LogOutputStream:75 - [STDERR_REDIRECT] 
2026-01-12 12:07:30,442 [ERROR] LogOutputStream:75 - [STDERR_REDIRECT] [Fatal Error] :1:1: Premature end of file.
2026-01-12 12:07:30,442 [ERROR] LogOutputStream:75 - [STDERR_REDIRECT] 
2026-01-12 12:07:31,441 [ERROR] LogOutputStream:75 - [STDERR_REDIRECT] [Fatal Error] :1:1: Premature end of file.
2026-01-12 12:07:31,441 [ERROR] LogOutputStream:75 - [STDERR_REDIRECT] 
2026-01-12 12:07:32,443 [ERROR] LogOutputStream:75 - [STDERR_REDIRECT] [Fatal Error] :1:1: Premature end of file.
2026-01-12 12:07:32,443 [ERROR] LogOutputStream:75 - [STDERR_REDIRECT] 
2026-01-12 12:07:33,440 [ERROR] LogOutputStream:75 - [STDERR_REDIRECT] [Fatal Error] :1:1: Premature end of file.
2026-01-12 12:07:33,441 [ERROR] LogOutputStream:75 - [STDERR_REDIRECT] 
2026-01-12 12:07:34,442 [ERROR] LogOutputStream:75 - [STDERR_REDIRECT] [Fatal Error] :1:1: Premature end of file.
2026-01-12 12:07:34,442 [ERROR] LogOutputStream:75 - [STDERR_REDIRECT] 
2026-01-12 12:07:35,442 [ERROR] LogOutputStream:75 - [STDERR_REDIRECT] [Fatal Error] :1:1: Premature end of file.
2026-01-12 12:07:35,442 [ERROR] LogOutputStream:75 - [STDERR_REDIRECT] 
2026-01-12 12:07:36,444 [ERROR] LogOutputStream:75 - [STDERR_REDIRECT] [Fatal Error] :1:1: Premature end of file.
2026-01-12 12:07:36,444 [ERROR] LogOutputStream:75 - [STDERR_REDIRECT] 
2026-01-12 12:07:37,440 [ERROR] LogOutputStream:75 - [STDERR_REDIRECT] [Fatal Error] :1:1: Premature end of file.
2026-01-12 12:07:37,440 [ERROR] LogOutputStream:75 - [STDERR_REDIRECT] 
2026-01-12 12:07:38,441 [ERROR] LogOutputStream:75 - [STDERR_REDIRECT] [Fatal Error] :1:1: Premature end of file.
2026-01-12 12:07:38,441 [ERROR] LogOutputStream:75 - [STDERR_REDIRECT] 
2026-01-12 12:07:39,445 [ERROR] LogOutputStream:75 - [STDERR_REDIRECT] [Fatal Error] :1:1: Premature end of file.
2026-01-12 12:07:39,445 [ERROR] LogOutputStream:75 - [STDERR_REDIRECT] 
2026-01-12 12:07:40,442 [ERROR] LogOutputStream:75 - [STDERR_REDIRECT] [Fatal Error] :1:1: Premature end of file.
2026-01-12 12:07:40,442 [ERROR] LogOutputStream:75 - [STDERR_REDIRECT] 
2026-01-12 12:07:41,442 [ERROR] LogOutputStream:75 - [STDERR_REDIRECT] [Fatal Error] :1:1: Premature end of file.
2026-01-12 12:07:41,442 [ERROR] LogOutputStream:75 - [STDERR_REDIRECT] 
2026-01-12 12:07:42,441 [ERROR] LogOutputStream:75 - [STDERR_REDIRECT] [Fatal Error] :1:1: Premature end of file.
2026-01-12 12:07:42,441 [ERROR] LogOutputStream:75 - [STDERR_REDIRECT] 
2026-01-12 12:07:43,442 [ERROR] LogOutputStream:75 - [STDERR_REDIRECT] [Fatal Error] :1:1: Premature end of file.
2026-01-12 12:07:43,442 [ERROR] LogOutputStream:75 - [STDERR_REDIRECT] 
2026-01-12 12:07:44,443 [ERROR] LogOutputStream:75 - [STDERR_REDIRECT] [Fatal Error] :1:1: Premature end of file.
2026-01-12 12:07:44,443 [ERROR] LogOutputStream:75 - [STDERR_REDIRECT] 
2026-01-12 12:07:45,441 [ERROR] LogOutputStream:75 - [STDERR_REDIRECT] [Fatal Error] :1:1: Premature end of file.
2026-01-12 12:07:45,441 [ERROR] LogOutputStream:75 - [STDERR_REDIRECT] 
2026-01-12 12:07:46,441 [ERROR] LogOutputStream:75 - [STDERR_REDIRECT] [Fatal Error] :1:1: Premature end of file.
2026-01-12 12:07:46,441 [ERROR] LogOutputStream:75 - [STDERR_REDIRECT] 
2026-01-12 12:07:47,443 [ERROR] LogOutputStream:75 - [STDERR_REDIRECT] [Fatal Error] :1:1: Premature end of file.
2026-01-12 12:07:47,443 [ERROR] LogOutputStream:75 - [STDERR_REDIRECT] 
2026-01-12 12:07:48,443 [ERROR] LogOutputStream:75 - [STDERR_REDIRECT] [Fatal Error] :1:1: Premature end of file.
2026-01-12 12:07:48,443 [ERROR] LogOutputStream:75 - [STDERR_REDIRECT] 
2026-01-12 12:07:49,441 [ERROR] LogOutputStream:75 - [STDERR_REDIRECT] [Fatal Error] :1:1: Premature end of file.
2026-01-12 12:07:49,441 [ERROR] LogOutputStream:75 - [STDERR_REDIRECT] 
2026-01-12 12:07:50,441 [ERROR] LogOutputStream:75 - [STDERR_REDIRECT] [Fatal Error] :1:1: Premature end of file.
2026-01-12 12:07:50,441 [ERROR] LogOutputStream:75 - [STDERR_REDIRECT] 
2026-01-12 12:07:51,442 [ERROR] LogOutputStream:75 - [STDERR_REDIRECT] [Fatal Error] :1:1: Premature end of file.
2026-01-12 12:07:51,442 [ERROR] LogOutputStream:75 - [STDERR_REDIRECT] 
2026-01-12 12:07:52,442 [ERROR] LogOutputStream:75 - [STDERR_REDIRECT] [Fatal Error] :1:1: Premature end of file.
2026-01-12 12:07:52,442 [ERROR] LogOutputStream:75 - [STDERR_REDIRECT] 
2026-01-12 12:07:53,442 [ERROR] LogOutputStream:75 - [STDERR_REDIRECT] [Fatal Error] :1:1: Premature end of file.
2026-01-12 12:07:53,442 [ERROR] LogOutputStream:75 - [STDERR_REDIRECT] 
2026-01-12 12:07:54,441 [ERROR] LogOutputStream:75 - [STDERR_REDIRECT] [Fatal Error] :1:1: Premature end of file.
2026-01-12 12:07:54,441 [ERROR] LogOutputStream:75 - [STDERR_REDIRECT] 
2026-01-12 12:07:55,442 [ERROR] LogOutputStream:75 - [STDERR_REDIRECT] [Fatal Error] :1:1: Premature end of file.
2026-01-12 12:07:55,443 [ERROR] LogOutputStream:75 - [STDERR_REDIRECT] 
2026-01-12 12:07:56,441 [ERROR] LogOutputStream:75 - [STDERR_REDIRECT] [Fatal Error] :1:1: Premature end of file.
2026-01-12 12:07:56,441 [ERROR] LogOutputStream:75 - [STDERR_REDIRECT] 
2026-01-12 12:07:57,441 [ERROR] LogOutputStream:75 - [STDERR_REDIRECT] [Fatal Error] :1:1: Premature end of file.
2026-01-12 12:07:57,441 [ERROR] LogOutputStream:75 - [STDERR_REDIRECT] 
2026-01-12 12:07:58,443 [ERROR] LogOutputStream:75 - [STDERR_REDIRECT] [Fatal Error] :1:1: Premature end of file.
2026-01-12 12:07:58,443 [ERROR] LogOutputStream:75 - [STDERR_REDIRECT] 
2026-01-12 12:07:59,442 [ERROR] LogOutputStream:75 - [STDERR_REDIRECT] [Fatal Error] :1:1: Premature end of file.
2026-01-12 12:07:59,442 [ERROR] LogOutputStream:75 - [STDERR_REDIRECT] 
2026-01-12 12:08:00,468 [ERROR] LogOutputStream:75 - [STDERR_REDIRECT] [Fatal Error] :1:1: Premature end of file.
2026-01-12 12:08:00,468 [ERROR] LogOutputStream:75 - [STDERR_REDIRECT] 
2026-01-12 12:08:01,464 [ERROR] LogOutputStream:75 - [STDERR_REDIRECT] [Fatal Error] :1:1: Premature end of file.
2026-01-12 12:08:01,464 [ERROR] LogOutputStream:75 - [STDERR_REDIRECT] 
2026-01-12 12:08:02,465 [ERROR] LogOutputStream:75 - [STDERR_REDIRECT] [Fatal Error] :1:1: Premature end of file.
2026-01-12 12:08:02,465 [ERROR] LogOutputStream:75 - [STDERR_REDIRECT] 
2026-01-12 12:08:03,460 [ERROR] LogOutputStream:75 - [STDERR_REDIRECT] [Fatal Error] :1:1: Premature end of file.
2026-01-12 12:08:03,460 [ERROR] LogOutputStream:75 - [STDERR_REDIRECT] 
2026-01-12 12:08:04,458 [ERROR] LogOutputStream:75 - [STDERR_REDIRECT] [Fatal Error] :1:1: Premature end of file.
2026-01-12 12:08:04,458 [ERROR] LogOutputStream:75 - [STDERR_REDIRECT] 
2026-01-12 12:08:05,460 [ERROR] LogOutputStream:75 - [STDERR_REDIRECT] [Fatal Error] :1:1: Premature end of file.
2026-01-12 12:08:05,461 [ERROR] LogOutputStream:75 - [STDERR_REDIRECT] 
2026-01-12 12:08:06,470 [ERROR] LogOutputStream:75 - [STDERR_REDIRECT] [Fatal Error] :1:1: Premature end of file.
2026-01-12 12:08:06,470 [ERROR] LogOutputStream:75 - [STDERR_REDIRECT] 
2026-01-12 12:08:07,461 [ERROR] LogOutputStream:75 - [STDERR_REDIRECT] [Fatal Error] :1:1: Premature end of file.
2026-01-12 12:08:07,461 [ERROR] LogOutputStream:75 - [STDERR_REDIRECT] 
2026-01-12 12:08:08,463 [ERROR] LogOutputStream:75 - [STDERR_REDIRECT] [Fatal Error] :1:1: Premature end of file.
2026-01-12 12:08:08,463 [ERROR] LogOutputStream:75 - [STDERR_REDIRECT] 
2026-01-12 12:08:09,461 [ERROR] LogOutputStream:75 - [STDERR_REDIRECT] [Fatal Error] :1:1: Premature end of file.
2026-01-12 12:08:09,461 [ERROR] LogOutputStream:75 - [STDERR_REDIRECT] 
2026-01-12 12:08:10,462 [ERROR] LogOutputStream:75 - [STDERR_REDIRECT] [Fatal Error] :1:1: Premature end of file.
2026-01-12 12:08:10,462 [ERROR] LogOutputStream:75 - [STDERR_REDIRECT] 
2026-01-12 12:08:11,464 [ERROR] LogOutputStream:75 - [STDERR_REDIRECT] [Fatal Error] :1:1: Premature end of file.
2026-01-12 12:08:11,464 [ERROR] LogOutputStream:75 - [STDERR_REDIRECT] 
2026-01-12 12:08:12,466 [ERROR] LogOutputStream:75 - [STDERR_REDIRECT] [Fatal Error] :1:1: Premature end of file.
2026-01-12 12:08:12,466 [ERROR] LogOutputStream:75 - [STDERR_REDIRECT] 
2026-01-12 12:08:13,459 [ERROR] LogOutputStream:75 - [STDERR_REDIRECT] [Fatal Error] :1:1: Premature end of file.
2026-01-12 12:08:13,459 [ERROR] LogOutputStream:75 - [STDERR_REDIRECT] 
2026-01-12 12:08:14,460 [ERROR] LogOutputStream:75 - [STDERR_REDIRECT] [Fatal Error] :1:1: Premature end of file.
2026-01-12 12:08:14,461 [ERROR] LogOutputStream:75 - [STDERR_REDIRECT] 
2026-01-12 12:08:15,464 [ERROR] LogOutputStream:75 - [STDERR_REDIRECT] [Fatal Error] :1:1: Premature end of file.
2026-01-12 12:08:15,464 [ERROR] LogOutputStream:75 - [STDERR_REDIRECT] 
2026-01-12 12:08:16,460 [ERROR] LogOutputStream:75 - [STDERR_REDIRECT] [Fatal Error] :1:1: Premature end of file.
2026-01-12 12:08:16,460 [ERROR] LogOutputStream:75 - [STDERR_REDIRECT] 
2026-01-12 12:08:17,459 [ERROR] LogOutputStream:75 - [STDERR_REDIRECT] [Fatal Error] :1:1: Premature end of file.
2026-01-12 12:08:17,459 [ERROR] LogOutputStream:75 - [STDERR_REDIRECT] 
2026-01-12 12:08:18,461 [ERROR] LogOutputStream:75 - [STDERR_REDIRECT] [Fatal Error] :1:1: Premature end of file.
2026-01-12 12:08:18,461 [ERROR] LogOutputStream:75 - [STDERR_REDIRECT] 
2026-01-12 12:08:19,455 [ERROR] LogOutputStream:75 - [STDERR_REDIRECT] [Fatal Error] :1:1: Premature end of file.
2026-01-12 12:08:19,455 [ERROR] LogOutputStream:75 - [STDERR_REDIRECT] 
2026-01-12 12:08:20,464 [ERROR] LogOutputStream:75 - [STDERR_REDIRECT] [Fatal Error] :1:1: Premature end of file.
2026-01-12 12:08:20,464 [ERROR] LogOutputStream:75 - [STDERR_REDIRECT] 
2026-01-12 12:08:21,460 [ERROR] LogOutputStream:75 - [STDERR_REDIRECT] [Fatal Error] :1:1: Premature end of file.
2026-01-12 12:08:21,460 [ERROR] LogOutputStream:75 - [STDERR_REDIRECT] 
2026-01-12 12:08:22,458 [ERROR] LogOutputStream:75 - [STDERR_REDIRECT] [Fatal Error] :1:1: Premature end of file.
2026-01-12 12:08:22,458 [ERROR] LogOutputStream:75 - [STDERR_REDIRECT] 
2026-01-12 12:08:23,467 [ERROR] LogOutputStream:75 - [STDERR_REDIRECT] [Fatal Error] :1:1: Premature end of file.
2026-01-12 12:08:23,467 [ERROR] LogOutputStream:75 - [STDERR_REDIRECT] 
2026-01-12 12:08:24,466 [ERROR] LogOutputStream:75 - [STDERR_REDIRECT] [Fatal Error] :1:1: Premature end of file.
2026-01-12 12:08:24,466 [ERROR] LogOutputStream:75 - [STDERR_REDIRECT] 
2026-01-12 12:08:25,461 [ERROR] LogOutputStream:75 - [STDERR_REDIRECT] [Fatal Error] :1:1: Premature end of file.
2026-01-12 12:08:25,461 [ERROR] LogOutputStream:75 - [STDERR_REDIRECT] 
2026-01-12 12:08:26,463 [ERROR] LogOutputStream:75 - [STDERR_REDIRECT] [Fatal Error] :1:1: Premature end of file.
2026-01-12 12:08:26,463 [ERROR] LogOutputStream:75 - [STDERR_REDIRECT] 
2026-01-12 12:08:27,487 [ERROR] LogOutputStream:75 - [STDERR_REDIRECT] [Fatal Error] :1:1: Premature end of file.
2026-01-12 12:08:27,487 [ERROR] LogOutputStream:75 - [STDERR_REDIRECT] 
2026-01-12 12:08:28,469 [ERROR] LogOutputStream:75 - [STDERR_REDIRECT] [Fatal Error] :1:1: Premature end of file.
2026-01-12 12:08:28,469 [ERROR] LogOutputStream:75 - [STDERR_REDIRECT] 
2026-01-12 12:08:29,467 [ERROR] LogOutputStream:75 - [STDERR_REDIRECT] [Fatal Error] :1:1: Premature end of file.
2026-01-12 12:08:29,467 [ERROR] LogOutputStream:75 - [STDERR_REDIRECT] 
2026-01-12 12:08:30,468 [ERROR] LogOutputStream:75 - [STDERR_REDIRECT] [Fatal Error] :1:1: Premature end of file.
2026-01-12 12:08:30,468 [ERROR] LogOutputStream:75 - [STDERR_REDIRECT] 
2026-01-12 12:08:31,479 [ERROR] LogOutputStream:75 - [STDERR_REDIRECT] [Fatal Error] :1:1: Premature end of file.
2026-01-12 12:08:31,479 [ERROR] LogOutputStream:75 - [STDERR_REDIRECT] 
2026-01-12 12:08:32,453 [ERROR] LogOutputStream:75 - [STDERR_REDIRECT] [Fatal Error] :1:1: Premature end of file.
2026-01-12 12:08:32,453 [ERROR] LogOutputStream:75 - [STDERR_REDIRECT] 
2026-01-12 12:08:33,453 [ERROR] LogOutputStream:75 - [STDERR_REDIRECT] [Fatal Error] :1:1: Premature end of file.
2026-01-12 12:08:33,453 [ERROR] LogOutputStream:75 - [STDERR_REDIRECT] 
2026-01-12 12:08:34,470 [ERROR] LogOutputStream:75 - [STDERR_REDIRECT] [Fatal Error] :1:1: Premature end of file.
2026-01-12 12:08:34,470 [ERROR] LogOutputStream:75 - [STDERR_REDIRECT] 
2026-01-12 12:08:35,454 [ERROR] LogOutputStream:75 - [STDERR_REDIRECT] [Fatal Error] :1:1: Premature end of file.
2026-01-12 12:08:35,454 [ERROR] LogOutputStream:75 - [STDERR_REDIRECT] 
2026-01-12 12:08:36,457 [ERROR] LogOutputStream:75 - [STDERR_REDIRECT] [Fatal Error] :1:1: Premature end of file.
2026-01-12 12:08:36,457 [ERROR] LogOutputStream:75 - [STDERR_REDIRECT] 
2026-01-12 12:08:37,468 [ERROR] LogOutputStream:75 - [STDERR_REDIRECT] [Fatal Error] :1:1: Premature end of file.
2026-01-12 12:08:37,468 [ERROR] LogOutputStream:75 - [STDERR_REDIRECT] 
2026-01-12 12:08:38,467 [ERROR] LogOutputStream:75 - [STDERR_REDIRECT] [Fatal Error] :1:1: Premature end of file.
2026-01-12 12:08:38,467 [ERROR] LogOutputStream:75 - [STDERR_REDIRECT] 
2026-01-12 12:08:39,469 [ERROR] LogOutputStream:75 - [STDERR_REDIRECT] [Fatal Error] :1:1: Premature end of file.
2026-01-12 12:08:39,469 [ERROR] LogOutputStream:75 - [STDERR_REDIRECT] 
2026-01-12 12:08:40,475 [ERROR] LogOutputStream:75 - [STDERR_REDIRECT] [Fatal Error] :1:1: Premature end of file.
2026-01-12 12:08:40,477 [ERROR] LogOutputStream:75 - [STDERR_REDIRECT] 
2026-01-12 12:08:41,446 [ERROR] LogOutputStream:75 - [STDERR_REDIRECT] [Fatal Error] :1:1: Premature end of file.
2026-01-12 12:08:41,446 [ERROR] LogOutputStream:75 - [STDERR_REDIRECT] 
2026-01-12 12:08:42,454 [ERROR] LogOutputStream:75 - [STDERR_REDIRECT] [Fatal Error] :1:1: Premature end of file.
2026-01-12 12:08:42,454 [ERROR] LogOutputStream:75 - [STDERR_REDIRECT] 
2026-01-12 12:08:43,445 [ERROR] LogOutputStream:75 - [STDERR_REDIRECT] [Fatal Error] :1:1: Premature end of file.
2026-01-12 12:08:43,445 [ERROR] LogOutputStream:75 - [STDERR_REDIRECT] 
2026-01-12 12:08:44,462 [ERROR] LogOutputStream:75 - [STDERR_REDIRECT] [Fatal Error] :1:1: Premature end of file.
2026-01-12 12:08:44,462 [ERROR] LogOutputStream:75 - [STDERR_REDIRECT] 
2026-01-12 12:08:45,458 [ERROR] LogOutputStream:75 - [STDERR_REDIRECT] [Fatal Error] :1:1: Premature end of file.
2026-01-12 12:08:45,458 [ERROR] LogOutputStream:75 - [STDERR_REDIRECT] 
2026-01-12 12:08:46,464 [ERROR] LogOutputStream:75 - [STDERR_REDIRECT] [Fatal Error] :1:1: Premature end of file.
2026-01-12 12:08:46,464 [ERROR] LogOutputStream:75 - [STDERR_REDIRECT] 
2026-01-12 12:08:47,467 [ERROR] LogOutputStream:75 - [STDERR_REDIRECT] [Fatal Error] :1:1: Premature end of file.
2026-01-12 12:08:47,467 [ERROR] LogOutputStream:75 - [STDERR_REDIRECT] 
2026-01-12 12:08:48,454 [ERROR] LogOutputStream:75 - [STDERR_REDIRECT] [Fatal Error] :1:1: Premature end of file.
2026-01-12 12:08:48,455 [ERROR] LogOutputStream:75 - [STDERR_REDIRECT] 
2026-01-12 12:08:49,444 [ERROR] LogOutputStream:75 - [STDERR_REDIRECT] [Fatal Error] :1:1: Premature end of file.
2026-01-12 12:08:49,444 [ERROR] LogOutputStream:75 - [STDERR_REDIRECT] 
2026-01-12 12:08:50,456 [ERROR] LogOutputStream:75 - [STDERR_REDIRECT] [Fatal Error] :1:1: Premature end of file.
2026-01-12 12:08:50,456 [ERROR] LogOutputStream:75 - [STDERR_REDIRECT] 
2026-01-12 12:08:51,447 [ERROR] LogOutputStream:75 - [STDERR_REDIRECT] [Fatal Error] :1:1: Premature end of file.
2026-01-12 12:08:51,447 [ERROR] LogOutputStream:75 - [STDERR_REDIRECT] 
2026-01-12 12:08:52,442 [ERROR] LogOutputStream:75 - [STDERR_REDIRECT] [Fatal Error] :1:1: Premature end of file.
2026-01-12 12:08:52,443 [ERROR] LogOutputStream:75 - [STDERR_REDIRECT] 
2026-01-12 12:08:53,441 [ERROR] LogOutputStream:75 - [STDERR_REDIRECT] [Fatal Error] :1:1: Premature end of file.
2026-01-12 12:08:53,441 [ERROR] LogOutputStream:75 - [STDERR_REDIRECT] 
2026-01-12 12:08:54,442 [ERROR] LogOutputStream:75 - [STDERR_REDIRECT] [Fatal Error] :1:1: Premature end of file.
2026-01-12 12:08:54,442 [ERROR] LogOutputStream:75 - [STDERR_REDIRECT] 
2026-01-12 12:08:55,442 [ERROR] LogOutputStream:75 - [STDERR_REDIRECT] [Fatal Error] :1:1: Premature end of file.
2026-01-12 12:08:55,442 [ERROR] LogOutputStream:75 - [STDERR_REDIRECT] 
2026-01-12 12:08:56,450 [ERROR] LogOutputStream:75 - [STDERR_REDIRECT] [Fatal Error] :1:1: Premature end of file.
2026-01-12 12:08:56,450 [ERROR] LogOutputStream:75 - [STDERR_REDIRECT] 
2026-01-12 12:08:57,443 [ERROR] LogOutputStream:75 - [STDERR_REDIRECT] [Fatal Error] :1:1: Premature end of file.
2026-01-12 12:08:57,449 [ERROR] LogOutputStream:75 - [STDERR_REDIRECT] 
2026-01-12 12:08:58,444 [ERROR] LogOutputStream:75 - [STDERR_REDIRECT] [Fatal Error] :1:1: Premature end of file.
2026-01-12 12:08:58,445 [ERROR] LogOutputStream:75 - [STDERR_REDIRECT] 
2026-01-12 12:08:59,443 [ERROR] LogOutputStream:75 - [STDERR_REDIRECT] [Fatal Error] :1:1: Premature end of file.
2026-01-12 12:08:59,444 [ERROR] LogOutputStream:75 - [STDERR_REDIRECT] 
2026-01-12 12:09:00,441 [ERROR] LogOutputStream:75 - [STDERR_REDIRECT] [Fatal Error] :1:1: Premature end of file.
2026-01-12 12:09:00,441 [ERROR] LogOutputStream:75 - [STDERR_REDIRECT] 
2026-01-12 12:09:01,441 [ERROR] LogOutputStream:75 - [STDERR_REDIRECT] [Fatal Error] :1:1: Premature end of file.
2026-01-12 12:09:01,441 [ERROR] LogOutputStream:75 - [STDERR_REDIRECT] 
2026-01-12 12:09:02,442 [ERROR] LogOutputStream:75 - [STDERR_REDIRECT] [Fatal Error] :1:1: Premature end of file.
2026-01-12 12:09:02,442 [ERROR] LogOutputStream:75 - [STDERR_REDIRECT] 
2026-01-12 12:09:03,442 [ERROR] LogOutputStream:75 - [STDERR_REDIRECT] [Fatal Error] :1:1: Premature end of file.
2026-01-12 12:09:03,442 [ERROR] LogOutputStream:75 - [STDERR_REDIRECT] 
2026-01-12 12:09:04,441 [ERROR] LogOutputStream:75 - [STDERR_REDIRECT] [Fatal Error] :1:1: Premature end of file.
2026-01-12 12:09:04,441 [ERROR] LogOutputStream:75 - [STDERR_REDIRECT] 
2026-01-12 12:09:05,442 [ERROR] LogOutputStream:75 - [STDERR_REDIRECT] [Fatal Error] :1:1: Premature end of file.
2026-01-12 12:09:05,442 [ERROR] LogOutputStream:75 - [STDERR_REDIRECT] 
2026-01-12 12:09:06,450 [ERROR] LogOutputStream:75 - [STDERR_REDIRECT] [Fatal Error] :1:1: Premature end of file.
2026-01-12 12:09:06,450 [ERROR] LogOutputStream:75 - [STDERR_REDIRECT] 
2026-01-12 12:09:07,447 [ERROR] LogOutputStream:75 - [STDERR_REDIRECT] [Fatal Error] :1:1: Premature end of file.
2026-01-12 12:09:07,447 [ERROR] LogOutputStream:75 - [STDERR_REDIRECT] 
2026-01-12 12:09:08,449 [ERROR] LogOutputStream:75 - [STDERR_REDIRECT] [Fatal Error] :1:1: Premature end of file.
2026-01-12 12:09:08,449 [ERROR] LogOutputStream:75 - [STDERR_REDIRECT] 
2026-01-12 12:09:09,442 [ERROR] LogOutputStream:75 - [STDERR_REDIRECT] [Fatal Error] :1:1: Premature end of file.
2026-01-12 12:09:09,442 [ERROR] LogOutputStream:75 - [STDERR_REDIRECT] 
2026-01-12 12:09:10,447 [ERROR] LogOutputStream:75 - [STDERR_REDIRECT] [Fatal Error] :1:1: Premature end of file.
2026-01-12 12:09:10,447 [ERROR] LogOutputStream:75 - [STDERR_REDIRECT] 
2026-01-12 12:09:11,442 [ERROR] LogOutputStream:75 - [STDERR_REDIRECT] [Fatal Error] :1:1: Premature end of file.
2026-01-12 12:09:11,442 [ERROR] LogOutputStream:75 - [STDERR_REDIRECT] 
2026-01-12 12:09:12,451 [ERROR] LogOutputStream:75 - [STDERR_REDIRECT] [Fatal Error] :1:1: Premature end of file.
2026-01-12 12:09:12,451 [ERROR] LogOutputStream:75 - [STDERR_REDIRECT] 
2026-01-12 12:09:13,464 [ERROR] LogOutputStream:75 - [STDERR_REDIRECT] [Fatal Error] :1:1: Premature end of file.
2026-01-12 12:09:13,464 [ERROR] LogOutputStream:75 - [STDERR_REDIRECT] 
2026-01-12 12:09:14,449 [ERROR] LogOutputStream:75 - [STDERR_REDIRECT] [Fatal Error] :1:1: Premature end of file.
2026-01-12 12:09:14,449 [ERROR] LogOutputStream:75 - [STDERR_REDIRECT] 
2026-01-12 12:09:15,450 [ERROR] LogOutputStream:75 - [STDERR_REDIRECT] [Fatal Error] :1:1: Premature end of file.
2026-01-12 12:09:15,450 [ERROR] LogOutputStream:75 - [STDERR_REDIRECT] 
2026-01-12 12:09:16,444 [ERROR] LogOutputStream:75 - [STDERR_REDIRECT] [Fatal Error] :1:1: Premature end of file.
2026-01-12 12:09:16,444 [ERROR] LogOutputStream:75 - [STDERR_REDIRECT] 
2026-01-12 12:09:17,442 [ERROR] LogOutputStream:75 - [STDERR_REDIRECT] [Fatal Error] :1:1: Premature end of file.
2026-01-12 12:09:17,442 [ERROR] LogOutputStream:75 - [STDERR_REDIRECT] 
2026-01-12 12:09:18,440 [ERROR] LogOutputStream:75 - [STDERR_REDIRECT] [Fatal Error] :1:1: Premature end of file.
2026-01-12 12:09:18,440 [ERROR] LogOutputStream:75 - [STDERR_REDIRECT] 
2026-01-12 12:09:19,441 [ERROR] LogOutputStream:75 - [STDERR_REDIRECT] [Fatal Error] :1:1: Premature end of file.
2026-01-12 12:09:19,441 [ERROR] LogOutputStream:75 - [STDERR_REDIRECT] 
2026-01-12 12:09:20,450 [ERROR] LogOutputStream:75 - [STDERR_REDIRECT] [Fatal Error] :1:1: Premature end of file.
2026-01-12 12:09:20,450 [ERROR] LogOutputStream:75 - [STDERR_REDIRECT] 
2026-01-12 12:09:21,455 [ERROR] LogOutputStream:75 - [STDERR_REDIRECT] [Fatal Error] :1:1: Premature end of file.
2026-01-12 12:09:21,455 [ERROR] LogOutputStream:75 - [STDERR_REDIRECT] 
2026-01-12 12:09:22,451 [ERROR] LogOutputStream:75 - [STDERR_REDIRECT] [Fatal Error] :1:1: Premature end of file.
2026-01-12 12:09:22,451 [ERROR] LogOutputStream:75 - [STDERR_REDIRECT] 
2026-01-12 12:09:23,451 [ERROR] LogOutputStream:75 - [STDERR_REDIRECT] [Fatal Error] :1:1: Premature end of file.
2026-01-12 12:09:23,451 [ERROR] LogOutputStream:75 - [STDERR_REDIRECT] 
2026-01-12 12:09:24,449 [ERROR] LogOutputStream:75 - [STDERR_REDIRECT] [Fatal Error] :1:1: Premature end of file.
2026-01-12 12:09:24,449 [ERROR] LogOutputStream:75 - [STDERR_REDIRECT] 
2026-01-12 12:09:25,447 [ERROR] LogOutputStream:75 - [STDERR_REDIRECT] [Fatal Error] :1:1: Premature end of file.
2026-01-12 12:09:25,447 [ERROR] LogOutputStream:75 - [STDERR_REDIRECT] 
2026-01-12 12:09:26,458 [ERROR] LogOutputStream:75 - [STDERR_REDIRECT] [Fatal Error] :1:1: Premature end of file.
2026-01-12 12:09:26,458 [ERROR] LogOutputStream:75 - [STDERR_REDIRECT] 
2026-01-12 12:09:27,445 [ERROR] LogOutputStream:75 - [STDERR_REDIRECT] [Fatal Error] :1:1: Premature end of file.
2026-01-12 12:09:27,445 [ERROR] LogOutputStream:75 - [STDERR_REDIRECT] 
2026-01-12 12:09:28,443 [ERROR] LogOutputStream:75 - [STDERR_REDIRECT] [Fatal Error] :1:1: Premature end of file.
2026-01-12 12:09:28,443 [ERROR] LogOutputStream:75 - [STDERR_REDIRECT] 
2026-01-12 12:09:29,443 [ERROR] LogOutputStream:75 - [STDERR_REDIRECT] [Fatal Error] :1:1: Premature end of file.
2026-01-12 12:09:29,443 [ERROR] LogOutputStream:75 - [STDERR_REDIRECT] 
2026-01-12 12:09:30,442 [ERROR] LogOutputStream:75 - [STDERR_REDIRECT] [Fatal Error] :1:1: Premature end of file.
2026-01-12 12:09:30,442 [ERROR] LogOutputStream:75 - [STDERR_REDIRECT] 
2026-01-12 12:09:31,454 [ERROR] LogOutputStream:75 - [STDERR_REDIRECT] [Fatal Error] :1:1: Premature end of file.
2026-01-12 12:09:31,454 [ERROR] LogOutputStream:75 - [STDERR_REDIRECT] 
2026-01-12 12:09:32,455 [ERROR] LogOutputStream:75 - [STDERR_REDIRECT] [Fatal Error] :1:1: Premature end of file.
2026-01-12 12:09:32,455 [ERROR] LogOutputStream:75 - [STDERR_REDIRECT] 
2026-01-12 12:09:33,454 [ERROR] LogOutputStream:75 - [STDERR_REDIRECT] [Fatal Error] :1:1: Premature end of file.
2026-01-12 12:09:33,454 [ERROR] LogOutputStream:75 - [STDERR_REDIRECT] 
2026-01-12 12:09:34,452 [ERROR] LogOutputStream:75 - [STDERR_REDIRECT] [Fatal Error] :1:1: Premature end of file.
2026-01-12 12:09:34,452 [ERROR] LogOutputStream:75 - [STDERR_REDIRECT] 
2026-01-12 12:09:35,450 [ERROR] LogOutputStream:75 - [STDERR_REDIRECT] [Fatal Error] :1:1: Premature end of file.
2026-01-12 12:09:35,450 [ERROR] LogOutputStream:75 - [STDERR_REDIRECT] 
2026-01-12 12:09:36,450 [ERROR] LogOutputStream:75 - [STDERR_REDIRECT] [Fatal Error] :1:1: Premature end of file.
2026-01-12 12:09:36,450 [ERROR] LogOutputStream:75 - [STDERR_REDIRECT] 
2026-01-12 12:09:37,459 [ERROR] LogOutputStream:75 - [STDERR_REDIRECT] [Fatal Error] :1:1: Premature end of file.
2026-01-12 12:09:37,459 [ERROR] LogOutputStream:75 - [STDERR_REDIRECT] 
2026-01-12 12:09:38,450 [ERROR] LogOutputStream:75 - [STDERR_REDIRECT] [Fatal Error] :1:1: Premature end of file.
2026-01-12 12:09:38,450 [ERROR] LogOutputStream:75 - [STDERR_REDIRECT] 
2026-01-12 12:09:39,449 [ERROR] LogOutputStream:75 - [STDERR_REDIRECT] [Fatal Error] :1:1: Premature end of file.
2026-01-12 12:09:39,449 [ERROR] LogOutputStream:75 - [STDERR_REDIRECT] 
2026-01-12 12:09:40,448 [ERROR] LogOutputStream:75 - [STDERR_REDIRECT] [Fatal Error] :1:1: Premature end of file.
2026-01-12 12:09:40,448 [ERROR] LogOutputStream:75 - [STDERR_REDIRECT] 
2026-01-12 12:09:41,451 [ERROR] LogOutputStream:75 - [STDERR_REDIRECT] [Fatal Error] :1:1: Premature end of file.
2026-01-12 12:09:41,451 [ERROR] LogOutputStream:75 - [STDERR_REDIRECT] 
2026-01-12 12:09:42,448 [ERROR] LogOutputStream:75 - [STDERR_REDIRECT] [Fatal Error] :1:1: Premature end of file.
2026-01-12 12:09:42,448 [ERROR] LogOutputStream:75 - [STDERR_REDIRECT] 
2026-01-12 12:09:43,448 [ERROR] LogOutputStream:75 - [STDERR_REDIRECT] [Fatal Error] :1:1: Premature end of file.
2026-01-12 12:09:43,448 [ERROR] LogOutputStream:75 - [STDERR_REDIRECT] 
2026-01-12 12:09:44,448 [ERROR] LogOutputStream:75 - [STDERR_REDIRECT] [Fatal Error] :1:1: Premature end of file.
2026-01-12 12:09:44,448 [ERROR] LogOutputStream:75 - [STDERR_REDIRECT] 
2026-01-12 12:09:45,449 [ERROR] LogOutputStream:75 - [STDERR_REDIRECT] [Fatal Error] :1:1: Premature end of file.
2026-01-12 12:09:45,449 [ERROR] LogOutputStream:75 - [STDERR_REDIRECT] 
2026-01-12 12:09:46,450 [ERROR] LogOutputStream:75 - [STDERR_REDIRECT] [Fatal Error] :1:1: Premature end of file.
2026-01-12 12:09:46,450 [ERROR] LogOutputStream:75 - [STDERR_REDIRECT] 
2026-01-12 12:09:47,456 [ERROR] LogOutputStream:75 - [STDERR_REDIRECT] [Fatal Error] :1:1: Premature end of file.
2026-01-12 12:09:47,456 [ERROR] LogOutputStream:75 - [STDERR_REDIRECT] 
2026-01-12 12:09:48,442 [ERROR] LogOutputStream:75 - [STDERR_REDIRECT] [Fatal Error] :1:1: Premature end of file.
2026-01-12 12:09:48,442 [ERROR] LogOutputStream:75 - [STDERR_REDIRECT] 
2026-01-12 12:09:49,444 [ERROR] LogOutputStream:75 - [STDERR_REDIRECT] [Fatal Error] :1:1: Premature end of file.
2026-01-12 12:09:49,444 [ERROR] LogOutputStream:75 - [STDERR_REDIRECT] 
2026-01-12 12:09:50,441 [ERROR] LogOutputStream:75 - [STDERR_REDIRECT] [Fatal Error] :1:1: Premature end of file.
2026-01-12 12:09:50,441 [ERROR] LogOutputStream:75 - [STDERR_REDIRECT] 
2026-01-12 12:09:51,442 [ERROR] LogOutputStream:75 - [STDERR_REDIRECT] [Fatal Error] :1:1: Premature end of file.
2026-01-12 12:09:51,442 [ERROR] LogOutputStream:75 - [STDERR_REDIRECT] 
2026-01-12 12:09:52,445 [ERROR] LogOutputStream:75 - [STDERR_REDIRECT] [Fatal Error] :1:1: Premature end of file.
2026-01-12 12:09:52,445 [ERROR] LogOutputStream:75 - [STDERR_REDIRECT] 
2026-01-12 12:09:53,444 [ERROR] LogOutputStream:75 - [STDERR_REDIRECT] [Fatal Error] :1:1: Premature end of file.
2026-01-12 12:09:53,444 [ERROR] LogOutputStream:75 - [STDERR_REDIRECT] 
2026-01-12 12:09:54,442 [ERROR] LogOutputStream:75 - [STDERR_REDIRECT] [Fatal Error] :1:1: Premature end of file.
2026-01-12 12:09:54,442 [ERROR] LogOutputStream:75 - [STDERR_REDIRECT] 
2026-01-12 12:09:55,444 [ERROR] LogOutputStream:75 - [STDERR_REDIRECT] [Fatal Error] :1:1: Premature end of file.
2026-01-12 12:09:55,444 [ERROR] LogOutputStream:75 - [STDERR_REDIRECT] 
2026-01-12 12:09:56,442 [ERROR] LogOutputStream:75 - [STDERR_REDIRECT] [Fatal Error] :1:1: Premature end of file.
2026-01-12 12:09:56,442 [ERROR] LogOutputStream:75 - [STDERR_REDIRECT] 
2026-01-12 12:09:57,443 [ERROR] LogOutputStream:75 - [STDERR_REDIRECT] [Fatal Error] :1:1: Premature end of file.
2026-01-12 12:09:57,443 [ERROR] LogOutputStream:75 - [STDERR_REDIRECT] 
2026-01-12 12:09:58,440 [ERROR] LogOutputStream:75 - [STDERR_REDIRECT] [Fatal Error] :1:1: Premature end of file.
2026-01-12 12:09:58,440 [ERROR] LogOutputStream:75 - [STDERR_REDIRECT] 
2026-01-12 12:09:59,443 [ERROR] LogOutputStream:75 - [STDERR_REDIRECT] [Fatal Error] :1:1: Premature end of file.
2026-01-12 12:09:59,443 [ERROR] LogOutputStream:75 - [STDERR_REDIRECT] 
2026-01-12 12:10:00,443 [ERROR] LogOutputStream:75 - [STDERR_REDIRECT] [Fatal Error] :1:1: Premature end of file.
2026-01-12 12:10:00,443 [ERROR] LogOutputStream:75 - [STDERR_REDIRECT] 
2026-01-12 12:10:01,441 [ERROR] LogOutputStream:75 - [STDERR_REDIRECT] [Fatal Error] :1:1: Premature end of file.
2026-01-12 12:10:01,441 [ERROR] LogOutputStream:75 - [STDERR_REDIRECT] 
2026-01-12 12:10:02,441 [ERROR] LogOutputStream:75 - [STDERR_REDIRECT] [Fatal Error] :1:1: Premature end of file.
2026-01-12 12:10:02,441 [ERROR] LogOutputStream:75 - [STDERR_REDIRECT] 
2026-01-12 12:10:03,444 [ERROR] LogOutputStream:75 - [STDERR_REDIRECT] [Fatal Error] :1:1: Premature end of file.
2026-01-12 12:10:03,444 [ERROR] LogOutputStream:75 - [STDERR_REDIRECT] 
2026-01-12 12:10:04,443 [ERROR] LogOutputStream:75 - [STDERR_REDIRECT] [Fatal Error] :1:1: Premature end of file.
2026-01-12 12:10:04,443 [ERROR] LogOutputStream:75 - [STDERR_REDIRECT] 
2026-01-12 12:10:05,442 [ERROR] LogOutputStream:75 - [STDERR_REDIRECT] [Fatal Error] :1:1: Premature end of file.
2026-01-12 12:10:05,442 [ERROR] LogOutputStream:75 - [STDERR_REDIRECT] 
2026-01-12 12:10:06,443 [ERROR] LogOutputStream:75 - [STDERR_REDIRECT] [Fatal Error] :1:1: Premature end of file.
2026-01-12 12:10:06,443 [ERROR] LogOutputStream:75 - [STDERR_REDIRECT] 
2026-01-12 12:10:07,443 [ERROR] LogOutputStream:75 - [STDERR_REDIRECT] [Fatal Error] :1:1: Premature end of file.
2026-01-12 12:10:07,443 [ERROR] LogOutputStream:75 - [STDERR_REDIRECT] 
2026-01-12 12:10:08,441 [ERROR] LogOutputStream:75 - [STDERR_REDIRECT] [Fatal Error] :1:1: Premature end of file.
2026-01-12 12:10:08,442 [ERROR] LogOutputStream:75 - [STDERR_REDIRECT] 
2026-01-12 12:10:09,442 [ERROR] LogOutputStream:75 - [STDERR_REDIRECT] [Fatal Error] :1:1: Premature end of file.
2026-01-12 12:10:09,442 [ERROR] LogOutputStream:75 - [STDERR_REDIRECT] 
2026-01-12 12:10:10,442 [ERROR] LogOutputStream:75 - [STDERR_REDIRECT] [Fatal Error] :1:1: Premature end of file.
2026-01-12 12:10:10,442 [ERROR] LogOutputStream:75 - [STDERR_REDIRECT] 
2026-01-12 12:10:11,442 [ERROR] LogOutputStream:75 - [STDERR_REDIRECT] [Fatal Error] :1:1: Premature end of file.
2026-01-12 12:10:11,442 [ERROR] LogOutputStream:75 - [STDERR_REDIRECT] 
2026-01-12 12:10:12,443 [ERROR] LogOutputStream:75 - [STDERR_REDIRECT] [Fatal Error] :1:1: Premature end of file.
2026-01-12 12:10:12,443 [ERROR] LogOutputStream:75 - [STDERR_REDIRECT] 
2026-01-12 12:10:13,442 [ERROR] LogOutputStream:75 - [STDERR_REDIRECT] [Fatal Error] :1:1: Premature end of file.
2026-01-12 12:10:13,442 [ERROR] LogOutputStream:75 - [STDERR_REDIRECT] 
2026-01-12 12:10:14,442 [ERROR] LogOutputStream:75 - [STDERR_REDIRECT] [Fatal Error] :1:1: Premature end of file.
2026-01-12 12:10:14,442 [ERROR] LogOutputStream:75 - [STDERR_REDIRECT] 
2026-01-12 12:10:15,442 [ERROR] LogOutputStream:75 - [STDERR_REDIRECT] [Fatal Error] :1:1: Premature end of file.
2026-01-12 12:10:15,442 [ERROR] LogOutputStream:75 - [STDERR_REDIRECT] 
2026-01-12 12:10:16,444 [ERROR] LogOutputStream:75 - [STDERR_REDIRECT] [Fatal Error] :1:1: Premature end of file.
2026-01-12 12:10:16,444 [ERROR] LogOutputStream:75 - [STDERR_REDIRECT] 
2026-01-12 12:10:17,441 [ERROR] LogOutputStream:75 - [STDERR_REDIRECT] [Fatal Error] :1:1: Premature end of file.
2026-01-12 12:10:17,441 [ERROR] LogOutputStream:75 - [STDERR_REDIRECT] 
2026-01-12 12:10:18,442 [ERROR] LogOutputStream:75 - [STDERR_REDIRECT] [Fatal Error] :1:1: Premature end of file.
2026-01-12 12:10:18,442 [ERROR] LogOutputStream:75 - [STDERR_REDIRECT] 
2026-01-12 12:10:19,442 [ERROR] LogOutputStream:75 - [STDERR_REDIRECT] [Fatal Error] :1:1: Premature end of file.
2026-01-12 12:10:19,442 [ERROR] LogOutputStream:75 - [STDERR_REDIRECT] 
2026-01-12 12:10:20,442 [ERROR] LogOutputStream:75 - [STDERR_REDIRECT] [Fatal Error] :1:1: Premature end of file.
2026-01-12 12:10:20,442 [ERROR] LogOutputStream:75 - [STDERR_REDIRECT] 
2026-01-12 12:10:21,443 [ERROR] LogOutputStream:75 - [STDERR_REDIRECT] [Fatal Error] :1:1: Premature end of file.
2026-01-12 12:10:21,443 [ERROR] LogOutputStream:75 - [STDERR_REDIRECT] 
2026-01-12 12:10:22,441 [ERROR] LogOutputStream:75 - [STDERR_REDIRECT] [Fatal Error] :1:1: Premature end of file.
2026-01-12 12:10:22,441 [ERROR] LogOutputStream:75 - [STDERR_REDIRECT] 
2026-01-12 12:10:23,442 [ERROR] LogOutputStream:75 - [STDERR_REDIRECT] [Fatal Error] :1:1: Premature end of file.
2026-01-12 12:10:23,442 [ERROR] LogOutputStream:75 - [STDERR_REDIRECT] 
2026-01-12 12:10:24,442 [ERROR] LogOutputStream:75 - [STDERR_REDIRECT] [Fatal Error] :1:1: Premature end of file.
2026-01-12 12:10:24,442 [ERROR] LogOutputStream:75 - [STDERR_REDIRECT] 
2026-01-12 12:10:25,442 [ERROR] LogOutputStream:75 - [STDERR_REDIRECT] [Fatal Error] :1:1: Premature end of file.
2026-01-12 12:10:25,442 [ERROR] LogOutputStream:75 - [STDERR_REDIRECT] 
2026-01-12 12:10:26,442 [ERROR] LogOutputStream:75 - [STDERR_REDIRECT] [Fatal Error] :1:1: Premature end of file.
2026-01-12 12:10:26,442 [ERROR] LogOutputStream:75 - [STDERR_REDIRECT] 
2026-01-12 12:10:27,443 [ERROR] LogOutputStream:75 - [STDERR_REDIRECT] [Fatal Error] :1:1: Premature end of file.
2026-01-12 12:10:27,443 [ERROR] LogOutputStream:75 - [STDERR_REDIRECT] 
2026-01-12 12:10:28,441 [ERROR] LogOutputStream:75 - [STDERR_REDIRECT] [Fatal Error] :1:1: Premature end of file.
2026-01-12 12:10:28,441 [ERROR] LogOutputStream:75 - [STDERR_REDIRECT] 
2026-01-12 12:10:29,444 [ERROR] LogOutputStream:75 - [STDERR_REDIRECT] [Fatal Error] :1:1: Premature end of file.
2026-01-12 12:10:29,444 [ERROR] LogOutputStream:75 - [STDERR_REDIRECT] 
2026-01-12 12:10:30,440 [ERROR] LogOutputStream:75 - [STDERR_REDIRECT] [Fatal Error] :1:1: Premature end of file.
2026-01-12 12:10:30,440 [ERROR] LogOutputStream:75 - [STDERR_REDIRECT] 
2026-01-12 12:10:31,443 [ERROR] LogOutputStream:75 - [STDERR_REDIRECT] [Fatal Error] :1:1: Premature end of file.
2026-01-12 12:10:31,443 [ERROR] LogOutputStream:75 - [STDERR_REDIRECT] 
2026-01-12 12:10:32,441 [ERROR] LogOutputStream:75 - [STDERR_REDIRECT] [Fatal Error] :1:1: Premature end of file.
2026-01-12 12:10:32,441 [ERROR] LogOutputStream:75 - [STDERR_REDIRECT] 
2026-01-12 12:10:33,442 [ERROR] LogOutputStream:75 - [STDERR_REDIRECT] [Fatal Error] :1:1: Premature end of file.
2026-01-12 12:10:33,442 [ERROR] LogOutputStream:75 - [STDERR_REDIRECT] 
2026-01-12 12:10:34,441 [ERROR] LogOutputStream:75 - [STDERR_REDIRECT] [Fatal Error] :1:1: Premature end of file.
2026-01-12 12:10:34,441 [ERROR] LogOutputStream:75 - [STDERR_REDIRECT] 
2026-01-12 12:10:35,443 [ERROR] LogOutputStream:75 - [STDERR_REDIRECT] [Fatal Error] :1:1: Premature end of file.
2026-01-12 12:10:35,443 [ERROR] LogOutputStream:75 - [STDERR_REDIRECT] 
2026-01-12 12:10:36,441 [ERROR] LogOutputStream:75 - [STDERR_REDIRECT] [Fatal Error] :1:1: Premature end of file.
2026-01-12 12:10:36,441 [ERROR] LogOutputStream:75 - [STDERR_REDIRECT] 
2026-01-12 12:10:37,442 [ERROR] LogOutputStream:75 - [STDERR_REDIRECT] [Fatal Error] :1:1: Premature end of file.
2026-01-12 12:10:37,442 [ERROR] LogOutputStream:75 - [STDERR_REDIRECT] 
2026-01-12 12:10:38,442 [ERROR] LogOutputStream:75 - [STDERR_REDIRECT] [Fatal Error] :1:1: Premature end of file.
2026-01-12 12:10:38,442 [ERROR] LogOutputStream:75 - [STDERR_REDIRECT] 
2026-01-12 12:10:39,442 [ERROR] LogOutputStream:75 - [STDERR_REDIRECT] [Fatal Error] :1:1: Premature end of file.
2026-01-12 12:10:39,442 [ERROR] LogOutputStream:75 - [STDERR_REDIRECT] 
2026-01-12 12:10:40,441 [ERROR] LogOutputStream:75 - [STDERR_REDIRECT] [Fatal Error] :1:1: Premature end of file.
2026-01-12 12:10:40,441 [ERROR] LogOutputStream:75 - [STDERR_REDIRECT] 
2026-01-12 12:10:41,443 [ERROR] LogOutputStream:75 - [STDERR_REDIRECT] [Fatal Error] :1:1: Premature end of file.
2026-01-12 12:10:41,443 [ERROR] LogOutputStream:75 - [STDERR_REDIRECT] 
2026-01-12 12:10:42,442 [ERROR] LogOutputStream:75 - [STDERR_REDIRECT] [Fatal Error] :1:1: Premature end of file.
2026-01-12 12:10:42,442 [ERROR] LogOutputStream:75 - [STDERR_REDIRECT] 
2026-01-12 12:10:43,445 [ERROR] LogOutputStream:75 - [STDERR_REDIRECT] [Fatal Error] :1:1: Premature end of file.
2026-01-12 12:10:43,445 [ERROR] LogOutputStream:75 - [STDERR_REDIRECT] 
2026-01-12 12:10:44,445 [ERROR] LogOutputStream:75 - [STDERR_REDIRECT] [Fatal Error] :1:1: Premature end of file.
2026-01-12 12:10:44,445 [ERROR] LogOutputStream:75 - [STDERR_REDIRECT] 
2026-01-12 12:10:45,443 [ERROR] LogOutputStream:75 - [STDERR_REDIRECT] [Fatal Error] :1:1: Premature end of file.
2026-01-12 12:10:45,443 [ERROR] LogOutputStream:75 - [STDERR_REDIRECT] 
2026-01-12 12:10:46,450 [ERROR] LogOutputStream:75 - [STDERR_REDIRECT] [Fatal Error] :1:1: Premature end of file.
2026-01-12 12:10:46,450 [ERROR] LogOutputStream:75 - [STDERR_REDIRECT] 
2026-01-12 12:10:47,452 [ERROR] LogOutputStream:75 - [STDERR_REDIRECT] [Fatal Error] :1:1: Premature end of file.
2026-01-12 12:10:47,452 [ERROR] LogOutputStream:75 - [STDERR_REDIRECT] 
2026-01-12 12:10:48,452 [ERROR] LogOutputStream:75 - [STDERR_REDIRECT] [Fatal Error] :1:1: Premature end of file.
2026-01-12 12:10:48,452 [ERROR] LogOutputStream:75 - [STDERR_REDIRECT] 
2026-01-12 12:10:49,453 [ERROR] LogOutputStream:75 - [STDERR_REDIRECT] [Fatal Error] :1:1: Premature end of file.
2026-01-12 12:10:49,453 [ERROR] LogOutputStream:75 - [STDERR_REDIRECT] 
2026-01-12 12:10:50,453 [ERROR] LogOutputStream:75 - [STDERR_REDIRECT] [Fatal Error] :1:1: Premature end of file.
2026-01-12 12:10:50,453 [ERROR] LogOutputStream:75 - [STDERR_REDIRECT] 
2026-01-12 12:10:51,452 [ERROR] LogOutputStream:75 - [STDERR_REDIRECT] [Fatal Error] :1:1: Premature end of file.
2026-01-12 12:10:51,452 [ERROR] LogOutputStream:75 - [STDERR_REDIRECT] 
2026-01-12 12:10:52,453 [ERROR] LogOutputStream:75 - [STDERR_REDIRECT] [Fatal Error] :1:1: Premature end of file.
2026-01-12 12:10:52,453 [ERROR] LogOutputStream:75 - [STDERR_REDIRECT] 
2026-01-12 12:10:53,462 [ERROR] LogOutputStream:75 - [STDERR_REDIRECT] [Fatal Error] :1:1: Premature end of file.
2026-01-12 12:10:53,462 [ERROR] LogOutputStream:75 - [STDERR_REDIRECT] 
2026-01-12 12:10:54,451 [ERROR] LogOutputStream:75 - [STDERR_REDIRECT] [Fatal Error] :1:1: Premature end of file.
2026-01-12 12:10:54,451 [ERROR] LogOutputStream:75 - [STDERR_REDIRECT] 
2026-01-12 12:10:55,453 [ERROR] LogOutputStream:75 - [STDERR_REDIRECT] [Fatal Error] :1:1: Premature end of file.
2026-01-12 12:10:55,453 [ERROR] LogOutputStream:75 - [STDERR_REDIRECT] 
2026-01-12 12:10:56,449 [ERROR] LogOutputStream:75 - [STDERR_REDIRECT] [Fatal Error] :1:1: Premature end of file.
2026-01-12 12:10:56,449 [ERROR] LogOutputStream:75 - [STDERR_REDIRECT] 
2026-01-12 12:10:57,452 [ERROR] LogOutputStream:75 - [STDERR_REDIRECT] [Fatal Error] :1:1: Premature end of file.
2026-01-12 12:10:57,452 [ERROR] LogOutputStream:75 - [STDERR_REDIRECT] 
2026-01-12 12:10:58,449 [ERROR] LogOutputStream:75 - [STDERR_REDIRECT] [Fatal Error] :1:1: Premature end of file.
2026-01-12 12:10:58,449 [ERROR] LogOutputStream:75 - [STDERR_REDIRECT] 
2026-01-12 12:10:59,450 [ERROR] LogOutputStream:75 - [STDERR_REDIRECT] [Fatal Error] :1:1: Premature end of file.
2026-01-12 12:10:59,450 [ERROR] LogOutputStream:75 - [STDERR_REDIRECT] 
2026-01-12 12:11:00,455 [ERROR] LogOutputStream:75 - [STDERR_REDIRECT] [Fatal Error] :1:1: Premature end of file.
2026-01-12 12:11:00,455 [ERROR] LogOutputStream:75 - [STDERR_REDIRECT] 
2026-01-12 12:11:01,440 [ERROR] LogOutputStream:75 - [STDERR_REDIRECT] [Fatal Error] :1:1: Premature end of file.
2026-01-12 12:11:01,440 [ERROR] LogOutputStream:75 - [STDERR_REDIRECT] 
2026-01-12 12:11:02,456 [ERROR] LogOutputStream:75 - [STDERR_REDIRECT] [Fatal Error] :1:1: Premature end of file.
2026-01-12 12:11:02,456 [ERROR] LogOutputStream:75 - [STDERR_REDIRECT] 
2026-01-12 12:11:03,444 [ERROR] LogOutputStream:75 - [STDERR_REDIRECT] [Fatal Error] :1:1: Premature end of file.
2026-01-12 12:11:03,444 [ERROR] LogOutputStream:75 - [STDERR_REDIRECT] 
2026-01-12 12:11:04,461 [ERROR] LogOutputStream:75 - [STDERR_REDIRECT] [Fatal Error] :1:1: Premature end of file.
2026-01-12 12:11:04,461 [ERROR] LogOutputStream:75 - [STDERR_REDIRECT] 
2026-01-12 12:11:05,450 [ERROR] LogOutputStream:75 - [STDERR_REDIRECT] [Fatal Error] :1:1: Premature end of file.
2026-01-12 12:11:05,450 [ERROR] LogOutputStream:75 - [STDERR_REDIRECT] 
2026-01-12 12:11:06,450 [ERROR] LogOutputStream:75 - [STDERR_REDIRECT] [Fatal Error] :1:1: Premature end of file.
2026-01-12 12:11:06,450 [ERROR] LogOutputStream:75 - [STDERR_REDIRECT] 
2026-01-12 12:11:07,450 [ERROR] LogOutputStream:75 - [STDERR_REDIRECT] [Fatal Error] :1:1: Premature end of file.
2026-01-12 12:11:07,450 [ERROR] LogOutputStream:75 - [STDERR_REDIRECT] 
2026-01-12 12:11:08,453 [ERROR] LogOutputStream:75 - [STDERR_REDIRECT] [Fatal Error] :1:1: Premature end of file.
2026-01-12 12:11:08,453 [ERROR] LogOutputStream:75 - [STDERR_REDIRECT] 
2026-01-12 12:11:09,465 [ERROR] LogOutputStream:75 - [STDERR_REDIRECT] [Fatal Error] :1:1: Premature end of file.
2026-01-12 12:11:09,465 [ERROR] LogOutputStream:75 - [STDERR_REDIRECT] 
2026-01-12 12:11:10,448 [ERROR] LogOutputStream:75 - [STDERR_REDIRECT] [Fatal Error] :1:1: Premature end of file.
2026-01-12 12:11:10,448 [ERROR] LogOutputStream:75 - [STDERR_REDIRECT] 
2026-01-12 12:11:11,460 [ERROR] LogOutputStream:75 - [STDERR_REDIRECT] [Fatal Error] :1:1: Premature end of file.
2026-01-12 12:11:11,460 [ERROR] LogOutputStream:75 - [STDERR_REDIRECT] 
2026-01-12 12:11:12,460 [ERROR] LogOutputStream:75 - [STDERR_REDIRECT] [Fatal Error] :1:1: Premature end of file.
2026-01-12 12:11:12,460 [ERROR] LogOutputStream:75 - [STDERR_REDIRECT] 
2026-01-12 12:11:13,450 [ERROR] LogOutputStream:75 - [STDERR_REDIRECT] [Fatal Error] :1:1: Premature end of file.
2026-01-12 12:11:13,450 [ERROR] LogOutputStream:75 - [STDERR_REDIRECT] 
2026-01-12 12:11:14,450 [ERROR] LogOutputStream:75 - [STDERR_REDIRECT] [Fatal Error] :1:1: Premature end of file.
2026-01-12 12:11:14,450 [ERROR] LogOutputStream:75 - [STDERR_REDIRECT] 
2026-01-12 12:11:15,451 [ERROR] LogOutputStream:75 - [STDERR_REDIRECT] [Fatal Error] :1:1: Premature end of file.
2026-01-12 12:11:15,451 [ERROR] LogOutputStream:75 - [STDERR_REDIRECT] 
2026-01-12 12:11:16,450 [ERROR] LogOutputStream:75 - [STDERR_REDIRECT] [Fatal Error] :1:1: Premature end of file.
2026-01-12 12:11:16,450 [ERROR] LogOutputStream:75 - [STDERR_REDIRECT] 
2026-01-12 12:11:17,450 [ERROR] LogOutputStream:75 - [STDERR_REDIRECT] [Fatal Error] :1:1: Premature end of file.
2026-01-12 12:11:17,450 [ERROR] LogOutputStream:75 - [STDERR_REDIRECT] 
2026-01-12 12:11:18,450 [ERROR] LogOutputStream:75 - [STDERR_REDIRECT] [Fatal Error] :1:1: Premature end of file.
2026-01-12 12:11:18,450 [ERROR] LogOutputStream:75 - [STDERR_REDIRECT] 
2026-01-12 12:11:19,450 [ERROR] LogOutputStream:75 - [STDERR_REDIRECT] [Fatal Error] :1:1: Premature end of file.
2026-01-12 12:11:19,450 [ERROR] LogOutputStream:75 - [STDERR_REDIRECT] 
2026-01-12 12:11:20,451 [ERROR] LogOutputStream:75 - [STDERR_REDIRECT] [Fatal Error] :1:1: Premature end of file.
2026-01-12 12:11:20,451 [ERROR] LogOutputStream:75 - [STDERR_REDIRECT] 
2026-01-12 12:11:21,484 [ERROR] LogOutputStream:75 - [STDERR_REDIRECT] [Fatal Error] :1:1: Premature end of file.
2026-01-12 12:11:21,484 [ERROR] LogOutputStream:75 - [STDERR_REDIRECT] 
2026-01-12 12:11:22,451 [ERROR] LogOutputStream:75 - [STDERR_REDIRECT] [Fatal Error] :1:1: Premature end of file.
2026-01-12 12:11:22,451 [ERROR] LogOutputStream:75 - [STDERR_REDIRECT] 
2026-01-12 12:11:23,451 [ERROR] LogOutputStream:75 - [STDERR_REDIRECT] [Fatal Error] :1:1: Premature end of file.
2026-01-12 12:11:23,451 [ERROR] LogOutputStream:75 - [STDERR_REDIRECT] 
2026-01-12 12:11:24,449 [ERROR] LogOutputStream:75 - [STDERR_REDIRECT] [Fatal Error] :1:1: Premature end of file.
2026-01-12 12:11:24,449 [ERROR] LogOutputStream:75 - [STDERR_REDIRECT] 
2026-01-12 12:11:25,461 [ERROR] LogOutputStream:75 - [STDERR_REDIRECT] [Fatal Error] :1:1: Premature end of file.
2026-01-12 12:11:25,462 [ERROR] LogOutputStream:75 - [STDERR_REDIRECT] 
2026-01-12 12:11:26,445 [ERROR] LogOutputStream:75 - [STDERR_REDIRECT] [Fatal Error] :1:1: Premature end of file.
2026-01-12 12:11:26,445 [ERROR] LogOutputStream:75 - [STDERR_REDIRECT] 
2026-01-12 12:11:27,445 [ERROR] LogOutputStream:75 - [STDERR_REDIRECT] [Fatal Error] :1:1: Premature end of file.
2026-01-12 12:11:27,445 [ERROR] LogOutputStream:75 - [STDERR_REDIRECT] 
2026-01-12 12:11:28,449 [ERROR] LogOutputStream:75 - [STDERR_REDIRECT] [Fatal Error] :1:1: Premature end of file.
2026-01-12 12:11:28,449 [ERROR] LogOutputStream:75 - [STDERR_REDIRECT] 
2026-01-12 12:11:29,449 [ERROR] LogOutputStream:75 - [STDERR_REDIRECT] [Fatal Error] :1:1: Premature end of file.
2026-01-12 12:11:29,449 [ERROR] LogOutputStream:75 - [STDERR_REDIRECT] 
2026-01-12 12:11:30,458 [ERROR] LogOutputStream:75 - [STDERR_REDIRECT] [Fatal Error] :1:1: Premature end of file.
2026-01-12 12:11:30,458 [ERROR] LogOutputStream:75 - [STDERR_REDIRECT] 
2026-01-12 12:11:31,455 [ERROR] LogOutputStream:75 - [STDERR_REDIRECT] [Fatal Error] :1:1: Premature end of file.
2026-01-12 12:11:31,455 [ERROR] LogOutputStream:75 - [STDERR_REDIRECT] 
2026-01-12 12:11:32,451 [ERROR] LogOutputStream:75 - [STDERR_REDIRECT] [Fatal Error] :1:1: Premature end of file.
2026-01-12 12:11:32,451 [ERROR] LogOutputStream:75 - [STDERR_REDIRECT] 
2026-01-12 12:11:33,458 [ERROR] LogOutputStream:75 - [STDERR_REDIRECT] [Fatal Error] :1:1: Premature end of file.
2026-01-12 12:11:33,458 [ERROR] LogOutputStream:75 - [STDERR_REDIRECT] 
2026-01-12 12:11:34,447 [ERROR] LogOutputStream:75 - [STDERR_REDIRECT] [Fatal Error] :1:1: Premature end of file.
2026-01-12 12:11:34,447 [ERROR] LogOutputStream:75 - [STDERR_REDIRECT] 
2026-01-12 12:11:35,445 [ERROR] LogOutputStream:75 - [STDERR_REDIRECT] [Fatal Error] :1:1: Premature end of file.
2026-01-12 12:11:35,445 [ERROR] LogOutputStream:75 - [STDERR_REDIRECT] 
2026-01-12 12:11:36,454 [ERROR] LogOutputStream:75 - [STDERR_REDIRECT] [Fatal Error] :1:1: Premature end of file.
2026-01-12 12:11:36,454 [ERROR] LogOutputStream:75 - [STDERR_REDIRECT] 
2026-01-12 12:11:37,455 [ERROR] LogOutputStream:75 - [STDERR_REDIRECT] [Fatal Error] :1:1: Premature end of file.
2026-01-12 12:11:37,455 [ERROR] LogOutputStream:75 - [STDERR_REDIRECT] 
2026-01-12 12:11:38,465 [ERROR] LogOutputStream:75 - [STDERR_REDIRECT] [Fatal Error] :1:1: Premature end of file.
2026-01-12 12:11:38,465 [ERROR] LogOutputStream:75 - [STDERR_REDIRECT] 
2026-01-12 12:11:39,444 [ERROR] LogOutputStream:75 - [STDERR_REDIRECT] [Fatal Error] :1:1: Premature end of file.
2026-01-12 12:11:39,444 [ERROR] LogOutputStream:75 - [STDERR_REDIRECT] 
2026-01-12 12:11:40,453 [ERROR] LogOutputStream:75 - [STDERR_REDIRECT] [Fatal Error] :1:1: Premature end of file.
2026-01-12 12:11:40,453 [ERROR] LogOutputStream:75 - [STDERR_REDIRECT] 
2026-01-12 12:11:41,456 [ERROR] LogOutputStream:75 - [STDERR_REDIRECT] [Fatal Error] :1:1: Premature end of file.
2026-01-12 12:11:41,456 [ERROR] LogOutputStream:75 - [STDERR_REDIRECT] 
2026-01-12 12:11:42,456 [ERROR] LogOutputStream:75 - [STDERR_REDIRECT] [Fatal Error] :1:1: Premature end of file.
2026-01-12 12:11:42,456 [ERROR] LogOutputStream:75 - [STDERR_REDIRECT] 
2026-01-12 12:11:43,450 [ERROR] LogOutputStream:75 - [STDERR_REDIRECT] [Fatal Error] :1:1: Premature end of file.
2026-01-12 12:11:43,450 [ERROR] LogOutputStream:75 - [STDERR_REDIRECT] 
2026-01-12 12:11:44,446 [ERROR] LogOutputStream:75 - [STDERR_REDIRECT] [Fatal Error] :1:1: Premature end of file.
2026-01-12 12:11:44,446 [ERROR] LogOutputStream:75 - [STDERR_REDIRECT] 
2026-01-12 12:11:45,454 [ERROR] LogOutputStream:75 - [STDERR_REDIRECT] [Fatal Error] :1:1: Premature end of file.
2026-01-12 12:11:45,454 [ERROR] LogOutputStream:75 - [STDERR_REDIRECT] 
2026-01-12 12:11:46,455 [ERROR] LogOutputStream:75 - [STDERR_REDIRECT] [Fatal Error] :1:1: Premature end of file.
2026-01-12 12:11:46,456 [ERROR] LogOutputStream:75 - [STDERR_REDIRECT] 
2026-01-12 12:11:47,460 [ERROR] LogOutputStream:75 - [STDERR_REDIRECT] [Fatal Error] :1:1: Premature end of file.
2026-01-12 12:11:47,460 [ERROR] LogOutputStream:75 - [STDERR_REDIRECT] 
2026-01-12 12:11:48,445 [ERROR] LogOutputStream:75 - [STDERR_REDIRECT] [Fatal Error] :1:1: Premature end of file.
2026-01-12 12:11:48,445 [ERROR] LogOutputStream:75 - [STDERR_REDIRECT] 
2026-01-12 12:11:49,444 [ERROR] LogOutputStream:75 - [STDERR_REDIRECT] [Fatal Error] :1:1: Premature end of file.
2026-01-12 12:11:49,444 [ERROR] LogOutputStream:75 - [STDERR_REDIRECT] 
2026-01-12 12:11:50,449 [ERROR] LogOutputStream:75 - [STDERR_REDIRECT] [Fatal Error] :1:1: Premature end of file.
2026-01-12 12:11:50,449 [ERROR] LogOutputStream:75 - [STDERR_REDIRECT] 
2026-01-12 12:11:51,445 [ERROR] LogOutputStream:75 - [STDERR_REDIRECT] [Fatal Error] :1:1: Premature end of file.
2026-01-12 12:11:51,445 [ERROR] LogOutputStream:75 - [STDERR_REDIRECT] 
2026-01-12 12:11:52,433 [ERROR] LogOutputStream:75 - [STDERR_REDIRECT] [Fatal Error] :1:1: Premature end of file.
2026-01-12 12:11:52,433 [ERROR] LogOutputStream:75 - [STDERR_REDIRECT] 
2026-01-12 12:11:53,445 [ERROR] LogOutputStream:75 - [STDERR_REDIRECT] [Fatal Error] :1:1: Premature end of file.
2026-01-12 12:11:53,445 [ERROR] LogOutputStream:75 - [STDERR_REDIRECT] 
2026-01-12 12:11:54,455 [ERROR] LogOutputStream:75 - [STDERR_REDIRECT] [Fatal Error] :1:1: Premature end of file.
2026-01-12 12:11:54,455 [ERROR] LogOutputStream:75 - [STDERR_REDIRECT] 
2026-01-12 12:11:55,450 [ERROR] LogOutputStream:75 - [STDERR_REDIRECT] [Fatal Error] :1:1: Premature end of file.
2026-01-12 12:11:55,450 [ERROR] LogOutputStream:75 - [STDERR_REDIRECT] 
2026-01-12 12:11:56,455 [ERROR] LogOutputStream:75 - [STDERR_REDIRECT] [Fatal Error] :1:1: Premature end of file.
2026-01-12 12:11:56,455 [ERROR] LogOutputStream:75 - [STDERR_REDIRECT] 
2026-01-12 12:11:57,463 [ERROR] LogOutputStream:75 - [STDERR_REDIRECT] [Fatal Error] :1:1: Premature end of file.
2026-01-12 12:11:57,464 [ERROR] LogOutputStream:75 - [STDERR_REDIRECT] 
2026-01-12 12:11:58,459 [ERROR] LogOutputStream:75 - [STDERR_REDIRECT] [Fatal Error] :1:1: Premature end of file.
2026-01-12 12:11:58,459 [ERROR] LogOutputStream:75 - [STDERR_REDIRECT] 
2026-01-12 12:11:59,445 [ERROR] LogOutputStream:75 - [STDERR_REDIRECT] [Fatal Error] :1:1: Premature end of file.
2026-01-12 12:11:59,445 [ERROR] LogOutputStream:75 - [STDERR_REDIRECT] 
2026-01-12 12:12:00,453 [ERROR] LogOutputStream:75 - [STDERR_REDIRECT] [Fatal Error] :1:1: Premature end of file.
2026-01-12 12:12:00,453 [ERROR] LogOutputStream:75 - [STDERR_REDIRECT] 
2026-01-12 12:12:01,454 [ERROR] LogOutputStream:75 - [STDERR_REDIRECT] [Fatal Error] :1:1: Premature end of file.
2026-01-12 12:12:01,454 [ERROR] LogOutputStream:75 - [STDERR_REDIRECT] 
2026-01-12 12:12:02,445 [ERROR] LogOutputStream:75 - [STDERR_REDIRECT] [Fatal Error] :1:1: Premature end of file.
2026-01-12 12:12:02,445 [ERROR] LogOutputStream:75 - [STDERR_REDIRECT] 
2026-01-12 12:12:03,461 [ERROR] LogOutputStream:75 - [STDERR_REDIRECT] [Fatal Error] :1:1: Premature end of file.
2026-01-12 12:12:03,461 [ERROR] LogOutputStream:75 - [STDERR_REDIRECT] 
2026-01-12 12:12:04,451 [ERROR] LogOutputStream:75 - [STDERR_REDIRECT] [Fatal Error] :1:1: Premature end of file.
2026-01-12 12:12:04,451 [ERROR] LogOutputStream:75 - [STDERR_REDIRECT] 
2026-01-12 12:12:05,454 [ERROR] LogOutputStream:75 - [STDERR_REDIRECT] [Fatal Error] :1:1: Premature end of file.
2026-01-12 12:12:05,454 [ERROR] LogOutputStream:75 - [STDERR_REDIRECT] 
2026-01-12 12:12:06,457 [ERROR] LogOutputStream:75 - [STDERR_REDIRECT] [Fatal Error] :1:1: Premature end of file.
2026-01-12 12:12:06,457 [ERROR] LogOutputStream:75 - [STDERR_REDIRECT] 
2026-01-12 12:12:07,459 [ERROR] LogOutputStream:75 - [STDERR_REDIRECT] [Fatal Error] :1:1: Premature end of file.
2026-01-12 12:12:07,459 [ERROR] LogOutputStream:75 - [STDERR_REDIRECT] 
2026-01-12 12:12:08,445 [ERROR] LogOutputStream:75 - [STDERR_REDIRECT] [Fatal Error] :1:1: Premature end of file.
2026-01-12 12:12:08,445 [ERROR] LogOutputStream:75 - [STDERR_REDIRECT] 
2026-01-12 12:12:09,460 [ERROR] LogOutputStream:75 - [STDERR_REDIRECT] [Fatal Error] :1:1: Premature end of file.
2026-01-12 12:12:09,460 [ERROR] LogOutputStream:75 - [STDERR_REDIRECT] 
2026-01-12 12:12:10,449 [ERROR] LogOutputStream:75 - [STDERR_REDIRECT] [Fatal Error] :1:1: Premature end of file.
2026-01-12 12:12:10,449 [ERROR] LogOutputStream:75 - [STDERR_REDIRECT] 
2026-01-12 12:12:11,445 [ERROR] LogOutputStream:75 - [STDERR_REDIRECT] [Fatal Error] :1:1: Premature end of file.
2026-01-12 12:12:11,445 [ERROR] LogOutputStream:75 - [STDERR_REDIRECT] 
2026-01-12 12:12:12,441 [ERROR] LogOutputStream:75 - [STDERR_REDIRECT] [Fatal Error] :1:1: Premature end of file.
2026-01-12 12:12:12,441 [ERROR] LogOutputStream:75 - [STDERR_REDIRECT] 
2026-01-12 12:12:13,442 [ERROR] LogOutputStream:75 - [STDERR_REDIRECT] [Fatal Error] :1:1: Premature end of file.
2026-01-12 12:12:13,442 [ERROR] LogOutputStream:75 - [STDERR_REDIRECT] 
2026-01-12 12:12:14,444 [ERROR] LogOutputStream:75 - [STDERR_REDIRECT] [Fatal Error] :1:1: Premature end of file.
2026-01-12 12:12:14,444 [ERROR] LogOutputStream:75 - [STDERR_REDIRECT] 
2026-01-12 12:12:15,441 [ERROR] LogOutputStream:75 - [STDERR_REDIRECT] [Fatal Error] :1:1: Premature end of file.
2026-01-12 12:12:15,441 [ERROR] LogOutputStream:75 - [STDERR_REDIRECT] 
2026-01-12 12:12:16,442 [ERROR] LogOutputStream:75 - [STDERR_REDIRECT] [Fatal Error] :1:1: Premature end of file.
2026-01-12 12:12:16,442 [ERROR] LogOutputStream:75 - [STDERR_REDIRECT] 
2026-01-12 12:12:17,442 [ERROR] LogOutputStream:75 - [STDERR_REDIRECT] [Fatal Error] :1:1: Premature end of file.
2026-01-12 12:12:17,442 [ERROR] LogOutputStream:75 - [STDERR_REDIRECT] 
2026-01-12 12:12:18,442 [ERROR] LogOutputStream:75 - [STDERR_REDIRECT] [Fatal Error] :1:1: Premature end of file.
2026-01-12 12:12:18,442 [ERROR] LogOutputStream:75 - [STDERR_REDIRECT] 
2026-01-12 12:12:19,443 [ERROR] LogOutputStream:75 - [STDERR_REDIRECT] [Fatal Error] :1:1: Premature end of file.
2026-01-12 12:12:19,443 [ERROR] LogOutputStream:75 - [STDERR_REDIRECT] 
2026-01-12 12:12:20,442 [ERROR] LogOutputStream:75 - [STDERR_REDIRECT] [Fatal Error] :1:1: Premature end of file.
2026-01-12 12:12:20,442 [ERROR] LogOutputStream:75 - [STDERR_REDIRECT] 
2026-01-12 12:12:21,441 [ERROR] LogOutputStream:75 - [STDERR_REDIRECT] [Fatal Error] :1:1: Premature end of file.
2026-01-12 12:12:21,442 [ERROR] LogOutputStream:75 - [STDERR_REDIRECT] 
2026-01-12 12:12:22,442 [ERROR] LogOutputStream:75 - [STDERR_REDIRECT] [Fatal Error] :1:1: Premature end of file.
2026-01-12 12:12:22,442 [ERROR] LogOutputStream:75 - [STDERR_REDIRECT] 
2026-01-12 12:12:23,439 [ERROR] LogOutputStream:75 - [STDERR_REDIRECT] [Fatal Error] :1:1: Premature end of file.
2026-01-12 12:12:23,441 [ERROR] LogOutputStream:75 - [STDERR_REDIRECT] 
2026-01-12 12:12:24,441 [ERROR] LogOutputStream:75 - [STDERR_REDIRECT] [Fatal Error] :1:1: Premature end of file.
2026-01-12 12:12:24,441 [ERROR] LogOutputStream:75 - [STDERR_REDIRECT] 
2026-01-12 12:12:25,444 [ERROR] LogOutputStream:75 - [STDERR_REDIRECT] [Fatal Error] :1:1: Premature end of file.
2026-01-12 12:12:25,444 [ERROR] LogOutputStream:75 - [STDERR_REDIRECT] 
2026-01-12 12:12:26,442 [ERROR] LogOutputStream:75 - [STDERR_REDIRECT] [Fatal Error] :1:1: Premature end of file.
2026-01-12 12:12:26,442 [ERROR] LogOutputStream:75 - [STDERR_REDIRECT] 
2026-01-12 12:12:27,442 [ERROR] LogOutputStream:75 - [STDERR_REDIRECT] [Fatal Error] :1:1: Premature end of file.
2026-01-12 12:12:27,442 [ERROR] LogOutputStream:75 - [STDERR_REDIRECT] 
2026-01-12 12:12:28,447 [ERROR] LogOutputStream:75 - [STDERR_REDIRECT] [Fatal Error] :1:1: Premature end of file.
2026-01-12 12:12:28,448 [ERROR] LogOutputStream:75 - [STDERR_REDIRECT] 
2026-01-12 12:12:29,443 [ERROR] LogOutputStream:75 - [STDERR_REDIRECT] [Fatal Error] :1:1: Premature end of file.
2026-01-12 12:12:29,443 [ERROR] LogOutputStream:75 - [STDERR_REDIRECT] 
2026-01-12 12:12:30,442 [ERROR] LogOutputStream:75 - [STDERR_REDIRECT] [Fatal Error] :1:1: Premature end of file.
2026-01-12 12:12:30,442 [ERROR] LogOutputStream:75 - [STDERR_REDIRECT] 
2026-01-12 12:12:31,447 [ERROR] LogOutputStream:75 - [STDERR_REDIRECT] [Fatal Error] :1:1: Premature end of file.
2026-01-12 12:12:31,447 [ERROR] LogOutputStream:75 - [STDERR_REDIRECT] 
2026-01-12 12:12:32,453 [ERROR] LogOutputStream:75 - [STDERR_REDIRECT] [Fatal Error] :1:1: Premature end of file.
2026-01-12 12:12:32,454 [ERROR] LogOutputStream:75 - [STDERR_REDIRECT] 
2026-01-12 12:12:33,444 [ERROR] LogOutputStream:75 - [STDERR_REDIRECT] [Fatal Error] :1:1: Premature end of file.
2026-01-12 12:12:33,444 [ERROR] LogOutputStream:75 - [STDERR_REDIRECT] 
2026-01-12 12:12:34,443 [ERROR] LogOutputStream:75 - [STDERR_REDIRECT] [Fatal Error] :1:1: Premature end of file.
2026-01-12 12:12:34,443 [ERROR] LogOutputStream:75 - [STDERR_REDIRECT] 
2026-01-12 12:12:35,442 [ERROR] LogOutputStream:75 - [STDERR_REDIRECT] [Fatal Error] :1:1: Premature end of file.
2026-01-12 12:12:35,442 [ERROR] LogOutputStream:75 - [STDERR_REDIRECT] 
2026-01-12 12:12:36,454 [ERROR] LogOutputStream:75 - [STDERR_REDIRECT] [Fatal Error] :1:1: Premature end of file.
2026-01-12 12:12:36,454 [ERROR] LogOutputStream:75 - [STDERR_REDIRECT] 
2026-01-12 12:12:37,446 [ERROR] LogOutputStream:75 - [STDERR_REDIRECT] [Fatal Error] :1:1: Premature end of file.
2026-01-12 12:12:37,446 [ERROR] LogOutputStream:75 - [STDERR_REDIRECT] 
2026-01-12 12:12:38,455 [ERROR] LogOutputStream:75 - [STDERR_REDIRECT] [Fatal Error] :1:1: Premature end of file.
2026-01-12 12:12:38,455 [ERROR] LogOutputStream:75 - [STDERR_REDIRECT] 
2026-01-12 12:12:39,457 [ERROR] LogOutputStream:75 - [STDERR_REDIRECT] [Fatal Error] :1:1: Premature end of file.
2026-01-12 12:12:39,457 [ERROR] LogOutputStream:75 - [STDERR_REDIRECT] 
2026-01-12 12:12:40,445 [ERROR] LogOutputStream:75 - [STDERR_REDIRECT] [Fatal Error] :1:1: Premature end of file.
2026-01-12 12:12:40,445 [ERROR] LogOutputStream:75 - [STDERR_REDIRECT] 
2026-01-12 12:12:41,446 [ERROR] LogOutputStream:75 - [STDERR_REDIRECT] [Fatal Error] :1:1: Premature end of file.
2026-01-12 12:12:41,446 [ERROR] LogOutputStream:75 - [STDERR_REDIRECT] 
2026-01-12 12:12:42,458 [ERROR] LogOutputStream:75 - [STDERR_REDIRECT] [Fatal Error] :1:1: Premature end of file.
2026-01-12 12:12:42,458 [ERROR] LogOutputStream:75 - [STDERR_REDIRECT] 
2026-01-12 12:12:43,453 [ERROR] LogOutputStream:75 - [STDERR_REDIRECT] [Fatal Error] :1:1: Premature end of file.
2026-01-12 12:12:43,453 [ERROR] LogOutputStream:75 - [STDERR_REDIRECT] 
2026-01-12 12:12:44,452 [ERROR] LogOutputStream:75 - [STDERR_REDIRECT] [Fatal Error] :1:1: Premature end of file.
2026-01-12 12:12:44,452 [ERROR] LogOutputStream:75 - [STDERR_REDIRECT] 
2026-01-12 12:12:45,463 [ERROR] LogOutputStream:75 - [STDERR_REDIRECT] [Fatal Error] :1:1: Premature end of file.
2026-01-12 12:12:45,463 [ERROR] LogOutputStream:75 - [STDERR_REDIRECT] 
2026-01-12 12:12:46,452 [ERROR] LogOutputStream:75 - [STDERR_REDIRECT] [Fatal Error] :1:1: Premature end of file.
2026-01-12 12:12:46,452 [ERROR] LogOutputStream:75 - [STDERR_REDIRECT] 
2026-01-12 12:12:47,466 [ERROR] LogOutputStream:75 - [STDERR_REDIRECT] [Fatal Error] :1:1: Premature end of file.
2026-01-12 12:12:47,466 [ERROR] LogOutputStream:75 - [STDERR_REDIRECT] 
2026-01-12 12:12:48,454 [ERROR] LogOutputStream:75 - [STDERR_REDIRECT] [Fatal Error] :1:1: Premature end of file.
2026-01-12 12:12:48,454 [ERROR] LogOutputStream:75 - [STDERR_REDIRECT] 
2026-01-12 12:12:49,453 [ERROR] LogOutputStream:75 - [STDERR_REDIRECT] [Fatal Error] :1:1: Premature end of file.
2026-01-12 12:12:49,453 [ERROR] LogOutputStream:75 - [STDERR_REDIRECT] 
2026-01-12 12:12:50,453 [ERROR] LogOutputStream:75 - [STDERR_REDIRECT] [Fatal Error] :1:1: Premature end of file.
2026-01-12 12:12:50,453 [ERROR] LogOutputStream:75 - [STDERR_REDIRECT] 
2026-01-12 12:12:51,469 [ERROR] LogOutputStream:75 - [STDERR_REDIRECT] [Fatal Error] :1:1: Premature end of file.
2026-01-12 12:12:51,469 [ERROR] LogOutputStream:75 - [STDERR_REDIRECT] 
2026-01-12 12:12:52,452 [ERROR] LogOutputStream:75 - [STDERR_REDIRECT] [Fatal Error] :1:1: Premature end of file.
2026-01-12 12:12:52,452 [ERROR] LogOutputStream:75 - [STDERR_REDIRECT] 
2026-01-12 12:12:53,453 [ERROR] LogOutputStream:75 - [STDERR_REDIRECT] [Fatal Error] :1:1: Premature end of file.
2026-01-12 12:12:53,453 [ERROR] LogOutputStream:75 - [STDERR_REDIRECT] 
2026-01-12 12:12:54,452 [ERROR] LogOutputStream:75 - [STDERR_REDIRECT] [Fatal Error] :1:1: Premature end of file.
2026-01-12 12:12:54,452 [ERROR] LogOutputStream:75 - [STDERR_REDIRECT] 
2026-01-12 12:12:55,452 [ERROR] LogOutputStream:75 - [STDERR_REDIRECT] [Fatal Error] :1:1: Premature end of file.
2026-01-12 12:12:55,452 [ERROR] LogOutputStream:75 - [STDERR_REDIRECT] 
2026-01-12 12:12:56,455 [ERROR] LogOutputStream:75 - [STDERR_REDIRECT] [Fatal Error] :1:1: Premature end of file.
2026-01-12 12:12:56,455 [ERROR] LogOutputStream:75 - [STDERR_REDIRECT] 
2026-01-12 12:12:57,455 [ERROR] LogOutputStream:75 - [STDERR_REDIRECT] [Fatal Error] :1:1: Premature end of file.
2026-01-12 12:12:57,455 [ERROR] LogOutputStream:75 - [STDERR_REDIRECT] 
2026-01-12 12:12:58,455 [ERROR] LogOutputStream:75 - [STDERR_REDIRECT] [Fatal Error] :1:1: Premature end of file.
2026-01-12 12:12:58,455 [ERROR] LogOutputStream:75 - [STDERR_REDIRECT] 
2026-01-12 12:12:59,460 [ERROR] LogOutputStream:75 - [STDERR_REDIRECT] [Fatal Error] :1:1: Premature end of file.
2026-01-12 12:12:59,461 [ERROR] LogOutputStream:75 - [STDERR_REDIRECT] 
2026-01-12 12:13:00,450 [ERROR] LogOutputStream:75 - [STDERR_REDIRECT] [Fatal Error] :1:1: Premature end of file.
2026-01-12 12:13:00,450 [ERROR] LogOutputStream:75 - [STDERR_REDIRECT] 
2026-01-12 12:13:01,458 [ERROR] LogOutputStream:75 - [STDERR_REDIRECT] [Fatal Error] :1:1: Premature end of file.
2026-01-12 12:13:01,458 [ERROR] LogOutputStream:75 - [STDERR_REDIRECT] 
2026-01-12 12:13:02,451 [ERROR] LogOutputStream:75 - [STDERR_REDIRECT] [Fatal Error] :1:1: Premature end of file.
2026-01-12 12:13:02,451 [ERROR] LogOutputStream:75 - [STDERR_REDIRECT] 
2026-01-12 12:13:03,454 [ERROR] LogOutputStream:75 - [STDERR_REDIRECT] [Fatal Error] :1:1: Premature end of file.
2026-01-12 12:13:03,454 [ERROR] LogOutputStream:75 - [STDERR_REDIRECT] 
2026-01-12 12:13:04,454 [ERROR] LogOutputStream:75 - [STDERR_REDIRECT] [Fatal Error] :1:1: Premature end of file.
2026-01-12 12:13:04,455 [ERROR] LogOutputStream:75 - [STDERR_REDIRECT] 
2026-01-12 12:13:05,459 [ERROR] LogOutputStream:75 - [STDERR_REDIRECT] [Fatal Error] :1:1: Premature end of file.
2026-01-12 12:13:05,459 [ERROR] LogOutputStream:75 - [STDERR_REDIRECT] 
2026-01-12 12:13:06,450 [ERROR] LogOutputStream:75 - [STDERR_REDIRECT] [Fatal Error] :1:1: Premature end of file.
2026-01-12 12:13:06,450 [ERROR] LogOutputStream:75 - [STDERR_REDIRECT] 
2026-01-12 12:13:07,449 [ERROR] LogOutputStream:75 - [STDERR_REDIRECT] [Fatal Error] :1:1: Premature end of file.
2026-01-12 12:13:07,449 [ERROR] LogOutputStream:75 - [STDERR_REDIRECT] 
2026-01-12 12:13:08,449 [ERROR] LogOutputStream:75 - [STDERR_REDIRECT] [Fatal Error] :1:1: Premature end of file.
2026-01-12 12:13:08,449 [ERROR] LogOutputStream:75 - [STDERR_REDIRECT] 
2026-01-12 12:13:09,458 [ERROR] LogOutputStream:75 - [STDERR_REDIRECT] [Fatal Error] :1:1: Premature end of file.
2026-01-12 12:13:09,458 [ERROR] LogOutputStream:75 - [STDERR_REDIRECT] 
2026-01-12 12:13:10,450 [ERROR] LogOutputStream:75 - [STDERR_REDIRECT] [Fatal Error] :1:1: Premature end of file.
2026-01-12 12:13:10,450 [ERROR] LogOutputStream:75 - [STDERR_REDIRECT] 
2026-01-12 12:13:11,450 [ERROR] LogOutputStream:75 - [STDERR_REDIRECT] [Fatal Error] :1:1: Premature end of file.
2026-01-12 12:13:11,450 [ERROR] LogOutputStream:75 - [STDERR_REDIRECT] 
2026-01-12 12:13:12,449 [ERROR] LogOutputStream:75 - [STDERR_REDIRECT] [Fatal Error] :1:1: Premature end of file.
2026-01-12 12:13:12,449 [ERROR] LogOutputStream:75 - [STDERR_REDIRECT] 
2026-01-12 12:13:13,450 [ERROR] LogOutputStream:75 - [STDERR_REDIRECT] [Fatal Error] :1:1: Premature end of file.
2026-01-12 12:13:13,450 [ERROR] LogOutputStream:75 - [STDERR_REDIRECT] 
2026-01-12 12:13:14,451 [ERROR] LogOutputStream:75 - [STDERR_REDIRECT] [Fatal Error] :1:1: Premature end of file.
2026-01-12 12:13:14,451 [ERROR] LogOutputStream:75 - [STDERR_REDIRECT] 
2026-01-12 12:13:15,457 [ERROR] LogOutputStream:75 - [STDERR_REDIRECT] [Fatal Error] :1:1: Premature end of file.
2026-01-12 12:13:15,457 [ERROR] LogOutputStream:75 - [STDERR_REDIRECT] 
2026-01-12 12:13:16,463 [ERROR] LogOutputStream:75 - [STDERR_REDIRECT] [Fatal Error] :1:1: Premature end of file.
2026-01-12 12:13:16,463 [ERROR] LogOutputStream:75 - [STDERR_REDIRECT] 
2026-01-12 12:13:17,448 [ERROR] LogOutputStream:75 - [STDERR_REDIRECT] [Fatal Error] :1:1: Premature end of file.
2026-01-12 12:13:17,448 [ERROR] LogOutputStream:75 - [STDERR_REDIRECT] 
2026-01-12 12:13:18,459 [ERROR] LogOutputStream:75 - [STDERR_REDIRECT] [Fatal Error] :1:1: Premature end of file.
2026-01-12 12:13:18,459 [ERROR] LogOutputStream:75 - [STDERR_REDIRECT] 
2026-01-12 12:13:19,448 [ERROR] LogOutputStream:75 - [STDERR_REDIRECT] [Fatal Error] :1:1: Premature end of file.
2026-01-12 12:13:19,448 [ERROR] LogOutputStream:75 - [STDERR_REDIRECT] 
2026-01-12 12:13:20,447 [ERROR] LogOutputStream:75 - [STDERR_REDIRECT] [Fatal Error] :1:1: Premature end of file.
2026-01-12 12:13:20,447 [ERROR] LogOutputStream:75 - [STDERR_REDIRECT] 
2026-01-12 12:13:21,453 [ERROR] LogOutputStream:75 - [STDERR_REDIRECT] [Fatal Error] :1:1: Premature end of file.
2026-01-12 12:13:21,454 [ERROR] LogOutputStream:75 - [STDERR_REDIRECT] 
2026-01-12 12:13:22,451 [ERROR] LogOutputStream:75 - [STDERR_REDIRECT] [Fatal Error] :1:1: Premature end of file.
2026-01-12 12:13:22,451 [ERROR] LogOutputStream:75 - [STDERR_REDIRECT] 
2026-01-12 12:13:23,452 [ERROR] LogOutputStream:75 - [STDERR_REDIRECT] [Fatal Error] :1:1: Premature end of file.
2026-01-12 12:13:23,452 [ERROR] LogOutputStream:75 - [STDERR_REDIRECT] 
2026-01-12 12:13:24,445 [ERROR] LogOutputStream:75 - [STDERR_REDIRECT] [Fatal Error] :1:1: Premature end of file.
2026-01-12 12:13:24,445 [ERROR] LogOutputStream:75 - [STDERR_REDIRECT] 
2026-01-12 12:13:25,452 [ERROR] LogOutputStream:75 - [STDERR_REDIRECT] [Fatal Error] :1:1: Premature end of file.
2026-01-12 12:13:25,453 [ERROR] LogOutputStream:75 - [STDERR_REDIRECT] 
2026-01-12 12:13:26,453 [ERROR] LogOutputStream:75 - [STDERR_REDIRECT] [Fatal Error] :1:1: Premature end of file.
2026-01-12 12:13:26,453 [ERROR] LogOutputStream:75 - [STDERR_REDIRECT] 
2026-01-12 12:13:27,452 [ERROR] LogOutputStream:75 - [STDERR_REDIRECT] [Fatal Error] :1:1: Premature end of file.
2026-01-12 12:13:27,452 [ERROR] LogOutputStream:75 - [STDERR_REDIRECT] 
2026-01-12 12:13:28,452 [ERROR] LogOutputStream:75 - [STDERR_REDIRECT] [Fatal Error] :1:1: Premature end of file.
2026-01-12 12:13:28,452 [ERROR] LogOutputStream:75 - [STDERR_REDIRECT] 
2026-01-12 12:13:29,452 [ERROR] LogOutputStream:75 - [STDERR_REDIRECT] [Fatal Error] :1:1: Premature end of file.
2026-01-12 12:13:29,452 [ERROR] LogOutputStream:75 - [STDERR_REDIRECT] 
2026-01-12 12:13:30,455 [ERROR] LogOutputStream:75 - [STDERR_REDIRECT] [Fatal Error] :1:1: Premature end of file.
2026-01-12 12:13:30,455 [ERROR] LogOutputStream:75 - [STDERR_REDIRECT] 
2026-01-12 12:13:31,453 [ERROR] LogOutputStream:75 - [STDERR_REDIRECT] [Fatal Error] :1:1: Premature end of file.
2026-01-12 12:13:31,453 [ERROR] LogOutputStream:75 - [STDERR_REDIRECT] 
2026-01-12 12:13:32,453 [ERROR] LogOutputStream:75 - [STDERR_REDIRECT] [Fatal Error] :1:1: Premature end of file.
2026-01-12 12:13:32,453 [ERROR] LogOutputStream:75 - [STDERR_REDIRECT] 
2026-01-12 12:13:33,451 [ERROR] LogOutputStream:75 - [STDERR_REDIRECT] [Fatal Error] :1:1: Premature end of file.
2026-01-12 12:13:33,451 [ERROR] LogOutputStream:75 - [STDERR_REDIRECT] 
2026-01-12 12:13:34,468 [ERROR] LogOutputStream:75 - [STDERR_REDIRECT] [Fatal Error] :1:1: Premature end of file.
2026-01-12 12:13:34,468 [ERROR] LogOutputStream:75 - [STDERR_REDIRECT] 
2026-01-12 12:13:35,451 [ERROR] LogOutputStream:75 - [STDERR_REDIRECT] [Fatal Error] :1:1: Premature end of file.
2026-01-12 12:13:35,451 [ERROR] LogOutputStream:75 - [STDERR_REDIRECT] 
2026-01-12 12:13:36,454 [ERROR] LogOutputStream:75 - [STDERR_REDIRECT] [Fatal Error] :1:1: Premature end of file.
2026-01-12 12:13:36,454 [ERROR] LogOutputStream:75 - [STDERR_REDIRECT] 
2026-01-12 12:13:37,452 [ERROR] LogOutputStream:75 - [STDERR_REDIRECT] [Fatal Error] :1:1: Premature end of file.
2026-01-12 12:13:37,452 [ERROR] LogOutputStream:75 - [STDERR_REDIRECT] 
2026-01-12 12:13:38,453 [ERROR] LogOutputStream:75 - [STDERR_REDIRECT] [Fatal Error] :1:1: Premature end of file.
2026-01-12 12:13:38,453 [ERROR] LogOutputStream:75 - [STDERR_REDIRECT] 
2026-01-12 12:13:39,452 [ERROR] LogOutputStream:75 - [STDERR_REDIRECT] [Fatal Error] :1:1: Premature end of file.
2026-01-12 12:13:39,452 [ERROR] LogOutputStream:75 - [STDERR_REDIRECT] 
2026-01-12 12:13:40,460 [ERROR] LogOutputStream:75 - [STDERR_REDIRECT] [Fatal Error] :1:1: Premature end of file.
2026-01-12 12:13:40,460 [ERROR] LogOutputStream:75 - [STDERR_REDIRECT] 
2026-01-12 12:13:41,454 [ERROR] LogOutputStream:75 - [STDERR_REDIRECT] [Fatal Error] :1:1: Premature end of file.
2026-01-12 12:13:41,454 [ERROR] LogOutputStream:75 - [STDERR_REDIRECT] 
2026-01-12 12:13:42,453 [ERROR] LogOutputStream:75 - [STDERR_REDIRECT] [Fatal Error] :1:1: Premature end of file.
2026-01-12 12:13:42,454 [ERROR] LogOutputStream:75 - [STDERR_REDIRECT] 
2026-01-12 12:13:43,453 [ERROR] LogOutputStream:75 - [STDERR_REDIRECT] [Fatal Error] :1:1: Premature end of file.
2026-01-12 12:13:43,453 [ERROR] LogOutputStream:75 - [STDERR_REDIRECT] 
2026-01-12 12:13:44,451 [ERROR] LogOutputStream:75 - [STDERR_REDIRECT] [Fatal Error] :1:1: Premature end of file.
2026-01-12 12:13:44,451 [ERROR] LogOutputStream:75 - [STDERR_REDIRECT] 
2026-01-12 12:13:45,449 [ERROR] LogOutputStream:75 - [STDERR_REDIRECT] [Fatal Error] :1:1: Premature end of file.
2026-01-12 12:13:45,449 [ERROR] LogOutputStream:75 - [STDERR_REDIRECT] 
2026-01-12 12:13:46,460 [ERROR] LogOutputStream:75 - [STDERR_REDIRECT] [Fatal Error] :1:1: Premature end of file.
2026-01-12 12:13:46,460 [ERROR] LogOutputStream:75 - [STDERR_REDIRECT] 
2026-01-12 12:13:47,452 [ERROR] LogOutputStream:75 - [STDERR_REDIRECT] [Fatal Error] :1:1: Premature end of file.
2026-01-12 12:13:47,452 [ERROR] LogOutputStream:75 - [STDERR_REDIRECT] 
2026-01-12 12:13:48,451 [ERROR] LogOutputStream:75 - [STDERR_REDIRECT] [Fatal Error] :1:1: Premature end of file.
2026-01-12 12:13:48,451 [ERROR] LogOutputStream:75 - [STDERR_REDIRECT] 
2026-01-12 12:13:49,455 [ERROR] LogOutputStream:75 - [STDERR_REDIRECT] [Fatal Error] :1:1: Premature end of file.
2026-01-12 12:13:49,455 [ERROR] LogOutputStream:75 - [STDERR_REDIRECT] 
2026-01-12 12:13:50,462 [ERROR] LogOutputStream:75 - [STDERR_REDIRECT] [Fatal Error] :1:1: Premature end of file.
2026-01-12 12:13:50,462 [ERROR] LogOutputStream:75 - [STDERR_REDIRECT] 
2026-01-12 12:13:51,458 [ERROR] LogOutputStream:75 - [STDERR_REDIRECT] [Fatal Error] :1:1: Premature end of file.
2026-01-12 12:13:51,458 [ERROR] LogOutputStream:75 - [STDERR_REDIRECT] 
2026-01-12 12:13:52,454 [ERROR] LogOutputStream:75 - [STDERR_REDIRECT] [Fatal Error] :1:1: Premature end of file.
2026-01-12 12:13:52,455 [ERROR] LogOutputStream:75 - [STDERR_REDIRECT] 
2026-01-12 12:13:53,453 [ERROR] LogOutputStream:75 - [STDERR_REDIRECT] [Fatal Error] :1:1: Premature end of file.
2026-01-12 12:13:53,453 [ERROR] LogOutputStream:75 - [STDERR_REDIRECT] 
2026-01-12 12:13:54,454 [ERROR] LogOutputStream:75 - [STDERR_REDIRECT] [Fatal Error] :1:1: Premature end of file.
2026-01-12 12:13:54,454 [ERROR] LogOutputStream:75 - [STDERR_REDIRECT] 
2026-01-12 12:13:55,466 [ERROR] LogOutputStream:75 - [STDERR_REDIRECT] [Fatal Error] :1:1: Premature end of file.
2026-01-12 12:13:55,466 [ERROR] LogOutputStream:75 - [STDERR_REDIRECT] 
2026-01-12 12:13:56,452 [ERROR] LogOutputStream:75 - [STDERR_REDIRECT] [Fatal Error] :1:1: Premature end of file.
2026-01-12 12:13:56,453 [ERROR] LogOutputStream:75 - [STDERR_REDIRECT] 
2026-01-12 12:13:57,452 [ERROR] LogOutputStream:75 - [STDERR_REDIRECT] [Fatal Error] :1:1: Premature end of file.
2026-01-12 12:13:57,452 [ERROR] LogOutputStream:75 - [STDERR_REDIRECT] 
2026-01-12 12:13:58,455 [ERROR] LogOutputStream:75 - [STDERR_REDIRECT] [Fatal Error] :1:1: Premature end of file.
2026-01-12 12:13:58,455 [ERROR] LogOutputStream:75 - [STDERR_REDIRECT] 
2026-01-12 12:13:59,451 [ERROR] LogOutputStream:75 - [STDERR_REDIRECT] [Fatal Error] :1:1: Premature end of file.
2026-01-12 12:13:59,451 [ERROR] LogOutputStream:75 - [STDERR_REDIRECT] 
2026-01-12 12:14:00,460 [ERROR] LogOutputStream:75 - [STDERR_REDIRECT] [Fatal Error] :1:1: Premature end of file.
2026-01-12 12:14:00,460 [ERROR] LogOutputStream:75 - [STDERR_REDIRECT] 
2026-01-12 12:14:01,457 [ERROR] LogOutputStream:75 - [STDERR_REDIRECT] [Fatal Error] :1:1: Premature end of file.
2026-01-12 12:14:01,457 [ERROR] LogOutputStream:75 - [STDERR_REDIRECT] 
2026-01-12 12:14:02,451 [ERROR] LogOutputStream:75 - [STDERR_REDIRECT] [Fatal Error] :1:1: Premature end of file.
2026-01-12 12:14:02,452 [ERROR] LogOutputStream:75 - [STDERR_REDIRECT] 
2026-01-12 12:14:03,449 [ERROR] LogOutputStream:75 - [STDERR_REDIRECT] [Fatal Error] :1:1: Premature end of file.
2026-01-12 12:14:03,449 [ERROR] LogOutputStream:75 - [STDERR_REDIRECT] 
2026-01-12 12:14:04,451 [ERROR] LogOutputStream:75 - [STDERR_REDIRECT] [Fatal Error] :1:1: Premature end of file.
2026-01-12 12:14:04,451 [ERROR] LogOutputStream:75 - [STDERR_REDIRECT] 
2026-01-12 12:14:05,454 [ERROR] LogOutputStream:75 - [STDERR_REDIRECT] [Fatal Error] :1:1: Premature end of file.
2026-01-12 12:14:05,454 [ERROR] LogOutputStream:75 - [STDERR_REDIRECT] 
2026-01-12 12:14:06,453 [ERROR] LogOutputStream:75 - [STDERR_REDIRECT] [Fatal Error] :1:1: Premature end of file.
2026-01-12 12:14:06,453 [ERROR] LogOutputStream:75 - [STDERR_REDIRECT] 
2026-01-12 12:14:07,452 [ERROR] LogOutputStream:75 - [STDERR_REDIRECT] [Fatal Error] :1:1: Premature end of file.
2026-01-12 12:14:07,452 [ERROR] LogOutputStream:75 - [STDERR_REDIRECT] 
2026-01-12 12:14:08,454 [ERROR] LogOutputStream:75 - [STDERR_REDIRECT] [Fatal Error] :1:1: Premature end of file.
2026-01-12 12:14:08,454 [ERROR] LogOutputStream:75 - [STDERR_REDIRECT] 
2026-01-12 12:14:09,454 [ERROR] LogOutputStream:75 - [STDERR_REDIRECT] [Fatal Error] :1:1: Premature end of file.
2026-01-12 12:14:09,454 [ERROR] LogOutputStream:75 - [STDERR_REDIRECT] 
2026-01-12 12:14:10,453 [ERROR] LogOutputStream:75 - [STDERR_REDIRECT] [Fatal Error] :1:1: Premature end of file.
2026-01-12 12:14:10,453 [ERROR] LogOutputStream:75 - [STDERR_REDIRECT] 
2026-01-12 12:14:11,463 [ERROR] LogOutputStream:75 - [STDERR_REDIRECT] [Fatal Error] :1:1: Premature end of file.
2026-01-12 12:14:11,463 [ERROR] LogOutputStream:75 - [STDERR_REDIRECT] 
2026-01-12 12:14:12,460 [ERROR] LogOutputStream:75 - [STDERR_REDIRECT] [Fatal Error] :1:1: Premature end of file.
2026-01-12 12:14:12,460 [ERROR] LogOutputStream:75 - [STDERR_REDIRECT] 
2026-01-12 12:14:13,454 [ERROR] LogOutputStream:75 - [STDERR_REDIRECT] [Fatal Error] :1:1: Premature end of file.
2026-01-12 12:14:13,454 [ERROR] LogOutputStream:75 - [STDERR_REDIRECT] 
2026-01-12 12:14:14,453 [ERROR] LogOutputStream:75 - [STDERR_REDIRECT] [Fatal Error] :1:1: Premature end of file.
2026-01-12 12:14:14,454 [ERROR] LogOutputStream:75 - [STDERR_REDIRECT] 
2026-01-12 12:14:15,455 [ERROR] LogOutputStream:75 - [STDERR_REDIRECT] [Fatal Error] :1:1: Premature end of file.
2026-01-12 12:14:15,455 [ERROR] LogOutputStream:75 - [STDERR_REDIRECT] 
2026-01-12 12:14:16,458 [ERROR] LogOutputStream:75 - [STDERR_REDIRECT] [Fatal Error] :1:1: Premature end of file.
2026-01-12 12:14:16,459 [ERROR] LogOutputStream:75 - [STDERR_REDIRECT] 
2026-01-12 12:14:17,476 [ERROR] LogOutputStream:75 - [STDERR_REDIRECT] [Fatal Error] :1:1: Premature end of file.
2026-01-12 12:14:17,476 [ERROR] LogOutputStream:75 - [STDERR_REDIRECT] 
2026-01-12 12:14:18,456 [ERROR] LogOutputStream:75 - [STDERR_REDIRECT] [Fatal Error] :1:1: Premature end of file.
2026-01-12 12:14:18,456 [ERROR] LogOutputStream:75 - [STDERR_REDIRECT] 
2026-01-12 12:14:19,456 [ERROR] LogOutputStream:75 - [STDERR_REDIRECT] [Fatal Error] :1:1: Premature end of file.
2026-01-12 12:14:19,456 [ERROR] LogOutputStream:75 - [STDERR_REDIRECT] 
2026-01-12 12:14:20,457 [ERROR] LogOutputStream:75 - [STDERR_REDIRECT] [Fatal Error] :1:1: Premature end of file.
2026-01-12 12:14:20,457 [ERROR] LogOutputStream:75 - [STDERR_REDIRECT] 
2026-01-12 12:14:21,454 [ERROR] LogOutputStream:75 - [STDERR_REDIRECT] [Fatal Error] :1:1: Premature end of file.
2026-01-12 12:14:21,454 [ERROR] LogOutputStream:75 - [STDERR_REDIRECT] 
2026-01-12 12:14:22,463 [ERROR] LogOutputStream:75 - [STDERR_REDIRECT] [Fatal Error] :1:1: Premature end of file.
2026-01-12 12:14:22,463 [ERROR] LogOutputStream:75 - [STDERR_REDIRECT] 
2026-01-12 12:14:23,457 [ERROR] LogOutputStream:75 - [STDERR_REDIRECT] [Fatal Error] :1:1: Premature end of file.
2026-01-12 12:14:23,457 [ERROR] LogOutputStream:75 - [STDERR_REDIRECT] 
2026-01-12 12:14:24,445 [ERROR] LogOutputStream:75 - [STDERR_REDIRECT] [Fatal Error] :1:1: Premature end of file.
2026-01-12 12:14:24,445 [ERROR] LogOutputStream:75 - [STDERR_REDIRECT] 
2026-01-12 12:14:25,460 [ERROR] LogOutputStream:75 - [STDERR_REDIRECT] [Fatal Error] :1:1: Premature end of file.
2026-01-12 12:14:25,460 [ERROR] LogOutputStream:75 - [STDERR_REDIRECT] 
2026-01-12 12:14:26,462 [ERROR] LogOutputStream:75 - [STDERR_REDIRECT] [Fatal Error] :1:1: Premature end of file.
2026-01-12 12:14:26,462 [ERROR] LogOutputStream:75 - [STDERR_REDIRECT] 
2026-01-12 12:14:27,449 [ERROR] LogOutputStream:75 - [STDERR_REDIRECT] [Fatal Error] :1:1: Premature end of file.
2026-01-12 12:14:27,449 [ERROR] LogOutputStream:75 - [STDERR_REDIRECT] 
2026-01-12 12:14:28,457 [ERROR] LogOutputStream:75 - [STDERR_REDIRECT] [Fatal Error] :1:1: Premature end of file.
2026-01-12 12:14:28,457 [ERROR] LogOutputStream:75 - [STDERR_REDIRECT] 
2026-01-12 12:14:29,453 [ERROR] LogOutputStream:75 - [STDERR_REDIRECT] [Fatal Error] :1:1: Premature end of file.
2026-01-12 12:14:29,453 [ERROR] LogOutputStream:75 - [STDERR_REDIRECT] 
2026-01-12 12:14:30,445 [ERROR] LogOutputStream:75 - [STDERR_REDIRECT] [Fatal Error] :1:1: Premature end of file.
2026-01-12 12:14:30,445 [ERROR] LogOutputStream:75 - [STDERR_REDIRECT] 
2026-01-12 12:14:31,449 [ERROR] LogOutputStream:75 - [STDERR_REDIRECT] [Fatal Error] :1:1: Premature end of file.
2026-01-12 12:14:31,449 [ERROR] LogOutputStream:75 - [STDERR_REDIRECT] 
2026-01-12 12:14:32,440 [ERROR] LogOutputStream:75 - [STDERR_REDIRECT] [Fatal Error] :1:1: Premature end of file.
2026-01-12 12:14:32,440 [ERROR] LogOutputStream:75 - [STDERR_REDIRECT] 
2026-01-12 12:14:33,445 [ERROR] LogOutputStream:75 - [STDERR_REDIRECT] [Fatal Error] :1:1: Premature end of file.
2026-01-12 12:14:33,445 [ERROR] LogOutputStream:75 - [STDERR_REDIRECT] 
2026-01-12 12:14:34,450 [ERROR] LogOutputStream:75 - [STDERR_REDIRECT] [Fatal Error] :1:1: Premature end of file.
2026-01-12 12:14:34,450 [ERROR] LogOutputStream:75 - [STDERR_REDIRECT] 
2026-01-12 12:14:35,453 [ERROR] LogOutputStream:75 - [STDERR_REDIRECT] [Fatal Error] :1:1: Premature end of file.
2026-01-12 12:14:35,453 [ERROR] LogOutputStream:75 - [STDERR_REDIRECT] 
2026-01-12 12:14:36,441 [ERROR] LogOutputStream:75 - [STDERR_REDIRECT] [Fatal Error] :1:1: Premature end of file.
2026-01-12 12:14:36,441 [ERROR] LogOutputStream:75 - [STDERR_REDIRECT] 
2026-01-12 12:14:37,449 [ERROR] LogOutputStream:75 - [STDERR_REDIRECT] [Fatal Error] :1:1: Premature end of file.
2026-01-12 12:14:37,449 [ERROR] LogOutputStream:75 - [STDERR_REDIRECT] 
2026-01-12 12:14:38,453 [ERROR] LogOutputStream:75 - [STDERR_REDIRECT] [Fatal Error] :1:1: Premature end of file.
2026-01-12 12:14:38,453 [ERROR] LogOutputStream:75 - [STDERR_REDIRECT] 
2026-01-12 12:14:39,447 [ERROR] LogOutputStream:75 - [STDERR_REDIRECT] [Fatal Error] :1:1: Premature end of file.
2026-01-12 12:14:39,447 [ERROR] LogOutputStream:75 - [STDERR_REDIRECT] 
2026-01-12 12:14:40,448 [ERROR] LogOutputStream:75 - [STDERR_REDIRECT] [Fatal Error] :1:1: Premature end of file.
2026-01-12 12:14:40,448 [ERROR] LogOutputStream:75 - [STDERR_REDIRECT] 
2026-01-12 12:14:41,457 [ERROR] LogOutputStream:75 - [STDERR_REDIRECT] [Fatal Error] :1:1: Premature end of file.
2026-01-12 12:14:41,457 [ERROR] LogOutputStream:75 - [STDERR_REDIRECT] 
2026-01-12 12:14:42,447 [ERROR] LogOutputStream:75 - [STDERR_REDIRECT] [Fatal Error] :1:1: Premature end of file.
2026-01-12 12:14:42,447 [ERROR] LogOutputStream:75 - [STDERR_REDIRECT] 
2026-01-12 12:14:43,457 [ERROR] LogOutputStream:75 - [STDERR_REDIRECT] [Fatal Error] :1:1: Premature end of file.
2026-01-12 12:14:43,457 [ERROR] LogOutputStream:75 - [STDERR_REDIRECT] 
2026-01-12 12:14:44,451 [ERROR] LogOutputStream:75 - [STDERR_REDIRECT] [Fatal Error] :1:1: Premature end of file.
2026-01-12 12:14:44,451 [ERROR] LogOutputStream:75 - [STDERR_REDIRECT] 
2026-01-12 12:14:45,446 [ERROR] LogOutputStream:75 - [STDERR_REDIRECT] [Fatal Error] :1:1: Premature end of file.
2026-01-12 12:14:45,446 [ERROR] LogOutputStream:75 - [STDERR_REDIRECT] 
2026-01-12 12:14:46,459 [ERROR] LogOutputStream:75 - [STDERR_REDIRECT] [Fatal Error] :1:1: Premature end of file.
2026-01-12 12:14:46,459 [ERROR] LogOutputStream:75 - [STDERR_REDIRECT] 
2026-01-12 12:14:47,449 [ERROR] LogOutputStream:75 - [STDERR_REDIRECT] [Fatal Error] :1:1: Premature end of file.
2026-01-12 12:14:47,449 [ERROR] LogOutputStream:75 - [STDERR_REDIRECT] 
2026-01-12 12:14:48,449 [ERROR] LogOutputStream:75 - [STDERR_REDIRECT] [Fatal Error] :1:1: Premature end of file.
2026-01-12 12:14:48,449 [ERROR] LogOutputStream:75 - [STDERR_REDIRECT] 
2026-01-12 12:14:49,453 [ERROR] LogOutputStream:75 - [STDERR_REDIRECT] [Fatal Error] :1:1: Premature end of file.
2026-01-12 12:14:49,453 [ERROR] LogOutputStream:75 - [STDERR_REDIRECT] 
2026-01-12 12:14:50,453 [ERROR] LogOutputStream:75 - [STDERR_REDIRECT] [Fatal Error] :1:1: Premature end of file.
2026-01-12 12:14:50,453 [ERROR] LogOutputStream:75 - [STDERR_REDIRECT] 
2026-01-12 12:14:51,458 [ERROR] LogOutputStream:75 - [STDERR_REDIRECT] [Fatal Error] :1:1: Premature end of file.
2026-01-12 12:14:51,458 [ERROR] LogOutputStream:75 - [STDERR_REDIRECT] 
2026-01-12 12:14:52,450 [ERROR] LogOutputStream:75 - [STDERR_REDIRECT] [Fatal Error] :1:1: Premature end of file.
2026-01-12 12:14:52,450 [ERROR] LogOutputStream:75 - [STDERR_REDIRECT] 
2026-01-12 12:14:53,454 [ERROR] LogOutputStream:75 - [STDERR_REDIRECT] [Fatal Error] :1:1: Premature end of file.
2026-01-12 12:14:53,454 [ERROR] LogOutputStream:75 - [STDERR_REDIRECT] 
2026-01-12 12:14:54,449 [ERROR] LogOutputStream:75 - [STDERR_REDIRECT] [Fatal Error] :1:1: Premature end of file.
2026-01-12 12:14:54,449 [ERROR] LogOutputStream:75 - [STDERR_REDIRECT] 
2026-01-12 12:14:55,452 [ERROR] LogOutputStream:75 - [STDERR_REDIRECT] [Fatal Error] :1:1: Premature end of file.
2026-01-12 12:14:55,452 [ERROR] LogOutputStream:75 - [STDERR_REDIRECT] 
2026-01-12 12:14:56,467 [ERROR] LogOutputStream:75 - [STDERR_REDIRECT] [Fatal Error] :1:1: Premature end of file.
2026-01-12 12:14:56,467 [ERROR] LogOutputStream:75 - [STDERR_REDIRECT] 
2026-01-12 12:14:57,446 [ERROR] LogOutputStream:75 - [STDERR_REDIRECT] [Fatal Error] :1:1: Premature end of file.
2026-01-12 12:14:57,446 [ERROR] LogOutputStream:75 - [STDERR_REDIRECT] 
2026-01-12 12:14:58,456 [ERROR] LogOutputStream:75 - [STDERR_REDIRECT] [Fatal Error] :1:1: Premature end of file.
2026-01-12 12:14:58,456 [ERROR] LogOutputStream:75 - [STDERR_REDIRECT] 
2026-01-12 12:14:59,442 [ERROR] LogOutputStream:75 - [STDERR_REDIRECT] [Fatal Error] :1:1: Premature end of file.
2026-01-12 12:14:59,442 [ERROR] LogOutputStream:75 - [STDERR_REDIRECT] 
2026-01-12 12:15:00,458 [ERROR] LogOutputStream:75 - [STDERR_REDIRECT] [Fatal Error] :1:1: Premature end of file.
2026-01-12 12:15:00,458 [ERROR] LogOutputStream:75 - [STDERR_REDIRECT] 
2026-01-12 12:15:01,448 [ERROR] LogOutputStream:75 - [STDERR_REDIRECT] [Fatal Error] :1:1: Premature end of file.
2026-01-12 12:15:01,448 [ERROR] LogOutputStream:75 - [STDERR_REDIRECT] 
2026-01-12 12:15:02,449 [ERROR] LogOutputStream:75 - [STDERR_REDIRECT] [Fatal Error] :1:1: Premature end of file.
2026-01-12 12:15:02,449 [ERROR] LogOutputStream:75 - [STDERR_REDIRECT] 
2026-01-12 12:15:03,459 [ERROR] LogOutputStream:75 - [STDERR_REDIRECT] [Fatal Error] :1:1: Premature end of file.
2026-01-12 12:15:03,459 [ERROR] LogOutputStream:75 - [STDERR_REDIRECT] 
2026-01-12 12:15:04,440 [ERROR] LogOutputStream:75 - [STDERR_REDIRECT] [Fatal Error] :1:1: Premature end of file.
2026-01-12 12:15:04,440 [ERROR] LogOutputStream:75 - [STDERR_REDIRECT] 
2026-01-12 12:15:05,477 [ERROR] LogOutputStream:75 - [STDERR_REDIRECT] [Fatal Error] :1:1: Premature end of file.
2026-01-12 12:15:05,477 [ERROR] LogOutputStream:75 - [STDERR_REDIRECT] 
2026-01-12 12:15:06,441 [ERROR] LogOutputStream:75 - [STDERR_REDIRECT] [Fatal Error] :1:1: Premature end of file.
2026-01-12 12:15:06,441 [ERROR] LogOutputStream:75 - [STDERR_REDIRECT] 
2026-01-12 12:15:07,441 [ERROR] LogOutputStream:75 - [STDERR_REDIRECT] [Fatal Error] :1:1: Premature end of file.
2026-01-12 12:15:07,441 [ERROR] LogOutputStream:75 - [STDERR_REDIRECT] 
2026-01-12 12:15:08,449 [ERROR] LogOutputStream:75 - [STDERR_REDIRECT] [Fatal Error] :1:1: Premature end of file.
2026-01-12 12:15:08,449 [ERROR] LogOutputStream:75 - [STDERR_REDIRECT] 
2026-01-12 12:15:09,469 [ERROR] LogOutputStream:75 - [STDERR_REDIRECT] [Fatal Error] :1:1: Premature end of file.
2026-01-12 12:15:09,469 [ERROR] LogOutputStream:75 - [STDERR_REDIRECT] 
2026-01-12 12:15:10,456 [ERROR] LogOutputStream:75 - [STDERR_REDIRECT] [Fatal Error] :1:1: Premature end of file.
2026-01-12 12:15:10,456 [ERROR] LogOutputStream:75 - [STDERR_REDIRECT] 
2026-01-12 12:15:11,453 [ERROR] LogOutputStream:75 - [STDERR_REDIRECT] [Fatal Error] :1:1: Premature end of file.
2026-01-12 12:15:11,453 [ERROR] LogOutputStream:75 - [STDERR_REDIRECT] 
2026-01-12 12:15:12,452 [ERROR] LogOutputStream:75 - [STDERR_REDIRECT] [Fatal Error] :1:1: Premature end of file.
2026-01-12 12:15:12,452 [ERROR] LogOutputStream:75 - [STDERR_REDIRECT] 
2026-01-12 12:15:13,450 [ERROR] LogOutputStream:75 - [STDERR_REDIRECT] [Fatal Error] :1:1: Premature end of file.
2026-01-12 12:15:13,450 [ERROR] LogOutputStream:75 - [STDERR_REDIRECT] 
2026-01-12 12:15:14,442 [ERROR] LogOutputStream:75 - [STDERR_REDIRECT] [Fatal Error] :1:1: Premature end of file.
2026-01-12 12:15:14,442 [ERROR] LogOutputStream:75 - [STDERR_REDIRECT] 
2026-01-12 12:15:15,448 [ERROR] LogOutputStream:75 - [STDERR_REDIRECT] [Fatal Error] :1:1: Premature end of file.
2026-01-12 12:15:15,448 [ERROR] LogOutputStream:75 - [STDERR_REDIRECT] 
2026-01-12 12:15:16,444 [ERROR] LogOutputStream:75 - [STDERR_REDIRECT] [Fatal Error] :1:1: Premature end of file.
2026-01-12 12:15:16,444 [ERROR] LogOutputStream:75 - [STDERR_REDIRECT] 
2026-01-12 12:15:17,440 [ERROR] LogOutputStream:75 - [STDERR_REDIRECT] [Fatal Error] :1:1: Premature end of file.
2026-01-12 12:15:17,440 [ERROR] LogOutputStream:75 - [STDERR_REDIRECT] 
2026-01-12 12:15:18,448 [ERROR] LogOutputStream:75 - [STDERR_REDIRECT] [Fatal Error] :1:1: Premature end of file.
2026-01-12 12:15:18,448 [ERROR] LogOutputStream:75 - [STDERR_REDIRECT] 
2026-01-12 12:15:19,454 [ERROR] LogOutputStream:75 - [STDERR_REDIRECT] [Fatal Error] :1:1: Premature end of file.
2026-01-12 12:15:19,454 [ERROR] LogOutputStream:75 - [STDERR_REDIRECT] 
2026-01-12 12:15:20,454 [ERROR] LogOutputStream:75 - [STDERR_REDIRECT] [Fatal Error] :1:1: Premature end of file.
2026-01-12 12:15:20,454 [ERROR] LogOutputStream:75 - [STDERR_REDIRECT] 
2026-01-12 12:15:21,451 [ERROR] LogOutputStream:75 - [STDERR_REDIRECT] [Fatal Error] :1:1: Premature end of file.
2026-01-12 12:15:21,451 [ERROR] LogOutputStream:75 - [STDERR_REDIRECT] 
2026-01-12 12:15:22,454 [ERROR] LogOutputStream:75 - [STDERR_REDIRECT] [Fatal Error] :1:1: Premature end of file.
2026-01-12 12:15:22,454 [ERROR] LogOutputStream:75 - [STDERR_REDIRECT] 
2026-01-12 12:15:23,449 [ERROR] LogOutputStream:75 - [STDERR_REDIRECT] [Fatal Error] :1:1: Premature end of file.
2026-01-12 12:15:23,449 [ERROR] LogOutputStream:75 - [STDERR_REDIRECT] 
2026-01-12 12:15:24,451 [ERROR] LogOutputStream:75 - [STDERR_REDIRECT] [Fatal Error] :1:1: Premature end of file.
2026-01-12 12:15:24,451 [ERROR] LogOutputStream:75 - [STDERR_REDIRECT] 
2026-01-12 12:15:25,457 [ERROR] LogOutputStream:75 - [STDERR_REDIRECT] [Fatal Error] :1:1: Premature end of file.
2026-01-12 12:15:25,457 [ERROR] LogOutputStream:75 - [STDERR_REDIRECT] 
2026-01-12 12:15:26,450 [ERROR] LogOutputStream:75 - [STDERR_REDIRECT] [Fatal Error] :1:1: Premature end of file.
2026-01-12 12:15:26,450 [ERROR] LogOutputStream:75 - [STDERR_REDIRECT] 
2026-01-12 12:15:27,449 [ERROR] LogOutputStream:75 - [STDERR_REDIRECT] [Fatal Error] :1:1: Premature end of file.
2026-01-12 12:15:27,449 [ERROR] LogOutputStream:75 - [STDERR_REDIRECT] 
2026-01-12 12:15:28,439 [ERROR] LogOutputStream:75 - [STDERR_REDIRECT] [Fatal Error] :1:1: Premature end of file.
2026-01-12 12:15:28,439 [ERROR] LogOutputStream:75 - [STDERR_REDIRECT] 
2026-01-12 12:15:29,447 [ERROR] LogOutputStream:75 - [STDERR_REDIRECT] [Fatal Error] :1:1: Premature end of file.
2026-01-12 12:15:29,447 [ERROR] LogOutputStream:75 - [STDERR_REDIRECT] 
2026-01-12 12:15:30,454 [ERROR] LogOutputStream:75 - [STDERR_REDIRECT] [Fatal Error] :1:1: Premature end of file.
2026-01-12 12:15:30,454 [ERROR] LogOutputStream:75 - [STDERR_REDIRECT] 
2026-01-12 12:15:31,462 [ERROR] LogOutputStream:75 - [STDERR_REDIRECT] [Fatal Error] :1:1: Premature end of file.
2026-01-12 12:15:31,462 [ERROR] LogOutputStream:75 - [STDERR_REDIRECT] 
2026-01-12 12:15:32,459 [ERROR] LogOutputStream:75 - [STDERR_REDIRECT] [Fatal Error] :1:1: Premature end of file.
2026-01-12 12:15:32,459 [ERROR] LogOutputStream:75 - [STDERR_REDIRECT] 
2026-01-12 12:15:33,449 [ERROR] LogOutputStream:75 - [STDERR_REDIRECT] [Fatal Error] :1:1: Premature end of file.
2026-01-12 12:15:33,449 [ERROR] LogOutputStream:75 - [STDERR_REDIRECT] 
2026-01-12 12:15:34,459 [ERROR] LogOutputStream:75 - [STDERR_REDIRECT] [Fatal Error] :1:1: Premature end of file.
2026-01-12 12:15:34,460 [ERROR] LogOutputStream:75 - [STDERR_REDIRECT] 
2026-01-12 12:15:35,448 [ERROR] LogOutputStream:75 - [STDERR_REDIRECT] [Fatal Error] :1:1: Premature end of file.
2026-01-12 12:15:35,448 [ERROR] LogOutputStream:75 - [STDERR_REDIRECT] 
2026-01-12 12:15:36,455 [ERROR] LogOutputStream:75 - [STDERR_REDIRECT] [Fatal Error] :1:1: Premature end of file.
2026-01-12 12:15:36,455 [ERROR] LogOutputStream:75 - [STDERR_REDIRECT] 
2026-01-12 12:15:37,451 [ERROR] LogOutputStream:75 - [STDERR_REDIRECT] [Fatal Error] :1:1: Premature end of file.
2026-01-12 12:15:37,451 [ERROR] LogOutputStream:75 - [STDERR_REDIRECT] 
2026-01-12 12:15:38,444 [ERROR] LogOutputStream:75 - [STDERR_REDIRECT] [Fatal Error] :1:1: Premature end of file.
2026-01-12 12:15:38,444 [ERROR] LogOutputStream:75 - [STDERR_REDIRECT] 
2026-01-12 12:15:39,454 [ERROR] LogOutputStream:75 - [STDERR_REDIRECT] [Fatal Error] :1:1: Premature end of file.
2026-01-12 12:15:39,454 [ERROR] LogOutputStream:75 - [STDERR_REDIRECT] 
2026-01-12 12:15:40,457 [ERROR] LogOutputStream:75 - [STDERR_REDIRECT] [Fatal Error] :1:1: Premature end of file.
2026-01-12 12:15:40,457 [ERROR] LogOutputStream:75 - [STDERR_REDIRECT] 
2026-01-12 12:15:41,454 [ERROR] LogOutputStream:75 - [STDERR_REDIRECT] [Fatal Error] :1:1: Premature end of file.
2026-01-12 12:15:41,454 [ERROR] LogOutputStream:75 - [STDERR_REDIRECT] 
2026-01-12 12:15:42,445 [ERROR] LogOutputStream:75 - [STDERR_REDIRECT] [Fatal Error] :1:1: Premature end of file.
2026-01-12 12:15:42,445 [ERROR] LogOutputStream:75 - [STDERR_REDIRECT] 
2026-01-12 12:15:43,453 [ERROR] LogOutputStream:75 - [STDERR_REDIRECT] [Fatal Error] :1:1: Premature end of file.
2026-01-12 12:15:43,453 [ERROR] LogOutputStream:75 - [STDERR_REDIRECT] 
2026-01-12 12:15:44,447 [ERROR] LogOutputStream:75 - [STDERR_REDIRECT] [Fatal Error] :1:1: Premature end of file.
2026-01-12 12:15:44,447 [ERROR] LogOutputStream:75 - [STDERR_REDIRECT] 
2026-01-12 12:15:45,452 [ERROR] LogOutputStream:75 - [STDERR_REDIRECT] [Fatal Error] :1:1: Premature end of file.
2026-01-12 12:15:45,452 [ERROR] LogOutputStream:75 - [STDERR_REDIRECT] 
2026-01-12 12:15:46,464 [ERROR] LogOutputStream:75 - [STDERR_REDIRECT] [Fatal Error] :1:1: Premature end of file.
2026-01-12 12:15:46,464 [ERROR] LogOutputStream:75 - [STDERR_REDIRECT] 
2026-01-12 12:15:47,441 [ERROR] LogOutputStream:75 - [STDERR_REDIRECT] [Fatal Error] :1:1: Premature end of file.
2026-01-12 12:15:47,441 [ERROR] LogOutputStream:75 - [STDERR_REDIRECT] 
2026-01-12 12:15:48,456 [ERROR] LogOutputStream:75 - [STDERR_REDIRECT] [Fatal Error] :1:1: Premature end of file.
2026-01-12 12:15:48,456 [ERROR] LogOutputStream:75 - [STDERR_REDIRECT] 
2026-01-12 12:15:49,463 [ERROR] LogOutputStream:75 - [STDERR_REDIRECT] [Fatal Error] :1:1: Premature end of file.
2026-01-12 12:15:49,463 [ERROR] LogOutputStream:75 - [STDERR_REDIRECT] 
2026-01-12 12:15:50,456 [ERROR] LogOutputStream:75 - [STDERR_REDIRECT] [Fatal Error] :1:1: Premature end of file.
2026-01-12 12:15:50,456 [ERROR] LogOutputStream:75 - [STDERR_REDIRECT] 
2026-01-12 12:15:51,455 [ERROR] LogOutputStream:75 - [STDERR_REDIRECT] [Fatal Error] :1:1: Premature end of file.
2026-01-12 12:15:51,455 [ERROR] LogOutputStream:75 - [STDERR_REDIRECT] 
2026-01-12 12:15:52,453 [ERROR] LogOutputStream:75 - [STDERR_REDIRECT] [Fatal Error] :1:1: Premature end of file.
2026-01-12 12:15:52,453 [ERROR] LogOutputStream:75 - [STDERR_REDIRECT] 
2026-01-12 12:15:53,445 [ERROR] LogOutputStream:75 - [STDERR_REDIRECT] [Fatal Error] :1:1: Premature end of file.
2026-01-12 12:15:53,449 [ERROR] LogOutputStream:75 - [STDERR_REDIRECT] 
2026-01-12 12:15:54,454 [ERROR] LogOutputStream:75 - [STDERR_REDIRECT] [Fatal Error] :1:1: Premature end of file.
2026-01-12 12:15:54,454 [ERROR] LogOutputStream:75 - [STDERR_REDIRECT] 
2026-01-12 12:15:55,449 [ERROR] LogOutputStream:75 - [STDERR_REDIRECT] [Fatal Error] :1:1: Premature end of file.
2026-01-12 12:15:55,449 [ERROR] LogOutputStream:75 - [STDERR_REDIRECT] 
2026-01-12 12:15:56,458 [ERROR] LogOutputStream:75 - [STDERR_REDIRECT] [Fatal Error] :1:1: Premature end of file.
2026-01-12 12:15:56,458 [ERROR] LogOutputStream:75 - [STDERR_REDIRECT] 
2026-01-12 12:15:57,452 [ERROR] LogOutputStream:75 - [STDERR_REDIRECT] [Fatal Error] :1:1: Premature end of file.
2026-01-12 12:15:57,454 [ERROR] LogOutputStream:75 - [STDERR_REDIRECT] 
2026-01-12 12:15:58,451 [ERROR] LogOutputStream:75 - [STDERR_REDIRECT] [Fatal Error] :1:1: Premature end of file.
2026-01-12 12:15:58,451 [ERROR] LogOutputStream:75 - [STDERR_REDIRECT] 
2026-01-12 12:15:59,449 [ERROR] LogOutputStream:75 - [STDERR_REDIRECT] [Fatal Error] :1:1: Premature end of file.
2026-01-12 12:15:59,449 [ERROR] LogOutputStream:75 - [STDERR_REDIRECT] 
2026-01-12 12:16:00,458 [ERROR] LogOutputStream:75 - [STDERR_REDIRECT] [Fatal Error] :1:1: Premature end of file.
2026-01-12 12:16:00,458 [ERROR] LogOutputStream:75 - [STDERR_REDIRECT] 
2026-01-12 12:16:01,460 [ERROR] LogOutputStream:75 - [STDERR_REDIRECT] [Fatal Error] :1:1: Premature end of file.
2026-01-12 12:16:01,460 [ERROR] LogOutputStream:75 - [STDERR_REDIRECT] 
2026-01-12 12:16:02,447 [ERROR] LogOutputStream:75 - [STDERR_REDIRECT] [Fatal Error] :1:1: Premature end of file.
2026-01-12 12:16:02,447 [ERROR] LogOutputStream:75 - [STDERR_REDIRECT] 
2026-01-12 12:16:03,453 [ERROR] LogOutputStream:75 - [STDERR_REDIRECT] [Fatal Error] :1:1: Premature end of file.
2026-01-12 12:16:03,453 [ERROR] LogOutputStream:75 - [STDERR_REDIRECT] 
2026-01-12 12:16:04,474 [ERROR] LogOutputStream:75 - [STDERR_REDIRECT] [Fatal Error] :1:1: Premature end of file.
2026-01-12 12:16:04,474 [ERROR] LogOutputStream:75 - [STDERR_REDIRECT] 
2026-01-12 12:16:05,465 [ERROR] LogOutputStream:75 - [STDERR_REDIRECT] [Fatal Error] :1:1: Premature end of file.
2026-01-12 12:16:05,465 [ERROR] LogOutputStream:75 - [STDERR_REDIRECT] 
2026-01-12 12:16:06,451 [ERROR] LogOutputStream:75 - [STDERR_REDIRECT] [Fatal Error] :1:1: Premature end of file.
2026-01-12 12:16:06,451 [ERROR] LogOutputStream:75 - [STDERR_REDIRECT] 
2026-01-12 12:16:07,450 [ERROR] LogOutputStream:75 - [STDERR_REDIRECT] [Fatal Error] :1:1: Premature end of file.
2026-01-12 12:16:07,450 [ERROR] LogOutputStream:75 - [STDERR_REDIRECT] 
2026-01-12 12:16:08,453 [ERROR] LogOutputStream:75 - [STDERR_REDIRECT] [Fatal Error] :1:1: Premature end of file.
2026-01-12 12:16:08,453 [ERROR] LogOutputStream:75 - [STDERR_REDIRECT] 
2026-01-12 12:16:09,448 [ERROR] LogOutputStream:75 - [STDERR_REDIRECT] [Fatal Error] :1:1: Premature end of file.
2026-01-12 12:16:09,448 [ERROR] LogOutputStream:75 - [STDERR_REDIRECT] 
2026-01-12 12:16:10,465 [ERROR] LogOutputStream:75 - [STDERR_REDIRECT] [Fatal Error] :1:1: Premature end of file.
2026-01-12 12:16:10,465 [ERROR] LogOutputStream:75 - [STDERR_REDIRECT] 
2026-01-12 12:16:11,450 [ERROR] LogOutputStream:75 - [STDERR_REDIRECT] [Fatal Error] :1:1: Premature end of file.
2026-01-12 12:16:11,450 [ERROR] LogOutputStream:75 - [STDERR_REDIRECT] 
2026-01-12 12:16:12,464 [ERROR] LogOutputStream:75 - [STDERR_REDIRECT] [Fatal Error] :1:1: Premature end of file.
2026-01-12 12:16:12,465 [ERROR] LogOutputStream:75 - [STDERR_REDIRECT] 
2026-01-12 12:16:13,451 [ERROR] LogOutputStream:75 - [STDERR_REDIRECT] [Fatal Error] :1:1: Premature end of file.
2026-01-12 12:16:13,451 [ERROR] LogOutputStream:75 - [STDERR_REDIRECT] 
2026-01-12 12:16:14,445 [ERROR] LogOutputStream:75 - [STDERR_REDIRECT] [Fatal Error] :1:1: Premature end of file.
2026-01-12 12:16:14,445 [ERROR] LogOutputStream:75 - [STDERR_REDIRECT] 
2026-01-12 12:16:15,466 [ERROR] LogOutputStream:75 - [STDERR_REDIRECT] [Fatal Error] :1:1: Premature end of file.
2026-01-12 12:16:15,466 [ERROR] LogOutputStream:75 - [STDERR_REDIRECT] 
2026-01-12 12:16:16,453 [ERROR] LogOutputStream:75 - [STDERR_REDIRECT] [Fatal Error] :1:1: Premature end of file.
2026-01-12 12:16:16,453 [ERROR] LogOutputStream:75 - [STDERR_REDIRECT] 
2026-01-12 12:16:17,451 [ERROR] LogOutputStream:75 - [STDERR_REDIRECT] [Fatal Error] :1:1: Premature end of file.
2026-01-12 12:16:17,451 [ERROR] LogOutputStream:75 - [STDERR_REDIRECT] 
2026-01-12 12:16:18,448 [ERROR] LogOutputStream:75 - [STDERR_REDIRECT] [Fatal Error] :1:1: Premature end of file.
2026-01-12 12:16:18,448 [ERROR] LogOutputStream:75 - [STDERR_REDIRECT] 
2026-01-12 12:16:19,456 [ERROR] LogOutputStream:75 - [STDERR_REDIRECT] [Fatal Error] :1:1: Premature end of file.
2026-01-12 12:16:19,456 [ERROR] LogOutputStream:75 - [STDERR_REDIRECT] 
2026-01-12 12:16:20,466 [ERROR] LogOutputStream:75 - [STDERR_REDIRECT] [Fatal Error] :1:1: Premature end of file.
2026-01-12 12:16:20,466 [ERROR] LogOutputStream:75 - [STDERR_REDIRECT] 
2026-01-12 12:16:21,456 [ERROR] LogOutputStream:75 - [STDERR_REDIRECT] [Fatal Error] :1:1: Premature end of file.
2026-01-12 12:16:21,456 [ERROR] LogOutputStream:75 - [STDERR_REDIRECT] 
2026-01-12 12:16:22,446 [ERROR] LogOutputStream:75 - [STDERR_REDIRECT] [Fatal Error] :1:1: Premature end of file.
2026-01-12 12:16:22,446 [ERROR] LogOutputStream:75 - [STDERR_REDIRECT] 
2026-01-12 12:16:23,449 [ERROR] LogOutputStream:75 - [STDERR_REDIRECT] [Fatal Error] :1:1: Premature end of file.
2026-01-12 12:16:23,450 [ERROR] LogOutputStream:75 - [STDERR_REDIRECT] 
2026-01-12 12:16:24,470 [ERROR] LogOutputStream:75 - [STDERR_REDIRECT] [Fatal Error] :1:1: Premature end of file.
2026-01-12 12:16:24,470 [ERROR] LogOutputStream:75 - [STDERR_REDIRECT] 
2026-01-12 12:16:25,459 [ERROR] LogOutputStream:75 - [STDERR_REDIRECT] [Fatal Error] :1:1: Premature end of file.
2026-01-12 12:16:25,459 [ERROR] LogOutputStream:75 - [STDERR_REDIRECT] 
2026-01-12 12:16:26,457 [ERROR] LogOutputStream:75 - [STDERR_REDIRECT] [Fatal Error] :1:1: Premature end of file.
2026-01-12 12:16:26,457 [ERROR] LogOutputStream:75 - [STDERR_REDIRECT] 
2026-01-12 12:16:27,459 [ERROR] LogOutputStream:75 - [STDERR_REDIRECT] [Fatal Error] :1:1: Premature end of file.
2026-01-12 12:16:27,460 [ERROR] LogOutputStream:75 - [STDERR_REDIRECT] 
2026-01-12 12:16:28,454 [ERROR] LogOutputStream:75 - [STDERR_REDIRECT] [Fatal Error] :1:1: Premature end of file.
2026-01-12 12:16:28,454 [ERROR] LogOutputStream:75 - [STDERR_REDIRECT] 
2026-01-12 12:16:29,450 [ERROR] LogOutputStream:75 - [STDERR_REDIRECT] [Fatal Error] :1:1: Premature end of file.
2026-01-12 12:16:29,450 [ERROR] LogOutputStream:75 - [STDERR_REDIRECT] 
2026-01-12 12:16:30,458 [ERROR] LogOutputStream:75 - [STDERR_REDIRECT] [Fatal Error] :1:1: Premature end of file.
2026-01-12 12:16:30,458 [ERROR] LogOutputStream:75 - [STDERR_REDIRECT] 
2026-01-12 12:16:31,453 [ERROR] LogOutputStream:75 - [STDERR_REDIRECT] [Fatal Error] :1:1: Premature end of file.
2026-01-12 12:16:31,454 [ERROR] LogOutputStream:75 - [STDERR_REDIRECT] 
2026-01-12 12:16:32,458 [ERROR] LogOutputStream:75 - [STDERR_REDIRECT] [Fatal Error] :1:1: Premature end of file.
2026-01-12 12:16:32,458 [ERROR] LogOutputStream:75 - [STDERR_REDIRECT] 
2026-01-12 12:16:33,452 [ERROR] LogOutputStream:75 - [STDERR_REDIRECT] [Fatal Error] :1:1: Premature end of file.
2026-01-12 12:16:33,452 [ERROR] LogOutputStream:75 - [STDERR_REDIRECT] 
2026-01-12 12:16:34,451 [ERROR] LogOutputStream:75 - [STDERR_REDIRECT] [Fatal Error] :1:1: Premature end of file.
2026-01-12 12:16:34,452 [ERROR] LogOutputStream:75 - [STDERR_REDIRECT] 
2026-01-12 12:16:35,459 [ERROR] LogOutputStream:75 - [STDERR_REDIRECT] [Fatal Error] :1:1: Premature end of file.
2026-01-12 12:16:35,459 [ERROR] LogOutputStream:75 - [STDERR_REDIRECT] 
2026-01-12 12:16:36,453 [ERROR] LogOutputStream:75 - [STDERR_REDIRECT] [Fatal Error] :1:1: Premature end of file.
2026-01-12 12:16:36,453 [ERROR] LogOutputStream:75 - [STDERR_REDIRECT] 
2026-01-12 12:16:37,465 [ERROR] LogOutputStream:75 - [STDERR_REDIRECT] [Fatal Error] :1:1: Premature end of file.
2026-01-12 12:16:37,465 [ERROR] LogOutputStream:75 - [STDERR_REDIRECT] 
2026-01-12 12:16:38,522 [ERROR] LogOutputStream:75 - [STDERR_REDIRECT] [Fatal Error] :1:1: Premature end of file.
2026-01-12 12:16:38,522 [ERROR] LogOutputStream:75 - [STDERR_REDIRECT] 
2026-01-12 12:16:39,513 [ERROR] LogOutputStream:75 - [STDERR_REDIRECT] [Fatal Error] :1:1: Premature end of file.
2026-01-12 12:16:39,513 [ERROR] LogOutputStream:75 - [STDERR_REDIRECT] 
2026-01-12 12:16:40,478 [ERROR] LogOutputStream:75 - [STDERR_REDIRECT] [Fatal Error] :1:1: Premature end of file.
2026-01-12 12:16:40,478 [ERROR] LogOutputStream:75 - [STDERR_REDIRECT] 
2026-01-12 12:16:41,464 [ERROR] LogOutputStream:75 - [STDERR_REDIRECT] [Fatal Error] :1:1: Premature end of file.
2026-01-12 12:16:41,464 [ERROR] LogOutputStream:75 - [STDERR_REDIRECT] 
2026-01-12 12:16:42,460 [ERROR] LogOutputStream:75 - [STDERR_REDIRECT] [Fatal Error] :1:1: Premature end of file.
2026-01-12 12:16:42,461 [ERROR] LogOutputStream:75 - [STDERR_REDIRECT] 
2026-01-12 12:16:43,465 [ERROR] LogOutputStream:75 - [STDERR_REDIRECT] [Fatal Error] :1:1: Premature end of file.
2026-01-12 12:16:43,465 [ERROR] LogOutputStream:75 - [STDERR_REDIRECT] 
2026-01-12 12:16:44,441 [ERROR] LogOutputStream:75 - [STDERR_REDIRECT] [Fatal Error] :1:1: Premature end of file.
2026-01-12 12:16:44,441 [ERROR] LogOutputStream:75 - [STDERR_REDIRECT] 
2026-01-12 12:16:45,448 [ERROR] LogOutputStream:75 - [STDERR_REDIRECT] [Fatal Error] :1:1: Premature end of file.
2026-01-12 12:16:45,448 [ERROR] LogOutputStream:75 - [STDERR_REDIRECT] 
2026-01-12 12:16:46,454 [ERROR] LogOutputStream:75 - [STDERR_REDIRECT] [Fatal Error] :1:1: Premature end of file.
2026-01-12 12:16:46,454 [ERROR] LogOutputStream:75 - [STDERR_REDIRECT] 
2026-01-12 12:16:47,456 [ERROR] LogOutputStream:75 - [STDERR_REDIRECT] [Fatal Error] :1:1: Premature end of file.
2026-01-12 12:16:47,456 [ERROR] LogOutputStream:75 - [STDERR_REDIRECT] 
2026-01-12 12:16:48,471 [ERROR] LogOutputStream:75 - [STDERR_REDIRECT] [Fatal Error] :1:1: Premature end of file.
2026-01-12 12:16:48,472 [ERROR] LogOutputStream:75 - [STDERR_REDIRECT] 
2026-01-12 12:16:49,467 [ERROR] LogOutputStream:75 - [STDERR_REDIRECT] [Fatal Error] :1:1: Premature end of file.
2026-01-12 12:16:49,467 [ERROR] LogOutputStream:75 - [STDERR_REDIRECT] 
2026-01-12 12:16:50,458 [ERROR] LogOutputStream:75 - [STDERR_REDIRECT] [Fatal Error] :1:1: Premature end of file.
2026-01-12 12:16:50,458 [ERROR] LogOutputStream:75 - [STDERR_REDIRECT] 
2026-01-12 12:16:51,450 [ERROR] LogOutputStream:75 - [STDERR_REDIRECT] [Fatal Error] :1:1: Premature end of file.
2026-01-12 12:16:51,450 [ERROR] LogOutputStream:75 - [STDERR_REDIRECT] 
2026-01-12 12:16:52,455 [ERROR] LogOutputStream:75 - [STDERR_REDIRECT] [Fatal Error] :1:1: Premature end of file.
2026-01-12 12:16:52,455 [ERROR] LogOutputStream:75 - [STDERR_REDIRECT] 
2026-01-12 12:16:53,458 [ERROR] LogOutputStream:75 - [STDERR_REDIRECT] [Fatal Error] :1:1: Premature end of file.
2026-01-12 12:16:53,458 [ERROR] LogOutputStream:75 - [STDERR_REDIRECT] 
2026-01-12 12:16:54,449 [ERROR] LogOutputStream:75 - [STDERR_REDIRECT] [Fatal Error] :1:1: Premature end of file.
2026-01-12 12:16:54,457 [ERROR] LogOutputStream:75 - [STDERR_REDIRECT] 
2026-01-12 12:16:55,445 [ERROR] LogOutputStream:75 - [STDERR_REDIRECT] [Fatal Error] :1:1: Premature end of file.
2026-01-12 12:16:55,445 [ERROR] LogOutputStream:75 - [STDERR_REDIRECT] 
2026-01-12 12:16:56,463 [ERROR] LogOutputStream:75 - [STDERR_REDIRECT] [Fatal Error] :1:1: Premature end of file.
2026-01-12 12:16:56,463 [ERROR] LogOutputStream:75 - [STDERR_REDIRECT] 
2026-01-12 12:16:57,442 [ERROR] LogOutputStream:75 - [STDERR_REDIRECT] [Fatal Error] :1:1: Premature end of file.
2026-01-12 12:16:57,442 [ERROR] LogOutputStream:75 - [STDERR_REDIRECT] 
2026-01-12 12:16:58,457 [ERROR] LogOutputStream:75 - [STDERR_REDIRECT] [Fatal Error] :1:1: Premature end of file.
2026-01-12 12:16:58,457 [ERROR] LogOutputStream:75 - [STDERR_REDIRECT] 
2026-01-12 12:16:59,452 [ERROR] LogOutputStream:75 - [STDERR_REDIRECT] [Fatal Error] :1:1: Premature end of file.
2026-01-12 12:16:59,452 [ERROR] LogOutputStream:75 - [STDERR_REDIRECT] 
2026-01-12 12:17:00,456 [ERROR] LogOutputStream:75 - [STDERR_REDIRECT] [Fatal Error] :1:1: Premature end of file.
2026-01-12 12:17:00,456 [ERROR] LogOutputStream:75 - [STDERR_REDIRECT] 
2026-01-12 12:17:01,457 [ERROR] LogOutputStream:75 - [STDERR_REDIRECT] [Fatal Error] :1:1: Premature end of file.
2026-01-12 12:17:01,457 [ERROR] LogOutputStream:75 - [STDERR_REDIRECT] 
2026-01-12 12:17:02,452 [ERROR] LogOutputStream:75 - [STDERR_REDIRECT] [Fatal Error] :1:1: Premature end of file.
2026-01-12 12:17:02,452 [ERROR] LogOutputStream:75 - [STDERR_REDIRECT] 
2026-01-12 12:17:03,455 [ERROR] LogOutputStream:75 - [STDERR_REDIRECT] [Fatal Error] :1:1: Premature end of file.
2026-01-12 12:17:03,455 [ERROR] LogOutputStream:75 - [STDERR_REDIRECT] 
2026-01-12 12:17:04,460 [ERROR] LogOutputStream:75 - [STDERR_REDIRECT] [Fatal Error] :1:1: Premature end of file.
2026-01-12 12:17:04,460 [ERROR] LogOutputStream:75 - [STDERR_REDIRECT] 
2026-01-12 12:17:05,452 [ERROR] LogOutputStream:75 - [STDERR_REDIRECT] [Fatal Error] :1:1: Premature end of file.
2026-01-12 12:17:05,452 [ERROR] LogOutputStream:75 - [STDERR_REDIRECT] 
2026-01-12 12:17:06,441 [ERROR] LogOutputStream:75 - [STDERR_REDIRECT] [Fatal Error] :1:1: Premature end of file.
2026-01-12 12:17:06,441 [ERROR] LogOutputStream:75 - [STDERR_REDIRECT] 
2026-01-12 12:17:07,452 [ERROR] LogOutputStream:75 - [STDERR_REDIRECT] [Fatal Error] :1:1: Premature end of file.
2026-01-12 12:17:07,452 [ERROR] LogOutputStream:75 - [STDERR_REDIRECT] 
2026-01-12 12:17:08,445 [ERROR] LogOutputStream:75 - [STDERR_REDIRECT] [Fatal Error] :1:1: Premature end of file.
2026-01-12 12:17:08,445 [ERROR] LogOutputStream:75 - [STDERR_REDIRECT] 
2026-01-12 12:17:09,443 [ERROR] LogOutputStream:75 - [STDERR_REDIRECT] [Fatal Error] :1:1: Premature end of file.
2026-01-12 12:17:09,443 [ERROR] LogOutputStream:75 - [STDERR_REDIRECT] 
2026-01-12 12:17:10,448 [ERROR] LogOutputStream:75 - [STDERR_REDIRECT] [Fatal Error] :1:1: Premature end of file.
2026-01-12 12:17:10,448 [ERROR] LogOutputStream:75 - [STDERR_REDIRECT] 
2026-01-12 12:17:11,449 [ERROR] LogOutputStream:75 - [STDERR_REDIRECT] [Fatal Error] :1:1: Premature end of file.
2026-01-12 12:17:11,449 [ERROR] LogOutputStream:75 - [STDERR_REDIRECT] 
2026-01-12 12:17:12,445 [ERROR] LogOutputStream:75 - [STDERR_REDIRECT] [Fatal Error] :1:1: Premature end of file.
2026-01-12 12:17:12,445 [ERROR] LogOutputStream:75 - [STDERR_REDIRECT] 
2026-01-12 12:17:13,440 [ERROR] LogOutputStream:75 - [STDERR_REDIRECT] [Fatal Error] :1:1: Premature end of file.
2026-01-12 12:17:13,440 [ERROR] LogOutputStream:75 - [STDERR_REDIRECT] 
2026-01-12 12:17:14,449 [ERROR] LogOutputStream:75 - [STDERR_REDIRECT] [Fatal Error] :1:1: Premature end of file.
2026-01-12 12:17:14,449 [ERROR] LogOutputStream:75 - [STDERR_REDIRECT] 
2026-01-12 12:17:15,449 [ERROR] LogOutputStream:75 - [STDERR_REDIRECT] [Fatal Error] :1:1: Premature end of file.
2026-01-12 12:17:15,449 [ERROR] LogOutputStream:75 - [STDERR_REDIRECT] 
2026-01-12 12:17:16,440 [ERROR] LogOutputStream:75 - [STDERR_REDIRECT] [Fatal Error] :1:1: Premature end of file.
2026-01-12 12:17:16,440 [ERROR] LogOutputStream:75 - [STDERR_REDIRECT] 
2026-01-12 12:17:17,439 [ERROR] LogOutputStream:75 - [STDERR_REDIRECT] [Fatal Error] :1:1: Premature end of file.
2026-01-12 12:17:17,439 [ERROR] LogOutputStream:75 - [STDERR_REDIRECT] 
2026-01-12 12:17:18,439 [ERROR] LogOutputStream:75 - [STDERR_REDIRECT] [Fatal Error] :1:1: Premature end of file.
2026-01-12 12:17:18,439 [ERROR] LogOutputStream:75 - [STDERR_REDIRECT] 
2026-01-12 12:17:19,439 [ERROR] LogOutputStream:75 - [STDERR_REDIRECT] [Fatal Error] :1:1: Premature end of file.
2026-01-12 12:17:19,439 [ERROR] LogOutputStream:75 - [STDERR_REDIRECT] 
2026-01-12 12:17:20,457 [ERROR] LogOutputStream:75 - [STDERR_REDIRECT] [Fatal Error] :1:1: Premature end of file.
2026-01-12 12:17:20,457 [ERROR] LogOutputStream:75 - [STDERR_REDIRECT] 
2026-01-12 12:17:21,439 [ERROR] LogOutputStream:75 - [STDERR_REDIRECT] [Fatal Error] :1:1: Premature end of file.
2026-01-12 12:17:21,439 [ERROR] LogOutputStream:75 - [STDERR_REDIRECT] 
2026-01-12 12:17:22,440 [ERROR] LogOutputStream:75 - [STDERR_REDIRECT] [Fatal Error] :1:1: Premature end of file.
2026-01-12 12:17:22,440 [ERROR] LogOutputStream:75 - [STDERR_REDIRECT] 
2026-01-12 12:17:23,440 [ERROR] LogOutputStream:75 - [STDERR_REDIRECT] [Fatal Error] :1:1: Premature end of file.
2026-01-12 12:17:23,440 [ERROR] LogOutputStream:75 - [STDERR_REDIRECT] 
2026-01-12 12:17:24,440 [ERROR] LogOutputStream:75 - [STDERR_REDIRECT] [Fatal Error] :1:1: Premature end of file.
2026-01-12 12:17:24,440 [ERROR] LogOutputStream:75 - [STDERR_REDIRECT] 
2026-01-12 12:17:25,441 [ERROR] LogOutputStream:75 - [STDERR_REDIRECT] [Fatal Error] :1:1: Premature end of file.
2026-01-12 12:17:25,441 [ERROR] LogOutputStream:75 - [STDERR_REDIRECT] 
2026-01-12 12:17:26,442 [ERROR] LogOutputStream:75 - [STDERR_REDIRECT] [Fatal Error] :1:1: Premature end of file.
2026-01-12 12:17:26,442 [ERROR] LogOutputStream:75 - [STDERR_REDIRECT] 
2026-01-12 12:17:27,442 [ERROR] LogOutputStream:75 - [STDERR_REDIRECT] [Fatal Error] :1:1: Premature end of file.
2026-01-12 12:17:27,442 [ERROR] LogOutputStream:75 - [STDERR_REDIRECT] 
2026-01-12 12:17:28,440 [ERROR] LogOutputStream:75 - [STDERR_REDIRECT] [Fatal Error] :1:1: Premature end of file.
2026-01-12 12:17:28,440 [ERROR] LogOutputStream:75 - [STDERR_REDIRECT] 
2026-01-12 12:17:29,444 [ERROR] LogOutputStream:75 - [STDERR_REDIRECT] [Fatal Error] :1:1: Premature end of file.
2026-01-12 12:17:29,444 [ERROR] LogOutputStream:75 - [STDERR_REDIRECT] 
2026-01-12 12:17:30,455 [ERROR] LogOutputStream:75 - [STDERR_REDIRECT] [Fatal Error] :1:1: Premature end of file.
2026-01-12 12:17:30,455 [ERROR] LogOutputStream:75 - [STDERR_REDIRECT] 
2026-01-12 12:17:31,454 [ERROR] LogOutputStream:75 - [STDERR_REDIRECT] [Fatal Error] :1:1: Premature end of file.
2026-01-12 12:17:31,454 [ERROR] LogOutputStream:75 - [STDERR_REDIRECT] 
2026-01-12 12:17:32,444 [ERROR] LogOutputStream:75 - [STDERR_REDIRECT] [Fatal Error] :1:1: Premature end of file.
2026-01-12 12:17:32,444 [ERROR] LogOutputStream:75 - [STDERR_REDIRECT] 
2026-01-12 12:17:33,446 [ERROR] LogOutputStream:75 - [STDERR_REDIRECT] [Fatal Error] :1:1: Premature end of file.
2026-01-12 12:17:33,446 [ERROR] LogOutputStream:75 - [STDERR_REDIRECT] 
2026-01-12 12:17:34,446 [ERROR] LogOutputStream:75 - [STDERR_REDIRECT] [Fatal Error] :1:1: Premature end of file.
2026-01-12 12:17:34,446 [ERROR] LogOutputStream:75 - [STDERR_REDIRECT] 
2026-01-12 12:17:35,445 [ERROR] LogOutputStream:75 - [STDERR_REDIRECT] [Fatal Error] :1:1: Premature end of file.
2026-01-12 12:17:35,445 [ERROR] LogOutputStream:75 - [STDERR_REDIRECT] 
2026-01-12 12:17:36,445 [ERROR] LogOutputStream:75 - [STDERR_REDIRECT] [Fatal Error] :1:1: Premature end of file.
2026-01-12 12:17:36,445 [ERROR] LogOutputStream:75 - [STDERR_REDIRECT] 
2026-01-12 12:17:37,446 [ERROR] LogOutputStream:75 - [STDERR_REDIRECT] [Fatal Error] :1:1: Premature end of file.
2026-01-12 12:17:37,446 [ERROR] LogOutputStream:75 - [STDERR_REDIRECT] 
2026-01-12 12:17:38,449 [ERROR] LogOutputStream:75 - [STDERR_REDIRECT] [Fatal Error] :1:1: Premature end of file.
2026-01-12 12:17:38,449 [ERROR] LogOutputStream:75 - [STDERR_REDIRECT] 
2026-01-12 12:17:39,447 [ERROR] LogOutputStream:75 - [STDERR_REDIRECT] [Fatal Error] :1:1: Premature end of file.
2026-01-12 12:17:39,447 [ERROR] LogOutputStream:75 - [STDERR_REDIRECT] 
2026-01-12 12:17:40,446 [ERROR] LogOutputStream:75 - [STDERR_REDIRECT] [Fatal Error] :1:1: Premature end of file.
2026-01-12 12:17:40,446 [ERROR] LogOutputStream:75 - [STDERR_REDIRECT] 
2026-01-12 12:17:41,446 [ERROR] LogOutputStream:75 - [STDERR_REDIRECT] [Fatal Error] :1:1: Premature end of file.
2026-01-12 12:17:41,446 [ERROR] LogOutputStream:75 - [STDERR_REDIRECT] 
2026-01-12 12:17:42,453 [ERROR] LogOutputStream:75 - [STDERR_REDIRECT] [Fatal Error] :1:1: Premature end of file.
2026-01-12 12:17:42,453 [ERROR] LogOutputStream:75 - [STDERR_REDIRECT] 
2026-01-12 12:17:43,445 [ERROR] LogOutputStream:75 - [STDERR_REDIRECT] [Fatal Error] :1:1: Premature end of file.
2026-01-12 12:17:43,445 [ERROR] LogOutputStream:75 - [STDERR_REDIRECT] 
2026-01-12 12:17:44,449 [ERROR] LogOutputStream:75 - [STDERR_REDIRECT] [Fatal Error] :1:1: Premature end of file.
2026-01-12 12:17:44,449 [ERROR] LogOutputStream:75 - [STDERR_REDIRECT] 
2026-01-12 12:17:45,444 [ERROR] LogOutputStream:75 - [STDERR_REDIRECT] [Fatal Error] :1:1: Premature end of file.
2026-01-12 12:17:45,444 [ERROR] LogOutputStream:75 - [STDERR_REDIRECT] 
2026-01-12 12:17:46,445 [ERROR] LogOutputStream:75 - [STDERR_REDIRECT] [Fatal Error] :1:1: Premature end of file.
2026-01-12 12:17:46,445 [ERROR] LogOutputStream:75 - [STDERR_REDIRECT] 
2026-01-12 12:17:47,446 [ERROR] LogOutputStream:75 - [STDERR_REDIRECT] [Fatal Error] :1:1: Premature end of file.
2026-01-12 12:17:47,446 [ERROR] LogOutputStream:75 - [STDERR_REDIRECT] 
2026-01-12 12:17:48,450 [ERROR] LogOutputStream:75 - [STDERR_REDIRECT] [Fatal Error] :1:1: Premature end of file.
2026-01-12 12:17:48,450 [ERROR] LogOutputStream:75 - [STDERR_REDIRECT] 
2026-01-12 12:17:49,454 [ERROR] LogOutputStream:75 - [STDERR_REDIRECT] [Fatal Error] :1:1: Premature end of file.
2026-01-12 12:17:49,454 [ERROR] LogOutputStream:75 - [STDERR_REDIRECT] 
2026-01-12 12:17:50,449 [ERROR] LogOutputStream:75 - [STDERR_REDIRECT] [Fatal Error] :1:1: Premature end of file.
2026-01-12 12:17:50,449 [ERROR] LogOutputStream:75 - [STDERR_REDIRECT] 
2026-01-12 12:17:51,456 [ERROR] LogOutputStream:75 - [STDERR_REDIRECT] [Fatal Error] :1:1: Premature end of file.
2026-01-12 12:17:51,456 [ERROR] LogOutputStream:75 - [STDERR_REDIRECT] 
2026-01-12 12:17:52,454 [ERROR] LogOutputStream:75 - [STDERR_REDIRECT] [Fatal Error] :1:1: Premature end of file.
2026-01-12 12:17:52,454 [ERROR] LogOutputStream:75 - [STDERR_REDIRECT] 
2026-01-12 12:17:53,444 [ERROR] LogOutputStream:75 - [STDERR_REDIRECT] [Fatal Error] :1:1: Premature end of file.
2026-01-12 12:17:53,444 [ERROR] LogOutputStream:75 - [STDERR_REDIRECT] 
2026-01-12 12:17:54,444 [ERROR] LogOutputStream:75 - [STDERR_REDIRECT] [Fatal Error] :1:1: Premature end of file.
2026-01-12 12:17:54,444 [ERROR] LogOutputStream:75 - [STDERR_REDIRECT] 
2026-01-12 12:17:55,443 [ERROR] LogOutputStream:75 - [STDERR_REDIRECT] [Fatal Error] :1:1: Premature end of file.
2026-01-12 12:17:55,443 [ERROR] LogOutputStream:75 - [STDERR_REDIRECT] 
2026-01-12 12:17:56,441 [ERROR] LogOutputStream:75 - [STDERR_REDIRECT] [Fatal Error] :1:1: Premature end of file.
2026-01-12 12:17:56,441 [ERROR] LogOutputStream:75 - [STDERR_REDIRECT] 
2026-01-12 12:17:57,440 [ERROR] LogOutputStream:75 - [STDERR_REDIRECT] [Fatal Error] :1:1: Premature end of file.
2026-01-12 12:17:57,440 [ERROR] LogOutputStream:75 - [STDERR_REDIRECT] 
2026-01-12 12:17:58,441 [ERROR] LogOutputStream:75 - [STDERR_REDIRECT] [Fatal Error] :1:1: Premature end of file.
2026-01-12 12:17:58,441 [ERROR] LogOutputStream:75 - [STDERR_REDIRECT] 
2026-01-12 12:17:59,439 [ERROR] LogOutputStream:75 - [STDERR_REDIRECT] [Fatal Error] :1:1: Premature end of file.
2026-01-12 12:17:59,439 [ERROR] LogOutputStream:75 - [STDERR_REDIRECT] 
2026-01-12 12:18:00,465 [ERROR] LogOutputStream:75 - [STDERR_REDIRECT] [Fatal Error] :1:1: Premature end of file.
2026-01-12 12:18:00,465 [ERROR] LogOutputStream:75 - [STDERR_REDIRECT] 
2026-01-12 12:18:01,463 [ERROR] LogOutputStream:75 - [STDERR_REDIRECT] [Fatal Error] :1:1: Premature end of file.
2026-01-12 12:18:01,463 [ERROR] LogOutputStream:75 - [STDERR_REDIRECT] 
2026-01-12 12:18:02,454 [ERROR] LogOutputStream:75 - [STDERR_REDIRECT] [Fatal Error] :1:1: Premature end of file.
2026-01-12 12:18:02,454 [ERROR] LogOutputStream:75 - [STDERR_REDIRECT] 
2026-01-12 12:18:03,464 [ERROR] LogOutputStream:75 - [STDERR_REDIRECT] [Fatal Error] :1:1: Premature end of file.
2026-01-12 12:18:03,464 [ERROR] LogOutputStream:75 - [STDERR_REDIRECT] 
2026-01-12 12:18:04,453 [ERROR] LogOutputStream:75 - [STDERR_REDIRECT] [Fatal Error] :1:1: Premature end of file.
2026-01-12 12:18:04,453 [ERROR] LogOutputStream:75 - [STDERR_REDIRECT] 
2026-01-12 12:18:05,462 [ERROR] LogOutputStream:75 - [STDERR_REDIRECT] [Fatal Error] :1:1: Premature end of file.
2026-01-12 12:18:05,462 [ERROR] LogOutputStream:75 - [STDERR_REDIRECT] 
2026-01-12 12:18:06,454 [ERROR] LogOutputStream:75 - [STDERR_REDIRECT] [Fatal Error] :1:1: Premature end of file.
2026-01-12 12:18:06,454 [ERROR] LogOutputStream:75 - [STDERR_REDIRECT] 
2026-01-12 12:18:07,457 [ERROR] LogOutputStream:75 - [STDERR_REDIRECT] [Fatal Error] :1:1: Premature end of file.
2026-01-12 12:18:07,457 [ERROR] LogOutputStream:75 - [STDERR_REDIRECT] 
2026-01-12 12:18:08,453 [ERROR] LogOutputStream:75 - [STDERR_REDIRECT] [Fatal Error] :1:1: Premature end of file.
2026-01-12 12:18:08,453 [ERROR] LogOutputStream:75 - [STDERR_REDIRECT] 
2026-01-12 12:18:09,450 [ERROR] LogOutputStream:75 - [STDERR_REDIRECT] [Fatal Error] :1:1: Premature end of file.
2026-01-12 12:18:09,450 [ERROR] LogOutputStream:75 - [STDERR_REDIRECT] 
2026-01-12 12:18:10,451 [ERROR] LogOutputStream:75 - [STDERR_REDIRECT] [Fatal Error] :1:1: Premature end of file.
2026-01-12 12:18:10,451 [ERROR] LogOutputStream:75 - [STDERR_REDIRECT] 
2026-01-12 12:18:11,452 [ERROR] LogOutputStream:75 - [STDERR_REDIRECT] [Fatal Error] :1:1: Premature end of file.
2026-01-12 12:18:11,452 [ERROR] LogOutputStream:75 - [STDERR_REDIRECT] 
2026-01-12 12:18:12,452 [ERROR] LogOutputStream:75 - [STDERR_REDIRECT] [Fatal Error] :1:1: Premature end of file.
2026-01-12 12:18:12,452 [ERROR] LogOutputStream:75 - [STDERR_REDIRECT] 
2026-01-12 12:18:13,455 [ERROR] LogOutputStream:75 - [STDERR_REDIRECT] [Fatal Error] :1:1: Premature end of file.
2026-01-12 12:18:13,455 [ERROR] LogOutputStream:75 - [STDERR_REDIRECT] 
2026-01-12 12:18:14,453 [ERROR] LogOutputStream:75 - [STDERR_REDIRECT] [Fatal Error] :1:1: Premature end of file.
2026-01-12 12:18:14,453 [ERROR] LogOutputStream:75 - [STDERR_REDIRECT] 
2026-01-12 12:18:15,453 [ERROR] LogOutputStream:75 - [STDERR_REDIRECT] [Fatal Error] :1:1: Premature end of file.
2026-01-12 12:18:15,453 [ERROR] LogOutputStream:75 - [STDERR_REDIRECT] 
2026-01-12 12:18:16,451 [ERROR] LogOutputStream:75 - [STDERR_REDIRECT] [Fatal Error] :1:1: Premature end of file.
2026-01-12 12:18:16,451 [ERROR] LogOutputStream:75 - [STDERR_REDIRECT] 
2026-01-12 12:18:17,446 [ERROR] LogOutputStream:75 - [STDERR_REDIRECT] [Fatal Error] :1:1: Premature end of file.
2026-01-12 12:18:17,446 [ERROR] LogOutputStream:75 - [STDERR_REDIRECT] 
2026-01-12 12:18:18,442 [ERROR] LogOutputStream:75 - [STDERR_REDIRECT] [Fatal Error] :1:1: Premature end of file.
2026-01-12 12:18:18,442 [ERROR] LogOutputStream:75 - [STDERR_REDIRECT] 
2026-01-12 12:18:19,448 [ERROR] LogOutputStream:75 - [STDERR_REDIRECT] [Fatal Error] :1:1: Premature end of file.
2026-01-12 12:18:19,448 [ERROR] LogOutputStream:75 - [STDERR_REDIRECT] 
2026-01-12 12:18:20,449 [ERROR] LogOutputStream:75 - [STDERR_REDIRECT] [Fatal Error] :1:1: Premature end of file.
2026-01-12 12:18:20,449 [ERROR] LogOutputStream:75 - [STDERR_REDIRECT] 
2026-01-12 12:18:21,460 [ERROR] LogOutputStream:75 - [STDERR_REDIRECT] [Fatal Error] :1:1: Premature end of file.
2026-01-12 12:18:21,460 [ERROR] LogOutputStream:75 - [STDERR_REDIRECT] 
2026-01-12 12:18:22,449 [ERROR] LogOutputStream:75 - [STDERR_REDIRECT] [Fatal Error] :1:1: Premature end of file.
2026-01-12 12:18:22,449 [ERROR] LogOutputStream:75 - [STDERR_REDIRECT] 
2026-01-12 12:18:23,447 [ERROR] LogOutputStream:75 - [STDERR_REDIRECT] [Fatal Error] :1:1: Premature end of file.
2026-01-12 12:18:23,447 [ERROR] LogOutputStream:75 - [STDERR_REDIRECT] 
2026-01-12 12:18:24,446 [ERROR] LogOutputStream:75 - [STDERR_REDIRECT] [Fatal Error] :1:1: Premature end of file.
2026-01-12 12:18:24,446 [ERROR] LogOutputStream:75 - [STDERR_REDIRECT] 
2026-01-12 12:18:25,449 [ERROR] LogOutputStream:75 - [STDERR_REDIRECT] [Fatal Error] :1:1: Premature end of file.
2026-01-12 12:18:25,449 [ERROR] LogOutputStream:75 - [STDERR_REDIRECT] 
2026-01-12 12:18:26,446 [ERROR] LogOutputStream:75 - [STDERR_REDIRECT] [Fatal Error] :1:1: Premature end of file.
2026-01-12 12:18:26,446 [ERROR] LogOutputStream:75 - [STDERR_REDIRECT] 
2026-01-12 12:18:27,447 [ERROR] LogOutputStream:75 - [STDERR_REDIRECT] [Fatal Error] :1:1: Premature end of file.
2026-01-12 12:18:27,447 [ERROR] LogOutputStream:75 - [STDERR_REDIRECT] 
2026-01-12 12:18:28,445 [ERROR] LogOutputStream:75 - [STDERR_REDIRECT] [Fatal Error] :1:1: Premature end of file.
2026-01-12 12:18:28,445 [ERROR] LogOutputStream:75 - [STDERR_REDIRECT] 
2026-01-12 12:18:29,453 [ERROR] LogOutputStream:75 - [STDERR_REDIRECT] [Fatal Error] :1:1: Premature end of file.
2026-01-12 12:18:29,453 [ERROR] LogOutputStream:75 - [STDERR_REDIRECT] 
2026-01-12 12:18:30,448 [ERROR] LogOutputStream:75 - [STDERR_REDIRECT] [Fatal Error] :1:1: Premature end of file.
2026-01-12 12:18:30,448 [ERROR] LogOutputStream:75 - [STDERR_REDIRECT] 
2026-01-12 12:18:31,448 [ERROR] LogOutputStream:75 - [STDERR_REDIRECT] [Fatal Error] :1:1: Premature end of file.
2026-01-12 12:18:31,448 [ERROR] LogOutputStream:75 - [STDERR_REDIRECT] 
2026-01-12 12:18:32,457 [ERROR] LogOutputStream:75 - [STDERR_REDIRECT] [Fatal Error] :1:1: Premature end of file.
2026-01-12 12:18:32,457 [ERROR] LogOutputStream:75 - [STDERR_REDIRECT] 
2026-01-12 12:18:33,448 [ERROR] LogOutputStream:75 - [STDERR_REDIRECT] [Fatal Error] :1:1: Premature end of file.
2026-01-12 12:18:33,448 [ERROR] LogOutputStream:75 - [STDERR_REDIRECT] 
2026-01-12 12:18:34,449 [ERROR] LogOutputStream:75 - [STDERR_REDIRECT] [Fatal Error] :1:1: Premature end of file.
2026-01-12 12:18:34,449 [ERROR] LogOutputStream:75 - [STDERR_REDIRECT] 
2026-01-12 12:18:35,454 [ERROR] LogOutputStream:75 - [STDERR_REDIRECT] [Fatal Error] :1:1: Premature end of file.
2026-01-12 12:18:35,454 [ERROR] LogOutputStream:75 - [STDERR_REDIRECT] 
2026-01-12 12:18:36,447 [ERROR] LogOutputStream:75 - [STDERR_REDIRECT] [Fatal Error] :1:1: Premature end of file.
2026-01-12 12:18:36,447 [ERROR] LogOutputStream:75 - [STDERR_REDIRECT] 
2026-01-12 12:18:37,449 [ERROR] LogOutputStream:75 - [STDERR_REDIRECT] [Fatal Error] :1:1: Premature end of file.
2026-01-12 12:18:37,449 [ERROR] LogOutputStream:75 - [STDERR_REDIRECT] 
2026-01-12 12:18:38,453 [ERROR] LogOutputStream:75 - [STDERR_REDIRECT] [Fatal Error] :1:1: Premature end of file.
2026-01-12 12:18:38,453 [ERROR] LogOutputStream:75 - [STDERR_REDIRECT] 
2026-01-12 12:18:39,456 [ERROR] LogOutputStream:75 - [STDERR_REDIRECT] [Fatal Error] :1:1: Premature end of file.
2026-01-12 12:18:39,456 [ERROR] LogOutputStream:75 - [STDERR_REDIRECT] 
2026-01-12 12:18:40,456 [ERROR] LogOutputStream:75 - [STDERR_REDIRECT] [Fatal Error] :1:1: Premature end of file.
2026-01-12 12:18:40,456 [ERROR] LogOutputStream:75 - [STDERR_REDIRECT] 
2026-01-12 12:18:41,457 [ERROR] LogOutputStream:75 - [STDERR_REDIRECT] [Fatal Error] :1:1: Premature end of file.
2026-01-12 12:18:41,457 [ERROR] LogOutputStream:75 - [STDERR_REDIRECT] 
2026-01-12 12:18:42,451 [ERROR] LogOutputStream:75 - [STDERR_REDIRECT] [Fatal Error] :1:1: Premature end of file.
2026-01-12 12:18:42,451 [ERROR] LogOutputStream:75 - [STDERR_REDIRECT] 
2026-01-12 12:18:43,448 [ERROR] LogOutputStream:75 - [STDERR_REDIRECT] [Fatal Error] :1:1: Premature end of file.
2026-01-12 12:18:43,448 [ERROR] LogOutputStream:75 - [STDERR_REDIRECT] 
2026-01-12 12:18:44,448 [ERROR] LogOutputStream:75 - [STDERR_REDIRECT] [Fatal Error] :1:1: Premature end of file.
2026-01-12 12:18:44,448 [ERROR] LogOutputStream:75 - [STDERR_REDIRECT] 
2026-01-12 12:18:45,449 [ERROR] LogOutputStream:75 - [STDERR_REDIRECT] [Fatal Error] :1:1: Premature end of file.
2026-01-12 12:18:45,449 [ERROR] LogOutputStream:75 - [STDERR_REDIRECT] 
2026-01-12 12:18:46,448 [ERROR] LogOutputStream:75 - [STDERR_REDIRECT] [Fatal Error] :1:1: Premature end of file.
2026-01-12 12:18:46,448 [ERROR] LogOutputStream:75 - [STDERR_REDIRECT] 
2026-01-12 12:18:47,448 [ERROR] LogOutputStream:75 - [STDERR_REDIRECT] [Fatal Error] :1:1: Premature end of file.
2026-01-12 12:18:47,448 [ERROR] LogOutputStream:75 - [STDERR_REDIRECT] 
2026-01-12 12:18:48,445 [ERROR] LogOutputStream:75 - [STDERR_REDIRECT] [Fatal Error] :1:1: Premature end of file.
2026-01-12 12:18:48,445 [ERROR] LogOutputStream:75 - [STDERR_REDIRECT] 
2026-01-12 12:18:49,446 [ERROR] LogOutputStream:75 - [STDERR_REDIRECT] [Fatal Error] :1:1: Premature end of file.
2026-01-12 12:18:49,446 [ERROR] LogOutputStream:75 - [STDERR_REDIRECT] 
2026-01-12 12:18:50,448 [ERROR] LogOutputStream:75 - [STDERR_REDIRECT] [Fatal Error] :1:1: Premature end of file.
2026-01-12 12:18:50,448 [ERROR] LogOutputStream:75 - [STDERR_REDIRECT] 
2026-01-12 12:18:51,453 [ERROR] LogOutputStream:75 - [STDERR_REDIRECT] [Fatal Error] :1:1: Premature end of file.
2026-01-12 12:18:51,453 [ERROR] LogOutputStream:75 - [STDERR_REDIRECT] 
2026-01-12 12:18:52,450 [ERROR] LogOutputStream:75 - [STDERR_REDIRECT] [Fatal Error] :1:1: Premature end of file.
2026-01-12 12:18:52,450 [ERROR] LogOutputStream:75 - [STDERR_REDIRECT] 
2026-01-12 12:18:53,445 [ERROR] LogOutputStream:75 - [STDERR_REDIRECT] [Fatal Error] :1:1: Premature end of file.
2026-01-12 12:18:53,445 [ERROR] LogOutputStream:75 - [STDERR_REDIRECT] 
2026-01-12 12:18:54,454 [ERROR] LogOutputStream:75 - [STDERR_REDIRECT] [Fatal Error] :1:1: Premature end of file.
2026-01-12 12:18:54,454 [ERROR] LogOutputStream:75 - [STDERR_REDIRECT] 
2026-01-12 12:18:55,446 [ERROR] LogOutputStream:75 - [STDERR_REDIRECT] [Fatal Error] :1:1: Premature end of file.
2026-01-12 12:18:55,446 [ERROR] LogOutputStream:75 - [STDERR_REDIRECT] 
2026-01-12 12:18:56,450 [ERROR] LogOutputStream:75 - [STDERR_REDIRECT] [Fatal Error] :1:1: Premature end of file.
2026-01-12 12:18:56,450 [ERROR] LogOutputStream:75 - [STDERR_REDIRECT] 
2026-01-12 12:18:57,444 [ERROR] LogOutputStream:75 - [STDERR_REDIRECT] [Fatal Error] :1:1: Premature end of file.
2026-01-12 12:18:57,444 [ERROR] LogOutputStream:75 - [STDERR_REDIRECT] 
2026-01-12 12:18:58,451 [ERROR] LogOutputStream:75 - [STDERR_REDIRECT] [Fatal Error] :1:1: Premature end of file.
2026-01-12 12:18:58,451 [ERROR] LogOutputStream:75 - [STDERR_REDIRECT] 
2026-01-12 12:18:59,452 [ERROR] LogOutputStream:75 - [STDERR_REDIRECT] [Fatal Error] :1:1: Premature end of file.
2026-01-12 12:18:59,452 [ERROR] LogOutputStream:75 - [STDERR_REDIRECT] 
2026-01-12 12:19:00,467 [ERROR] LogOutputStream:75 - [STDERR_REDIRECT] [Fatal Error] :1:1: Premature end of file.
2026-01-12 12:19:00,467 [ERROR] LogOutputStream:75 - [STDERR_REDIRECT] 
2026-01-12 12:19:01,447 [ERROR] LogOutputStream:75 - [STDERR_REDIRECT] [Fatal Error] :1:1: Premature end of file.
2026-01-12 12:19:01,447 [ERROR] LogOutputStream:75 - [STDERR_REDIRECT] 
2026-01-12 12:19:02,453 [ERROR] LogOutputStream:75 - [STDERR_REDIRECT] [Fatal Error] :1:1: Premature end of file.
2026-01-12 12:19:02,453 [ERROR] LogOutputStream:75 - [STDERR_REDIRECT] 
2026-01-12 12:19:03,446 [ERROR] LogOutputStream:75 - [STDERR_REDIRECT] [Fatal Error] :1:1: Premature end of file.
2026-01-12 12:19:03,446 [ERROR] LogOutputStream:75 - [STDERR_REDIRECT] 
2026-01-12 12:19:04,455 [ERROR] LogOutputStream:75 - [STDERR_REDIRECT] [Fatal Error] :1:1: Premature end of file.
2026-01-12 12:19:04,455 [ERROR] LogOutputStream:75 - [STDERR_REDIRECT] 
2026-01-12 12:19:05,459 [ERROR] LogOutputStream:75 - [STDERR_REDIRECT] [Fatal Error] :1:1: Premature end of file.
2026-01-12 12:19:05,459 [ERROR] LogOutputStream:75 - [STDERR_REDIRECT] 
2026-01-12 12:19:06,442 [ERROR] LogOutputStream:75 - [STDERR_REDIRECT] [Fatal Error] :1:1: Premature end of file.
2026-01-12 12:19:06,442 [ERROR] LogOutputStream:75 - [STDERR_REDIRECT] 
2026-01-12 12:19:07,446 [ERROR] LogOutputStream:75 - [STDERR_REDIRECT] [Fatal Error] :1:1: Premature end of file.
2026-01-12 12:19:07,446 [ERROR] LogOutputStream:75 - [STDERR_REDIRECT] 
2026-01-12 12:19:08,444 [ERROR] LogOutputStream:75 - [STDERR_REDIRECT] [Fatal Error] :1:1: Premature end of file.
2026-01-12 12:19:08,444 [ERROR] LogOutputStream:75 - [STDERR_REDIRECT] 
2026-01-12 12:19:09,467 [ERROR] LogOutputStream:75 - [STDERR_REDIRECT] [Fatal Error] :1:1: Premature end of file.
2026-01-12 12:19:09,467 [ERROR] LogOutputStream:75 - [STDERR_REDIRECT] 
2026-01-12 12:19:10,441 [ERROR] LogOutputStream:75 - [STDERR_REDIRECT] [Fatal Error] :1:1: Premature end of file.
2026-01-12 12:19:10,441 [ERROR] LogOutputStream:75 - [STDERR_REDIRECT] 
2026-01-12 12:19:11,450 [ERROR] LogOutputStream:75 - [STDERR_REDIRECT] [Fatal Error] :1:1: Premature end of file.
2026-01-12 12:19:11,450 [ERROR] LogOutputStream:75 - [STDERR_REDIRECT] 
2026-01-12 12:19:12,451 [ERROR] LogOutputStream:75 - [STDERR_REDIRECT] [Fatal Error] :1:1: Premature end of file.
2026-01-12 12:19:12,451 [ERROR] LogOutputStream:75 - [STDERR_REDIRECT] 
2026-01-12 12:19:13,469 [ERROR] LogOutputStream:75 - [STDERR_REDIRECT] [Fatal Error] :1:1: Premature end of file.
2026-01-12 12:19:13,469 [ERROR] LogOutputStream:75 - [STDERR_REDIRECT] 
2026-01-12 12:19:14,449 [ERROR] LogOutputStream:75 - [STDERR_REDIRECT] [Fatal Error] :1:1: Premature end of file.
2026-01-12 12:19:14,449 [ERROR] LogOutputStream:75 - [STDERR_REDIRECT] 
2026-01-12 12:19:15,453 [ERROR] LogOutputStream:75 - [STDERR_REDIRECT] [Fatal Error] :1:1: Premature end of file.
2026-01-12 12:19:15,453 [ERROR] LogOutputStream:75 - [STDERR_REDIRECT] 
2026-01-12 12:19:16,451 [ERROR] LogOutputStream:75 - [STDERR_REDIRECT] [Fatal Error] :1:1: Premature end of file.
2026-01-12 12:19:16,451 [ERROR] LogOutputStream:75 - [STDERR_REDIRECT] 
2026-01-12 12:19:17,466 [ERROR] LogOutputStream:75 - [STDERR_REDIRECT] [Fatal Error] :1:1: Premature end of file.
2026-01-12 12:19:17,466 [ERROR] LogOutputStream:75 - [STDERR_REDIRECT] 
2026-01-12 12:19:18,444 [ERROR] LogOutputStream:75 - [STDERR_REDIRECT] [Fatal Error] :1:1: Premature end of file.
2026-01-12 12:19:18,444 [ERROR] LogOutputStream:75 - [STDERR_REDIRECT] 
2026-01-12 12:19:19,456 [ERROR] LogOutputStream:75 - [STDERR_REDIRECT] [Fatal Error] :1:1: Premature end of file.
2026-01-12 12:19:19,456 [ERROR] LogOutputStream:75 - [STDERR_REDIRECT] 
2026-01-12 12:19:20,442 [ERROR] LogOutputStream:75 - [STDERR_REDIRECT] [Fatal Error] :1:1: Premature end of file.
2026-01-12 12:19:20,442 [ERROR] LogOutputStream:75 - [STDERR_REDIRECT] 
2026-01-12 12:19:21,444 [ERROR] LogOutputStream:75 - [STDERR_REDIRECT] [Fatal Error] :1:1: Premature end of file.
2026-01-12 12:19:21,444 [ERROR] LogOutputStream:75 - [STDERR_REDIRECT] 
2026-01-12 12:19:22,447 [ERROR] LogOutputStream:75 - [STDERR_REDIRECT] [Fatal Error] :1:1: Premature end of file.
2026-01-12 12:19:22,447 [ERROR] LogOutputStream:75 - [STDERR_REDIRECT] 
2026-01-12 12:19:23,448 [ERROR] LogOutputStream:75 - [STDERR_REDIRECT] [Fatal Error] :1:1: Premature end of file.
2026-01-12 12:19:23,448 [ERROR] LogOutputStream:75 - [STDERR_REDIRECT] 
2026-01-12 12:19:24,465 [ERROR] LogOutputStream:75 - [STDERR_REDIRECT] [Fatal Error] :1:1: Premature end of file.
2026-01-12 12:19:24,465 [ERROR] LogOutputStream:75 - [STDERR_REDIRECT] 
2026-01-12 12:19:25,441 [ERROR] LogOutputStream:75 - [STDERR_REDIRECT] [Fatal Error] :1:1: Premature end of file.
2026-01-12 12:19:25,441 [ERROR] LogOutputStream:75 - [STDERR_REDIRECT] 
2026-01-12 12:19:26,445 [ERROR] LogOutputStream:75 - [STDERR_REDIRECT] [Fatal Error] :1:1: Premature end of file.
2026-01-12 12:19:26,445 [ERROR] LogOutputStream:75 - [STDERR_REDIRECT] 
2026-01-12 12:19:27,474 [ERROR] LogOutputStream:75 - [STDERR_REDIRECT] [Fatal Error] :1:1: Premature end of file.
2026-01-12 12:19:27,474 [ERROR] LogOutputStream:75 - [STDERR_REDIRECT] 
2026-01-12 12:19:28,444 [ERROR] LogOutputStream:75 - [STDERR_REDIRECT] [Fatal Error] :1:1: Premature end of file.
2026-01-12 12:19:28,444 [ERROR] LogOutputStream:75 - [STDERR_REDIRECT] 
2026-01-12 12:19:29,443 [ERROR] LogOutputStream:75 - [STDERR_REDIRECT] [Fatal Error] :1:1: Premature end of file.
2026-01-12 12:19:29,443 [ERROR] LogOutputStream:75 - [STDERR_REDIRECT] 
2026-01-12 12:19:30,442 [ERROR] LogOutputStream:75 - [STDERR_REDIRECT] [Fatal Error] :1:1: Premature end of file.
2026-01-12 12:19:30,442 [ERROR] LogOutputStream:75 - [STDERR_REDIRECT] 
2026-01-12 12:19:31,453 [ERROR] LogOutputStream:75 - [STDERR_REDIRECT] [Fatal Error] :1:1: Premature end of file.
2026-01-12 12:19:31,453 [ERROR] LogOutputStream:75 - [STDERR_REDIRECT] 
2026-01-12 12:19:32,451 [ERROR] LogOutputStream:75 - [STDERR_REDIRECT] [Fatal Error] :1:1: Premature end of file.
2026-01-12 12:19:32,451 [ERROR] LogOutputStream:75 - [STDERR_REDIRECT] 
2026-01-12 12:19:33,444 [ERROR] LogOutputStream:75 - [STDERR_REDIRECT] [Fatal Error] :1:1: Premature end of file.
2026-01-12 12:19:33,444 [ERROR] LogOutputStream:75 - [STDERR_REDIRECT] 
2026-01-12 12:19:34,446 [ERROR] LogOutputStream:75 - [STDERR_REDIRECT] [Fatal Error] :1:1: Premature end of file.
2026-01-12 12:19:34,446 [ERROR] LogOutputStream:75 - [STDERR_REDIRECT] 
2026-01-12 12:19:35,448 [ERROR] LogOutputStream:75 - [STDERR_REDIRECT] [Fatal Error] :1:1: Premature end of file.
2026-01-12 12:19:35,448 [ERROR] LogOutputStream:75 - [STDERR_REDIRECT] 
2026-01-12 12:19:36,443 [ERROR] LogOutputStream:75 - [STDERR_REDIRECT] [Fatal Error] :1:1: Premature end of file.
2026-01-12 12:19:36,443 [ERROR] LogOutputStream:75 - [STDERR_REDIRECT] 
2026-01-12 12:19:37,452 [ERROR] LogOutputStream:75 - [STDERR_REDIRECT] [Fatal Error] :1:1: Premature end of file.
2026-01-12 12:19:37,452 [ERROR] LogOutputStream:75 - [STDERR_REDIRECT] 
2026-01-12 12:19:38,455 [ERROR] LogOutputStream:75 - [STDERR_REDIRECT] [Fatal Error] :1:1: Premature end of file.
2026-01-12 12:19:38,455 [ERROR] LogOutputStream:75 - [STDERR_REDIRECT] 
2026-01-12 12:19:39,454 [ERROR] LogOutputStream:75 - [STDERR_REDIRECT] [Fatal Error] :1:1: Premature end of file.
2026-01-12 12:19:39,454 [ERROR] LogOutputStream:75 - [STDERR_REDIRECT] 
2026-01-12 12:19:40,453 [ERROR] LogOutputStream:75 - [STDERR_REDIRECT] [Fatal Error] :1:1: Premature end of file.
2026-01-12 12:19:40,453 [ERROR] LogOutputStream:75 - [STDERR_REDIRECT] 
2026-01-12 12:19:41,447 [ERROR] LogOutputStream:75 - [STDERR_REDIRECT] [Fatal Error] :1:1: Premature end of file.
2026-01-12 12:19:41,447 [ERROR] LogOutputStream:75 - [STDERR_REDIRECT] 
2026-01-12 12:19:42,453 [ERROR] LogOutputStream:75 - [STDERR_REDIRECT] [Fatal Error] :1:1: Premature end of file.
2026-01-12 12:19:42,453 [ERROR] LogOutputStream:75 - [STDERR_REDIRECT] 
2026-01-12 12:19:43,455 [ERROR] LogOutputStream:75 - [STDERR_REDIRECT] [Fatal Error] :1:1: Premature end of file.
2026-01-12 12:19:43,455 [ERROR] LogOutputStream:75 - [STDERR_REDIRECT] 
2026-01-12 12:19:44,457 [ERROR] LogOutputStream:75 - [STDERR_REDIRECT] [Fatal Error] :1:1: Premature end of file.
2026-01-12 12:19:44,457 [ERROR] LogOutputStream:75 - [STDERR_REDIRECT] 
2026-01-12 12:19:45,450 [ERROR] LogOutputStream:75 - [STDERR_REDIRECT] [Fatal Error] :1:1: Premature end of file.
2026-01-12 12:19:45,450 [ERROR] LogOutputStream:75 - [STDERR_REDIRECT] 
2026-01-12 12:19:46,453 [ERROR] LogOutputStream:75 - [STDERR_REDIRECT] [Fatal Error] :1:1: Premature end of file.
2026-01-12 12:19:46,453 [ERROR] LogOutputStream:75 - [STDERR_REDIRECT] 
2026-01-12 12:19:47,454 [ERROR] LogOutputStream:75 - [STDERR_REDIRECT] [Fatal Error] :1:1: Premature end of file.
2026-01-12 12:19:47,454 [ERROR] LogOutputStream:75 - [STDERR_REDIRECT] 
2026-01-12 12:19:48,462 [ERROR] LogOutputStream:75 - [STDERR_REDIRECT] [Fatal Error] :1:1: Premature end of file.
2026-01-12 12:19:48,462 [ERROR] LogOutputStream:75 - [STDERR_REDIRECT] 
2026-01-12 12:19:49,454 [ERROR] LogOutputStream:75 - [STDERR_REDIRECT] [Fatal Error] :1:1: Premature end of file.
2026-01-12 12:19:49,454 [ERROR] LogOutputStream:75 - [STDERR_REDIRECT] 
2026-01-12 12:19:50,443 [ERROR] LogOutputStream:75 - [STDERR_REDIRECT] [Fatal Error] :1:1: Premature end of file.
2026-01-12 12:19:50,443 [ERROR] LogOutputStream:75 - [STDERR_REDIRECT] 
2026-01-12 12:19:51,444 [ERROR] LogOutputStream:75 - [STDERR_REDIRECT] [Fatal Error] :1:1: Premature end of file.
2026-01-12 12:19:51,444 [ERROR] LogOutputStream:75 - [STDERR_REDIRECT] 
2026-01-12 12:19:52,454 [ERROR] LogOutputStream:75 - [STDERR_REDIRECT] [Fatal Error] :1:1: Premature end of file.
2026-01-12 12:19:52,454 [ERROR] LogOutputStream:75 - [STDERR_REDIRECT] 
2026-01-12 12:19:53,456 [ERROR] LogOutputStream:75 - [STDERR_REDIRECT] [Fatal Error] :1:1: Premature end of file.
2026-01-12 12:19:53,456 [ERROR] LogOutputStream:75 - [STDERR_REDIRECT] 
2026-01-12 12:19:54,450 [ERROR] LogOutputStream:75 - [STDERR_REDIRECT] [Fatal Error] :1:1: Premature end of file.
2026-01-12 12:19:54,450 [ERROR] LogOutputStream:75 - [STDERR_REDIRECT] 
2026-01-12 12:19:55,446 [ERROR] LogOutputStream:75 - [STDERR_REDIRECT] [Fatal Error] :1:1: Premature end of file.
2026-01-12 12:19:55,446 [ERROR] LogOutputStream:75 - [STDERR_REDIRECT] 
2026-01-12 12:19:56,448 [ERROR] LogOutputStream:75 - [STDERR_REDIRECT] [Fatal Error] :1:1: Premature end of file.
2026-01-12 12:19:56,448 [ERROR] LogOutputStream:75 - [STDERR_REDIRECT] 
2026-01-12 12:19:57,447 [ERROR] LogOutputStream:75 - [STDERR_REDIRECT] [Fatal Error] :1:1: Premature end of file.
2026-01-12 12:19:57,447 [ERROR] LogOutputStream:75 - [STDERR_REDIRECT] 
2026-01-12 12:19:58,455 [ERROR] LogOutputStream:75 - [STDERR_REDIRECT] [Fatal Error] :1:1: Premature end of file.
2026-01-12 12:19:58,455 [ERROR] LogOutputStream:75 - [STDERR_REDIRECT] 
2026-01-12 12:19:59,448 [ERROR] LogOutputStream:75 - [STDERR_REDIRECT] [Fatal Error] :1:1: Premature end of file.
2026-01-12 12:19:59,448 [ERROR] LogOutputStream:75 - [STDERR_REDIRECT] 
2026-01-12 12:20:00,439 [ERROR] LogOutputStream:75 - [STDERR_REDIRECT] [Fatal Error] :1:1: Premature end of file.
2026-01-12 12:20:00,439 [ERROR] LogOutputStream:75 - [STDERR_REDIRECT] 
2026-01-12 12:20:01,455 [ERROR] LogOutputStream:75 - [STDERR_REDIRECT] [Fatal Error] :1:1: Premature end of file.
2026-01-12 12:20:01,455 [ERROR] LogOutputStream:75 - [STDERR_REDIRECT] 
2026-01-12 12:20:02,440 [ERROR] LogOutputStream:75 - [STDERR_REDIRECT] [Fatal Error] :1:1: Premature end of file.
2026-01-12 12:20:02,440 [ERROR] LogOutputStream:75 - [STDERR_REDIRECT] 
2026-01-12 12:20:03,450 [ERROR] LogOutputStream:75 - [STDERR_REDIRECT] [Fatal Error] :1:1: Premature end of file.
2026-01-12 12:20:03,450 [ERROR] LogOutputStream:75 - [STDERR_REDIRECT] 
2026-01-12 12:20:04,452 [ERROR] LogOutputStream:75 - [STDERR_REDIRECT] [Fatal Error] :1:1: Premature end of file.
2026-01-12 12:20:04,452 [ERROR] LogOutputStream:75 - [STDERR_REDIRECT] 
2026-01-12 12:20:05,445 [ERROR] LogOutputStream:75 - [STDERR_REDIRECT] [Fatal Error] :1:1: Premature end of file.
2026-01-12 12:20:05,445 [ERROR] LogOutputStream:75 - [STDERR_REDIRECT] 
2026-01-12 12:20:06,444 [ERROR] LogOutputStream:75 - [STDERR_REDIRECT] [Fatal Error] :1:1: Premature end of file.
2026-01-12 12:20:06,444 [ERROR] LogOutputStream:75 - [STDERR_REDIRECT] 
2026-01-12 12:20:07,450 [ERROR] LogOutputStream:75 - [STDERR_REDIRECT] [Fatal Error] :1:1: Premature end of file.
2026-01-12 12:20:07,450 [ERROR] LogOutputStream:75 - [STDERR_REDIRECT] 
2026-01-12 12:20:08,451 [ERROR] LogOutputStream:75 - [STDERR_REDIRECT] [Fatal Error] :1:1: Premature end of file.
2026-01-12 12:20:08,451 [ERROR] LogOutputStream:75 - [STDERR_REDIRECT] 
2026-01-12 12:20:09,462 [ERROR] LogOutputStream:75 - [STDERR_REDIRECT] [Fatal Error] :1:1: Premature end of file.
2026-01-12 12:20:09,462 [ERROR] LogOutputStream:75 - [STDERR_REDIRECT] 
2026-01-12 12:20:10,457 [ERROR] LogOutputStream:75 - [STDERR_REDIRECT] [Fatal Error] :1:1: Premature end of file.
2026-01-12 12:20:10,457 [ERROR] LogOutputStream:75 - [STDERR_REDIRECT] 
2026-01-12 12:20:11,457 [ERROR] LogOutputStream:75 - [STDERR_REDIRECT] [Fatal Error] :1:1: Premature end of file.
2026-01-12 12:20:11,458 [ERROR] LogOutputStream:75 - [STDERR_REDIRECT] 
2026-01-12 12:20:12,442 [ERROR] LogOutputStream:75 - [STDERR_REDIRECT] [Fatal Error] :1:1: Premature end of file.
2026-01-12 12:20:12,442 [ERROR] LogOutputStream:75 - [STDERR_REDIRECT] 
2026-01-12 12:20:13,465 [ERROR] LogOutputStream:75 - [STDERR_REDIRECT] [Fatal Error] :1:1: Premature end of file.
2026-01-12 12:20:13,465 [ERROR] LogOutputStream:75 - [STDERR_REDIRECT] 
2026-01-12 12:20:14,449 [ERROR] LogOutputStream:75 - [STDERR_REDIRECT] [Fatal Error] :1:1: Premature end of file.
2026-01-12 12:20:14,449 [ERROR] LogOutputStream:75 - [STDERR_REDIRECT] 
2026-01-12 12:20:15,444 [ERROR] LogOutputStream:75 - [STDERR_REDIRECT] [Fatal Error] :1:1: Premature end of file.
2026-01-12 12:20:15,444 [ERROR] LogOutputStream:75 - [STDERR_REDIRECT] 
2026-01-12 12:20:16,449 [ERROR] LogOutputStream:75 - [STDERR_REDIRECT] [Fatal Error] :1:1: Premature end of file.
2026-01-12 12:20:16,449 [ERROR] LogOutputStream:75 - [STDERR_REDIRECT] 
2026-01-12 12:20:17,451 [ERROR] LogOutputStream:75 - [STDERR_REDIRECT] [Fatal Error] :1:1: Premature end of file.
2026-01-12 12:20:17,451 [ERROR] LogOutputStream:75 - [STDERR_REDIRECT] 
2026-01-12 12:20:18,452 [ERROR] LogOutputStream:75 - [STDERR_REDIRECT] [Fatal Error] :1:1: Premature end of file.
2026-01-12 12:20:18,452 [ERROR] LogOutputStream:75 - [STDERR_REDIRECT] 
2026-01-12 12:20:19,457 [ERROR] LogOutputStream:75 - [STDERR_REDIRECT] [Fatal Error] :1:1: Premature end of file.
2026-01-12 12:20:19,457 [ERROR] LogOutputStream:75 - [STDERR_REDIRECT] 
2026-01-12 12:20:20,454 [ERROR] LogOutputStream:75 - [STDERR_REDIRECT] [Fatal Error] :1:1: Premature end of file.
2026-01-12 12:20:20,455 [ERROR] LogOutputStream:75 - [STDERR_REDIRECT] 
2026-01-12 12:20:21,444 [ERROR] LogOutputStream:75 - [STDERR_REDIRECT] [Fatal Error] :1:1: Premature end of file.
2026-01-12 12:20:21,444 [ERROR] LogOutputStream:75 - [STDERR_REDIRECT] 
2026-01-12 12:20:22,449 [ERROR] LogOutputStream:75 - [STDERR_REDIRECT] [Fatal Error] :1:1: Premature end of file.
2026-01-12 12:20:22,449 [ERROR] LogOutputStream:75 - [STDERR_REDIRECT] 
2026-01-12 12:20:23,455 [ERROR] LogOutputStream:75 - [STDERR_REDIRECT] [Fatal Error] :1:1: Premature end of file.
2026-01-12 12:20:23,455 [ERROR] LogOutputStream:75 - [STDERR_REDIRECT] 
2026-01-12 12:20:24,453 [ERROR] LogOutputStream:75 - [STDERR_REDIRECT] [Fatal Error] :1:1: Premature end of file.
2026-01-12 12:20:24,453 [ERROR] LogOutputStream:75 - [STDERR_REDIRECT] 
2026-01-12 12:20:25,442 [ERROR] LogOutputStream:75 - [STDERR_REDIRECT] [Fatal Error] :1:1: Premature end of file.
2026-01-12 12:20:25,442 [ERROR] LogOutputStream:75 - [STDERR_REDIRECT] 
2026-01-12 12:20:26,463 [ERROR] LogOutputStream:75 - [STDERR_REDIRECT] [Fatal Error] :1:1: Premature end of file.
2026-01-12 12:20:26,463 [ERROR] LogOutputStream:75 - [STDERR_REDIRECT] 
2026-01-12 12:20:27,446 [ERROR] LogOutputStream:75 - [STDERR_REDIRECT] [Fatal Error] :1:1: Premature end of file.
2026-01-12 12:20:27,446 [ERROR] LogOutputStream:75 - [STDERR_REDIRECT] 
2026-01-12 12:20:28,446 [ERROR] LogOutputStream:75 - [STDERR_REDIRECT] [Fatal Error] :1:1: Premature end of file.
2026-01-12 12:20:28,446 [ERROR] LogOutputStream:75 - [STDERR_REDIRECT] 
2026-01-12 12:20:29,442 [ERROR] LogOutputStream:75 - [STDERR_REDIRECT] [Fatal Error] :1:1: Premature end of file.
2026-01-12 12:20:29,442 [ERROR] LogOutputStream:75 - [STDERR_REDIRECT] 
2026-01-12 12:20:30,445 [ERROR] LogOutputStream:75 - [STDERR_REDIRECT] [Fatal Error] :1:1: Premature end of file.
2026-01-12 12:20:30,445 [ERROR] LogOutputStream:75 - [STDERR_REDIRECT] 
2026-01-12 12:20:31,441 [ERROR] LogOutputStream:75 - [STDERR_REDIRECT] [Fatal Error] :1:1: Premature end of file.
2026-01-12 12:20:31,441 [ERROR] LogOutputStream:75 - [STDERR_REDIRECT] 
2026-01-12 12:20:32,441 [ERROR] LogOutputStream:75 - [STDERR_REDIRECT] [Fatal Error] :1:1: Premature end of file.
2026-01-12 12:20:32,441 [ERROR] LogOutputStream:75 - [STDERR_REDIRECT] 
2026-01-12 12:20:33,455 [ERROR] LogOutputStream:75 - [STDERR_REDIRECT] [Fatal Error] :1:1: Premature end of file.
2026-01-12 12:20:33,455 [ERROR] LogOutputStream:75 - [STDERR_REDIRECT] 
2026-01-12 12:20:34,440 [ERROR] LogOutputStream:75 - [STDERR_REDIRECT] [Fatal Error] :1:1: Premature end of file.
2026-01-12 12:20:34,440 [ERROR] LogOutputStream:75 - [STDERR_REDIRECT] 
2026-01-12 12:20:35,452 [ERROR] LogOutputStream:75 - [STDERR_REDIRECT] [Fatal Error] :1:1: Premature end of file.
2026-01-12 12:20:35,452 [ERROR] LogOutputStream:75 - [STDERR_REDIRECT] 
2026-01-12 12:20:36,458 [ERROR] LogOutputStream:75 - [STDERR_REDIRECT] [Fatal Error] :1:1: Premature end of file.
2026-01-12 12:20:36,458 [ERROR] LogOutputStream:75 - [STDERR_REDIRECT] 
2026-01-12 12:20:37,465 [ERROR] LogOutputStream:75 - [STDERR_REDIRECT] [Fatal Error] :1:1: Premature end of file.
2026-01-12 12:20:37,465 [ERROR] LogOutputStream:75 - [STDERR_REDIRECT] 
2026-01-12 12:20:38,444 [ERROR] LogOutputStream:75 - [STDERR_REDIRECT] [Fatal Error] :1:1: Premature end of file.
2026-01-12 12:20:38,444 [ERROR] LogOutputStream:75 - [STDERR_REDIRECT] 
2026-01-12 12:20:39,452 [ERROR] LogOutputStream:75 - [STDERR_REDIRECT] [Fatal Error] :1:1: Premature end of file.
2026-01-12 12:20:39,452 [ERROR] LogOutputStream:75 - [STDERR_REDIRECT] 
2026-01-12 12:20:40,448 [ERROR] LogOutputStream:75 - [STDERR_REDIRECT] [Fatal Error] :1:1: Premature end of file.
2026-01-12 12:20:40,448 [ERROR] LogOutputStream:75 - [STDERR_REDIRECT] 
2026-01-12 12:20:41,451 [ERROR] LogOutputStream:75 - [STDERR_REDIRECT] [Fatal Error] :1:1: Premature end of file.
2026-01-12 12:20:41,451 [ERROR] LogOutputStream:75 - [STDERR_REDIRECT] 
2026-01-12 12:20:42,462 [ERROR] LogOutputStream:75 - [STDERR_REDIRECT] [Fatal Error] :1:1: Premature end of file.
2026-01-12 12:20:42,462 [ERROR] LogOutputStream:75 - [STDERR_REDIRECT] 
2026-01-12 12:20:43,449 [ERROR] LogOutputStream:75 - [STDERR_REDIRECT] [Fatal Error] :1:1: Premature end of file.
2026-01-12 12:20:43,449 [ERROR] LogOutputStream:75 - [STDERR_REDIRECT] 
2026-01-12 12:20:44,443 [ERROR] LogOutputStream:75 - [STDERR_REDIRECT] [Fatal Error] :1:1: Premature end of file.
2026-01-12 12:20:44,443 [ERROR] LogOutputStream:75 - [STDERR_REDIRECT] 
2026-01-12 12:20:45,447 [ERROR] LogOutputStream:75 - [STDERR_REDIRECT] [Fatal Error] :1:1: Premature end of file.
2026-01-12 12:20:45,447 [ERROR] LogOutputStream:75 - [STDERR_REDIRECT] 
2026-01-12 12:20:46,440 [ERROR] LogOutputStream:75 - [STDERR_REDIRECT] [Fatal Error] :1:1: Premature end of file.
2026-01-12 12:20:46,440 [ERROR] LogOutputStream:75 - [STDERR_REDIRECT] 
2026-01-12 12:20:47,451 [ERROR] LogOutputStream:75 - [STDERR_REDIRECT] [Fatal Error] :1:1: Premature end of file.
2026-01-12 12:20:47,451 [ERROR] LogOutputStream:75 - [STDERR_REDIRECT] 
2026-01-12 12:20:48,453 [ERROR] LogOutputStream:75 - [STDERR_REDIRECT] [Fatal Error] :1:1: Premature end of file.
2026-01-12 12:20:48,453 [ERROR] LogOutputStream:75 - [STDERR_REDIRECT] 
2026-01-12 12:20:49,447 [ERROR] LogOutputStream:75 - [STDERR_REDIRECT] [Fatal Error] :1:1: Premature end of file.
2026-01-12 12:20:49,447 [ERROR] LogOutputStream:75 - [STDERR_REDIRECT] 
2026-01-12 12:20:50,443 [ERROR] LogOutputStream:75 - [STDERR_REDIRECT] [Fatal Error] :1:1: Premature end of file.
2026-01-12 12:20:50,443 [ERROR] LogOutputStream:75 - [STDERR_REDIRECT] 
2026-01-12 12:20:51,457 [ERROR] LogOutputStream:75 - [STDERR_REDIRECT] [Fatal Error] :1:1: Premature end of file.
2026-01-12 12:20:51,457 [ERROR] LogOutputStream:75 - [STDERR_REDIRECT] 
2026-01-12 12:20:52,450 [ERROR] LogOutputStream:75 - [STDERR_REDIRECT] [Fatal Error] :1:1: Premature end of file.
2026-01-12 12:20:52,450 [ERROR] LogOutputStream:75 - [STDERR_REDIRECT] 
2026-01-12 12:20:53,452 [ERROR] LogOutputStream:75 - [STDERR_REDIRECT] [Fatal Error] :1:1: Premature end of file.
2026-01-12 12:20:53,452 [ERROR] LogOutputStream:75 - [STDERR_REDIRECT] 
2026-01-12 12:20:54,455 [ERROR] LogOutputStream:75 - [STDERR_REDIRECT] [Fatal Error] :1:1: Premature end of file.
2026-01-12 12:20:54,455 [ERROR] LogOutputStream:75 - [STDERR_REDIRECT] 
2026-01-12 12:20:55,446 [ERROR] LogOutputStream:75 - [STDERR_REDIRECT] [Fatal Error] :1:1: Premature end of file.
2026-01-12 12:20:55,446 [ERROR] LogOutputStream:75 - [STDERR_REDIRECT] 
2026-01-12 12:20:56,447 [ERROR] LogOutputStream:75 - [STDERR_REDIRECT] [Fatal Error] :1:1: Premature end of file.
2026-01-12 12:20:56,447 [ERROR] LogOutputStream:75 - [STDERR_REDIRECT] 
2026-01-12 12:20:57,454 [ERROR] LogOutputStream:75 - [STDERR_REDIRECT] [Fatal Error] :1:1: Premature end of file.
2026-01-12 12:20:57,454 [ERROR] LogOutputStream:75 - [STDERR_REDIRECT] 
2026-01-12 12:20:58,459 [ERROR] LogOutputStream:75 - [STDERR_REDIRECT] [Fatal Error] :1:1: Premature end of file.
2026-01-12 12:20:58,459 [ERROR] LogOutputStream:75 - [STDERR_REDIRECT] 
2026-01-12 12:20:59,451 [ERROR] LogOutputStream:75 - [STDERR_REDIRECT] [Fatal Error] :1:1: Premature end of file.
2026-01-12 12:20:59,451 [ERROR] LogOutputStream:75 - [STDERR_REDIRECT] 
2026-01-12 12:21:00,447 [ERROR] LogOutputStream:75 - [STDERR_REDIRECT] [Fatal Error] :1:1: Premature end of file.
2026-01-12 12:21:00,447 [ERROR] LogOutputStream:75 - [STDERR_REDIRECT] 
2026-01-12 12:21:01,443 [ERROR] LogOutputStream:75 - [STDERR_REDIRECT] [Fatal Error] :1:1: Premature end of file.
2026-01-12 12:21:01,443 [ERROR] LogOutputStream:75 - [STDERR_REDIRECT] 
2026-01-12 12:21:02,453 [ERROR] LogOutputStream:75 - [STDERR_REDIRECT] [Fatal Error] :1:1: Premature end of file.
2026-01-12 12:21:02,453 [ERROR] LogOutputStream:75 - [STDERR_REDIRECT] 
2026-01-12 12:21:03,457 [ERROR] LogOutputStream:75 - [STDERR_REDIRECT] [Fatal Error] :1:1: Premature end of file.
2026-01-12 12:21:03,457 [ERROR] LogOutputStream:75 - [STDERR_REDIRECT] 
2026-01-12 12:21:04,450 [ERROR] LogOutputStream:75 - [STDERR_REDIRECT] [Fatal Error] :1:1: Premature end of file.
2026-01-12 12:21:04,450 [ERROR] LogOutputStream:75 - [STDERR_REDIRECT] 
2026-01-12 12:21:05,450 [ERROR] LogOutputStream:75 - [STDERR_REDIRECT] [Fatal Error] :1:1: Premature end of file.
2026-01-12 12:21:05,450 [ERROR] LogOutputStream:75 - [STDERR_REDIRECT] 
2026-01-12 12:21:06,452 [ERROR] LogOutputStream:75 - [STDERR_REDIRECT] [Fatal Error] :1:1: Premature end of file.
2026-01-12 12:21:06,452 [ERROR] LogOutputStream:75 - [STDERR_REDIRECT] 
2026-01-12 12:21:07,469 [ERROR] LogOutputStream:75 - [STDERR_REDIRECT] [Fatal Error] :1:1: Premature end of file.
2026-01-12 12:21:07,469 [ERROR] LogOutputStream:75 - [STDERR_REDIRECT] 
2026-01-12 12:21:08,446 [ERROR] LogOutputStream:75 - [STDERR_REDIRECT] [Fatal Error] :1:1: Premature end of file.
2026-01-12 12:21:08,446 [ERROR] LogOutputStream:75 - [STDERR_REDIRECT] 
2026-01-12 12:21:09,448 [ERROR] LogOutputStream:75 - [STDERR_REDIRECT] [Fatal Error] :1:1: Premature end of file.
2026-01-12 12:21:09,448 [ERROR] LogOutputStream:75 - [STDERR_REDIRECT] 
2026-01-12 12:21:10,450 [ERROR] LogOutputStream:75 - [STDERR_REDIRECT] [Fatal Error] :1:1: Premature end of file.
2026-01-12 12:21:10,450 [ERROR] LogOutputStream:75 - [STDERR_REDIRECT] 
2026-01-12 12:21:11,452 [ERROR] LogOutputStream:75 - [STDERR_REDIRECT] [Fatal Error] :1:1: Premature end of file.
2026-01-12 12:21:11,452 [ERROR] LogOutputStream:75 - [STDERR_REDIRECT] 
2026-01-12 12:21:12,455 [ERROR] LogOutputStream:75 - [STDERR_REDIRECT] [Fatal Error] :1:1: Premature end of file.
2026-01-12 12:21:12,455 [ERROR] LogOutputStream:75 - [STDERR_REDIRECT] 
2026-01-12 12:21:13,452 [ERROR] LogOutputStream:75 - [STDERR_REDIRECT] [Fatal Error] :1:1: Premature end of file.
2026-01-12 12:21:13,452 [ERROR] LogOutputStream:75 - [STDERR_REDIRECT] 
2026-01-12 12:21:14,444 [ERROR] LogOutputStream:75 - [STDERR_REDIRECT] [Fatal Error] :1:1: Premature end of file.
2026-01-12 12:21:14,444 [ERROR] LogOutputStream:75 - [STDERR_REDIRECT] 
2026-01-12 12:21:15,456 [ERROR] LogOutputStream:75 - [STDERR_REDIRECT] [Fatal Error] :1:1: Premature end of file.
2026-01-12 12:21:15,456 [ERROR] LogOutputStream:75 - [STDERR_REDIRECT] 
2026-01-12 12:21:16,457 [ERROR] LogOutputStream:75 - [STDERR_REDIRECT] [Fatal Error] :1:1: Premature end of file.
2026-01-12 12:21:16,457 [ERROR] LogOutputStream:75 - [STDERR_REDIRECT] 
2026-01-12 12:21:17,447 [ERROR] LogOutputStream:75 - [STDERR_REDIRECT] [Fatal Error] :1:1: Premature end of file.
2026-01-12 12:21:17,447 [ERROR] LogOutputStream:75 - [STDERR_REDIRECT] 
2026-01-12 12:21:18,449 [ERROR] LogOutputStream:75 - [STDERR_REDIRECT] [Fatal Error] :1:1: Premature end of file.
2026-01-12 12:21:18,449 [ERROR] LogOutputStream:75 - [STDERR_REDIRECT] 
2026-01-12 12:21:19,451 [ERROR] LogOutputStream:75 - [STDERR_REDIRECT] [Fatal Error] :1:1: Premature end of file.
2026-01-12 12:21:19,451 [ERROR] LogOutputStream:75 - [STDERR_REDIRECT] 
2026-01-12 12:21:20,454 [ERROR] LogOutputStream:75 - [STDERR_REDIRECT] [Fatal Error] :1:1: Premature end of file.
2026-01-12 12:21:20,454 [ERROR] LogOutputStream:75 - [STDERR_REDIRECT] 
2026-01-12 12:21:21,448 [ERROR] LogOutputStream:75 - [STDERR_REDIRECT] [Fatal Error] :1:1: Premature end of file.
2026-01-12 12:21:21,448 [ERROR] LogOutputStream:75 - [STDERR_REDIRECT] 
2026-01-12 12:21:22,445 [ERROR] LogOutputStream:75 - [STDERR_REDIRECT] [Fatal Error] :1:1: Premature end of file.
2026-01-12 12:21:22,445 [ERROR] LogOutputStream:75 - [STDERR_REDIRECT] 
2026-01-12 12:21:23,457 [ERROR] LogOutputStream:75 - [STDERR_REDIRECT] [Fatal Error] :1:1: Premature end of file.
2026-01-12 12:21:23,457 [ERROR] LogOutputStream:75 - [STDERR_REDIRECT] 
2026-01-12 12:21:24,457 [ERROR] LogOutputStream:75 - [STDERR_REDIRECT] [Fatal Error] :1:1: Premature end of file.
2026-01-12 12:21:24,457 [ERROR] LogOutputStream:75 - [STDERR_REDIRECT] 
2026-01-12 12:21:25,452 [ERROR] LogOutputStream:75 - [STDERR_REDIRECT] [Fatal Error] :1:1: Premature end of file.
2026-01-12 12:21:25,452 [ERROR] LogOutputStream:75 - [STDERR_REDIRECT] 
2026-01-12 12:21:26,453 [ERROR] LogOutputStream:75 - [STDERR_REDIRECT] [Fatal Error] :1:1: Premature end of file.
2026-01-12 12:21:26,453 [ERROR] LogOutputStream:75 - [STDERR_REDIRECT] 
2026-01-12 12:21:27,441 [ERROR] LogOutputStream:75 - [STDERR_REDIRECT] [Fatal Error] :1:1: Premature end of file.
2026-01-12 12:21:27,441 [ERROR] LogOutputStream:75 - [STDERR_REDIRECT] 
2026-01-12 12:21:28,450 [ERROR] LogOutputStream:75 - [STDERR_REDIRECT] [Fatal Error] :1:1: Premature end of file.
2026-01-12 12:21:28,450 [ERROR] LogOutputStream:75 - [STDERR_REDIRECT] 
2026-01-12 12:21:29,450 [ERROR] LogOutputStream:75 - [STDERR_REDIRECT] [Fatal Error] :1:1: Premature end of file.
2026-01-12 12:21:29,450 [ERROR] LogOutputStream:75 - [STDERR_REDIRECT] 
2026-01-12 12:21:30,451 [ERROR] LogOutputStream:75 - [STDERR_REDIRECT] [Fatal Error] :1:1: Premature end of file.
2026-01-12 12:21:30,451 [ERROR] LogOutputStream:75 - [STDERR_REDIRECT] 
2026-01-12 12:21:31,443 [ERROR] LogOutputStream:75 - [STDERR_REDIRECT] [Fatal Error] :1:1: Premature end of file.
2026-01-12 12:21:31,443 [ERROR] LogOutputStream:75 - [STDERR_REDIRECT] 
2026-01-12 12:21:32,453 [ERROR] LogOutputStream:75 - [STDERR_REDIRECT] [Fatal Error] :1:1: Premature end of file.
2026-01-12 12:21:32,453 [ERROR] LogOutputStream:75 - [STDERR_REDIRECT] 
2026-01-12 12:21:33,448 [ERROR] LogOutputStream:75 - [STDERR_REDIRECT] [Fatal Error] :1:1: Premature end of file.
2026-01-12 12:21:33,448 [ERROR] LogOutputStream:75 - [STDERR_REDIRECT] 
2026-01-12 12:21:34,449 [ERROR] LogOutputStream:75 - [STDERR_REDIRECT] [Fatal Error] :1:1: Premature end of file.
2026-01-12 12:21:34,449 [ERROR] LogOutputStream:75 - [STDERR_REDIRECT] 
2026-01-12 12:21:35,453 [ERROR] LogOutputStream:75 - [STDERR_REDIRECT] [Fatal Error] :1:1: Premature end of file.
2026-01-12 12:21:35,453 [ERROR] LogOutputStream:75 - [STDERR_REDIRECT] 
2026-01-12 12:21:36,440 [ERROR] LogOutputStream:75 - [STDERR_REDIRECT] [Fatal Error] :1:1: Premature end of file.
2026-01-12 12:21:36,440 [ERROR] LogOutputStream:75 - [STDERR_REDIRECT] 
2026-01-12 12:21:37,453 [ERROR] LogOutputStream:75 - [STDERR_REDIRECT] [Fatal Error] :1:1: Premature end of file.
2026-01-12 12:21:37,453 [ERROR] LogOutputStream:75 - [STDERR_REDIRECT] 
2026-01-12 12:21:38,446 [ERROR] LogOutputStream:75 - [STDERR_REDIRECT] [Fatal Error] :1:1: Premature end of file.
2026-01-12 12:21:38,446 [ERROR] LogOutputStream:75 - [STDERR_REDIRECT] 
2026-01-12 12:21:39,460 [ERROR] LogOutputStream:75 - [STDERR_REDIRECT] [Fatal Error] :1:1: Premature end of file.
2026-01-12 12:21:39,460 [ERROR] LogOutputStream:75 - [STDERR_REDIRECT] 
2026-01-12 12:21:40,459 [ERROR] LogOutputStream:75 - [STDERR_REDIRECT] [Fatal Error] :1:1: Premature end of file.
2026-01-12 12:21:40,459 [ERROR] LogOutputStream:75 - [STDERR_REDIRECT] 
2026-01-12 12:21:41,460 [ERROR] LogOutputStream:75 - [STDERR_REDIRECT] [Fatal Error] :1:1: Premature end of file.
2026-01-12 12:21:41,460 [ERROR] LogOutputStream:75 - [STDERR_REDIRECT] 
2026-01-12 12:21:42,440 [ERROR] LogOutputStream:75 - [STDERR_REDIRECT] [Fatal Error] :1:1: Premature end of file.
2026-01-12 12:21:42,440 [ERROR] LogOutputStream:75 - [STDERR_REDIRECT] 
2026-01-12 12:21:43,444 [ERROR] LogOutputStream:75 - [STDERR_REDIRECT] [Fatal Error] :1:1: Premature end of file.
2026-01-12 12:21:43,444 [ERROR] LogOutputStream:75 - [STDERR_REDIRECT] 
2026-01-12 12:21:44,446 [ERROR] LogOutputStream:75 - [STDERR_REDIRECT] [Fatal Error] :1:1: Premature end of file.
2026-01-12 12:21:44,446 [ERROR] LogOutputStream:75 - [STDERR_REDIRECT] 
2026-01-12 12:21:45,449 [ERROR] LogOutputStream:75 - [STDERR_REDIRECT] [Fatal Error] :1:1: Premature end of file.
2026-01-12 12:21:45,449 [ERROR] LogOutputStream:75 - [STDERR_REDIRECT] 
2026-01-12 12:21:46,450 [ERROR] LogOutputStream:75 - [STDERR_REDIRECT] [Fatal Error] :1:1: Premature end of file.
2026-01-12 12:21:46,450 [ERROR] LogOutputStream:75 - [STDERR_REDIRECT] 
2026-01-12 12:21:47,455 [ERROR] LogOutputStream:75 - [STDERR_REDIRECT] [Fatal Error] :1:1: Premature end of file.
2026-01-12 12:21:47,455 [ERROR] LogOutputStream:75 - [STDERR_REDIRECT] 
2026-01-12 12:21:48,441 [ERROR] LogOutputStream:75 - [STDERR_REDIRECT] [Fatal Error] :1:1: Premature end of file.
2026-01-12 12:21:48,441 [ERROR] LogOutputStream:75 - [STDERR_REDIRECT] 
2026-01-12 12:21:49,453 [ERROR] LogOutputStream:75 - [STDERR_REDIRECT] [Fatal Error] :1:1: Premature end of file.
2026-01-12 12:21:49,453 [ERROR] LogOutputStream:75 - [STDERR_REDIRECT] 
2026-01-12 12:21:50,454 [ERROR] LogOutputStream:75 - [STDERR_REDIRECT] [Fatal Error] :1:1: Premature end of file.
2026-01-12 12:21:50,454 [ERROR] LogOutputStream:75 - [STDERR_REDIRECT] 
2026-01-12 12:21:51,441 [ERROR] LogOutputStream:75 - [STDERR_REDIRECT] [Fatal Error] :1:1: Premature end of file.
2026-01-12 12:21:51,441 [ERROR] LogOutputStream:75 - [STDERR_REDIRECT] 
2026-01-12 12:21:52,443 [ERROR] LogOutputStream:75 - [STDERR_REDIRECT] [Fatal Error] :1:1: Premature end of file.
2026-01-12 12:21:52,443 [ERROR] LogOutputStream:75 - [STDERR_REDIRECT] 
2026-01-12 12:21:53,439 [ERROR] LogOutputStream:75 - [STDERR_REDIRECT] [Fatal Error] :1:1: Premature end of file.
2026-01-12 12:21:53,439 [ERROR] LogOutputStream:75 - [STDERR_REDIRECT] 
2026-01-12 12:21:54,453 [ERROR] LogOutputStream:75 - [STDERR_REDIRECT] [Fatal Error] :1:1: Premature end of file.
2026-01-12 12:21:54,453 [ERROR] LogOutputStream:75 - [STDERR_REDIRECT] 
2026-01-12 12:21:55,457 [ERROR] LogOutputStream:75 - [STDERR_REDIRECT] [Fatal Error] :1:1: Premature end of file.
2026-01-12 12:21:55,457 [ERROR] LogOutputStream:75 - [STDERR_REDIRECT] 
2026-01-12 12:21:56,456 [ERROR] LogOutputStream:75 - [STDERR_REDIRECT] [Fatal Error] :1:1: Premature end of file.
2026-01-12 12:21:56,456 [ERROR] LogOutputStream:75 - [STDERR_REDIRECT] 
2026-01-12 12:21:57,441 [ERROR] LogOutputStream:75 - [STDERR_REDIRECT] [Fatal Error] :1:1: Premature end of file.
2026-01-12 12:21:57,441 [ERROR] LogOutputStream:75 - [STDERR_REDIRECT] 
2026-01-12 12:21:58,443 [ERROR] LogOutputStream:75 - [STDERR_REDIRECT] [Fatal Error] :1:1: Premature end of file.
2026-01-12 12:21:58,443 [ERROR] LogOutputStream:75 - [STDERR_REDIRECT] 
2026-01-12 12:21:59,454 [ERROR] LogOutputStream:75 - [STDERR_REDIRECT] [Fatal Error] :1:1: Premature end of file.
2026-01-12 12:21:59,454 [ERROR] LogOutputStream:75 - [STDERR_REDIRECT] 
2026-01-12 12:22:00,441 [ERROR] LogOutputStream:75 - [STDERR_REDIRECT] [Fatal Error] :1:1: Premature end of file.
2026-01-12 12:22:00,441 [ERROR] LogOutputStream:75 - [STDERR_REDIRECT] 
2026-01-12 12:22:01,445 [ERROR] LogOutputStream:75 - [STDERR_REDIRECT] [Fatal Error] :1:1: Premature end of file.
2026-01-12 12:22:01,445 [ERROR] LogOutputStream:75 - [STDERR_REDIRECT] 
2026-01-12 12:22:02,446 [ERROR] LogOutputStream:75 - [STDERR_REDIRECT] [Fatal Error] :1:1: Premature end of file.
2026-01-12 12:22:02,446 [ERROR] LogOutputStream:75 - [STDERR_REDIRECT] 
2026-01-12 12:22:03,449 [ERROR] LogOutputStream:75 - [STDERR_REDIRECT] [Fatal Error] :1:1: Premature end of file.
2026-01-12 12:22:03,449 [ERROR] LogOutputStream:75 - [STDERR_REDIRECT] 
2026-01-12 12:22:04,452 [ERROR] LogOutputStream:75 - [STDERR_REDIRECT] [Fatal Error] :1:1: Premature end of file.
2026-01-12 12:22:04,452 [ERROR] LogOutputStream:75 - [STDERR_REDIRECT] 
2026-01-12 12:22:05,464 [ERROR] LogOutputStream:75 - [STDERR_REDIRECT] [Fatal Error] :1:1: Premature end of file.
2026-01-12 12:22:05,464 [ERROR] LogOutputStream:75 - [STDERR_REDIRECT] 
2026-01-12 12:22:06,440 [ERROR] LogOutputStream:75 - [STDERR_REDIRECT] [Fatal Error] :1:1: Premature end of file.
2026-01-12 12:22:06,440 [ERROR] LogOutputStream:75 - [STDERR_REDIRECT] 
2026-01-12 12:22:07,446 [ERROR] LogOutputStream:75 - [STDERR_REDIRECT] [Fatal Error] :1:1: Premature end of file.
2026-01-12 12:22:07,446 [ERROR] LogOutputStream:75 - [STDERR_REDIRECT] 
2026-01-12 12:22:08,457 [ERROR] LogOutputStream:75 - [STDERR_REDIRECT] [Fatal Error] :1:1: Premature end of file.
2026-01-12 12:22:08,457 [ERROR] LogOutputStream:75 - [STDERR_REDIRECT] 
2026-01-12 12:22:09,450 [ERROR] LogOutputStream:75 - [STDERR_REDIRECT] [Fatal Error] :1:1: Premature end of file.
2026-01-12 12:22:09,450 [ERROR] LogOutputStream:75 - [STDERR_REDIRECT] 
2026-01-12 12:22:10,456 [ERROR] LogOutputStream:75 - [STDERR_REDIRECT] [Fatal Error] :1:1: Premature end of file.
2026-01-12 12:22:10,456 [ERROR] LogOutputStream:75 - [STDERR_REDIRECT] 
2026-01-12 12:22:11,449 [ERROR] LogOutputStream:75 - [STDERR_REDIRECT] [Fatal Error] :1:1: Premature end of file.
2026-01-12 12:22:11,449 [ERROR] LogOutputStream:75 - [STDERR_REDIRECT] 
2026-01-12 12:22:12,450 [ERROR] LogOutputStream:75 - [STDERR_REDIRECT] [Fatal Error] :1:1: Premature end of file.
2026-01-12 12:22:12,450 [ERROR] LogOutputStream:75 - [STDERR_REDIRECT] 
2026-01-12 12:22:13,453 [ERROR] LogOutputStream:75 - [STDERR_REDIRECT] [Fatal Error] :1:1: Premature end of file.
2026-01-12 12:22:13,453 [ERROR] LogOutputStream:75 - [STDERR_REDIRECT] 
2026-01-12 12:22:14,457 [ERROR] LogOutputStream:75 - [STDERR_REDIRECT] [Fatal Error] :1:1: Premature end of file.
2026-01-12 12:22:14,457 [ERROR] LogOutputStream:75 - [STDERR_REDIRECT] 
2026-01-12 12:22:15,454 [ERROR] LogOutputStream:75 - [STDERR_REDIRECT] [Fatal Error] :1:1: Premature end of file.
2026-01-12 12:22:15,454 [ERROR] LogOutputStream:75 - [STDERR_REDIRECT] 
2026-01-12 12:22:16,453 [ERROR] LogOutputStream:75 - [STDERR_REDIRECT] [Fatal Error] :1:1: Premature end of file.
2026-01-12 12:22:16,453 [ERROR] LogOutputStream:75 - [STDERR_REDIRECT] 
2026-01-12 12:22:17,451 [ERROR] LogOutputStream:75 - [STDERR_REDIRECT] [Fatal Error] :1:1: Premature end of file.
2026-01-12 12:22:17,451 [ERROR] LogOutputStream:75 - [STDERR_REDIRECT] 
2026-01-12 12:22:18,452 [ERROR] LogOutputStream:75 - [STDERR_REDIRECT] [Fatal Error] :1:1: Premature end of file.
2026-01-12 12:22:18,452 [ERROR] LogOutputStream:75 - [STDERR_REDIRECT] 
2026-01-12 12:22:19,457 [ERROR] LogOutputStream:75 - [STDERR_REDIRECT] [Fatal Error] :1:1: Premature end of file.
2026-01-12 12:22:19,457 [ERROR] LogOutputStream:75 - [STDERR_REDIRECT] 
2026-01-12 12:22:20,439 [ERROR] LogOutputStream:75 - [STDERR_REDIRECT] [Fatal Error] :1:1: Premature end of file.
2026-01-12 12:22:20,439 [ERROR] LogOutputStream:75 - [STDERR_REDIRECT] 
2026-01-12 12:22:21,455 [ERROR] LogOutputStream:75 - [STDERR_REDIRECT] [Fatal Error] :1:1: Premature end of file.
2026-01-12 12:22:21,455 [ERROR] LogOutputStream:75 - [STDERR_REDIRECT] 
2026-01-12 12:22:22,457 [ERROR] LogOutputStream:75 - [STDERR_REDIRECT] [Fatal Error] :1:1: Premature end of file.
2026-01-12 12:22:22,457 [ERROR] LogOutputStream:75 - [STDERR_REDIRECT] 
2026-01-12 12:22:23,447 [ERROR] LogOutputStream:75 - [STDERR_REDIRECT] [Fatal Error] :1:1: Premature end of file.
2026-01-12 12:22:23,447 [ERROR] LogOutputStream:75 - [STDERR_REDIRECT] 
2026-01-12 12:22:24,459 [ERROR] LogOutputStream:75 - [STDERR_REDIRECT] [Fatal Error] :1:1: Premature end of file.
2026-01-12 12:22:24,459 [ERROR] LogOutputStream:75 - [STDERR_REDIRECT] 
2026-01-12 12:22:25,460 [ERROR] LogOutputStream:75 - [STDERR_REDIRECT] [Fatal Error] :1:1: Premature end of file.
2026-01-12 12:22:25,460 [ERROR] LogOutputStream:75 - [STDERR_REDIRECT] 
2026-01-12 12:22:26,439 [ERROR] LogOutputStream:75 - [STDERR_REDIRECT] [Fatal Error] :1:1: Premature end of file.
2026-01-12 12:22:26,439 [ERROR] LogOutputStream:75 - [STDERR_REDIRECT] 
2026-01-12 12:22:27,442 [ERROR] LogOutputStream:75 - [STDERR_REDIRECT] [Fatal Error] :1:1: Premature end of file.
2026-01-12 12:22:27,442 [ERROR] LogOutputStream:75 - [STDERR_REDIRECT] 
2026-01-12 12:22:28,454 [ERROR] LogOutputStream:75 - [STDERR_REDIRECT] [Fatal Error] :1:1: Premature end of file.
2026-01-12 12:22:28,454 [ERROR] LogOutputStream:75 - [STDERR_REDIRECT] 
2026-01-12 12:22:29,439 [ERROR] LogOutputStream:75 - [STDERR_REDIRECT] [Fatal Error] :1:1: Premature end of file.
2026-01-12 12:22:29,439 [ERROR] LogOutputStream:75 - [STDERR_REDIRECT] 
2026-01-12 12:22:30,450 [ERROR] LogOutputStream:75 - [STDERR_REDIRECT] [Fatal Error] :1:1: Premature end of file.
2026-01-12 12:22:30,450 [ERROR] LogOutputStream:75 - [STDERR_REDIRECT] 
2026-01-12 12:22:31,446 [ERROR] LogOutputStream:75 - [STDERR_REDIRECT] [Fatal Error] :1:1: Premature end of file.
2026-01-12 12:22:31,446 [ERROR] LogOutputStream:75 - [STDERR_REDIRECT] 
2026-01-12 12:22:32,451 [ERROR] LogOutputStream:75 - [STDERR_REDIRECT] [Fatal Error] :1:1: Premature end of file.
2026-01-12 12:22:32,451 [ERROR] LogOutputStream:75 - [STDERR_REDIRECT] 
2026-01-12 12:22:33,457 [ERROR] LogOutputStream:75 - [STDERR_REDIRECT] [Fatal Error] :1:1: Premature end of file.
2026-01-12 12:22:33,457 [ERROR] LogOutputStream:75 - [STDERR_REDIRECT] 
2026-01-12 12:22:34,453 [ERROR] LogOutputStream:75 - [STDERR_REDIRECT] [Fatal Error] :1:1: Premature end of file.
2026-01-12 12:22:34,453 [ERROR] LogOutputStream:75 - [STDERR_REDIRECT] 
2026-01-12 12:22:35,443 [ERROR] LogOutputStream:75 - [STDERR_REDIRECT] [Fatal Error] :1:1: Premature end of file.
2026-01-12 12:22:35,443 [ERROR] LogOutputStream:75 - [STDERR_REDIRECT] 
2026-01-12 12:22:36,451 [ERROR] LogOutputStream:75 - [STDERR_REDIRECT] [Fatal Error] :1:1: Premature end of file.
2026-01-12 12:22:36,451 [ERROR] LogOutputStream:75 - [STDERR_REDIRECT] 
2026-01-12 12:22:37,462 [ERROR] LogOutputStream:75 - [STDERR_REDIRECT] [Fatal Error] :1:1: Premature end of file.
2026-01-12 12:22:37,462 [ERROR] LogOutputStream:75 - [STDERR_REDIRECT] 
2026-01-12 12:22:38,441 [ERROR] LogOutputStream:75 - [STDERR_REDIRECT] [Fatal Error] :1:1: Premature end of file.
2026-01-12 12:22:38,441 [ERROR] LogOutputStream:75 - [STDERR_REDIRECT] 
2026-01-12 12:22:39,447 [ERROR] LogOutputStream:75 - [STDERR_REDIRECT] [Fatal Error] :1:1: Premature end of file.
2026-01-12 12:22:39,447 [ERROR] LogOutputStream:75 - [STDERR_REDIRECT] 
2026-01-12 12:22:40,455 [ERROR] LogOutputStream:75 - [STDERR_REDIRECT] [Fatal Error] :1:1: Premature end of file.
2026-01-12 12:22:40,455 [ERROR] LogOutputStream:75 - [STDERR_REDIRECT] 
2026-01-12 12:22:41,460 [ERROR] LogOutputStream:75 - [STDERR_REDIRECT] [Fatal Error] :1:1: Premature end of file.
2026-01-12 12:22:41,460 [ERROR] LogOutputStream:75 - [STDERR_REDIRECT] 
2026-01-12 12:22:42,453 [ERROR] LogOutputStream:75 - [STDERR_REDIRECT] [Fatal Error] :1:1: Premature end of file.
2026-01-12 12:22:42,453 [ERROR] LogOutputStream:75 - [STDERR_REDIRECT] 
2026-01-12 12:22:43,452 [ERROR] LogOutputStream:75 - [STDERR_REDIRECT] [Fatal Error] :1:1: Premature end of file.
2026-01-12 12:22:43,452 [ERROR] LogOutputStream:75 - [STDERR_REDIRECT] 
2026-01-12 12:22:44,456 [ERROR] LogOutputStream:75 - [STDERR_REDIRECT] [Fatal Error] :1:1: Premature end of file.
2026-01-12 12:22:44,456 [ERROR] LogOutputStream:75 - [STDERR_REDIRECT] 
2026-01-12 12:22:45,454 [ERROR] LogOutputStream:75 - [STDERR_REDIRECT] [Fatal Error] :1:1: Premature end of file.
2026-01-12 12:22:45,454 [ERROR] LogOutputStream:75 - [STDERR_REDIRECT] 
2026-01-12 12:22:46,447 [ERROR] LogOutputStream:75 - [STDERR_REDIRECT] [Fatal Error] :1:1: Premature end of file.
2026-01-12 12:22:46,447 [ERROR] LogOutputStream:75 - [STDERR_REDIRECT] 
2026-01-12 12:22:47,449 [ERROR] LogOutputStream:75 - [STDERR_REDIRECT] [Fatal Error] :1:1: Premature end of file.
2026-01-12 12:22:47,449 [ERROR] LogOutputStream:75 - [STDERR_REDIRECT] 
2026-01-12 12:22:48,444 [ERROR] LogOutputStream:75 - [STDERR_REDIRECT] [Fatal Error] :1:1: Premature end of file.
2026-01-12 12:22:48,444 [ERROR] LogOutputStream:75 - [STDERR_REDIRECT] 
2026-01-12 12:22:49,452 [ERROR] LogOutputStream:75 - [STDERR_REDIRECT] [Fatal Error] :1:1: Premature end of file.
2026-01-12 12:22:49,452 [ERROR] LogOutputStream:75 - [STDERR_REDIRECT] 
2026-01-12 12:22:50,448 [ERROR] LogOutputStream:75 - [STDERR_REDIRECT] [Fatal Error] :1:1: Premature end of file.
2026-01-12 12:22:50,448 [ERROR] LogOutputStream:75 - [STDERR_REDIRECT] 
2026-01-12 12:22:51,443 [ERROR] LogOutputStream:75 - [STDERR_REDIRECT] [Fatal Error] :1:1: Premature end of file.
2026-01-12 12:22:51,443 [ERROR] LogOutputStream:75 - [STDERR_REDIRECT] 
2026-01-12 12:22:52,447 [ERROR] LogOutputStream:75 - [STDERR_REDIRECT] [Fatal Error] :1:1: Premature end of file.
2026-01-12 12:22:52,447 [ERROR] LogOutputStream:75 - [STDERR_REDIRECT] 
2026-01-12 12:22:53,456 [ERROR] LogOutputStream:75 - [STDERR_REDIRECT] [Fatal Error] :1:1: Premature end of file.
2026-01-12 12:22:53,456 [ERROR] LogOutputStream:75 - [STDERR_REDIRECT] 
2026-01-12 12:22:54,444 [ERROR] LogOutputStream:75 - [STDERR_REDIRECT] [Fatal Error] :1:1: Premature end of file.
2026-01-12 12:22:54,444 [ERROR] LogOutputStream:75 - [STDERR_REDIRECT] 
2026-01-12 12:22:55,439 [ERROR] LogOutputStream:75 - [STDERR_REDIRECT] [Fatal Error] :1:1: Premature end of file.
2026-01-12 12:22:55,439 [ERROR] LogOutputStream:75 - [STDERR_REDIRECT] 
2026-01-12 12:22:56,441 [ERROR] LogOutputStream:75 - [STDERR_REDIRECT] [Fatal Error] :1:1: Premature end of file.
2026-01-12 12:22:56,441 [ERROR] LogOutputStream:75 - [STDERR_REDIRECT] 
2026-01-12 12:22:57,445 [ERROR] LogOutputStream:75 - [STDERR_REDIRECT] [Fatal Error] :1:1: Premature end of file.
2026-01-12 12:22:57,445 [ERROR] LogOutputStream:75 - [STDERR_REDIRECT] 
2026-01-12 12:22:58,449 [ERROR] LogOutputStream:75 - [STDERR_REDIRECT] [Fatal Error] :1:1: Premature end of file.
2026-01-12 12:22:58,449 [ERROR] LogOutputStream:75 - [STDERR_REDIRECT] 
2026-01-12 12:22:59,442 [ERROR] LogOutputStream:75 - [STDERR_REDIRECT] [Fatal Error] :1:1: Premature end of file.
2026-01-12 12:22:59,442 [ERROR] LogOutputStream:75 - [STDERR_REDIRECT] 
2026-01-12 12:23:00,444 [ERROR] LogOutputStream:75 - [STDERR_REDIRECT] [Fatal Error] :1:1: Premature end of file.
2026-01-12 12:23:00,444 [ERROR] LogOutputStream:75 - [STDERR_REDIRECT] 
2026-01-12 12:23:01,448 [ERROR] LogOutputStream:75 - [STDERR_REDIRECT] [Fatal Error] :1:1: Premature end of file.
2026-01-12 12:23:01,448 [ERROR] LogOutputStream:75 - [STDERR_REDIRECT] 
2026-01-12 12:23:02,449 [ERROR] LogOutputStream:75 - [STDERR_REDIRECT] [Fatal Error] :1:1: Premature end of file.
2026-01-12 12:23:02,449 [ERROR] LogOutputStream:75 - [STDERR_REDIRECT] 
2026-01-12 12:23:03,445 [ERROR] LogOutputStream:75 - [STDERR_REDIRECT] [Fatal Error] :1:1: Premature end of file.
2026-01-12 12:23:03,445 [ERROR] LogOutputStream:75 - [STDERR_REDIRECT] 
2026-01-12 12:23:04,447 [ERROR] LogOutputStream:75 - [STDERR_REDIRECT] [Fatal Error] :1:1: Premature end of file.
2026-01-12 12:23:04,447 [ERROR] LogOutputStream:75 - [STDERR_REDIRECT] 
2026-01-12 12:23:05,451 [ERROR] LogOutputStream:75 - [STDERR_REDIRECT] [Fatal Error] :1:1: Premature end of file.
2026-01-12 12:23:05,451 [ERROR] LogOutputStream:75 - [STDERR_REDIRECT] 
2026-01-12 12:23:06,453 [ERROR] LogOutputStream:75 - [STDERR_REDIRECT] [Fatal Error] :1:1: Premature end of file.
2026-01-12 12:23:06,453 [ERROR] LogOutputStream:75 - [STDERR_REDIRECT] 
2026-01-12 12:23:07,457 [ERROR] LogOutputStream:75 - [STDERR_REDIRECT] [Fatal Error] :1:1: Premature end of file.
2026-01-12 12:23:07,457 [ERROR] LogOutputStream:75 - [STDERR_REDIRECT] 
2026-01-12 12:23:08,451 [ERROR] LogOutputStream:75 - [STDERR_REDIRECT] [Fatal Error] :1:1: Premature end of file.
2026-01-12 12:23:08,451 [ERROR] LogOutputStream:75 - [STDERR_REDIRECT] 
2026-01-12 12:23:09,453 [ERROR] LogOutputStream:75 - [STDERR_REDIRECT] [Fatal Error] :1:1: Premature end of file.
2026-01-12 12:23:09,453 [ERROR] LogOutputStream:75 - [STDERR_REDIRECT] 
2026-01-12 12:23:10,446 [ERROR] LogOutputStream:75 - [STDERR_REDIRECT] [Fatal Error] :1:1: Premature end of file.
2026-01-12 12:23:10,446 [ERROR] LogOutputStream:75 - [STDERR_REDIRECT] 
2026-01-12 12:23:11,447 [ERROR] LogOutputStream:75 - [STDERR_REDIRECT] [Fatal Error] :1:1: Premature end of file.
2026-01-12 12:23:11,447 [ERROR] LogOutputStream:75 - [STDERR_REDIRECT] 
2026-01-12 12:23:12,457 [ERROR] LogOutputStream:75 - [STDERR_REDIRECT] [Fatal Error] :1:1: Premature end of file.
2026-01-12 12:23:12,457 [ERROR] LogOutputStream:75 - [STDERR_REDIRECT] 
2026-01-12 12:23:13,448 [ERROR] LogOutputStream:75 - [STDERR_REDIRECT] [Fatal Error] :1:1: Premature end of file.
2026-01-12 12:23:13,448 [ERROR] LogOutputStream:75 - [STDERR_REDIRECT] 
2026-01-12 12:23:14,460 [ERROR] LogOutputStream:75 - [STDERR_REDIRECT] [Fatal Error] :1:1: Premature end of file.
2026-01-12 12:23:14,460 [ERROR] LogOutputStream:75 - [STDERR_REDIRECT] 
2026-01-12 12:23:15,455 [ERROR] LogOutputStream:75 - [STDERR_REDIRECT] [Fatal Error] :1:1: Premature end of file.
2026-01-12 12:23:15,455 [ERROR] LogOutputStream:75 - [STDERR_REDIRECT] 
2026-01-12 12:23:16,456 [ERROR] LogOutputStream:75 - [STDERR_REDIRECT] [Fatal Error] :1:1: Premature end of file.
2026-01-12 12:23:16,456 [ERROR] LogOutputStream:75 - [STDERR_REDIRECT] 
2026-01-12 12:23:17,449 [ERROR] LogOutputStream:75 - [STDERR_REDIRECT] [Fatal Error] :1:1: Premature end of file.
2026-01-12 12:23:17,449 [ERROR] LogOutputStream:75 - [STDERR_REDIRECT] 
2026-01-12 12:23:18,451 [ERROR] LogOutputStream:75 - [STDERR_REDIRECT] [Fatal Error] :1:1: Premature end of file.
2026-01-12 12:23:18,451 [ERROR] LogOutputStream:75 - [STDERR_REDIRECT] 
2026-01-12 12:23:19,448 [ERROR] LogOutputStream:75 - [STDERR_REDIRECT] [Fatal Error] :1:1: Premature end of file.
2026-01-12 12:23:19,448 [ERROR] LogOutputStream:75 - [STDERR_REDIRECT] 
2026-01-12 12:23:20,452 [ERROR] LogOutputStream:75 - [STDERR_REDIRECT] [Fatal Error] :1:1: Premature end of file.
2026-01-12 12:23:20,452 [ERROR] LogOutputStream:75 - [STDERR_REDIRECT] 
2026-01-12 12:23:21,454 [ERROR] LogOutputStream:75 - [STDERR_REDIRECT] [Fatal Error] :1:1: Premature end of file.
2026-01-12 12:23:21,454 [ERROR] LogOutputStream:75 - [STDERR_REDIRECT] 
2026-01-12 12:23:22,449 [ERROR] LogOutputStream:75 - [STDERR_REDIRECT] [Fatal Error] :1:1: Premature end of file.
2026-01-12 12:23:22,449 [ERROR] LogOutputStream:75 - [STDERR_REDIRECT] 
2026-01-12 12:23:23,448 [ERROR] LogOutputStream:75 - [STDERR_REDIRECT] [Fatal Error] :1:1: Premature end of file.
2026-01-12 12:23:23,448 [ERROR] LogOutputStream:75 - [STDERR_REDIRECT] 
2026-01-12 12:23:24,449 [ERROR] LogOutputStream:75 - [STDERR_REDIRECT] [Fatal Error] :1:1: Premature end of file.
2026-01-12 12:23:24,449 [ERROR] LogOutputStream:75 - [STDERR_REDIRECT] 
2026-01-12 12:23:25,459 [ERROR] LogOutputStream:75 - [STDERR_REDIRECT] [Fatal Error] :1:1: Premature end of file.
2026-01-12 12:23:25,460 [ERROR] LogOutputStream:75 - [STDERR_REDIRECT] 
2026-01-12 12:23:26,440 [ERROR] LogOutputStream:75 - [STDERR_REDIRECT] [Fatal Error] :1:1: Premature end of file.
2026-01-12 12:23:26,440 [ERROR] LogOutputStream:75 - [STDERR_REDIRECT] 
2026-01-12 12:23:27,458 [ERROR] LogOutputStream:75 - [STDERR_REDIRECT] [Fatal Error] :1:1: Premature end of file.
2026-01-12 12:23:27,458 [ERROR] LogOutputStream:75 - [STDERR_REDIRECT] 
2026-01-12 12:23:28,451 [ERROR] LogOutputStream:75 - [STDERR_REDIRECT] [Fatal Error] :1:1: Premature end of file.
2026-01-12 12:23:28,451 [ERROR] LogOutputStream:75 - [STDERR_REDIRECT] 
2026-01-12 12:23:29,450 [ERROR] LogOutputStream:75 - [STDERR_REDIRECT] [Fatal Error] :1:1: Premature end of file.
2026-01-12 12:23:29,450 [ERROR] LogOutputStream:75 - [STDERR_REDIRECT] 
2026-01-12 12:23:30,455 [ERROR] LogOutputStream:75 - [STDERR_REDIRECT] [Fatal Error] :1:1: Premature end of file.
2026-01-12 12:23:30,455 [ERROR] LogOutputStream:75 - [STDERR_REDIRECT] 
2026-01-12 12:23:31,447 [ERROR] LogOutputStream:75 - [STDERR_REDIRECT] [Fatal Error] :1:1: Premature end of file.
2026-01-12 12:23:31,447 [ERROR] LogOutputStream:75 - [STDERR_REDIRECT] 
2026-01-12 12:23:32,462 [ERROR] LogOutputStream:75 - [STDERR_REDIRECT] [Fatal Error] :1:1: Premature end of file.
2026-01-12 12:23:32,462 [ERROR] LogOutputStream:75 - [STDERR_REDIRECT] 
2026-01-12 12:23:33,458 [ERROR] LogOutputStream:75 - [STDERR_REDIRECT] [Fatal Error] :1:1: Premature end of file.
2026-01-12 12:23:33,458 [ERROR] LogOutputStream:75 - [STDERR_REDIRECT] 
2026-01-12 12:23:34,443 [ERROR] LogOutputStream:75 - [STDERR_REDIRECT] [Fatal Error] :1:1: Premature end of file.
2026-01-12 12:23:34,443 [ERROR] LogOutputStream:75 - [STDERR_REDIRECT] 
2026-01-12 12:23:35,450 [ERROR] LogOutputStream:75 - [STDERR_REDIRECT] [Fatal Error] :1:1: Premature end of file.
2026-01-12 12:23:35,450 [ERROR] LogOutputStream:75 - [STDERR_REDIRECT] 
2026-01-12 12:23:36,460 [ERROR] LogOutputStream:75 - [STDERR_REDIRECT] [Fatal Error] :1:1: Premature end of file.
2026-01-12 12:23:36,460 [ERROR] LogOutputStream:75 - [STDERR_REDIRECT] 
2026-01-12 12:23:37,447 [ERROR] LogOutputStream:75 - [STDERR_REDIRECT] [Fatal Error] :1:1: Premature end of file.
2026-01-12 12:23:37,447 [ERROR] LogOutputStream:75 - [STDERR_REDIRECT] 
2026-01-12 12:23:38,449 [ERROR] LogOutputStream:75 - [STDERR_REDIRECT] [Fatal Error] :1:1: Premature end of file.
2026-01-12 12:23:38,449 [ERROR] LogOutputStream:75 - [STDERR_REDIRECT] 
2026-01-12 12:23:39,463 [ERROR] LogOutputStream:75 - [STDERR_REDIRECT] [Fatal Error] :1:1: Premature end of file.
2026-01-12 12:23:39,463 [ERROR] LogOutputStream:75 - [STDERR_REDIRECT] 
2026-01-12 12:23:40,455 [ERROR] LogOutputStream:75 - [STDERR_REDIRECT] [Fatal Error] :1:1: Premature end of file.
2026-01-12 12:23:40,455 [ERROR] LogOutputStream:75 - [STDERR_REDIRECT] 
2026-01-12 12:23:41,466 [ERROR] LogOutputStream:75 - [STDERR_REDIRECT] [Fatal Error] :1:1: Premature end of file.
2026-01-12 12:23:41,466 [ERROR] LogOutputStream:75 - [STDERR_REDIRECT] 
2026-01-12 12:23:42,467 [ERROR] LogOutputStream:75 - [STDERR_REDIRECT] [Fatal Error] :1:1: Premature end of file.
2026-01-12 12:23:42,467 [ERROR] LogOutputStream:75 - [STDERR_REDIRECT] 
2026-01-12 12:23:43,447 [ERROR] LogOutputStream:75 - [STDERR_REDIRECT] [Fatal Error] :1:1: Premature end of file.
2026-01-12 12:23:43,447 [ERROR] LogOutputStream:75 - [STDERR_REDIRECT] 
2026-01-12 12:23:44,456 [ERROR] LogOutputStream:75 - [STDERR_REDIRECT] [Fatal Error] :1:1: Premature end of file.
2026-01-12 12:23:44,456 [ERROR] LogOutputStream:75 - [STDERR_REDIRECT] 
2026-01-12 12:23:45,444 [ERROR] LogOutputStream:75 - [STDERR_REDIRECT] [Fatal Error] :1:1: Premature end of file.
2026-01-12 12:23:45,444 [ERROR] LogOutputStream:75 - [STDERR_REDIRECT] 
2026-01-12 12:23:46,447 [ERROR] LogOutputStream:75 - [STDERR_REDIRECT] [Fatal Error] :1:1: Premature end of file.
2026-01-12 12:23:46,447 [ERROR] LogOutputStream:75 - [STDERR_REDIRECT] 
2026-01-12 12:23:47,444 [ERROR] LogOutputStream:75 - [STDERR_REDIRECT] [Fatal Error] :1:1: Premature end of file.
2026-01-12 12:23:47,444 [ERROR] LogOutputStream:75 - [STDERR_REDIRECT] 
2026-01-12 12:23:48,453 [ERROR] LogOutputStream:75 - [STDERR_REDIRECT] [Fatal Error] :1:1: Premature end of file.
2026-01-12 12:23:48,453 [ERROR] LogOutputStream:75 - [STDERR_REDIRECT] 
2026-01-12 12:23:49,447 [ERROR] LogOutputStream:75 - [STDERR_REDIRECT] [Fatal Error] :1:1: Premature end of file.
2026-01-12 12:23:49,447 [ERROR] LogOutputStream:75 - [STDERR_REDIRECT] 
2026-01-12 12:23:50,454 [ERROR] LogOutputStream:75 - [STDERR_REDIRECT] [Fatal Error] :1:1: Premature end of file.
2026-01-12 12:23:50,454 [ERROR] LogOutputStream:75 - [STDERR_REDIRECT] 
2026-01-12 12:23:51,455 [ERROR] LogOutputStream:75 - [STDERR_REDIRECT] [Fatal Error] :1:1: Premature end of file.
2026-01-12 12:23:51,455 [ERROR] LogOutputStream:75 - [STDERR_REDIRECT] 
2026-01-12 12:23:52,460 [ERROR] LogOutputStream:75 - [STDERR_REDIRECT] [Fatal Error] :1:1: Premature end of file.
2026-01-12 12:23:52,460 [ERROR] LogOutputStream:75 - [STDERR_REDIRECT] 
2026-01-12 12:23:53,443 [ERROR] LogOutputStream:75 - [STDERR_REDIRECT] [Fatal Error] :1:1: Premature end of file.
2026-01-12 12:23:53,443 [ERROR] LogOutputStream:75 - [STDERR_REDIRECT] 
2026-01-12 12:23:54,460 [ERROR] LogOutputStream:75 - [STDERR_REDIRECT] [Fatal Error] :1:1: Premature end of file.
2026-01-12 12:23:54,460 [ERROR] LogOutputStream:75 - [STDERR_REDIRECT] 
2026-01-12 12:23:55,476 [ERROR] LogOutputStream:75 - [STDERR_REDIRECT] [Fatal Error] :1:1: Premature end of file.
2026-01-12 12:23:55,476 [ERROR] LogOutputStream:75 - [STDERR_REDIRECT] 
2026-01-12 12:23:56,459 [ERROR] LogOutputStream:75 - [STDERR_REDIRECT] [Fatal Error] :1:1: Premature end of file.
2026-01-12 12:23:56,459 [ERROR] LogOutputStream:75 - [STDERR_REDIRECT] 
2026-01-12 12:23:57,454 [ERROR] LogOutputStream:75 - [STDERR_REDIRECT] [Fatal Error] :1:1: Premature end of file.
2026-01-12 12:23:57,454 [ERROR] LogOutputStream:75 - [STDERR_REDIRECT] 
2026-01-12 12:23:58,450 [ERROR] LogOutputStream:75 - [STDERR_REDIRECT] [Fatal Error] :1:1: Premature end of file.
2026-01-12 12:23:58,450 [ERROR] LogOutputStream:75 - [STDERR_REDIRECT] 
2026-01-12 12:23:59,455 [ERROR] LogOutputStream:75 - [STDERR_REDIRECT] [Fatal Error] :1:1: Premature end of file.
2026-01-12 12:23:59,455 [ERROR] LogOutputStream:75 - [STDERR_REDIRECT] 
2026-01-12 12:24:00,447 [ERROR] LogOutputStream:75 - [STDERR_REDIRECT] [Fatal Error] :1:1: Premature end of file.
2026-01-12 12:24:00,447 [ERROR] LogOutputStream:75 - [STDERR_REDIRECT] 
2026-01-12 12:24:01,456 [ERROR] LogOutputStream:75 - [STDERR_REDIRECT] [Fatal Error] :1:1: Premature end of file.
2026-01-12 12:24:01,456 [ERROR] LogOutputStream:75 - [STDERR_REDIRECT] 
2026-01-12 12:24:02,456 [ERROR] LogOutputStream:75 - [STDERR_REDIRECT] [Fatal Error] :1:1: Premature end of file.
2026-01-12 12:24:02,456 [ERROR] LogOutputStream:75 - [STDERR_REDIRECT] 
2026-01-12 12:24:03,447 [ERROR] LogOutputStream:75 - [STDERR_REDIRECT] [Fatal Error] :1:1: Premature end of file.
2026-01-12 12:24:03,447 [ERROR] LogOutputStream:75 - [STDERR_REDIRECT] 
2026-01-12 12:24:04,442 [ERROR] LogOutputStream:75 - [STDERR_REDIRECT] [Fatal Error] :1:1: Premature end of file.
2026-01-12 12:24:04,442 [ERROR] LogOutputStream:75 - [STDERR_REDIRECT] 
2026-01-12 12:24:05,446 [ERROR] LogOutputStream:75 - [STDERR_REDIRECT] [Fatal Error] :1:1: Premature end of file.
2026-01-12 12:24:05,446 [ERROR] LogOutputStream:75 - [STDERR_REDIRECT] 
2026-01-12 12:24:06,456 [ERROR] LogOutputStream:75 - [STDERR_REDIRECT] [Fatal Error] :1:1: Premature end of file.
2026-01-12 12:24:06,456 [ERROR] LogOutputStream:75 - [STDERR_REDIRECT] 
2026-01-12 12:24:07,444 [ERROR] LogOutputStream:75 - [STDERR_REDIRECT] [Fatal Error] :1:1: Premature end of file.
2026-01-12 12:24:07,444 [ERROR] LogOutputStream:75 - [STDERR_REDIRECT] 
2026-01-12 12:24:08,445 [ERROR] LogOutputStream:75 - [STDERR_REDIRECT] [Fatal Error] :1:1: Premature end of file.
2026-01-12 12:24:08,445 [ERROR] LogOutputStream:75 - [STDERR_REDIRECT] 
2026-01-12 12:24:09,456 [ERROR] LogOutputStream:75 - [STDERR_REDIRECT] [Fatal Error] :1:1: Premature end of file.
2026-01-12 12:24:09,456 [ERROR] LogOutputStream:75 - [STDERR_REDIRECT] 
2026-01-12 12:24:10,441 [ERROR] LogOutputStream:75 - [STDERR_REDIRECT] [Fatal Error] :1:1: Premature end of file.
2026-01-12 12:24:10,441 [ERROR] LogOutputStream:75 - [STDERR_REDIRECT] 
2026-01-12 12:24:11,457 [ERROR] LogOutputStream:75 - [STDERR_REDIRECT] [Fatal Error] :1:1: Premature end of file.
2026-01-12 12:24:11,457 [ERROR] LogOutputStream:75 - [STDERR_REDIRECT] 
2026-01-12 12:24:12,439 [ERROR] LogOutputStream:75 - [STDERR_REDIRECT] [Fatal Error] :1:1: Premature end of file.
2026-01-12 12:24:12,439 [ERROR] LogOutputStream:75 - [STDERR_REDIRECT] 
2026-01-12 12:24:13,442 [ERROR] LogOutputStream:75 - [STDERR_REDIRECT] [Fatal Error] :1:1: Premature end of file.
2026-01-12 12:24:13,442 [ERROR] LogOutputStream:75 - [STDERR_REDIRECT] 
2026-01-12 12:24:14,461 [ERROR] LogOutputStream:75 - [STDERR_REDIRECT] [Fatal Error] :1:1: Premature end of file.
2026-01-12 12:24:14,461 [ERROR] LogOutputStream:75 - [STDERR_REDIRECT] 
2026-01-12 12:24:15,562 [ERROR] LogOutputStream:75 - [STDERR_REDIRECT] [Fatal Error] :1:1: Premature end of file.
2026-01-12 12:24:15,562 [ERROR] LogOutputStream:75 - [STDERR_REDIRECT] 
2026-01-12 16:57:02,147 [ERROR] LogOutputStream:75 - [STDERR_REDIRECT] [Fatal Error] :1:1: Premature end of file.
2026-01-12 16:57:02,147 [ERROR] LogOutputStream:75 - [STDERR_REDIRECT] 
2026-01-12 16:57:02,503 [ERROR] LogOutputStream:75 - [STDERR_REDIRECT] [Fatal Error] :1:1: Premature end of file.
2026-01-12 16:57:02,503 [ERROR] LogOutputStream:75 - [STDERR_REDIRECT] 
2026-01-12 16:57:02,801 [ERROR] LogOutputStream:75 - [STDERR_REDIRECT] [Fatal Error] :1:1: Premature end of file.
2026-01-12 16:57:02,801 [ERROR] LogOutputStream:75 - [STDERR_REDIRECT] 
2026-01-12 16:57:02,996 [ERROR] LogOutputStream:75 - [STDERR_REDIRECT] [Fatal Error] :1:1: Premature end of file.
2026-01-12 16:57:02,996 [ERROR] LogOutputStream:75 - [STDERR_REDIRECT] 
2026-01-12 16:57:03,075 [ERROR] LogOutputStream:75 - [STDERR_REDIRECT] [Fatal Error] :1:1: Premature end of file.
2026-01-12 16:57:03,075 [ERROR] LogOutputStream:75 - [STDERR_REDIRECT] 
2026-01-12 16:57:03,125 [ERROR] LogOutputStream:75 - [STDERR_REDIRECT] [Fatal Error] :1:1: Premature end of file.
2026-01-12 16:57:03,125 [ERROR] LogOutputStream:75 - [STDERR_REDIRECT] 
2026-01-12 16:57:03,353 [ERROR] LogOutputStream:75 - [STDERR_REDIRECT] [Fatal Error] :1:1: Premature end of file.
2026-01-12 16:57:03,353 [ERROR] LogOutputStream:75 - [STDERR_REDIRECT] 
2026-01-12 16:57:03,420 [ERROR] LogOutputStream:75 - [STDERR_REDIRECT] [Fatal Error] :1:1: Premature end of file.
2026-01-12 16:57:03,420 [ERROR] LogOutputStream:75 - [STDERR_REDIRECT] 
2026-01-12 16:57:03,552 [ERROR] LogOutputStream:75 - [STDERR_REDIRECT] [Fatal Error] :1:1: Premature end of file.
2026-01-12 16:57:03,552 [ERROR] LogOutputStream:75 - [STDERR_REDIRECT] 
2026-01-12 16:57:03,644 [ERROR] LogOutputStream:75 - [STDERR_REDIRECT] [Fatal Error] :1:1: Premature end of file.
2026-01-12 16:57:03,644 [ERROR] LogOutputStream:75 - [STDERR_REDIRECT] 
2026-01-12 16:57:03,682 [ERROR] LogOutputStream:75 - [STDERR_REDIRECT] [Fatal Error] :1:1: Premature end of file.
2026-01-12 16:57:03,682 [ERROR] LogOutputStream:75 - [STDERR_REDIRECT] 
2026-01-12 16:57:03,857 [ERROR] LogOutputStream:75 - [STDERR_REDIRECT] [Fatal Error] :1:1: Premature end of file.
2026-01-12 16:57:03,857 [ERROR] LogOutputStream:75 - [STDERR_REDIRECT] 
2026-01-12 16:57:04,004 [INFO] WebApp:194 - Connection lost
2026-01-12 16:57:04,038 [ERROR] LogOutputStream:75 - [STDERR_REDIRECT] [Fatal Error] :1:1: Premature end of file.
2026-01-12 16:57:04,038 [ERROR] LogOutputStream:75 - [STDERR_REDIRECT] 
2026-01-12 16:57:04,205 [ERROR] LogOutputStream:75 - [STDERR_REDIRECT] [Fatal Error] :1:1: Premature end of file.
2026-01-12 16:57:04,205 [ERROR] LogOutputStream:75 - [STDERR_REDIRECT] 
2026-01-12 16:57:04,427 [ERROR] LogOutputStream:75 - [STDERR_REDIRECT] [Fatal Error] :1:1: Premature end of file.
2026-01-12 16:57:04,427 [ERROR] LogOutputStream:75 - [STDERR_REDIRECT] 
2026-01-12 16:57:04,514 [ERROR] LogOutputStream:75 - [STDERR_REDIRECT] [Fatal Error] :1:1: Premature end of file.
2026-01-12 16:57:04,514 [ERROR] LogOutputStream:75 - [STDERR_REDIRECT] 
2026-01-12 16:57:04,586 [ERROR] LogOutputStream:75 - [STDERR_REDIRECT] [Fatal Error] :1:1: Premature end of file.
2026-01-12 16:57:04,586 [ERROR] LogOutputStream:75 - [STDERR_REDIRECT] 
2026-01-12 16:57:04,704 [ERROR] LogOutputStream:75 - [STDERR_REDIRECT] [Fatal Error] :1:1: Premature end of file.
2026-01-12 16:57:04,704 [ERROR] LogOutputStream:75 - [STDERR_REDIRECT] 
2026-01-12 16:57:04,770 [ERROR] LogOutputStream:75 - [STDERR_REDIRECT] [Fatal Error] :1:1: Premature end of file.
2026-01-12 16:57:04,771 [ERROR] LogOutputStream:75 - [STDERR_REDIRECT] 
2026-01-12 16:57:04,812 [ERROR] LogOutputStream:75 - [STDERR_REDIRECT] [Fatal Error] :1:1: Premature end of file.
2026-01-12 16:57:04,812 [ERROR] LogOutputStream:75 - [STDERR_REDIRECT] 
2026-01-12 16:57:04,853 [ERROR] LogOutputStream:75 - [STDERR_REDIRECT] [Fatal Error] :1:1: Premature end of file.
2026-01-12 16:57:04,853 [ERROR] LogOutputStream:75 - [STDERR_REDIRECT] 
2026-01-12 16:57:04,894 [ERROR] LogOutputStream:75 - [STDERR_REDIRECT] [Fatal Error] :1:1: Premature end of file.
2026-01-12 16:57:04,894 [ERROR] LogOutputStream:75 - [STDERR_REDIRECT] 
2026-01-12 16:57:04,933 [ERROR] LogOutputStream:75 - [STDERR_REDIRECT] [Fatal Error] :1:1: Premature end of file.
2026-01-12 16:57:04,934 [ERROR] LogOutputStream:75 - [STDERR_REDIRECT] 
2026-01-12 16:57:04,969 [ERROR] LogOutputStream:75 - [STDERR_REDIRECT] [Fatal Error] :1:1: Premature end of file.
2026-01-12 16:57:04,969 [ERROR] LogOutputStream:75 - [STDERR_REDIRECT] 
2026-01-12 16:57:05,012 [ERROR] LogOutputStream:75 - [STDERR_REDIRECT] [Fatal Error] :1:1: Premature end of file.
2026-01-12 16:57:05,012 [ERROR] LogOutputStream:75 - [STDERR_REDIRECT] 
2026-01-12 16:57:05,055 [ERROR] LogOutputStream:75 - [STDERR_REDIRECT] [Fatal Error] :1:1: Premature end of file.
2026-01-12 16:57:05,055 [ERROR] LogOutputStream:75 - [STDERR_REDIRECT] 
2026-01-12 16:57:05,090 [ERROR] LogOutputStream:75 - [STDERR_REDIRECT] [Fatal Error] :1:1: Premature end of file.
2026-01-12 16:57:05,090 [ERROR] LogOutputStream:75 - [STDERR_REDIRECT] 
2026-01-12 16:57:05,128 [ERROR] LogOutputStream:75 - [STDERR_REDIRECT] [Fatal Error] :1:1: Premature end of file.
2026-01-12 16:57:05,128 [ERROR] LogOutputStream:75 - [STDERR_REDIRECT] 
2026-01-12 16:57:05,163 [ERROR] LogOutputStream:75 - [STDERR_REDIRECT] [Fatal Error] :1:1: Premature end of file.
2026-01-12 16:57:05,163 [ERROR] LogOutputStream:75 - [STDERR_REDIRECT] 
2026-01-12 16:57:05,202 [ERROR] LogOutputStream:75 - [STDERR_REDIRECT] [Fatal Error] :1:1: Premature end of file.
2026-01-12 16:57:05,202 [ERROR] LogOutputStream:75 - [STDERR_REDIRECT] 
2026-01-12 16:57:05,237 [ERROR] LogOutputStream:75 - [STDERR_REDIRECT] [Fatal Error] :1:1: Premature end of file.
2026-01-12 16:57:05,237 [ERROR] LogOutputStream:75 - [STDERR_REDIRECT] 
2026-01-12 16:57:05,272 [ERROR] LogOutputStream:75 - [STDERR_REDIRECT] [Fatal Error] :1:1: Premature end of file.
2026-01-12 16:57:05,272 [ERROR] LogOutputStream:75 - [STDERR_REDIRECT] 
2026-01-12 16:57:05,308 [ERROR] LogOutputStream:75 - [STDERR_REDIRECT] [Fatal Error] :1:1: Premature end of file.
2026-01-12 16:57:05,308 [ERROR] LogOutputStream:75 - [STDERR_REDIRECT] 
2026-01-12 16:57:05,342 [ERROR] LogOutputStream:75 - [STDERR_REDIRECT] [Fatal Error] :1:1: Premature end of file.
2026-01-12 16:57:05,342 [ERROR] LogOutputStream:75 - [STDERR_REDIRECT] 
2026-01-12 16:57:05,380 [ERROR] LogOutputStream:75 - [STDERR_REDIRECT] [Fatal Error] :1:1: Premature end of file.
2026-01-12 16:57:05,380 [ERROR] LogOutputStream:75 - [STDERR_REDIRECT] 
2026-01-12 16:57:05,417 [ERROR] LogOutputStream:75 - [STDERR_REDIRECT] [Fatal Error] :1:1: Premature end of file.
2026-01-12 16:57:05,417 [ERROR] LogOutputStream:75 - [STDERR_REDIRECT] 
2026-01-12 16:57:05,451 [ERROR] LogOutputStream:75 - [STDERR_REDIRECT] [Fatal Error] :1:1: Premature end of file.
2026-01-12 16:57:05,451 [ERROR] LogOutputStream:75 - [STDERR_REDIRECT] 
2026-01-12 16:57:05,494 [ERROR] LogOutputStream:75 - [STDERR_REDIRECT] [Fatal Error] :1:1: Premature end of file.
2026-01-12 16:57:05,494 [ERROR] LogOutputStream:75 - [STDERR_REDIRECT] 
2026-01-12 16:57:05,531 [ERROR] LogOutputStream:75 - [STDERR_REDIRECT] [Fatal Error] :1:1: Premature end of file.
2026-01-12 16:57:05,531 [ERROR] LogOutputStream:75 - [STDERR_REDIRECT] 
2026-01-12 16:57:05,566 [ERROR] LogOutputStream:75 - [STDERR_REDIRECT] [Fatal Error] :1:1: Premature end of file.
2026-01-12 16:57:05,566 [ERROR] LogOutputStream:75 - [STDERR_REDIRECT] 
2026-01-12 16:57:05,596 [ERROR] LogOutputStream:75 - [STDERR_REDIRECT] [Fatal Error] :1:1: Premature end of file.
2026-01-12 16:57:05,596 [ERROR] LogOutputStream:75 - [STDERR_REDIRECT] 
2026-01-12 16:57:05,631 [ERROR] LogOutputStream:75 - [STDERR_REDIRECT] [Fatal Error] :1:1: Premature end of file.
2026-01-12 16:57:05,631 [ERROR] LogOutputStream:75 - [STDERR_REDIRECT] 
2026-01-12 16:57:05,662 [ERROR] LogOutputStream:75 - [STDERR_REDIRECT] [Fatal Error] :1:1: Premature end of file.
2026-01-12 16:57:05,662 [ERROR] LogOutputStream:75 - [STDERR_REDIRECT] 
2026-01-12 16:57:05,696 [ERROR] LogOutputStream:75 - [STDERR_REDIRECT] [Fatal Error] :1:1: Premature end of file.
2026-01-12 16:57:05,696 [ERROR] LogOutputStream:75 - [STDERR_REDIRECT] 
2026-01-12 16:57:05,732 [ERROR] LogOutputStream:75 - [STDERR_REDIRECT] [Fatal Error] :1:1: Premature end of file.
2026-01-12 16:57:05,732 [ERROR] LogOutputStream:75 - [STDERR_REDIRECT] 
2026-01-12 16:57:05,766 [ERROR] LogOutputStream:75 - [STDERR_REDIRECT] [Fatal Error] :1:1: Premature end of file.
2026-01-12 16:57:05,766 [ERROR] LogOutputStream:75 - [STDERR_REDIRECT] 
2026-01-12 16:57:05,830 [ERROR] LogOutputStream:75 - [STDERR_REDIRECT] [Fatal Error] :1:1: Premature end of file.
2026-01-12 16:57:05,830 [ERROR] LogOutputStream:75 - [STDERR_REDIRECT] 
2026-01-12 16:57:05,878 [ERROR] LogOutputStream:75 - [STDERR_REDIRECT] [Fatal Error] :1:1: Premature end of file.
2026-01-12 16:57:05,878 [ERROR] LogOutputStream:75 - [STDERR_REDIRECT] 
2026-01-12 16:57:05,910 [ERROR] LogOutputStream:75 - [STDERR_REDIRECT] [Fatal Error] :1:1: Premature end of file.
2026-01-12 16:57:05,910 [ERROR] LogOutputStream:75 - [STDERR_REDIRECT] 
2026-01-12 16:57:05,949 [ERROR] LogOutputStream:75 - [STDERR_REDIRECT] [Fatal Error] :1:1: Premature end of file.
2026-01-12 16:57:05,949 [ERROR] LogOutputStream:75 - [STDERR_REDIRECT] 
2026-01-12 16:57:05,983 [ERROR] LogOutputStream:75 - [STDERR_REDIRECT] [Fatal Error] :1:1: Premature end of file.
2026-01-12 16:57:05,983 [ERROR] LogOutputStream:75 - [STDERR_REDIRECT] 
2026-01-12 16:57:06,026 [ERROR] LogOutputStream:75 - [STDERR_REDIRECT] [Fatal Error] :1:1: Premature end of file.
2026-01-12 16:57:06,026 [ERROR] LogOutputStream:75 - [STDERR_REDIRECT] 
2026-01-12 16:57:06,055 [ERROR] LogOutputStream:75 - [STDERR_REDIRECT] [Fatal Error] :1:1: Premature end of file.
2026-01-12 16:57:06,055 [ERROR] LogOutputStream:75 - [STDERR_REDIRECT] 
2026-01-12 16:57:06,087 [ERROR] LogOutputStream:75 - [STDERR_REDIRECT] [Fatal Error] :1:1: Premature end of file.
2026-01-12 16:57:06,087 [ERROR] LogOutputStream:75 - [STDERR_REDIRECT] 
2026-01-12 16:57:06,135 [ERROR] LogOutputStream:75 - [STDERR_REDIRECT] [Fatal Error] :1:1: Premature end of file.
2026-01-12 16:57:06,135 [ERROR] LogOutputStream:75 - [STDERR_REDIRECT] 
2026-01-12 16:57:06,167 [ERROR] LogOutputStream:75 - [STDERR_REDIRECT] [Fatal Error] :1:1: Premature end of file.
2026-01-12 16:57:06,167 [ERROR] LogOutputStream:75 - [STDERR_REDIRECT] 
2026-01-12 16:57:06,198 [ERROR] LogOutputStream:75 - [STDERR_REDIRECT] [Fatal Error] :1:1: Premature end of file.
2026-01-12 16:57:06,198 [ERROR] LogOutputStream:75 - [STDERR_REDIRECT] 
2026-01-12 16:57:06,230 [ERROR] LogOutputStream:75 - [STDERR_REDIRECT] [Fatal Error] :1:1: Premature end of file.
2026-01-12 16:57:06,230 [ERROR] LogOutputStream:75 - [STDERR_REDIRECT] 
2026-01-12 16:57:06,262 [ERROR] LogOutputStream:75 - [STDERR_REDIRECT] [Fatal Error] :1:1: Premature end of file.
2026-01-12 16:57:06,262 [ERROR] LogOutputStream:75 - [STDERR_REDIRECT] 
2026-01-12 16:57:06,294 [ERROR] LogOutputStream:75 - [STDERR_REDIRECT] [Fatal Error] :1:1: Premature end of file.
2026-01-12 16:57:06,294 [ERROR] LogOutputStream:75 - [STDERR_REDIRECT] 
2026-01-12 16:57:06,327 [ERROR] LogOutputStream:75 - [STDERR_REDIRECT] [Fatal Error] :1:1: Premature end of file.
2026-01-12 16:57:06,327 [ERROR] LogOutputStream:75 - [STDERR_REDIRECT] 
2026-01-12 16:57:06,341 [ERROR] LogOutputStream:75 - [STDERR_REDIRECT] [Fatal Error] :1:1: Premature end of file.
2026-01-12 16:57:06,341 [ERROR] LogOutputStream:75 - [STDERR_REDIRECT] 
2026-01-12 16:57:06,373 [ERROR] LogOutputStream:75 - [STDERR_REDIRECT] [Fatal Error] :1:1: Premature end of file.
2026-01-12 16:57:06,373 [ERROR] LogOutputStream:75 - [STDERR_REDIRECT] 
2026-01-12 16:57:06,426 [ERROR] LogOutputStream:75 - [STDERR_REDIRECT] [Fatal Error] :1:1: Premature end of file.
2026-01-12 16:57:06,427 [ERROR] LogOutputStream:75 - [STDERR_REDIRECT] 
2026-01-12 16:57:06,474 [ERROR] LogOutputStream:75 - [STDERR_REDIRECT] [Fatal Error] :1:1: Premature end of file.
2026-01-12 16:57:06,474 [ERROR] LogOutputStream:75 - [STDERR_REDIRECT] 
2026-01-12 16:57:06,520 [ERROR] LogOutputStream:75 - [STDERR_REDIRECT] [Fatal Error] :1:1: Premature end of file.
2026-01-12 16:57:06,520 [ERROR] LogOutputStream:75 - [STDERR_REDIRECT] 
2026-01-12 16:57:06,567 [ERROR] LogOutputStream:75 - [STDERR_REDIRECT] [Fatal Error] :1:1: Premature end of file.
2026-01-12 16:57:06,567 [ERROR] LogOutputStream:75 - [STDERR_REDIRECT] 
2026-01-12 16:57:06,599 [ERROR] LogOutputStream:75 - [STDERR_REDIRECT] [Fatal Error] :1:1: Premature end of file.
2026-01-12 16:57:06,600 [ERROR] LogOutputStream:75 - [STDERR_REDIRECT] 
2026-01-12 16:57:06,645 [ERROR] LogOutputStream:75 - [STDERR_REDIRECT] [Fatal Error] :1:1: Premature end of file.
2026-01-12 16:57:06,645 [ERROR] LogOutputStream:75 - [STDERR_REDIRECT] 
2026-01-12 16:57:06,687 [ERROR] LogOutputStream:75 - [STDERR_REDIRECT] [Fatal Error] :1:1: Premature end of file.
2026-01-12 16:57:06,687 [ERROR] LogOutputStream:75 - [STDERR_REDIRECT] 
2026-01-12 16:57:06,708 [ERROR] LogOutputStream:75 - [STDERR_REDIRECT] [Fatal Error] :1:1: Premature end of file.
2026-01-12 16:57:06,708 [ERROR] LogOutputStream:75 - [STDERR_REDIRECT] 
2026-01-12 16:57:06,767 [ERROR] LogOutputStream:75 - [STDERR_REDIRECT] [Fatal Error] :1:1: Premature end of file.
2026-01-12 16:57:06,768 [ERROR] LogOutputStream:75 - [STDERR_REDIRECT] 
2026-01-12 16:57:06,866 [ERROR] LogOutputStream:75 - [STDERR_REDIRECT] [Fatal Error] :1:1: Premature end of file.
2026-01-12 16:57:06,866 [ERROR] LogOutputStream:75 - [STDERR_REDIRECT] 
2026-01-12 16:57:06,896 [ERROR] LogOutputStream:75 - [STDERR_REDIRECT] [Fatal Error] :1:1: Premature end of file.
2026-01-12 16:57:06,896 [ERROR] LogOutputStream:75 - [STDERR_REDIRECT] 
2026-01-12 16:57:06,928 [ERROR] LogOutputStream:75 - [STDERR_REDIRECT] [Fatal Error] :1:1: Premature end of file.
2026-01-12 16:57:06,928 [ERROR] LogOutputStream:75 - [STDERR_REDIRECT] 
2026-01-12 16:57:06,960 [ERROR] LogOutputStream:75 - [STDERR_REDIRECT] [Fatal Error] :1:1: Premature end of file.
2026-01-12 16:57:06,960 [ERROR] LogOutputStream:75 - [STDERR_REDIRECT] 
2026-01-12 16:57:06,993 [ERROR] LogOutputStream:75 - [STDERR_REDIRECT] [Fatal Error] :1:1: Premature end of file.
2026-01-12 16:57:06,993 [ERROR] LogOutputStream:75 - [STDERR_REDIRECT] 
2026-01-12 16:57:07,029 [ERROR] LogOutputStream:75 - [STDERR_REDIRECT] [Fatal Error] :1:1: Premature end of file.
2026-01-12 16:57:07,029 [ERROR] LogOutputStream:75 - [STDERR_REDIRECT] 
2026-01-12 16:57:07,056 [ERROR] LogOutputStream:75 - [STDERR_REDIRECT] [Fatal Error] :1:1: Premature end of file.
2026-01-12 16:57:07,056 [ERROR] LogOutputStream:75 - [STDERR_REDIRECT] 
2026-01-12 16:57:07,088 [ERROR] LogOutputStream:75 - [STDERR_REDIRECT] [Fatal Error] :1:1: Premature end of file.
2026-01-12 16:57:07,088 [ERROR] LogOutputStream:75 - [STDERR_REDIRECT] 
2026-01-12 16:57:07,129 [ERROR] LogOutputStream:75 - [STDERR_REDIRECT] [Fatal Error] :1:1: Premature end of file.
2026-01-12 16:57:07,129 [ERROR] LogOutputStream:75 - [STDERR_REDIRECT] 
2026-01-12 16:57:07,153 [ERROR] LogOutputStream:75 - [STDERR_REDIRECT] [Fatal Error] :1:1: Premature end of file.
2026-01-12 16:57:07,153 [ERROR] LogOutputStream:75 - [STDERR_REDIRECT] 
2026-01-12 16:57:07,201 [ERROR] LogOutputStream:75 - [STDERR_REDIRECT] [Fatal Error] :1:1: Premature end of file.
2026-01-12 16:57:07,201 [ERROR] LogOutputStream:75 - [STDERR_REDIRECT] 
2026-01-12 16:57:07,234 [ERROR] LogOutputStream:75 - [STDERR_REDIRECT] [Fatal Error] :1:1: Premature end of file.
2026-01-12 16:57:07,234 [ERROR] LogOutputStream:75 - [STDERR_REDIRECT] 
2026-01-12 16:57:07,308 [ERROR] LogOutputStream:75 - [STDERR_REDIRECT] [Fatal Error] :1:1: Premature end of file.
2026-01-12 16:57:07,308 [ERROR] LogOutputStream:75 - [STDERR_REDIRECT] 
2026-01-12 16:57:07,373 [ERROR] LogOutputStream:75 - [STDERR_REDIRECT] [Fatal Error] :1:1: Premature end of file.
2026-01-12 16:57:07,373 [ERROR] LogOutputStream:75 - [STDERR_REDIRECT] 
2026-01-12 16:57:07,426 [ERROR] LogOutputStream:75 - [STDERR_REDIRECT] [Fatal Error] :1:1: Premature end of file.
2026-01-12 16:57:07,426 [ERROR] LogOutputStream:75 - [STDERR_REDIRECT] 
2026-01-12 16:57:07,477 [ERROR] LogOutputStream:75 - [STDERR_REDIRECT] [Fatal Error] :1:1: Premature end of file.
2026-01-12 16:57:07,477 [ERROR] LogOutputStream:75 - [STDERR_REDIRECT] 
2026-01-12 16:57:07,533 [ERROR] LogOutputStream:75 - [STDERR_REDIRECT] [Fatal Error] :1:1: Premature end of file.
2026-01-12 16:57:07,533 [ERROR] LogOutputStream:75 - [STDERR_REDIRECT] 
2026-01-12 16:57:07,601 [ERROR] LogOutputStream:75 - [STDERR_REDIRECT] [Fatal Error] :1:1: Premature end of file.
2026-01-12 16:57:07,603 [ERROR] LogOutputStream:75 - [STDERR_REDIRECT] 
2026-01-12 16:57:07,660 [ERROR] LogOutputStream:75 - [STDERR_REDIRECT] [Fatal Error] :1:1: Premature end of file.
2026-01-12 16:57:07,660 [ERROR] LogOutputStream:75 - [STDERR_REDIRECT] 
2026-01-12 16:57:07,714 [ERROR] LogOutputStream:75 - [STDERR_REDIRECT] [Fatal Error] :1:1: Premature end of file.
2026-01-12 16:57:07,714 [ERROR] LogOutputStream:75 - [STDERR_REDIRECT] 
2026-01-12 16:57:07,774 [ERROR] LogOutputStream:75 - [STDERR_REDIRECT] [Fatal Error] :1:1: Premature end of file.
2026-01-12 16:57:07,774 [ERROR] LogOutputStream:75 - [STDERR_REDIRECT] 
2026-01-12 16:57:07,818 [ERROR] LogOutputStream:75 - [STDERR_REDIRECT] [Fatal Error] :1:1: Premature end of file.
2026-01-12 16:57:07,818 [ERROR] LogOutputStream:75 - [STDERR_REDIRECT] 
2026-01-12 16:57:07,856 [ERROR] LogOutputStream:75 - [STDERR_REDIRECT] [Fatal Error] :1:1: Premature end of file.
2026-01-12 16:57:07,856 [ERROR] LogOutputStream:75 - [STDERR_REDIRECT] 
2026-01-12 16:57:07,888 [ERROR] LogOutputStream:75 - [STDERR_REDIRECT] [Fatal Error] :1:1: Premature end of file.
2026-01-12 16:57:07,888 [ERROR] LogOutputStream:75 - [STDERR_REDIRECT] 
2026-01-12 16:57:07,930 [ERROR] LogOutputStream:75 - [STDERR_REDIRECT] [Fatal Error] :1:1: Premature end of file.
2026-01-12 16:57:07,930 [ERROR] LogOutputStream:75 - [STDERR_REDIRECT] 
2026-01-12 16:57:07,966 [ERROR] LogOutputStream:75 - [STDERR_REDIRECT] [Fatal Error] :1:1: Premature end of file.
2026-01-12 16:57:07,966 [ERROR] LogOutputStream:75 - [STDERR_REDIRECT] 
2026-01-12 16:57:07,998 [ERROR] LogOutputStream:75 - [STDERR_REDIRECT] [Fatal Error] :1:1: Premature end of file.
2026-01-12 16:57:07,998 [ERROR] LogOutputStream:75 - [STDERR_REDIRECT] 
2026-01-12 16:57:08,030 [ERROR] LogOutputStream:75 - [STDERR_REDIRECT] [Fatal Error] :1:1: Premature end of file.
2026-01-12 16:57:08,030 [ERROR] LogOutputStream:75 - [STDERR_REDIRECT] 
2026-01-12 16:57:08,062 [ERROR] LogOutputStream:75 - [STDERR_REDIRECT] [Fatal Error] :1:1: Premature end of file.
2026-01-12 16:57:08,062 [ERROR] LogOutputStream:75 - [STDERR_REDIRECT] 
2026-01-12 16:57:08,094 [ERROR] LogOutputStream:75 - [STDERR_REDIRECT] [Fatal Error] :1:1: Premature end of file.
2026-01-12 16:57:08,094 [ERROR] LogOutputStream:75 - [STDERR_REDIRECT] 
2026-01-12 16:57:08,126 [ERROR] LogOutputStream:75 - [STDERR_REDIRECT] [Fatal Error] :1:1: Premature end of file.
2026-01-12 16:57:08,126 [ERROR] LogOutputStream:75 - [STDERR_REDIRECT] 
2026-01-12 16:57:08,142 [ERROR] LogOutputStream:75 - [STDERR_REDIRECT] [Fatal Error] :1:1: Premature end of file.
2026-01-12 16:57:08,142 [ERROR] LogOutputStream:75 - [STDERR_REDIRECT] 
2026-01-12 16:57:08,189 [ERROR] LogOutputStream:75 - [STDERR_REDIRECT] [Fatal Error] :1:1: Premature end of file.
2026-01-12 16:57:08,189 [ERROR] LogOutputStream:75 - [STDERR_REDIRECT] 
2026-01-12 16:57:08,205 [ERROR] LogOutputStream:75 - [STDERR_REDIRECT] [Fatal Error] :1:1: Premature end of file.
2026-01-12 16:57:08,205 [ERROR] LogOutputStream:75 - [STDERR_REDIRECT] 
2026-01-12 16:57:08,237 [ERROR] LogOutputStream:75 - [STDERR_REDIRECT] [Fatal Error] :1:1: Premature end of file.
2026-01-12 16:57:08,237 [ERROR] LogOutputStream:75 - [STDERR_REDIRECT] 
2026-01-12 16:57:08,269 [ERROR] LogOutputStream:75 - [STDERR_REDIRECT] [Fatal Error] :1:1: Premature end of file.
2026-01-12 16:57:08,269 [ERROR] LogOutputStream:75 - [STDERR_REDIRECT] 
2026-01-12 16:57:08,301 [ERROR] LogOutputStream:75 - [STDERR_REDIRECT] [Fatal Error] :1:1: Premature end of file.
2026-01-12 16:57:08,301 [ERROR] LogOutputStream:75 - [STDERR_REDIRECT] 
2026-01-12 16:57:08,332 [ERROR] LogOutputStream:75 - [STDERR_REDIRECT] [Fatal Error] :1:1: Premature end of file.
2026-01-12 16:57:08,332 [ERROR] LogOutputStream:75 - [STDERR_REDIRECT] 
2026-01-12 16:57:08,364 [ERROR] LogOutputStream:75 - [STDERR_REDIRECT] [Fatal Error] :1:1: Premature end of file.
2026-01-12 16:57:08,364 [ERROR] LogOutputStream:75 - [STDERR_REDIRECT] 
2026-01-12 16:57:08,396 [ERROR] LogOutputStream:75 - [STDERR_REDIRECT] [Fatal Error] :1:1: Premature end of file.
2026-01-12 16:57:08,396 [ERROR] LogOutputStream:75 - [STDERR_REDIRECT] 
2026-01-12 16:57:08,431 [ERROR] LogOutputStream:75 - [STDERR_REDIRECT] [Fatal Error] :1:1: Premature end of file.
2026-01-12 16:57:08,431 [ERROR] LogOutputStream:75 - [STDERR_REDIRECT] 
2026-01-12 16:57:08,460 [ERROR] LogOutputStream:75 - [STDERR_REDIRECT] [Fatal Error] :1:1: Premature end of file.
2026-01-12 16:57:08,460 [ERROR] LogOutputStream:75 - [STDERR_REDIRECT] 
2026-01-12 16:57:08,492 [ERROR] LogOutputStream:75 - [STDERR_REDIRECT] [Fatal Error] :1:1: Premature end of file.
2026-01-12 16:57:08,492 [ERROR] LogOutputStream:75 - [STDERR_REDIRECT] 
2026-01-12 16:57:08,523 [ERROR] LogOutputStream:75 - [STDERR_REDIRECT] [Fatal Error] :1:1: Premature end of file.
2026-01-12 16:57:08,523 [ERROR] LogOutputStream:75 - [STDERR_REDIRECT] 
2026-01-12 16:57:08,555 [ERROR] LogOutputStream:75 - [STDERR_REDIRECT] [Fatal Error] :1:1: Premature end of file.
2026-01-12 16:57:08,555 [ERROR] LogOutputStream:75 - [STDERR_REDIRECT] 
2026-01-12 16:57:08,587 [ERROR] LogOutputStream:75 - [STDERR_REDIRECT] [Fatal Error] :1:1: Premature end of file.
2026-01-12 16:57:08,587 [ERROR] LogOutputStream:75 - [STDERR_REDIRECT] 
2026-01-12 16:57:08,619 [ERROR] LogOutputStream:75 - [STDERR_REDIRECT] [Fatal Error] :1:1: Premature end of file.
2026-01-12 16:57:08,619 [ERROR] LogOutputStream:75 - [STDERR_REDIRECT] 
2026-01-12 16:57:08,651 [ERROR] LogOutputStream:75 - [STDERR_REDIRECT] [Fatal Error] :1:1: Premature end of file.
2026-01-12 16:57:08,651 [ERROR] LogOutputStream:75 - [STDERR_REDIRECT] 
2026-01-12 16:57:08,683 [ERROR] LogOutputStream:75 - [STDERR_REDIRECT] [Fatal Error] :1:1: Premature end of file.
2026-01-12 16:57:08,683 [ERROR] LogOutputStream:75 - [STDERR_REDIRECT] 
2026-01-12 16:57:08,714 [ERROR] LogOutputStream:75 - [STDERR_REDIRECT] [Fatal Error] :1:1: Premature end of file.
2026-01-12 16:57:08,714 [ERROR] LogOutputStream:75 - [STDERR_REDIRECT] 
2026-01-12 16:57:08,746 [ERROR] LogOutputStream:75 - [STDERR_REDIRECT] [Fatal Error] :1:1: Premature end of file.
2026-01-12 16:57:08,746 [ERROR] LogOutputStream:75 - [STDERR_REDIRECT] 
2026-01-12 16:57:08,778 [ERROR] LogOutputStream:75 - [STDERR_REDIRECT] [Fatal Error] :1:1: Premature end of file.
2026-01-12 16:57:08,778 [ERROR] LogOutputStream:75 - [STDERR_REDIRECT] 
2026-01-12 16:57:08,810 [ERROR] LogOutputStream:75 - [STDERR_REDIRECT] [Fatal Error] :1:1: Premature end of file.
2026-01-12 16:57:08,810 [ERROR] LogOutputStream:75 - [STDERR_REDIRECT] 
2026-01-12 16:57:08,842 [ERROR] LogOutputStream:75 - [STDERR_REDIRECT] [Fatal Error] :1:1: Premature end of file.
2026-01-12 16:57:08,842 [ERROR] LogOutputStream:75 - [STDERR_REDIRECT] 
2026-01-12 16:57:08,873 [ERROR] LogOutputStream:75 - [STDERR_REDIRECT] [Fatal Error] :1:1: Premature end of file.
2026-01-12 16:57:08,873 [ERROR] LogOutputStream:75 - [STDERR_REDIRECT] 
2026-01-12 16:57:08,911 [ERROR] LogOutputStream:75 - [STDERR_REDIRECT] [Fatal Error] :1:1: Premature end of file.
2026-01-12 16:57:08,911 [ERROR] LogOutputStream:75 - [STDERR_REDIRECT] 
2026-01-12 16:57:08,956 [ERROR] LogOutputStream:75 - [STDERR_REDIRECT] [Fatal Error] :1:1: Premature end of file.
2026-01-12 16:57:08,956 [ERROR] LogOutputStream:75 - [STDERR_REDIRECT] 
2026-01-12 16:57:08,996 [ERROR] LogOutputStream:75 - [STDERR_REDIRECT] [Fatal Error] :1:1: Premature end of file.
2026-01-12 16:57:08,996 [ERROR] LogOutputStream:75 - [STDERR_REDIRECT] 
2026-01-12 16:57:09,039 [ERROR] LogOutputStream:75 - [STDERR_REDIRECT] [Fatal Error] :1:1: Premature end of file.
2026-01-12 16:57:09,040 [ERROR] LogOutputStream:75 - [STDERR_REDIRECT] 
2026-01-12 16:57:09,078 [ERROR] LogOutputStream:75 - [STDERR_REDIRECT] [Fatal Error] :1:1: Premature end of file.
2026-01-12 16:57:09,078 [ERROR] LogOutputStream:75 - [STDERR_REDIRECT] 
2026-01-12 16:57:09,121 [ERROR] LogOutputStream:75 - [STDERR_REDIRECT] [Fatal Error] :1:1: Premature end of file.
2026-01-12 16:57:09,121 [ERROR] LogOutputStream:75 - [STDERR_REDIRECT] 
2026-01-12 16:57:09,160 [ERROR] LogOutputStream:75 - [STDERR_REDIRECT] [Fatal Error] :1:1: Premature end of file.
2026-01-12 16:57:09,160 [ERROR] LogOutputStream:75 - [STDERR_REDIRECT] 
2026-01-12 16:57:09,196 [ERROR] LogOutputStream:75 - [STDERR_REDIRECT] [Fatal Error] :1:1: Premature end of file.
2026-01-12 16:57:09,196 [ERROR] LogOutputStream:75 - [STDERR_REDIRECT] 
2026-01-12 16:57:09,236 [ERROR] LogOutputStream:75 - [STDERR_REDIRECT] [Fatal Error] :1:1: Premature end of file.
2026-01-12 16:57:09,236 [ERROR] LogOutputStream:75 - [STDERR_REDIRECT] 
2026-01-12 16:57:09,266 [ERROR] LogOutputStream:75 - [STDERR_REDIRECT] [Fatal Error] :1:1: Premature end of file.
2026-01-12 16:57:09,266 [ERROR] LogOutputStream:75 - [STDERR_REDIRECT] 
2026-01-12 16:57:09,319 [ERROR] LogOutputStream:75 - [STDERR_REDIRECT] [Fatal Error] :1:1: Premature end of file.
2026-01-12 16:57:09,319 [ERROR] LogOutputStream:75 - [STDERR_REDIRECT] 
2026-01-12 16:57:09,356 [ERROR] LogOutputStream:75 - [STDERR_REDIRECT] [Fatal Error] :1:1: Premature end of file.
2026-01-12 16:57:09,356 [ERROR] LogOutputStream:75 - [STDERR_REDIRECT] 
2026-01-12 16:57:09,435 [ERROR] LogOutputStream:75 - [STDERR_REDIRECT] [Fatal Error] :1:1: Premature end of file.
2026-01-12 16:57:09,435 [ERROR] LogOutputStream:75 - [STDERR_REDIRECT] 
2026-01-12 16:57:09,471 [ERROR] LogOutputStream:75 - [STDERR_REDIRECT] [Fatal Error] :1:1: Premature end of file.
2026-01-12 16:57:09,472 [ERROR] LogOutputStream:75 - [STDERR_REDIRECT] 
2026-01-12 16:57:09,506 [ERROR] LogOutputStream:75 - [STDERR_REDIRECT] [Fatal Error] :1:1: Premature end of file.
2026-01-12 16:57:09,506 [ERROR] LogOutputStream:75 - [STDERR_REDIRECT] 
2026-01-12 16:57:09,533 [ERROR] LogOutputStream:75 - [STDERR_REDIRECT] [Fatal Error] :1:1: Premature end of file.
2026-01-12 16:57:09,533 [ERROR] LogOutputStream:75 - [STDERR_REDIRECT] 
2026-01-12 16:57:09,579 [ERROR] LogOutputStream:75 - [STDERR_REDIRECT] [Fatal Error] :1:1: Premature end of file.
2026-01-12 16:57:09,580 [ERROR] LogOutputStream:75 - [STDERR_REDIRECT] 
2026-01-12 16:57:09,620 [ERROR] LogOutputStream:75 - [STDERR_REDIRECT] [Fatal Error] :1:1: Premature end of file.
2026-01-12 16:57:09,620 [ERROR] LogOutputStream:75 - [STDERR_REDIRECT] 
2026-01-12 16:57:09,661 [ERROR] LogOutputStream:75 - [STDERR_REDIRECT] [Fatal Error] :1:1: Premature end of file.
2026-01-12 16:57:09,661 [ERROR] LogOutputStream:75 - [STDERR_REDIRECT] 
2026-01-12 16:57:09,704 [ERROR] LogOutputStream:75 - [STDERR_REDIRECT] [Fatal Error] :1:1: Premature end of file.
2026-01-12 16:57:09,705 [ERROR] LogOutputStream:75 - [STDERR_REDIRECT] 
2026-01-12 16:57:09,745 [ERROR] LogOutputStream:75 - [STDERR_REDIRECT] [Fatal Error] :1:1: Premature end of file.
2026-01-12 16:57:09,745 [ERROR] LogOutputStream:75 - [STDERR_REDIRECT] 
2026-01-12 16:57:09,794 [ERROR] LogOutputStream:75 - [STDERR_REDIRECT] [Fatal Error] :1:1: Premature end of file.
2026-01-12 16:57:09,794 [ERROR] LogOutputStream:75 - [STDERR_REDIRECT] 
2026-01-12 16:57:09,843 [ERROR] LogOutputStream:75 - [STDERR_REDIRECT] [Fatal Error] :1:1: Premature end of file.
2026-01-12 16:57:09,843 [ERROR] LogOutputStream:75 - [STDERR_REDIRECT] 
2026-01-12 16:57:09,888 [ERROR] LogOutputStream:75 - [STDERR_REDIRECT] [Fatal Error] :1:1: Premature end of file.
2026-01-12 16:57:09,888 [ERROR] LogOutputStream:75 - [STDERR_REDIRECT] 
2026-01-12 16:57:09,939 [ERROR] LogOutputStream:75 - [STDERR_REDIRECT] [Fatal Error] :1:1: Premature end of file.
2026-01-12 16:57:09,939 [ERROR] LogOutputStream:75 - [STDERR_REDIRECT] 
2026-01-12 16:57:09,974 [ERROR] LogOutputStream:75 - [STDERR_REDIRECT] [Fatal Error] :1:1: Premature end of file.
2026-01-12 16:57:09,974 [ERROR] LogOutputStream:75 - [STDERR_REDIRECT] 
2026-01-12 16:57:10,034 [ERROR] LogOutputStream:75 - [STDERR_REDIRECT] [Fatal Error] :1:1: Premature end of file.
2026-01-12 16:57:10,036 [ERROR] LogOutputStream:75 - [STDERR_REDIRECT] 
2026-01-12 16:57:10,080 [ERROR] LogOutputStream:75 - [STDERR_REDIRECT] [Fatal Error] :1:1: Premature end of file.
2026-01-12 16:57:10,080 [ERROR] LogOutputStream:75 - [STDERR_REDIRECT] 
2026-01-12 16:57:10,124 [ERROR] LogOutputStream:75 - [STDERR_REDIRECT] [Fatal Error] :1:1: Premature end of file.
2026-01-12 16:57:10,124 [ERROR] LogOutputStream:75 - [STDERR_REDIRECT] 
2026-01-12 16:57:10,167 [ERROR] LogOutputStream:75 - [STDERR_REDIRECT] [Fatal Error] :1:1: Premature end of file.
2026-01-12 16:57:10,167 [ERROR] LogOutputStream:75 - [STDERR_REDIRECT] 
2026-01-12 16:57:10,217 [ERROR] LogOutputStream:75 - [STDERR_REDIRECT] [Fatal Error] :1:1: Premature end of file.
2026-01-12 16:57:10,217 [ERROR] LogOutputStream:75 - [STDERR_REDIRECT] 
2026-01-12 16:57:10,258 [ERROR] LogOutputStream:75 - [STDERR_REDIRECT] [Fatal Error] :1:1: Premature end of file.
2026-01-12 16:57:10,258 [ERROR] LogOutputStream:75 - [STDERR_REDIRECT] 
2026-01-12 16:57:10,300 [ERROR] LogOutputStream:75 - [STDERR_REDIRECT] [Fatal Error] :1:1: Premature end of file.
2026-01-12 16:57:10,300 [ERROR] LogOutputStream:75 - [STDERR_REDIRECT] 
2026-01-12 16:57:10,344 [ERROR] LogOutputStream:75 - [STDERR_REDIRECT] [Fatal Error] :1:1: Premature end of file.
2026-01-12 16:57:10,344 [ERROR] LogOutputStream:75 - [STDERR_REDIRECT] 
2026-01-12 16:57:10,377 [ERROR] LogOutputStream:75 - [STDERR_REDIRECT] [Fatal Error] :1:1: Premature end of file.
2026-01-12 16:57:10,377 [ERROR] LogOutputStream:75 - [STDERR_REDIRECT] 
2026-01-12 16:57:10,420 [ERROR] LogOutputStream:75 - [STDERR_REDIRECT] [Fatal Error] :1:1: Premature end of file.
2026-01-12 16:57:10,420 [ERROR] LogOutputStream:75 - [STDERR_REDIRECT] 
2026-01-12 16:57:10,463 [ERROR] LogOutputStream:75 - [STDERR_REDIRECT] [Fatal Error] :1:1: Premature end of file.
2026-01-12 16:57:10,463 [ERROR] LogOutputStream:75 - [STDERR_REDIRECT] 
2026-01-12 16:57:10,499 [ERROR] LogOutputStream:75 - [STDERR_REDIRECT] [Fatal Error] :1:1: Premature end of file.
2026-01-12 16:57:10,499 [ERROR] LogOutputStream:75 - [STDERR_REDIRECT] 
2026-01-12 16:57:10,551 [ERROR] LogOutputStream:75 - [STDERR_REDIRECT] [Fatal Error] :1:1: Premature end of file.
2026-01-12 16:57:10,551 [ERROR] LogOutputStream:75 - [STDERR_REDIRECT] 
2026-01-12 16:57:10,594 [ERROR] LogOutputStream:75 - [STDERR_REDIRECT] [Fatal Error] :1:1: Premature end of file.
2026-01-12 16:57:10,594 [ERROR] LogOutputStream:75 - [STDERR_REDIRECT] 
2026-01-12 16:57:10,642 [ERROR] LogOutputStream:75 - [STDERR_REDIRECT] [Fatal Error] :1:1: Premature end of file.
2026-01-12 16:57:10,642 [ERROR] LogOutputStream:75 - [STDERR_REDIRECT] 
2026-01-12 16:57:10,672 [ERROR] LogOutputStream:75 - [STDERR_REDIRECT] [Fatal Error] :1:1: Premature end of file.
2026-01-12 16:57:10,682 [ERROR] LogOutputStream:75 - [STDERR_REDIRECT] 
2026-01-12 16:57:10,740 [ERROR] LogOutputStream:75 - [STDERR_REDIRECT] [Fatal Error] :1:1: Premature end of file.
2026-01-12 16:57:10,740 [ERROR] LogOutputStream:75 - [STDERR_REDIRECT] 
2026-01-12 16:57:10,782 [ERROR] LogOutputStream:75 - [STDERR_REDIRECT] [Fatal Error] :1:1: Premature end of file.
2026-01-12 16:57:10,783 [ERROR] LogOutputStream:75 - [STDERR_REDIRECT] 
2026-01-12 16:57:10,823 [ERROR] LogOutputStream:75 - [STDERR_REDIRECT] [Fatal Error] :1:1: Premature end of file.
2026-01-12 16:57:10,823 [ERROR] LogOutputStream:75 - [STDERR_REDIRECT] 
2026-01-12 16:57:10,866 [ERROR] LogOutputStream:75 - [STDERR_REDIRECT] [Fatal Error] :1:1: Premature end of file.
2026-01-12 16:57:10,866 [ERROR] LogOutputStream:75 - [STDERR_REDIRECT] 
2026-01-12 16:57:10,907 [ERROR] LogOutputStream:75 - [STDERR_REDIRECT] [Fatal Error] :1:1: Premature end of file.
2026-01-12 16:57:10,907 [ERROR] LogOutputStream:75 - [STDERR_REDIRECT] 
2026-01-12 16:57:10,954 [ERROR] LogOutputStream:75 - [STDERR_REDIRECT] [Fatal Error] :1:1: Premature end of file.
2026-01-12 16:57:10,954 [ERROR] LogOutputStream:75 - [STDERR_REDIRECT] 
2026-01-12 16:57:10,998 [ERROR] LogOutputStream:75 - [STDERR_REDIRECT] [Fatal Error] :1:1: Premature end of file.
2026-01-12 16:57:10,999 [ERROR] LogOutputStream:75 - [STDERR_REDIRECT] 
2026-01-12 16:57:11,037 [ERROR] LogOutputStream:75 - [STDERR_REDIRECT] [Fatal Error] :1:1: Premature end of file.
2026-01-12 16:57:11,037 [ERROR] LogOutputStream:75 - [STDERR_REDIRECT] 
2026-01-12 16:57:11,080 [ERROR] LogOutputStream:75 - [STDERR_REDIRECT] [Fatal Error] :1:1: Premature end of file.
2026-01-12 16:57:11,080 [ERROR] LogOutputStream:75 - [STDERR_REDIRECT] 
2026-01-12 16:57:11,122 [ERROR] LogOutputStream:75 - [STDERR_REDIRECT] [Fatal Error] :1:1: Premature end of file.
2026-01-12 16:57:11,122 [ERROR] LogOutputStream:75 - [STDERR_REDIRECT] 
2026-01-12 16:57:11,161 [ERROR] LogOutputStream:75 - [STDERR_REDIRECT] [Fatal Error] :1:1: Premature end of file.
2026-01-12 16:57:11,161 [ERROR] LogOutputStream:75 - [STDERR_REDIRECT] 
2026-01-12 16:57:11,209 [ERROR] LogOutputStream:75 - [STDERR_REDIRECT] [Fatal Error] :1:1: Premature end of file.
2026-01-12 16:57:11,209 [ERROR] LogOutputStream:75 - [STDERR_REDIRECT] 
2026-01-12 16:57:11,252 [ERROR] LogOutputStream:75 - [STDERR_REDIRECT] [Fatal Error] :1:1: Premature end of file.
2026-01-12 16:57:11,252 [ERROR] LogOutputStream:75 - [STDERR_REDIRECT] 
2026-01-12 16:57:11,294 [ERROR] LogOutputStream:75 - [STDERR_REDIRECT] [Fatal Error] :1:1: Premature end of file.
2026-01-12 16:57:11,294 [ERROR] LogOutputStream:75 - [STDERR_REDIRECT] 
2026-01-12 16:57:11,343 [ERROR] LogOutputStream:75 - [STDERR_REDIRECT] [Fatal Error] :1:1: Premature end of file.
2026-01-12 16:57:11,343 [ERROR] LogOutputStream:75 - [STDERR_REDIRECT] 
2026-01-12 16:57:11,389 [ERROR] LogOutputStream:75 - [STDERR_REDIRECT] [Fatal Error] :1:1: Premature end of file.
2026-01-12 16:57:11,389 [ERROR] LogOutputStream:75 - [STDERR_REDIRECT] 
2026-01-12 16:57:11,435 [ERROR] LogOutputStream:75 - [STDERR_REDIRECT] [Fatal Error] :1:1: Premature end of file.
2026-01-12 16:57:11,435 [ERROR] LogOutputStream:75 - [STDERR_REDIRECT] 
2026-01-12 16:57:11,476 [ERROR] LogOutputStream:75 - [STDERR_REDIRECT] [Fatal Error] :1:1: Premature end of file.
2026-01-12 16:57:11,476 [ERROR] LogOutputStream:75 - [STDERR_REDIRECT] 
2026-01-12 16:57:11,520 [ERROR] LogOutputStream:75 - [STDERR_REDIRECT] [Fatal Error] :1:1: Premature end of file.
2026-01-12 16:57:11,520 [ERROR] LogOutputStream:75 - [STDERR_REDIRECT] 
2026-01-12 16:57:11,583 [ERROR] LogOutputStream:75 - [STDERR_REDIRECT] [Fatal Error] :1:1: Premature end of file.
2026-01-12 16:57:11,583 [ERROR] LogOutputStream:75 - [STDERR_REDIRECT] 
2026-01-12 16:57:11,629 [ERROR] LogOutputStream:75 - [STDERR_REDIRECT] [Fatal Error] :1:1: Premature end of file.
2026-01-12 16:57:11,629 [ERROR] LogOutputStream:75 - [STDERR_REDIRECT] 
2026-01-12 16:57:11,675 [ERROR] LogOutputStream:75 - [STDERR_REDIRECT] [Fatal Error] :1:1: Premature end of file.
2026-01-12 16:57:11,675 [ERROR] LogOutputStream:75 - [STDERR_REDIRECT] 
2026-01-12 16:57:11,724 [ERROR] LogOutputStream:75 - [STDERR_REDIRECT] [Fatal Error] :1:1: Premature end of file.
2026-01-12 16:57:11,724 [ERROR] LogOutputStream:75 - [STDERR_REDIRECT] 
2026-01-12 16:57:11,772 [ERROR] LogOutputStream:75 - [STDERR_REDIRECT] [Fatal Error] :1:1: Premature end of file.
2026-01-12 16:57:11,772 [ERROR] LogOutputStream:75 - [STDERR_REDIRECT] 
2026-01-12 16:57:11,818 [ERROR] LogOutputStream:75 - [STDERR_REDIRECT] [Fatal Error] :1:1: Premature end of file.
2026-01-12 16:57:11,818 [ERROR] LogOutputStream:75 - [STDERR_REDIRECT] 
2026-01-12 16:57:11,873 [ERROR] LogOutputStream:75 - [STDERR_REDIRECT] [Fatal Error] :1:1: Premature end of file.
2026-01-12 16:57:11,873 [ERROR] LogOutputStream:75 - [STDERR_REDIRECT] 
2026-01-12 16:57:11,920 [ERROR] LogOutputStream:75 - [STDERR_REDIRECT] [Fatal Error] :1:1: Premature end of file.
2026-01-12 16:57:11,920 [ERROR] LogOutputStream:75 - [STDERR_REDIRECT] 
2026-01-12 16:57:11,962 [ERROR] LogOutputStream:75 - [STDERR_REDIRECT] [Fatal Error] :1:1: Premature end of file.
2026-01-12 16:57:11,962 [ERROR] LogOutputStream:75 - [STDERR_REDIRECT] 
2026-01-12 16:57:11,999 [ERROR] LogOutputStream:75 - [STDERR_REDIRECT] [Fatal Error] :1:1: Premature end of file.
2026-01-12 16:57:11,999 [ERROR] LogOutputStream:75 - [STDERR_REDIRECT] 
2026-01-12 16:57:12,054 [ERROR] LogOutputStream:75 - [STDERR_REDIRECT] [Fatal Error] :1:1: Premature end of file.
2026-01-12 16:57:12,054 [ERROR] LogOutputStream:75 - [STDERR_REDIRECT] 
2026-01-12 16:57:13,265 [ERROR] LogOutputStream:75 - [STDERR_REDIRECT] [Fatal Error] :1:1: Premature end of file.
2026-01-12 16:57:13,267 [ERROR] LogOutputStream:75 - [STDERR_REDIRECT] 
2026-01-12 16:57:15,051 [ERROR] LogOutputStream:75 - [STDERR_REDIRECT] [Fatal Error] :1:1: Premature end of file.
2026-01-12 16:57:15,051 [ERROR] LogOutputStream:75 - [STDERR_REDIRECT] 
2026-01-12 16:57:15,166 [ERROR] LogOutputStream:75 - [STDERR_REDIRECT] [Fatal Error] :1:1: Premature end of file.
2026-01-12 16:57:15,166 [ERROR] LogOutputStream:75 - [STDERR_REDIRECT] 
2026-01-12 16:57:15,220 [ERROR] LogOutputStream:75 - [STDERR_REDIRECT] [Fatal Error] :1:1: Premature end of file.
2026-01-12 16:57:15,220 [ERROR] LogOutputStream:75 - [STDERR_REDIRECT] 
2026-01-12 16:57:15,264 [ERROR] LogOutputStream:75 - [STDERR_REDIRECT] [Fatal Error] :1:1: Premature end of file.
2026-01-12 16:57:15,264 [ERROR] LogOutputStream:75 - [STDERR_REDIRECT] 
2026-01-12 16:57:15,302 [ERROR] LogOutputStream:75 - [STDERR_REDIRECT] [Fatal Error] :1:1: Premature end of file.
2026-01-12 16:57:15,302 [ERROR] LogOutputStream:75 - [STDERR_REDIRECT] 
2026-01-12 16:57:15,340 [ERROR] LogOutputStream:75 - [STDERR_REDIRECT] [Fatal Error] :1:1: Premature end of file.
2026-01-12 16:57:15,340 [ERROR] LogOutputStream:75 - [STDERR_REDIRECT] 
2026-01-12 16:57:15,376 [ERROR] LogOutputStream:75 - [STDERR_REDIRECT] [Fatal Error] :1:1: Premature end of file.
2026-01-12 16:57:15,376 [ERROR] LogOutputStream:75 - [STDERR_REDIRECT] 
2026-01-12 16:57:15,412 [ERROR] LogOutputStream:75 - [STDERR_REDIRECT] [Fatal Error] :1:1: Premature end of file.
2026-01-12 16:57:15,412 [ERROR] LogOutputStream:75 - [STDERR_REDIRECT] 
2026-01-12 16:57:15,449 [ERROR] LogOutputStream:75 - [STDERR_REDIRECT] [Fatal Error] :1:1: Premature end of file.
2026-01-12 16:57:15,449 [ERROR] LogOutputStream:75 - [STDERR_REDIRECT] 
2026-01-12 16:57:15,485 [ERROR] LogOutputStream:75 - [STDERR_REDIRECT] [Fatal Error] :1:1: Premature end of file.
2026-01-12 16:57:15,485 [ERROR] LogOutputStream:75 - [STDERR_REDIRECT] 
2026-01-12 16:57:15,522 [ERROR] LogOutputStream:75 - [STDERR_REDIRECT] [Fatal Error] :1:1: Premature end of file.
2026-01-12 16:57:15,522 [ERROR] LogOutputStream:75 - [STDERR_REDIRECT] 
2026-01-12 16:57:15,557 [ERROR] LogOutputStream:75 - [STDERR_REDIRECT] [Fatal Error] :1:1: Premature end of file.
2026-01-12 16:57:15,557 [ERROR] LogOutputStream:75 - [STDERR_REDIRECT] 
2026-01-12 16:57:15,590 [ERROR] LogOutputStream:75 - [STDERR_REDIRECT] [Fatal Error] :1:1: Premature end of file.
2026-01-12 16:57:15,590 [ERROR] LogOutputStream:75 - [STDERR_REDIRECT] 
2026-01-12 16:57:15,625 [ERROR] LogOutputStream:75 - [STDERR_REDIRECT] [Fatal Error] :1:1: Premature end of file.
2026-01-12 16:57:15,625 [ERROR] LogOutputStream:75 - [STDERR_REDIRECT] 
2026-01-12 16:57:15,663 [ERROR] LogOutputStream:75 - [STDERR_REDIRECT] [Fatal Error] :1:1: Premature end of file.
2026-01-12 16:57:15,663 [ERROR] LogOutputStream:75 - [STDERR_REDIRECT] 
2026-01-12 16:57:15,698 [ERROR] LogOutputStream:75 - [STDERR_REDIRECT] [Fatal Error] :1:1: Premature end of file.
2026-01-12 16:57:15,698 [ERROR] LogOutputStream:75 - [STDERR_REDIRECT] 
2026-01-12 16:57:15,731 [ERROR] LogOutputStream:75 - [STDERR_REDIRECT] [Fatal Error] :1:1: Premature end of file.
2026-01-12 16:57:15,731 [ERROR] LogOutputStream:75 - [STDERR_REDIRECT] 
2026-01-12 16:57:15,767 [ERROR] LogOutputStream:75 - [STDERR_REDIRECT] [Fatal Error] :1:1: Premature end of file.
2026-01-12 16:57:15,767 [ERROR] LogOutputStream:75 - [STDERR_REDIRECT] 
2026-01-12 16:57:15,801 [ERROR] LogOutputStream:75 - [STDERR_REDIRECT] [Fatal Error] :1:1: Premature end of file.
2026-01-12 16:57:15,801 [ERROR] LogOutputStream:75 - [STDERR_REDIRECT] 
2026-01-12 16:57:15,832 [ERROR] LogOutputStream:75 - [STDERR_REDIRECT] [Fatal Error] :1:1: Premature end of file.
2026-01-12 16:57:15,832 [ERROR] LogOutputStream:75 - [STDERR_REDIRECT] 
2026-01-12 16:57:15,866 [ERROR] LogOutputStream:75 - [STDERR_REDIRECT] [Fatal Error] :1:1: Premature end of file.
2026-01-12 16:57:15,866 [ERROR] LogOutputStream:75 - [STDERR_REDIRECT] 
2026-01-12 16:57:15,898 [ERROR] LogOutputStream:75 - [STDERR_REDIRECT] [Fatal Error] :1:1: Premature end of file.
2026-01-12 16:57:15,898 [ERROR] LogOutputStream:75 - [STDERR_REDIRECT] 
2026-01-12 16:57:15,930 [ERROR] LogOutputStream:75 - [STDERR_REDIRECT] [Fatal Error] :1:1: Premature end of file.
2026-01-12 16:57:15,930 [ERROR] LogOutputStream:75 - [STDERR_REDIRECT] 
2026-01-12 16:57:15,960 [ERROR] LogOutputStream:75 - [STDERR_REDIRECT] [Fatal Error] :1:1: Premature end of file.
2026-01-12 16:57:15,960 [ERROR] LogOutputStream:75 - [STDERR_REDIRECT] 
2026-01-12 16:57:15,991 [ERROR] LogOutputStream:75 - [STDERR_REDIRECT] [Fatal Error] :1:1: Premature end of file.
2026-01-12 16:57:15,991 [ERROR] LogOutputStream:75 - [STDERR_REDIRECT] 
2026-01-12 16:57:16,023 [ERROR] LogOutputStream:75 - [STDERR_REDIRECT] [Fatal Error] :1:1: Premature end of file.
2026-01-12 16:57:16,023 [ERROR] LogOutputStream:75 - [STDERR_REDIRECT] 
2026-01-12 16:57:16,068 [ERROR] LogOutputStream:75 - [STDERR_REDIRECT] [Fatal Error] :1:1: Premature end of file.
2026-01-12 16:57:16,068 [ERROR] LogOutputStream:75 - [STDERR_REDIRECT] 
2026-01-12 16:57:16,108 [ERROR] LogOutputStream:75 - [STDERR_REDIRECT] [Fatal Error] :1:1: Premature end of file.
2026-01-12 16:57:16,108 [ERROR] LogOutputStream:75 - [STDERR_REDIRECT] 
2026-01-12 16:57:16,141 [ERROR] LogOutputStream:75 - [STDERR_REDIRECT] [Fatal Error] :1:1: Premature end of file.
2026-01-12 16:57:16,141 [ERROR] LogOutputStream:75 - [STDERR_REDIRECT] 
2026-01-12 16:57:16,174 [ERROR] LogOutputStream:75 - [STDERR_REDIRECT] [Fatal Error] :1:1: Premature end of file.
2026-01-12 16:57:16,174 [ERROR] LogOutputStream:75 - [STDERR_REDIRECT] 
2026-01-12 16:57:16,199 [ERROR] LogOutputStream:75 - [STDERR_REDIRECT] [Fatal Error] :1:1: Premature end of file.
2026-01-12 16:57:16,199 [ERROR] LogOutputStream:75 - [STDERR_REDIRECT] 
2026-01-12 16:57:16,235 [ERROR] LogOutputStream:75 - [STDERR_REDIRECT] [Fatal Error] :1:1: Premature end of file.
2026-01-12 16:57:16,235 [ERROR] LogOutputStream:75 - [STDERR_REDIRECT] 
2026-01-12 16:57:16,266 [ERROR] LogOutputStream:75 - [STDERR_REDIRECT] [Fatal Error] :1:1: Premature end of file.
2026-01-12 16:57:16,266 [ERROR] LogOutputStream:75 - [STDERR_REDIRECT] 
2026-01-12 16:57:16,294 [ERROR] LogOutputStream:75 - [STDERR_REDIRECT] [Fatal Error] :1:1: Premature end of file.
2026-01-12 16:57:16,294 [ERROR] LogOutputStream:75 - [STDERR_REDIRECT] 
2026-01-12 16:57:16,322 [ERROR] LogOutputStream:75 - [STDERR_REDIRECT] [Fatal Error] :1:1: Premature end of file.
2026-01-12 16:57:16,322 [ERROR] LogOutputStream:75 - [STDERR_REDIRECT] 
2026-01-12 16:57:16,352 [ERROR] LogOutputStream:75 - [STDERR_REDIRECT] [Fatal Error] :1:1: Premature end of file.
2026-01-12 16:57:16,352 [ERROR] LogOutputStream:75 - [STDERR_REDIRECT] 
2026-01-12 16:57:16,382 [ERROR] LogOutputStream:75 - [STDERR_REDIRECT] [Fatal Error] :1:1: Premature end of file.
2026-01-12 16:57:16,382 [ERROR] LogOutputStream:75 - [STDERR_REDIRECT] 
2026-01-12 16:57:16,415 [ERROR] LogOutputStream:75 - [STDERR_REDIRECT] [Fatal Error] :1:1: Premature end of file.
2026-01-12 16:57:16,415 [ERROR] LogOutputStream:75 - [STDERR_REDIRECT] 
2026-01-12 16:57:16,445 [ERROR] LogOutputStream:75 - [STDERR_REDIRECT] [Fatal Error] :1:1: Premature end of file.
2026-01-12 16:57:16,445 [ERROR] LogOutputStream:75 - [STDERR_REDIRECT] 
2026-01-12 16:57:16,472 [ERROR] LogOutputStream:75 - [STDERR_REDIRECT] [Fatal Error] :1:1: Premature end of file.
2026-01-12 16:57:16,472 [ERROR] LogOutputStream:75 - [STDERR_REDIRECT] 
2026-01-12 16:57:16,503 [ERROR] LogOutputStream:75 - [STDERR_REDIRECT] [Fatal Error] :1:1: Premature end of file.
2026-01-12 16:57:16,503 [ERROR] LogOutputStream:75 - [STDERR_REDIRECT] 
2026-01-12 16:57:16,531 [ERROR] LogOutputStream:75 - [STDERR_REDIRECT] [Fatal Error] :1:1: Premature end of file.
2026-01-12 16:57:16,531 [ERROR] LogOutputStream:75 - [STDERR_REDIRECT] 
2026-01-12 16:57:16,559 [ERROR] LogOutputStream:75 - [STDERR_REDIRECT] [Fatal Error] :1:1: Premature end of file.
2026-01-12 16:57:16,560 [ERROR] LogOutputStream:75 - [STDERR_REDIRECT] 
2026-01-12 16:57:16,587 [ERROR] LogOutputStream:75 - [STDERR_REDIRECT] [Fatal Error] :1:1: Premature end of file.
2026-01-12 16:57:16,587 [ERROR] LogOutputStream:75 - [STDERR_REDIRECT] 
2026-01-12 16:57:16,618 [ERROR] LogOutputStream:75 - [STDERR_REDIRECT] [Fatal Error] :1:1: Premature end of file.
2026-01-12 16:57:16,618 [ERROR] LogOutputStream:75 - [STDERR_REDIRECT] 
2026-01-12 16:57:16,647 [ERROR] LogOutputStream:75 - [STDERR_REDIRECT] [Fatal Error] :1:1: Premature end of file.
2026-01-12 16:57:16,647 [ERROR] LogOutputStream:75 - [STDERR_REDIRECT] 
2026-01-12 16:57:16,676 [ERROR] LogOutputStream:75 - [STDERR_REDIRECT] [Fatal Error] :1:1: Premature end of file.
2026-01-12 16:57:16,676 [ERROR] LogOutputStream:75 - [STDERR_REDIRECT] 
2026-01-12 16:57:16,704 [ERROR] LogOutputStream:75 - [STDERR_REDIRECT] [Fatal Error] :1:1: Premature end of file.
2026-01-12 16:57:16,704 [ERROR] LogOutputStream:75 - [STDERR_REDIRECT] 
2026-01-12 16:57:16,748 [ERROR] LogOutputStream:75 - [STDERR_REDIRECT] [Fatal Error] :1:1: Premature end of file.
2026-01-12 16:57:16,748 [ERROR] LogOutputStream:75 - [STDERR_REDIRECT] 
2026-01-12 16:57:16,784 [ERROR] LogOutputStream:75 - [STDERR_REDIRECT] [Fatal Error] :1:1: Premature end of file.
2026-01-12 16:57:16,784 [ERROR] LogOutputStream:75 - [STDERR_REDIRECT] 
2026-01-12 16:57:16,814 [ERROR] LogOutputStream:75 - [STDERR_REDIRECT] [Fatal Error] :1:1: Premature end of file.
2026-01-12 16:57:16,814 [ERROR] LogOutputStream:75 - [STDERR_REDIRECT] 
2026-01-12 16:57:16,844 [ERROR] LogOutputStream:75 - [STDERR_REDIRECT] [Fatal Error] :1:1: Premature end of file.
2026-01-12 16:57:16,844 [ERROR] LogOutputStream:75 - [STDERR_REDIRECT] 
2026-01-12 16:57:16,872 [ERROR] LogOutputStream:75 - [STDERR_REDIRECT] [Fatal Error] :1:1: Premature end of file.
2026-01-12 16:57:16,872 [ERROR] LogOutputStream:75 - [STDERR_REDIRECT] 
2026-01-12 16:57:16,901 [ERROR] LogOutputStream:75 - [STDERR_REDIRECT] [Fatal Error] :1:1: Premature end of file.
2026-01-12 16:57:16,901 [ERROR] LogOutputStream:75 - [STDERR_REDIRECT] 
2026-01-12 16:57:16,933 [ERROR] LogOutputStream:75 - [STDERR_REDIRECT] [Fatal Error] :1:1: Premature end of file.
2026-01-12 16:57:16,933 [ERROR] LogOutputStream:75 - [STDERR_REDIRECT] 
2026-01-12 16:57:16,964 [ERROR] LogOutputStream:75 - [STDERR_REDIRECT] [Fatal Error] :1:1: Premature end of file.
2026-01-12 16:57:16,964 [ERROR] LogOutputStream:75 - [STDERR_REDIRECT] 
2026-01-12 16:57:16,992 [ERROR] LogOutputStream:75 - [STDERR_REDIRECT] [Fatal Error] :1:1: Premature end of file.
2026-01-12 16:57:16,992 [ERROR] LogOutputStream:75 - [STDERR_REDIRECT] 
2026-01-12 16:57:17,024 [ERROR] LogOutputStream:75 - [STDERR_REDIRECT] [Fatal Error] :1:1: Premature end of file.
2026-01-12 16:57:17,024 [ERROR] LogOutputStream:75 - [STDERR_REDIRECT] 
2026-01-12 16:57:17,054 [ERROR] LogOutputStream:75 - [STDERR_REDIRECT] [Fatal Error] :1:1: Premature end of file.
2026-01-12 16:57:17,054 [ERROR] LogOutputStream:75 - [STDERR_REDIRECT] 
2026-01-12 16:57:17,085 [ERROR] LogOutputStream:75 - [STDERR_REDIRECT] [Fatal Error] :1:1: Premature end of file.
2026-01-12 16:57:17,085 [ERROR] LogOutputStream:75 - [STDERR_REDIRECT] 
2026-01-12 16:57:17,117 [ERROR] LogOutputStream:75 - [STDERR_REDIRECT] [Fatal Error] :1:1: Premature end of file.
2026-01-12 16:57:17,117 [ERROR] LogOutputStream:75 - [STDERR_REDIRECT] 
2026-01-12 16:57:17,153 [ERROR] LogOutputStream:75 - [STDERR_REDIRECT] [Fatal Error] :1:1: Premature end of file.
2026-01-12 16:57:17,153 [ERROR] LogOutputStream:75 - [STDERR_REDIRECT] 
2026-01-12 16:57:17,190 [ERROR] LogOutputStream:75 - [STDERR_REDIRECT] [Fatal Error] :1:1: Premature end of file.
2026-01-12 16:57:17,190 [ERROR] LogOutputStream:75 - [STDERR_REDIRECT] 
2026-01-12 16:57:17,223 [ERROR] LogOutputStream:75 - [STDERR_REDIRECT] [Fatal Error] :1:1: Premature end of file.
2026-01-12 16:57:17,225 [ERROR] LogOutputStream:75 - [STDERR_REDIRECT] 
2026-01-12 16:57:18,369 [ERROR] LogOutputStream:75 - [STDERR_REDIRECT] [Fatal Error] :1:1: Premature end of file.
2026-01-12 16:57:18,369 [ERROR] LogOutputStream:75 - [STDERR_REDIRECT] 
2026-01-12 16:57:20,233 [ERROR] LogOutputStream:75 - [STDERR_REDIRECT] [Fatal Error] :1:1: Premature end of file.
2026-01-12 16:57:20,233 [ERROR] LogOutputStream:75 - [STDERR_REDIRECT] 
2026-01-12 16:57:20,316 [ERROR] LogOutputStream:75 - [STDERR_REDIRECT] [Fatal Error] :1:1: Premature end of file.
2026-01-12 16:57:20,316 [ERROR] LogOutputStream:75 - [STDERR_REDIRECT] 
2026-01-12 16:57:20,368 [ERROR] LogOutputStream:75 - [STDERR_REDIRECT] [Fatal Error] :1:1: Premature end of file.
2026-01-12 16:57:20,368 [ERROR] LogOutputStream:75 - [STDERR_REDIRECT] 
2026-01-12 16:57:20,414 [ERROR] LogOutputStream:75 - [STDERR_REDIRECT] [Fatal Error] :1:1: Premature end of file.
2026-01-12 16:57:20,414 [ERROR] LogOutputStream:75 - [STDERR_REDIRECT] 
2026-01-12 16:57:20,450 [ERROR] LogOutputStream:75 - [STDERR_REDIRECT] [Fatal Error] :1:1: Premature end of file.
2026-01-12 16:57:20,450 [ERROR] LogOutputStream:75 - [STDERR_REDIRECT] 
2026-01-12 16:57:20,486 [ERROR] LogOutputStream:75 - [STDERR_REDIRECT] [Fatal Error] :1:1: Premature end of file.
2026-01-12 16:57:20,488 [ERROR] LogOutputStream:75 - [STDERR_REDIRECT] 
2026-01-12 16:57:20,520 [ERROR] LogOutputStream:75 - [STDERR_REDIRECT] [Fatal Error] :1:1: Premature end of file.
2026-01-12 16:57:20,520 [ERROR] LogOutputStream:75 - [STDERR_REDIRECT] 
2026-01-12 16:57:20,555 [ERROR] LogOutputStream:75 - [STDERR_REDIRECT] [Fatal Error] :1:1: Premature end of file.
2026-01-12 16:57:20,555 [ERROR] LogOutputStream:75 - [STDERR_REDIRECT] 
2026-01-12 16:57:20,593 [ERROR] LogOutputStream:75 - [STDERR_REDIRECT] [Fatal Error] :1:1: Premature end of file.
2026-01-12 16:57:20,593 [ERROR] LogOutputStream:75 - [STDERR_REDIRECT] 
2026-01-12 16:57:20,624 [ERROR] LogOutputStream:75 - [STDERR_REDIRECT] [Fatal Error] :1:1: Premature end of file.
2026-01-12 16:57:20,624 [ERROR] LogOutputStream:75 - [STDERR_REDIRECT] 
2026-01-12 16:57:20,654 [ERROR] LogOutputStream:75 - [STDERR_REDIRECT] [Fatal Error] :1:1: Premature end of file.
2026-01-12 16:57:20,654 [ERROR] LogOutputStream:75 - [STDERR_REDIRECT] 
2026-01-12 16:57:20,683 [ERROR] LogOutputStream:75 - [STDERR_REDIRECT] [Fatal Error] :1:1: Premature end of file.
2026-01-12 16:57:20,683 [ERROR] LogOutputStream:75 - [STDERR_REDIRECT] 
2026-01-12 16:57:20,712 [ERROR] LogOutputStream:75 - [STDERR_REDIRECT] [Fatal Error] :1:1: Premature end of file.
2026-01-12 16:57:20,712 [ERROR] LogOutputStream:75 - [STDERR_REDIRECT] 
2026-01-12 16:57:20,742 [ERROR] LogOutputStream:75 - [STDERR_REDIRECT] [Fatal Error] :1:1: Premature end of file.
2026-01-12 16:57:20,742 [ERROR] LogOutputStream:75 - [STDERR_REDIRECT] 
2026-01-12 16:57:20,765 [ERROR] LogOutputStream:75 - [STDERR_REDIRECT] [Fatal Error] :1:1: Premature end of file.
2026-01-12 16:57:20,765 [ERROR] LogOutputStream:75 - [STDERR_REDIRECT] 
2026-01-12 16:57:20,798 [ERROR] LogOutputStream:75 - [STDERR_REDIRECT] [Fatal Error] :1:1: Premature end of file.
2026-01-12 16:57:20,798 [ERROR] LogOutputStream:75 - [STDERR_REDIRECT] 
2026-01-12 16:57:20,828 [ERROR] LogOutputStream:75 - [STDERR_REDIRECT] [Fatal Error] :1:1: Premature end of file.
2026-01-12 16:57:20,828 [ERROR] LogOutputStream:75 - [STDERR_REDIRECT] 
2026-01-12 16:57:20,860 [ERROR] LogOutputStream:75 - [STDERR_REDIRECT] [Fatal Error] :1:1: Premature end of file.
2026-01-12 16:57:20,860 [ERROR] LogOutputStream:75 - [STDERR_REDIRECT] 
2026-01-12 16:57:20,892 [ERROR] LogOutputStream:75 - [STDERR_REDIRECT] [Fatal Error] :1:1: Premature end of file.
2026-01-12 16:57:20,892 [ERROR] LogOutputStream:75 - [STDERR_REDIRECT] 
2026-01-12 16:57:20,923 [ERROR] LogOutputStream:75 - [STDERR_REDIRECT] [Fatal Error] :1:1: Premature end of file.
2026-01-12 16:57:20,923 [ERROR] LogOutputStream:75 - [STDERR_REDIRECT] 
2026-01-12 16:57:20,954 [ERROR] LogOutputStream:75 - [STDERR_REDIRECT] [Fatal Error] :1:1: Premature end of file.
2026-01-12 16:57:20,954 [ERROR] LogOutputStream:75 - [STDERR_REDIRECT] 
2026-01-12 16:57:20,986 [ERROR] LogOutputStream:75 - [STDERR_REDIRECT] [Fatal Error] :1:1: Premature end of file.
2026-01-12 16:57:20,986 [ERROR] LogOutputStream:75 - [STDERR_REDIRECT] 
2026-01-12 16:57:21,018 [ERROR] LogOutputStream:75 - [STDERR_REDIRECT] [Fatal Error] :1:1: Premature end of file.
2026-01-12 16:57:21,018 [ERROR] LogOutputStream:75 - [STDERR_REDIRECT] 
2026-01-12 16:57:21,049 [ERROR] LogOutputStream:75 - [STDERR_REDIRECT] [Fatal Error] :1:1: Premature end of file.
2026-01-12 16:57:21,049 [ERROR] LogOutputStream:75 - [STDERR_REDIRECT] 
2026-01-12 16:57:21,081 [ERROR] LogOutputStream:75 - [STDERR_REDIRECT] [Fatal Error] :1:1: Premature end of file.
2026-01-12 16:57:21,081 [ERROR] LogOutputStream:75 - [STDERR_REDIRECT] 
2026-01-12 16:57:21,114 [ERROR] LogOutputStream:75 - [STDERR_REDIRECT] [Fatal Error] :1:1: Premature end of file.
2026-01-12 16:57:21,114 [ERROR] LogOutputStream:75 - [STDERR_REDIRECT] 
2026-01-12 16:57:21,146 [ERROR] LogOutputStream:75 - [STDERR_REDIRECT] [Fatal Error] :1:1: Premature end of file.
2026-01-12 16:57:21,146 [ERROR] LogOutputStream:75 - [STDERR_REDIRECT] 
2026-01-12 16:57:21,179 [ERROR] LogOutputStream:75 - [STDERR_REDIRECT] [Fatal Error] :1:1: Premature end of file.
2026-01-12 16:57:21,179 [ERROR] LogOutputStream:75 - [STDERR_REDIRECT] 
2026-01-12 16:57:21,212 [ERROR] LogOutputStream:75 - [STDERR_REDIRECT] [Fatal Error] :1:1: Premature end of file.
2026-01-12 16:57:21,212 [ERROR] LogOutputStream:75 - [STDERR_REDIRECT] 
2026-01-12 16:57:21,241 [ERROR] LogOutputStream:75 - [STDERR_REDIRECT] [Fatal Error] :1:1: Premature end of file.
2026-01-12 16:57:21,241 [ERROR] LogOutputStream:75 - [STDERR_REDIRECT] 
2026-01-12 16:57:21,256 [ERROR] LogOutputStream:75 - [STDERR_REDIRECT] [Fatal Error] :1:1: Premature end of file.
2026-01-12 16:57:21,256 [ERROR] LogOutputStream:75 - [STDERR_REDIRECT] 
2026-01-12 16:57:21,288 [ERROR] LogOutputStream:75 - [STDERR_REDIRECT] [Fatal Error] :1:1: Premature end of file.
2026-01-12 16:57:21,288 [ERROR] LogOutputStream:75 - [STDERR_REDIRECT] 
2026-01-12 16:57:21,320 [ERROR] LogOutputStream:75 - [STDERR_REDIRECT] [Fatal Error] :1:1: Premature end of file.
2026-01-12 16:57:21,320 [ERROR] LogOutputStream:75 - [STDERR_REDIRECT] 
2026-01-12 16:57:21,356 [ERROR] LogOutputStream:75 - [STDERR_REDIRECT] [Fatal Error] :1:1: Premature end of file.
2026-01-12 16:57:21,356 [ERROR] LogOutputStream:75 - [STDERR_REDIRECT] 
2026-01-12 16:57:21,384 [ERROR] LogOutputStream:75 - [STDERR_REDIRECT] [Fatal Error] :1:1: Premature end of file.
2026-01-12 16:57:21,384 [ERROR] LogOutputStream:75 - [STDERR_REDIRECT] 
2026-01-12 16:57:21,415 [ERROR] LogOutputStream:75 - [STDERR_REDIRECT] [Fatal Error] :1:1: Premature end of file.
2026-01-12 16:57:21,415 [ERROR] LogOutputStream:75 - [STDERR_REDIRECT] 
2026-01-12 16:57:21,449 [ERROR] LogOutputStream:75 - [STDERR_REDIRECT] [Fatal Error] :1:1: Premature end of file.
2026-01-12 16:57:21,449 [ERROR] LogOutputStream:75 - [STDERR_REDIRECT] 
2026-01-12 16:57:21,479 [ERROR] LogOutputStream:75 - [STDERR_REDIRECT] [Fatal Error] :1:1: Premature end of file.
2026-01-12 16:57:21,479 [ERROR] LogOutputStream:75 - [STDERR_REDIRECT] 
2026-01-12 16:57:21,495 [ERROR] LogOutputStream:75 - [STDERR_REDIRECT] [Fatal Error] :1:1: Premature end of file.
2026-01-12 16:57:21,495 [ERROR] LogOutputStream:75 - [STDERR_REDIRECT] 
2026-01-12 16:57:21,527 [ERROR] LogOutputStream:75 - [STDERR_REDIRECT] [Fatal Error] :1:1: Premature end of file.
2026-01-12 16:57:21,527 [ERROR] LogOutputStream:75 - [STDERR_REDIRECT] 
2026-01-12 16:57:21,559 [ERROR] LogOutputStream:75 - [STDERR_REDIRECT] [Fatal Error] :1:1: Premature end of file.
2026-01-12 16:57:21,559 [ERROR] LogOutputStream:75 - [STDERR_REDIRECT] 
2026-01-12 16:57:21,590 [ERROR] LogOutputStream:75 - [STDERR_REDIRECT] [Fatal Error] :1:1: Premature end of file.
2026-01-12 16:57:21,590 [ERROR] LogOutputStream:75 - [STDERR_REDIRECT] 
2026-01-12 16:57:21,622 [ERROR] LogOutputStream:75 - [STDERR_REDIRECT] [Fatal Error] :1:1: Premature end of file.
2026-01-12 16:57:21,622 [ERROR] LogOutputStream:75 - [STDERR_REDIRECT] 
2026-01-12 16:57:21,656 [ERROR] LogOutputStream:75 - [STDERR_REDIRECT] [Fatal Error] :1:1: Premature end of file.
2026-01-12 16:57:21,656 [ERROR] LogOutputStream:75 - [STDERR_REDIRECT] 
2026-01-12 16:57:21,685 [ERROR] LogOutputStream:75 - [STDERR_REDIRECT] [Fatal Error] :1:1: Premature end of file.
2026-01-12 16:57:21,685 [ERROR] LogOutputStream:75 - [STDERR_REDIRECT] 
2026-01-12 16:57:21,701 [ERROR] LogOutputStream:75 - [STDERR_REDIRECT] [Fatal Error] :1:1: Premature end of file.
2026-01-12 16:57:21,701 [ERROR] LogOutputStream:75 - [STDERR_REDIRECT] 
2026-01-12 16:57:21,733 [ERROR] LogOutputStream:75 - [STDERR_REDIRECT] [Fatal Error] :1:1: Premature end of file.
2026-01-12 16:57:21,733 [ERROR] LogOutputStream:75 - [STDERR_REDIRECT] 
2026-01-12 16:57:21,765 [ERROR] LogOutputStream:75 - [STDERR_REDIRECT] [Fatal Error] :1:1: Premature end of file.
2026-01-12 16:57:21,765 [ERROR] LogOutputStream:75 - [STDERR_REDIRECT] 
2026-01-12 16:57:21,812 [ERROR] LogOutputStream:75 - [STDERR_REDIRECT] [Fatal Error] :1:1: Premature end of file.
2026-01-12 16:57:21,812 [ERROR] LogOutputStream:75 - [STDERR_REDIRECT] 
2026-01-12 16:57:21,828 [ERROR] LogOutputStream:75 - [STDERR_REDIRECT] [Fatal Error] :1:1: Premature end of file.
2026-01-12 16:57:21,828 [ERROR] LogOutputStream:75 - [STDERR_REDIRECT] 
2026-01-12 16:57:21,860 [ERROR] LogOutputStream:75 - [STDERR_REDIRECT] [Fatal Error] :1:1: Premature end of file.
2026-01-12 16:57:21,860 [ERROR] LogOutputStream:75 - [STDERR_REDIRECT] 
2026-01-12 16:57:21,892 [ERROR] LogOutputStream:75 - [STDERR_REDIRECT] [Fatal Error] :1:1: Premature end of file.
2026-01-12 16:57:21,892 [ERROR] LogOutputStream:75 - [STDERR_REDIRECT] 
2026-01-12 16:57:21,924 [ERROR] LogOutputStream:75 - [STDERR_REDIRECT] [Fatal Error] :1:1: Premature end of file.
2026-01-12 16:57:21,924 [ERROR] LogOutputStream:75 - [STDERR_REDIRECT] 
2026-01-12 16:57:21,957 [ERROR] LogOutputStream:75 - [STDERR_REDIRECT] [Fatal Error] :1:1: Premature end of file.
2026-01-12 16:57:21,957 [ERROR] LogOutputStream:75 - [STDERR_REDIRECT] 
2026-01-12 16:57:21,987 [ERROR] LogOutputStream:75 - [STDERR_REDIRECT] [Fatal Error] :1:1: Premature end of file.
2026-01-12 16:57:21,987 [ERROR] LogOutputStream:75 - [STDERR_REDIRECT] 
2026-01-12 16:57:22,019 [ERROR] LogOutputStream:75 - [STDERR_REDIRECT] [Fatal Error] :1:1: Premature end of file.
2026-01-12 16:57:22,019 [ERROR] LogOutputStream:75 - [STDERR_REDIRECT] 
2026-01-12 16:57:22,050 [ERROR] LogOutputStream:75 - [STDERR_REDIRECT] [Fatal Error] :1:1: Premature end of file.
2026-01-12 16:57:22,050 [ERROR] LogOutputStream:75 - [STDERR_REDIRECT] 
2026-01-12 16:57:22,085 [ERROR] LogOutputStream:75 - [STDERR_REDIRECT] [Fatal Error] :1:1: Premature end of file.
2026-01-12 16:57:22,085 [ERROR] LogOutputStream:75 - [STDERR_REDIRECT] 
2026-01-12 16:57:22,114 [ERROR] LogOutputStream:75 - [STDERR_REDIRECT] [Fatal Error] :1:1: Premature end of file.
2026-01-12 16:57:22,114 [ERROR] LogOutputStream:75 - [STDERR_REDIRECT] 
2026-01-12 16:57:22,146 [ERROR] LogOutputStream:75 - [STDERR_REDIRECT] [Fatal Error] :1:1: Premature end of file.
2026-01-12 16:57:22,146 [ERROR] LogOutputStream:75 - [STDERR_REDIRECT] 
2026-01-12 16:57:22,162 [ERROR] LogOutputStream:75 - [STDERR_REDIRECT] [Fatal Error] :1:1: Premature end of file.
2026-01-12 16:57:22,162 [ERROR] LogOutputStream:75 - [STDERR_REDIRECT] 
2026-01-12 16:57:22,195 [ERROR] LogOutputStream:75 - [STDERR_REDIRECT] [Fatal Error] :1:1: Premature end of file.
2026-01-12 16:57:22,195 [ERROR] LogOutputStream:75 - [STDERR_REDIRECT] 
2026-01-12 16:57:22,225 [ERROR] LogOutputStream:75 - [STDERR_REDIRECT] [Fatal Error] :1:1: Premature end of file.
2026-01-12 16:57:22,225 [ERROR] LogOutputStream:75 - [STDERR_REDIRECT] 
2026-01-12 16:57:22,257 [ERROR] LogOutputStream:75 - [STDERR_REDIRECT] [Fatal Error] :1:1: Premature end of file.
2026-01-12 16:57:22,257 [ERROR] LogOutputStream:75 - [STDERR_REDIRECT] 
2026-01-12 16:57:22,289 [ERROR] LogOutputStream:75 - [STDERR_REDIRECT] [Fatal Error] :1:1: Premature end of file.
2026-01-12 16:57:22,289 [ERROR] LogOutputStream:75 - [STDERR_REDIRECT] 
2026-01-12 16:57:22,321 [ERROR] LogOutputStream:75 - [STDERR_REDIRECT] [Fatal Error] :1:1: Premature end of file.
2026-01-12 16:57:22,321 [ERROR] LogOutputStream:75 - [STDERR_REDIRECT] 
2026-01-12 16:57:22,358 [ERROR] LogOutputStream:75 - [STDERR_REDIRECT] [Fatal Error] :1:1: Premature end of file.
2026-01-12 16:57:22,358 [ERROR] LogOutputStream:75 - [STDERR_REDIRECT] 
2026-01-12 16:57:22,384 [ERROR] LogOutputStream:75 - [STDERR_REDIRECT] [Fatal Error] :1:1: Premature end of file.
2026-01-12 16:57:22,384 [ERROR] LogOutputStream:75 - [STDERR_REDIRECT] 
2026-01-12 16:57:22,416 [ERROR] LogOutputStream:75 - [STDERR_REDIRECT] [Fatal Error] :1:1: Premature end of file.
2026-01-12 16:57:22,416 [ERROR] LogOutputStream:75 - [STDERR_REDIRECT] 
2026-01-12 16:57:22,448 [ERROR] LogOutputStream:75 - [STDERR_REDIRECT] [Fatal Error] :1:1: Premature end of file.
2026-01-12 16:57:22,448 [ERROR] LogOutputStream:75 - [STDERR_REDIRECT] 
2026-01-12 16:57:22,479 [ERROR] LogOutputStream:75 - [STDERR_REDIRECT] [Fatal Error] :1:1: Premature end of file.
2026-01-12 16:57:22,479 [ERROR] LogOutputStream:75 - [STDERR_REDIRECT] 
2026-01-12 16:57:22,495 [ERROR] LogOutputStream:75 - [STDERR_REDIRECT] [Fatal Error] :1:1: Premature end of file.
2026-01-12 16:57:22,495 [ERROR] LogOutputStream:75 - [STDERR_REDIRECT] 
2026-01-12 16:57:22,527 [ERROR] LogOutputStream:75 - [STDERR_REDIRECT] [Fatal Error] :1:1: Premature end of file.
2026-01-12 16:57:22,527 [ERROR] LogOutputStream:75 - [STDERR_REDIRECT] 
2026-01-12 16:57:22,565 [ERROR] LogOutputStream:75 - [STDERR_REDIRECT] [Fatal Error] :1:1: Premature end of file.
2026-01-12 16:57:22,565 [ERROR] LogOutputStream:75 - [STDERR_REDIRECT] 
2026-01-12 16:57:22,589 [ERROR] LogOutputStream:75 - [STDERR_REDIRECT] [Fatal Error] :1:1: Premature end of file.
2026-01-12 16:57:22,589 [ERROR] LogOutputStream:75 - [STDERR_REDIRECT] 
2026-01-12 16:57:22,621 [ERROR] LogOutputStream:75 - [STDERR_REDIRECT] [Fatal Error] :1:1: Premature end of file.
2026-01-12 16:57:22,621 [ERROR] LogOutputStream:75 - [STDERR_REDIRECT] 
2026-01-12 16:57:22,658 [ERROR] LogOutputStream:75 - [STDERR_REDIRECT] [Fatal Error] :1:1: Premature end of file.
2026-01-12 16:57:22,658 [ERROR] LogOutputStream:75 - [STDERR_REDIRECT] 
2026-01-12 16:57:22,685 [ERROR] LogOutputStream:75 - [STDERR_REDIRECT] [Fatal Error] :1:1: Premature end of file.
2026-01-12 16:57:22,685 [ERROR] LogOutputStream:75 - [STDERR_REDIRECT] 
2026-01-12 16:57:22,717 [ERROR] LogOutputStream:75 - [STDERR_REDIRECT] [Fatal Error] :1:1: Premature end of file.
2026-01-12 16:57:22,717 [ERROR] LogOutputStream:75 - [STDERR_REDIRECT] 
2026-01-12 16:57:22,758 [ERROR] LogOutputStream:75 - [STDERR_REDIRECT] [Fatal Error] :1:1: Premature end of file.
2026-01-12 16:57:22,758 [ERROR] LogOutputStream:75 - [STDERR_REDIRECT] 
2026-01-12 16:57:22,781 [ERROR] LogOutputStream:75 - [STDERR_REDIRECT] [Fatal Error] :1:1: Premature end of file.
2026-01-12 16:57:22,781 [ERROR] LogOutputStream:75 - [STDERR_REDIRECT] 
2026-01-12 16:57:22,812 [ERROR] LogOutputStream:75 - [STDERR_REDIRECT] [Fatal Error] :1:1: Premature end of file.
2026-01-12 16:57:22,812 [ERROR] LogOutputStream:75 - [STDERR_REDIRECT] 
2026-01-12 16:57:22,844 [ERROR] LogOutputStream:75 - [STDERR_REDIRECT] [Fatal Error] :1:1: Premature end of file.
2026-01-12 16:57:22,844 [ERROR] LogOutputStream:75 - [STDERR_REDIRECT] 
2026-01-12 16:57:22,876 [ERROR] LogOutputStream:75 - [STDERR_REDIRECT] [Fatal Error] :1:1: Premature end of file.
2026-01-12 16:57:22,876 [ERROR] LogOutputStream:75 - [STDERR_REDIRECT] 
2026-01-12 16:57:22,907 [ERROR] LogOutputStream:75 - [STDERR_REDIRECT] [Fatal Error] :1:1: Premature end of file.
2026-01-12 16:57:22,907 [ERROR] LogOutputStream:75 - [STDERR_REDIRECT] 
2026-01-12 16:57:22,939 [ERROR] LogOutputStream:75 - [STDERR_REDIRECT] [Fatal Error] :1:1: Premature end of file.
2026-01-12 16:57:22,939 [ERROR] LogOutputStream:75 - [STDERR_REDIRECT] 
2026-01-12 16:57:22,958 [ERROR] LogOutputStream:75 - [STDERR_REDIRECT] [Fatal Error] :1:1: Premature end of file.
2026-01-12 16:57:22,958 [ERROR] LogOutputStream:75 - [STDERR_REDIRECT] 
2026-01-12 16:57:22,987 [ERROR] LogOutputStream:75 - [STDERR_REDIRECT] [Fatal Error] :1:1: Premature end of file.
2026-01-12 16:57:22,987 [ERROR] LogOutputStream:75 - [STDERR_REDIRECT] 
2026-01-12 16:57:23,019 [ERROR] LogOutputStream:75 - [STDERR_REDIRECT] [Fatal Error] :1:1: Premature end of file.
2026-01-12 16:57:23,019 [ERROR] LogOutputStream:75 - [STDERR_REDIRECT] 
2026-01-12 16:57:23,058 [ERROR] LogOutputStream:75 - [STDERR_REDIRECT] [Fatal Error] :1:1: Premature end of file.
2026-01-12 16:57:23,058 [ERROR] LogOutputStream:75 - [STDERR_REDIRECT] 
2026-01-12 16:57:23,083 [ERROR] LogOutputStream:75 - [STDERR_REDIRECT] [Fatal Error] :1:1: Premature end of file.
2026-01-12 16:57:23,083 [ERROR] LogOutputStream:75 - [STDERR_REDIRECT] 
2026-01-12 16:57:23,115 [ERROR] LogOutputStream:75 - [STDERR_REDIRECT] [Fatal Error] :1:1: Premature end of file.
2026-01-12 16:57:23,115 [ERROR] LogOutputStream:75 - [STDERR_REDIRECT] 
2026-01-12 16:57:23,148 [ERROR] LogOutputStream:75 - [STDERR_REDIRECT] [Fatal Error] :1:1: Premature end of file.
2026-01-12 16:57:23,148 [ERROR] LogOutputStream:75 - [STDERR_REDIRECT] 
2026-01-12 16:57:23,178 [ERROR] LogOutputStream:75 - [STDERR_REDIRECT] [Fatal Error] :1:1: Premature end of file.
2026-01-12 16:57:23,178 [ERROR] LogOutputStream:75 - [STDERR_REDIRECT] 
2026-01-12 16:57:23,210 [ERROR] LogOutputStream:75 - [STDERR_REDIRECT] [Fatal Error] :1:1: Premature end of file.
2026-01-12 16:57:23,210 [ERROR] LogOutputStream:75 - [STDERR_REDIRECT] 
2026-01-12 16:57:23,242 [ERROR] LogOutputStream:75 - [STDERR_REDIRECT] [Fatal Error] :1:1: Premature end of file.
2026-01-12 16:57:23,242 [ERROR] LogOutputStream:75 - [STDERR_REDIRECT] 
2026-01-12 16:57:23,275 [ERROR] LogOutputStream:75 - [STDERR_REDIRECT] [Fatal Error] :1:1: Premature end of file.
2026-01-12 16:57:23,275 [ERROR] LogOutputStream:75 - [STDERR_REDIRECT] 
2026-01-12 16:57:23,290 [ERROR] LogOutputStream:75 - [STDERR_REDIRECT] [Fatal Error] :1:1: Premature end of file.
2026-01-12 16:57:23,290 [ERROR] LogOutputStream:75 - [STDERR_REDIRECT] 
2026-01-12 16:57:23,322 [ERROR] LogOutputStream:75 - [STDERR_REDIRECT] [Fatal Error] :1:1: Premature end of file.
2026-01-12 16:57:23,322 [ERROR] LogOutputStream:75 - [STDERR_REDIRECT] 
2026-01-12 16:57:23,358 [ERROR] LogOutputStream:75 - [STDERR_REDIRECT] [Fatal Error] :1:1: Premature end of file.
2026-01-12 16:57:23,358 [ERROR] LogOutputStream:75 - [STDERR_REDIRECT] 
2026-01-12 16:57:23,385 [ERROR] LogOutputStream:75 - [STDERR_REDIRECT] [Fatal Error] :1:1: Premature end of file.
2026-01-12 16:57:23,385 [ERROR] LogOutputStream:75 - [STDERR_REDIRECT] 
2026-01-12 16:57:23,417 [ERROR] LogOutputStream:75 - [STDERR_REDIRECT] [Fatal Error] :1:1: Premature end of file.
2026-01-12 16:57:23,417 [ERROR] LogOutputStream:75 - [STDERR_REDIRECT] 
2026-01-12 16:57:23,449 [ERROR] LogOutputStream:75 - [STDERR_REDIRECT] [Fatal Error] :1:1: Premature end of file.
2026-01-12 16:57:23,449 [ERROR] LogOutputStream:75 - [STDERR_REDIRECT] 
2026-01-12 16:57:23,480 [ERROR] LogOutputStream:75 - [STDERR_REDIRECT] [Fatal Error] :1:1: Premature end of file.
2026-01-12 16:57:23,480 [ERROR] LogOutputStream:75 - [STDERR_REDIRECT] 
2026-01-12 16:57:23,513 [ERROR] LogOutputStream:75 - [STDERR_REDIRECT] [Fatal Error] :1:1: Premature end of file.
2026-01-12 16:57:23,513 [ERROR] LogOutputStream:75 - [STDERR_REDIRECT] 
2026-01-12 16:57:23,545 [ERROR] LogOutputStream:75 - [STDERR_REDIRECT] [Fatal Error] :1:1: Premature end of file.
2026-01-12 16:57:23,545 [ERROR] LogOutputStream:75 - [STDERR_REDIRECT] 
2026-01-12 16:57:23,577 [ERROR] LogOutputStream:75 - [STDERR_REDIRECT] [Fatal Error] :1:1: Premature end of file.
2026-01-12 16:57:23,577 [ERROR] LogOutputStream:75 - [STDERR_REDIRECT] 
2026-01-12 16:57:23,608 [ERROR] LogOutputStream:75 - [STDERR_REDIRECT] [Fatal Error] :1:1: Premature end of file.
2026-01-12 16:57:23,608 [ERROR] LogOutputStream:75 - [STDERR_REDIRECT] 
2026-01-12 16:57:23,640 [ERROR] LogOutputStream:75 - [STDERR_REDIRECT] [Fatal Error] :1:1: Premature end of file.
2026-01-12 16:57:23,640 [ERROR] LogOutputStream:75 - [STDERR_REDIRECT] 
2026-01-12 16:57:23,672 [ERROR] LogOutputStream:75 - [STDERR_REDIRECT] [Fatal Error] :1:1: Premature end of file.
2026-01-12 16:57:23,672 [ERROR] LogOutputStream:75 - [STDERR_REDIRECT] 
2026-01-12 16:57:23,704 [ERROR] LogOutputStream:75 - [STDERR_REDIRECT] [Fatal Error] :1:1: Premature end of file.
2026-01-12 16:57:23,704 [ERROR] LogOutputStream:75 - [STDERR_REDIRECT] 
2026-01-12 16:57:23,736 [ERROR] LogOutputStream:75 - [STDERR_REDIRECT] [Fatal Error] :1:1: Premature end of file.
2026-01-12 16:57:23,736 [ERROR] LogOutputStream:75 - [STDERR_REDIRECT] 
2026-01-12 16:57:23,767 [ERROR] LogOutputStream:75 - [STDERR_REDIRECT] [Fatal Error] :1:1: Premature end of file.
2026-01-12 16:57:23,767 [ERROR] LogOutputStream:75 - [STDERR_REDIRECT] 
2026-01-12 16:57:23,796 [ERROR] LogOutputStream:75 - [STDERR_REDIRECT] [Fatal Error] :1:1: Premature end of file.
2026-01-12 16:57:23,796 [ERROR] LogOutputStream:75 - [STDERR_REDIRECT] 
2026-01-12 16:57:23,815 [ERROR] LogOutputStream:75 - [STDERR_REDIRECT] [Fatal Error] :1:1: Premature end of file.
2026-01-12 16:57:23,815 [ERROR] LogOutputStream:75 - [STDERR_REDIRECT] 
2026-01-12 16:57:23,847 [ERROR] LogOutputStream:75 - [STDERR_REDIRECT] [Fatal Error] :1:1: Premature end of file.
2026-01-12 16:57:23,847 [ERROR] LogOutputStream:75 - [STDERR_REDIRECT] 
2026-01-12 16:57:23,894 [ERROR] LogOutputStream:75 - [STDERR_REDIRECT] [Fatal Error] :1:1: Premature end of file.
2026-01-12 16:57:23,894 [ERROR] LogOutputStream:75 - [STDERR_REDIRECT] 
2026-01-12 16:57:23,942 [ERROR] LogOutputStream:75 - [STDERR_REDIRECT] [Fatal Error] :1:1: Premature end of file.
2026-01-12 16:57:23,942 [ERROR] LogOutputStream:75 - [STDERR_REDIRECT] 
2026-01-12 16:57:23,974 [ERROR] LogOutputStream:75 - [STDERR_REDIRECT] [Fatal Error] :1:1: Premature end of file.
2026-01-12 16:57:23,974 [ERROR] LogOutputStream:75 - [STDERR_REDIRECT] 
2026-01-12 16:57:24,021 [ERROR] LogOutputStream:75 - [STDERR_REDIRECT] [Fatal Error] :1:1: Premature end of file.
2026-01-12 16:57:24,021 [ERROR] LogOutputStream:75 - [STDERR_REDIRECT] 
2026-01-12 16:57:24,069 [ERROR] LogOutputStream:75 - [STDERR_REDIRECT] [Fatal Error] :1:1: Premature end of file.
2026-01-12 16:57:24,069 [ERROR] LogOutputStream:75 - [STDERR_REDIRECT] 
2026-01-12 16:57:24,117 [ERROR] LogOutputStream:75 - [STDERR_REDIRECT] [Fatal Error] :1:1: Premature end of file.
2026-01-12 16:57:24,117 [ERROR] LogOutputStream:75 - [STDERR_REDIRECT] 
2026-01-12 16:57:24,149 [ERROR] LogOutputStream:75 - [STDERR_REDIRECT] [Fatal Error] :1:1: Premature end of file.
2026-01-12 16:57:24,149 [ERROR] LogOutputStream:75 - [STDERR_REDIRECT] 
2026-01-12 16:57:24,197 [ERROR] LogOutputStream:75 - [STDERR_REDIRECT] [Fatal Error] :1:1: Premature end of file.
2026-01-12 16:57:24,197 [ERROR] LogOutputStream:75 - [STDERR_REDIRECT] 
2026-01-12 16:57:24,244 [ERROR] LogOutputStream:75 - [STDERR_REDIRECT] [Fatal Error] :1:1: Premature end of file.
2026-01-12 16:57:24,244 [ERROR] LogOutputStream:75 - [STDERR_REDIRECT] 
2026-01-12 16:57:24,292 [ERROR] LogOutputStream:75 - [STDERR_REDIRECT] [Fatal Error] :1:1: Premature end of file.
2026-01-12 16:57:24,292 [ERROR] LogOutputStream:75 - [STDERR_REDIRECT] 
2026-01-12 16:57:24,340 [ERROR] LogOutputStream:75 - [STDERR_REDIRECT] [Fatal Error] :1:1: Premature end of file.
2026-01-12 16:57:24,340 [ERROR] LogOutputStream:75 - [STDERR_REDIRECT] 
2026-01-12 16:57:24,372 [ERROR] LogOutputStream:75 - [STDERR_REDIRECT] [Fatal Error] :1:1: Premature end of file.
2026-01-12 16:57:24,372 [ERROR] LogOutputStream:75 - [STDERR_REDIRECT] 
2026-01-12 16:57:24,420 [ERROR] LogOutputStream:75 - [STDERR_REDIRECT] [Fatal Error] :1:1: Premature end of file.
2026-01-12 16:57:24,420 [ERROR] LogOutputStream:75 - [STDERR_REDIRECT] 
2026-01-12 16:57:24,468 [ERROR] LogOutputStream:75 - [STDERR_REDIRECT] [Fatal Error] :1:1: Premature end of file.
2026-01-12 16:57:24,468 [ERROR] LogOutputStream:75 - [STDERR_REDIRECT] 
2026-01-12 16:57:24,515 [ERROR] LogOutputStream:75 - [STDERR_REDIRECT] [Fatal Error] :1:1: Premature end of file.
2026-01-12 16:57:24,515 [ERROR] LogOutputStream:75 - [STDERR_REDIRECT] 
2026-01-12 16:57:24,547 [ERROR] LogOutputStream:75 - [STDERR_REDIRECT] [Fatal Error] :1:1: Premature end of file.
2026-01-12 16:57:24,547 [ERROR] LogOutputStream:75 - [STDERR_REDIRECT] 
2026-01-12 16:57:24,594 [ERROR] LogOutputStream:75 - [STDERR_REDIRECT] [Fatal Error] :1:1: Premature end of file.
2026-01-12 16:57:24,594 [ERROR] LogOutputStream:75 - [STDERR_REDIRECT] 
2026-01-12 16:57:24,642 [ERROR] LogOutputStream:75 - [STDERR_REDIRECT] [Fatal Error] :1:1: Premature end of file.
2026-01-12 16:57:24,642 [ERROR] LogOutputStream:75 - [STDERR_REDIRECT] 
2026-01-12 16:57:24,690 [ERROR] LogOutputStream:75 - [STDERR_REDIRECT] [Fatal Error] :1:1: Premature end of file.
2026-01-12 16:57:24,690 [ERROR] LogOutputStream:75 - [STDERR_REDIRECT] 
2026-01-12 16:57:24,738 [ERROR] LogOutputStream:75 - [STDERR_REDIRECT] [Fatal Error] :1:1: Premature end of file.
2026-01-12 16:57:24,738 [ERROR] LogOutputStream:75 - [STDERR_REDIRECT] 
2026-01-12 16:57:24,770 [ERROR] LogOutputStream:75 - [STDERR_REDIRECT] [Fatal Error] :1:1: Premature end of file.
2026-01-12 16:57:24,770 [ERROR] LogOutputStream:75 - [STDERR_REDIRECT] 
2026-01-12 16:57:24,818 [ERROR] LogOutputStream:75 - [STDERR_REDIRECT] [Fatal Error] :1:1: Premature end of file.
2026-01-12 16:57:24,818 [ERROR] LogOutputStream:75 - [STDERR_REDIRECT] 
2026-01-12 16:57:24,865 [ERROR] LogOutputStream:75 - [STDERR_REDIRECT] [Fatal Error] :1:1: Premature end of file.
2026-01-12 16:57:24,865 [ERROR] LogOutputStream:75 - [STDERR_REDIRECT] 
2026-01-12 16:57:24,913 [ERROR] LogOutputStream:75 - [STDERR_REDIRECT] [Fatal Error] :1:1: Premature end of file.
2026-01-12 16:57:24,913 [ERROR] LogOutputStream:75 - [STDERR_REDIRECT] 
2026-01-12 16:57:24,962 [ERROR] LogOutputStream:75 - [STDERR_REDIRECT] [Fatal Error] :1:1: Premature end of file.
2026-01-12 16:57:24,962 [ERROR] LogOutputStream:75 - [STDERR_REDIRECT] 
2026-01-12 16:57:25,008 [ERROR] LogOutputStream:75 - [STDERR_REDIRECT] [Fatal Error] :1:1: Premature end of file.
2026-01-12 16:57:25,008 [ERROR] LogOutputStream:75 - [STDERR_REDIRECT] 
2026-01-12 16:57:25,062 [ERROR] LogOutputStream:75 - [STDERR_REDIRECT] [Fatal Error] :1:1: Premature end of file.
2026-01-12 16:57:25,062 [ERROR] LogOutputStream:75 - [STDERR_REDIRECT] 
2026-01-12 16:57:25,103 [ERROR] LogOutputStream:75 - [STDERR_REDIRECT] [Fatal Error] :1:1: Premature end of file.
2026-01-12 16:57:25,103 [ERROR] LogOutputStream:75 - [STDERR_REDIRECT] 
2026-01-12 16:57:25,135 [ERROR] LogOutputStream:75 - [STDERR_REDIRECT] [Fatal Error] :1:1: Premature end of file.
2026-01-12 16:57:25,135 [ERROR] LogOutputStream:75 - [STDERR_REDIRECT] 
2026-01-12 16:57:25,183 [ERROR] LogOutputStream:75 - [STDERR_REDIRECT] [Fatal Error] :1:1: Premature end of file.
2026-01-12 16:57:25,183 [ERROR] LogOutputStream:75 - [STDERR_REDIRECT] 
2026-01-12 16:57:25,231 [ERROR] LogOutputStream:75 - [STDERR_REDIRECT] [Fatal Error] :1:1: Premature end of file.
2026-01-12 16:57:25,231 [ERROR] LogOutputStream:75 - [STDERR_REDIRECT] 
2026-01-12 16:57:25,284 [ERROR] LogOutputStream:75 - [STDERR_REDIRECT] [Fatal Error] :1:1: Premature end of file.
2026-01-12 16:57:25,285 [ERROR] LogOutputStream:75 - [STDERR_REDIRECT] 
2026-01-12 16:57:25,326 [ERROR] LogOutputStream:75 - [STDERR_REDIRECT] [Fatal Error] :1:1: Premature end of file.
2026-01-12 16:57:25,326 [ERROR] LogOutputStream:75 - [STDERR_REDIRECT] 
2026-01-12 16:57:26,505 [ERROR] LogOutputStream:75 - [STDERR_REDIRECT] [Fatal Error] :1:1: Premature end of file.
2026-01-12 16:57:26,505 [ERROR] LogOutputStream:75 - [STDERR_REDIRECT] 
2026-01-12 16:57:39,921 [ERROR] LogOutputStream:75 - [STDERR_REDIRECT] [Fatal Error] :1:1: Premature end of file.
2026-01-12 16:57:39,923 [ERROR] LogOutputStream:75 - [STDERR_REDIRECT] 
2026-01-12 16:57:40,133 [ERROR] LogOutputStream:75 - [STDERR_REDIRECT] [Fatal Error] :1:1: Premature end of file.
2026-01-12 16:57:40,133 [ERROR] LogOutputStream:75 - [STDERR_REDIRECT] 
2026-01-12 16:57:40,181 [ERROR] LogOutputStream:75 - [STDERR_REDIRECT] [Fatal Error] :1:1: Premature end of file.
2026-01-12 16:57:40,181 [ERROR] LogOutputStream:75 - [STDERR_REDIRECT] 
2026-01-12 16:57:40,222 [ERROR] LogOutputStream:75 - [STDERR_REDIRECT] [Fatal Error] :1:1: Premature end of file.
2026-01-12 16:57:40,222 [ERROR] LogOutputStream:75 - [STDERR_REDIRECT] 
2026-01-12 16:57:40,262 [ERROR] LogOutputStream:75 - [STDERR_REDIRECT] [Fatal Error] :1:1: Premature end of file.
2026-01-12 16:57:40,262 [ERROR] LogOutputStream:75 - [STDERR_REDIRECT] 
2026-01-12 16:57:40,299 [ERROR] LogOutputStream:75 - [STDERR_REDIRECT] [Fatal Error] :1:1: Premature end of file.
2026-01-12 16:57:40,299 [ERROR] LogOutputStream:75 - [STDERR_REDIRECT] 
2026-01-12 16:57:40,330 [ERROR] LogOutputStream:75 - [STDERR_REDIRECT] [Fatal Error] :1:1: Premature end of file.
2026-01-12 16:57:40,330 [ERROR] LogOutputStream:75 - [STDERR_REDIRECT] 
2026-01-12 16:57:40,364 [ERROR] LogOutputStream:75 - [STDERR_REDIRECT] [Fatal Error] :1:1: Premature end of file.
2026-01-12 16:57:40,364 [ERROR] LogOutputStream:75 - [STDERR_REDIRECT] 
2026-01-12 16:57:40,398 [ERROR] LogOutputStream:75 - [STDERR_REDIRECT] [Fatal Error] :1:1: Premature end of file.
2026-01-12 16:57:40,398 [ERROR] LogOutputStream:75 - [STDERR_REDIRECT] 
2026-01-12 16:57:40,432 [ERROR] LogOutputStream:75 - [STDERR_REDIRECT] [Fatal Error] :1:1: Premature end of file.
2026-01-12 16:57:40,432 [ERROR] LogOutputStream:75 - [STDERR_REDIRECT] 
2026-01-12 16:57:40,467 [ERROR] LogOutputStream:75 - [STDERR_REDIRECT] [Fatal Error] :1:1: Premature end of file.
2026-01-12 16:57:40,467 [ERROR] LogOutputStream:75 - [STDERR_REDIRECT] 
2026-01-12 16:57:40,501 [ERROR] LogOutputStream:75 - [STDERR_REDIRECT] [Fatal Error] :1:1: Premature end of file.
2026-01-12 16:57:40,503 [ERROR] LogOutputStream:75 - [STDERR_REDIRECT] 
2026-01-12 16:57:40,534 [ERROR] LogOutputStream:75 - [STDERR_REDIRECT] [Fatal Error] :1:1: Premature end of file.
2026-01-12 16:57:40,534 [ERROR] LogOutputStream:75 - [STDERR_REDIRECT] 
2026-01-12 16:57:40,572 [ERROR] LogOutputStream:75 - [STDERR_REDIRECT] [Fatal Error] :1:1: Premature end of file.
2026-01-12 16:57:40,574 [ERROR] LogOutputStream:75 - [STDERR_REDIRECT] 
2026-01-12 16:57:40,606 [ERROR] LogOutputStream:75 - [STDERR_REDIRECT] [Fatal Error] :1:1: Premature end of file.
2026-01-12 16:57:40,606 [ERROR] LogOutputStream:75 - [STDERR_REDIRECT] 
2026-01-12 16:57:40,642 [ERROR] LogOutputStream:75 - [STDERR_REDIRECT] [Fatal Error] :1:1: Premature end of file.
2026-01-12 16:57:40,642 [ERROR] LogOutputStream:75 - [STDERR_REDIRECT] 
2026-01-12 16:57:40,675 [ERROR] LogOutputStream:75 - [STDERR_REDIRECT] [Fatal Error] :1:1: Premature end of file.
2026-01-12 16:57:40,675 [ERROR] LogOutputStream:75 - [STDERR_REDIRECT] 
2026-01-12 16:57:40,709 [ERROR] LogOutputStream:75 - [STDERR_REDIRECT] [Fatal Error] :1:1: Premature end of file.
2026-01-12 16:57:40,709 [ERROR] LogOutputStream:75 - [STDERR_REDIRECT] 
2026-01-12 16:57:40,744 [ERROR] LogOutputStream:75 - [STDERR_REDIRECT] [Fatal Error] :1:1: Premature end of file.
2026-01-12 16:57:40,744 [ERROR] LogOutputStream:75 - [STDERR_REDIRECT] 
2026-01-12 16:57:40,782 [ERROR] LogOutputStream:75 - [STDERR_REDIRECT] [Fatal Error] :1:1: Premature end of file.
2026-01-12 16:57:40,782 [ERROR] LogOutputStream:75 - [STDERR_REDIRECT] 
2026-01-12 16:57:40,816 [ERROR] LogOutputStream:75 - [STDERR_REDIRECT] [Fatal Error] :1:1: Premature end of file.
2026-01-12 16:57:40,816 [ERROR] LogOutputStream:75 - [STDERR_REDIRECT] 
2026-01-12 16:57:40,856 [ERROR] LogOutputStream:75 - [STDERR_REDIRECT] [Fatal Error] :1:1: Premature end of file.
2026-01-12 16:57:40,858 [ERROR] LogOutputStream:75 - [STDERR_REDIRECT] 
2026-01-12 16:57:40,891 [ERROR] LogOutputStream:75 - [STDERR_REDIRECT] [Fatal Error] :1:1: Premature end of file.
2026-01-12 16:57:40,891 [ERROR] LogOutputStream:75 - [STDERR_REDIRECT] 
2026-01-12 16:57:40,924 [ERROR] LogOutputStream:75 - [STDERR_REDIRECT] [Fatal Error] :1:1: Premature end of file.
2026-01-12 16:57:40,926 [ERROR] LogOutputStream:75 - [STDERR_REDIRECT] 
2026-01-12 16:57:40,957 [ERROR] LogOutputStream:75 - [STDERR_REDIRECT] [Fatal Error] :1:1: Premature end of file.
2026-01-12 16:57:40,957 [ERROR] LogOutputStream:75 - [STDERR_REDIRECT] 
2026-01-12 16:57:40,996 [ERROR] LogOutputStream:75 - [STDERR_REDIRECT] [Fatal Error] :1:1: Premature end of file.
2026-01-12 16:57:40,996 [ERROR] LogOutputStream:75 - [STDERR_REDIRECT] 
2026-01-12 16:57:41,030 [ERROR] LogOutputStream:75 - [STDERR_REDIRECT] [Fatal Error] :1:1: Premature end of file.
2026-01-12 16:57:41,030 [ERROR] LogOutputStream:75 - [STDERR_REDIRECT] 
2026-01-12 16:57:41,063 [ERROR] LogOutputStream:75 - [STDERR_REDIRECT] [Fatal Error] :1:1: Premature end of file.
2026-01-12 16:57:41,065 [ERROR] LogOutputStream:75 - [STDERR_REDIRECT] 
2026-01-12 16:57:41,097 [ERROR] LogOutputStream:75 - [STDERR_REDIRECT] [Fatal Error] :1:1: Premature end of file.
2026-01-12 16:57:41,100 [ERROR] LogOutputStream:75 - [STDERR_REDIRECT] 
2026-01-12 16:57:41,136 [ERROR] LogOutputStream:75 - [STDERR_REDIRECT] [Fatal Error] :1:1: Premature end of file.
2026-01-12 16:57:41,136 [ERROR] LogOutputStream:75 - [STDERR_REDIRECT] 
2026-01-12 16:57:41,168 [ERROR] LogOutputStream:75 - [STDERR_REDIRECT] [Fatal Error] :1:1: Premature end of file.
2026-01-12 16:57:41,168 [ERROR] LogOutputStream:75 - [STDERR_REDIRECT] 
2026-01-12 16:57:41,211 [ERROR] LogOutputStream:75 - [STDERR_REDIRECT] [Fatal Error] :1:1: Premature end of file.
2026-01-12 16:57:41,211 [ERROR] LogOutputStream:75 - [STDERR_REDIRECT] 
2026-01-12 16:57:41,247 [ERROR] LogOutputStream:75 - [STDERR_REDIRECT] [Fatal Error] :1:1: Premature end of file.
2026-01-12 16:57:41,247 [ERROR] LogOutputStream:75 - [STDERR_REDIRECT] 
2026-01-12 16:57:41,280 [ERROR] LogOutputStream:75 - [STDERR_REDIRECT] [Fatal Error] :1:1: Premature end of file.
2026-01-12 16:57:41,280 [ERROR] LogOutputStream:75 - [STDERR_REDIRECT] 
2026-01-12 16:57:41,313 [ERROR] LogOutputStream:75 - [STDERR_REDIRECT] [Fatal Error] :1:1: Premature end of file.
2026-01-12 16:57:41,313 [ERROR] LogOutputStream:75 - [STDERR_REDIRECT] 
2026-01-12 16:57:41,349 [ERROR] LogOutputStream:75 - [STDERR_REDIRECT] [Fatal Error] :1:1: Premature end of file.
2026-01-12 16:57:41,349 [ERROR] LogOutputStream:75 - [STDERR_REDIRECT] 
2026-01-12 16:57:41,387 [ERROR] LogOutputStream:75 - [STDERR_REDIRECT] [Fatal Error] :1:1: Premature end of file.
2026-01-12 16:57:41,387 [ERROR] LogOutputStream:75 - [STDERR_REDIRECT] 
2026-01-12 16:57:41,425 [ERROR] LogOutputStream:75 - [STDERR_REDIRECT] [Fatal Error] :1:1: Premature end of file.
2026-01-12 16:57:41,427 [ERROR] LogOutputStream:75 - [STDERR_REDIRECT] 
2026-01-12 16:57:41,462 [ERROR] LogOutputStream:75 - [STDERR_REDIRECT] [Fatal Error] :1:1: Premature end of file.
2026-01-12 16:57:41,462 [ERROR] LogOutputStream:75 - [STDERR_REDIRECT] 
2026-01-12 16:57:41,499 [ERROR] LogOutputStream:75 - [STDERR_REDIRECT] [Fatal Error] :1:1: Premature end of file.
2026-01-12 16:57:41,499 [ERROR] LogOutputStream:75 - [STDERR_REDIRECT] 
2026-01-12 16:57:41,535 [ERROR] LogOutputStream:75 - [STDERR_REDIRECT] [Fatal Error] :1:1: Premature end of file.
2026-01-12 16:57:41,535 [ERROR] LogOutputStream:75 - [STDERR_REDIRECT] 
2026-01-12 16:57:41,569 [ERROR] LogOutputStream:75 - [STDERR_REDIRECT] [Fatal Error] :1:1: Premature end of file.
2026-01-12 16:57:41,569 [ERROR] LogOutputStream:75 - [STDERR_REDIRECT] 
2026-01-12 16:57:41,602 [ERROR] LogOutputStream:75 - [STDERR_REDIRECT] [Fatal Error] :1:1: Premature end of file.
2026-01-12 16:57:41,602 [ERROR] LogOutputStream:75 - [STDERR_REDIRECT] 
2026-01-12 16:57:41,634 [ERROR] LogOutputStream:75 - [STDERR_REDIRECT] [Fatal Error] :1:1: Premature end of file.
2026-01-12 16:57:41,634 [ERROR] LogOutputStream:75 - [STDERR_REDIRECT] 
2026-01-12 16:57:41,667 [ERROR] LogOutputStream:75 - [STDERR_REDIRECT] [Fatal Error] :1:1: Premature end of file.
2026-01-12 16:57:41,669 [ERROR] LogOutputStream:75 - [STDERR_REDIRECT] 
2026-01-12 16:57:41,701 [ERROR] LogOutputStream:75 - [STDERR_REDIRECT] [Fatal Error] :1:1: Premature end of file.
2026-01-12 16:57:41,701 [ERROR] LogOutputStream:75 - [STDERR_REDIRECT] 
2026-01-12 16:57:41,734 [ERROR] LogOutputStream:75 - [STDERR_REDIRECT] [Fatal Error] :1:1: Premature end of file.
2026-01-12 16:57:41,734 [ERROR] LogOutputStream:75 - [STDERR_REDIRECT] 
2026-01-12 16:57:41,768 [ERROR] LogOutputStream:75 - [STDERR_REDIRECT] [Fatal Error] :1:1: Premature end of file.
2026-01-12 16:57:41,768 [ERROR] LogOutputStream:75 - [STDERR_REDIRECT] 
2026-01-12 16:57:41,801 [ERROR] LogOutputStream:75 - [STDERR_REDIRECT] [Fatal Error] :1:1: Premature end of file.
2026-01-12 16:57:41,801 [ERROR] LogOutputStream:75 - [STDERR_REDIRECT] 
2026-01-12 16:57:41,835 [ERROR] LogOutputStream:75 - [STDERR_REDIRECT] [Fatal Error] :1:1: Premature end of file.
2026-01-12 16:57:41,835 [ERROR] LogOutputStream:75 - [STDERR_REDIRECT] 
2026-01-12 16:57:41,870 [ERROR] LogOutputStream:75 - [STDERR_REDIRECT] [Fatal Error] :1:1: Premature end of file.
2026-01-12 16:57:41,870 [ERROR] LogOutputStream:75 - [STDERR_REDIRECT] 
2026-01-12 16:57:41,903 [ERROR] LogOutputStream:75 - [STDERR_REDIRECT] [Fatal Error] :1:1: Premature end of file.
2026-01-12 16:57:41,903 [ERROR] LogOutputStream:75 - [STDERR_REDIRECT] 
2026-01-12 16:57:41,935 [ERROR] LogOutputStream:75 - [STDERR_REDIRECT] [Fatal Error] :1:1: Premature end of file.
2026-01-12 16:57:41,935 [ERROR] LogOutputStream:75 - [STDERR_REDIRECT] 
2026-01-12 16:57:41,968 [ERROR] LogOutputStream:75 - [STDERR_REDIRECT] [Fatal Error] :1:1: Premature end of file.
2026-01-12 16:57:41,968 [ERROR] LogOutputStream:75 - [STDERR_REDIRECT] 
2026-01-12 16:57:42,002 [ERROR] LogOutputStream:75 - [STDERR_REDIRECT] [Fatal Error] :1:1: Premature end of file.
2026-01-12 16:57:42,002 [ERROR] LogOutputStream:75 - [STDERR_REDIRECT] 
2026-01-12 16:57:42,033 [ERROR] LogOutputStream:75 - [STDERR_REDIRECT] [Fatal Error] :1:1: Premature end of file.
2026-01-12 16:57:42,033 [ERROR] LogOutputStream:75 - [STDERR_REDIRECT] 
2026-01-12 16:57:42,062 [ERROR] LogOutputStream:75 - [STDERR_REDIRECT] [Fatal Error] :1:1: Premature end of file.
2026-01-12 16:57:42,062 [ERROR] LogOutputStream:75 - [STDERR_REDIRECT] 
2026-01-12 16:57:42,102 [ERROR] LogOutputStream:75 - [STDERR_REDIRECT] [Fatal Error] :1:1: Premature end of file.
2026-01-12 16:57:42,102 [ERROR] LogOutputStream:75 - [STDERR_REDIRECT] 
2026-01-12 16:57:42,148 [ERROR] LogOutputStream:75 - [STDERR_REDIRECT] [Fatal Error] :1:1: Premature end of file.
2026-01-12 16:57:42,148 [ERROR] LogOutputStream:75 - [STDERR_REDIRECT] 
2026-01-12 16:57:42,182 [ERROR] LogOutputStream:75 - [STDERR_REDIRECT] [Fatal Error] :1:1: Premature end of file.
2026-01-12 16:57:42,182 [ERROR] LogOutputStream:75 - [STDERR_REDIRECT] 
2026-01-12 16:57:42,215 [ERROR] LogOutputStream:75 - [STDERR_REDIRECT] [Fatal Error] :1:1: Premature end of file.
2026-01-12 16:57:42,215 [ERROR] LogOutputStream:75 - [STDERR_REDIRECT] 
2026-01-12 16:57:42,248 [ERROR] LogOutputStream:75 - [STDERR_REDIRECT] [Fatal Error] :1:1: Premature end of file.
2026-01-12 16:57:42,248 [ERROR] LogOutputStream:75 - [STDERR_REDIRECT] 
2026-01-12 16:57:42,281 [ERROR] LogOutputStream:75 - [STDERR_REDIRECT] [Fatal Error] :1:1: Premature end of file.
2026-01-12 16:57:42,281 [ERROR] LogOutputStream:75 - [STDERR_REDIRECT] 
2026-01-12 16:57:42,313 [ERROR] LogOutputStream:75 - [STDERR_REDIRECT] [Fatal Error] :1:1: Premature end of file.
2026-01-12 16:57:42,313 [ERROR] LogOutputStream:75 - [STDERR_REDIRECT] 
2026-01-12 16:57:42,344 [ERROR] LogOutputStream:75 - [STDERR_REDIRECT] [Fatal Error] :1:1: Premature end of file.
2026-01-12 16:57:42,344 [ERROR] LogOutputStream:75 - [STDERR_REDIRECT] 
2026-01-12 16:57:42,380 [ERROR] LogOutputStream:75 - [STDERR_REDIRECT] [Fatal Error] :1:1: Premature end of file.
2026-01-12 16:57:42,380 [ERROR] LogOutputStream:75 - [STDERR_REDIRECT] 
2026-01-12 16:57:42,413 [ERROR] LogOutputStream:75 - [STDERR_REDIRECT] [Fatal Error] :1:1: Premature end of file.
2026-01-12 16:57:42,413 [ERROR] LogOutputStream:75 - [STDERR_REDIRECT] 
2026-01-12 16:57:42,445 [ERROR] LogOutputStream:75 - [STDERR_REDIRECT] [Fatal Error] :1:1: Premature end of file.
2026-01-12 16:57:42,445 [ERROR] LogOutputStream:75 - [STDERR_REDIRECT] 
2026-01-12 16:57:42,478 [ERROR] LogOutputStream:75 - [STDERR_REDIRECT] [Fatal Error] :1:1: Premature end of file.
2026-01-12 16:57:42,478 [ERROR] LogOutputStream:75 - [STDERR_REDIRECT] 
2026-01-12 16:57:42,512 [ERROR] LogOutputStream:75 - [STDERR_REDIRECT] [Fatal Error] :1:1: Premature end of file.
2026-01-12 16:57:42,512 [ERROR] LogOutputStream:75 - [STDERR_REDIRECT] 
2026-01-12 16:57:42,545 [ERROR] LogOutputStream:75 - [STDERR_REDIRECT] [Fatal Error] :1:1: Premature end of file.
2026-01-12 16:57:42,545 [ERROR] LogOutputStream:75 - [STDERR_REDIRECT] 
2026-01-12 16:57:42,576 [ERROR] LogOutputStream:75 - [STDERR_REDIRECT] [Fatal Error] :1:1: Premature end of file.
2026-01-12 16:57:42,576 [ERROR] LogOutputStream:75 - [STDERR_REDIRECT] 
2026-01-12 16:57:42,607 [ERROR] LogOutputStream:75 - [STDERR_REDIRECT] [Fatal Error] :1:1: Premature end of file.
2026-01-12 16:57:42,607 [ERROR] LogOutputStream:75 - [STDERR_REDIRECT] 
2026-01-12 16:57:42,640 [ERROR] LogOutputStream:75 - [STDERR_REDIRECT] [Fatal Error] :1:1: Premature end of file.
2026-01-12 16:57:42,640 [ERROR] LogOutputStream:75 - [STDERR_REDIRECT] 
2026-01-12 16:57:42,675 [ERROR] LogOutputStream:75 - [STDERR_REDIRECT] [Fatal Error] :1:1: Premature end of file.
2026-01-12 16:57:42,675 [ERROR] LogOutputStream:75 - [STDERR_REDIRECT] 
2026-01-12 16:57:42,711 [ERROR] LogOutputStream:75 - [STDERR_REDIRECT] [Fatal Error] :1:1: Premature end of file.
2026-01-12 16:57:42,711 [ERROR] LogOutputStream:75 - [STDERR_REDIRECT] 
2026-01-12 16:57:42,746 [ERROR] LogOutputStream:75 - [STDERR_REDIRECT] [Fatal Error] :1:1: Premature end of file.
2026-01-12 16:57:42,746 [ERROR] LogOutputStream:75 - [STDERR_REDIRECT] 
2026-01-12 16:57:42,781 [ERROR] LogOutputStream:75 - [STDERR_REDIRECT] [Fatal Error] :1:1: Premature end of file.
2026-01-12 16:57:42,781 [ERROR] LogOutputStream:75 - [STDERR_REDIRECT] 
2026-01-12 16:57:42,815 [ERROR] LogOutputStream:75 - [STDERR_REDIRECT] [Fatal Error] :1:1: Premature end of file.
2026-01-12 16:57:42,815 [ERROR] LogOutputStream:75 - [STDERR_REDIRECT] 
2026-01-12 16:57:42,852 [ERROR] LogOutputStream:75 - [STDERR_REDIRECT] [Fatal Error] :1:1: Premature end of file.
2026-01-12 16:57:42,852 [ERROR] LogOutputStream:75 - [STDERR_REDIRECT] 
2026-01-12 16:57:42,887 [ERROR] LogOutputStream:75 - [STDERR_REDIRECT] [Fatal Error] :1:1: Premature end of file.
2026-01-12 16:57:42,887 [ERROR] LogOutputStream:75 - [STDERR_REDIRECT] 
2026-01-12 16:57:42,921 [ERROR] LogOutputStream:75 - [STDERR_REDIRECT] [Fatal Error] :1:1: Premature end of file.
2026-01-12 16:57:42,921 [ERROR] LogOutputStream:75 - [STDERR_REDIRECT] 
2026-01-12 16:57:42,956 [ERROR] LogOutputStream:75 - [STDERR_REDIRECT] [Fatal Error] :1:1: Premature end of file.
2026-01-12 16:57:42,956 [ERROR] LogOutputStream:75 - [STDERR_REDIRECT] 
2026-01-12 16:57:42,988 [ERROR] LogOutputStream:75 - [STDERR_REDIRECT] [Fatal Error] :1:1: Premature end of file.
2026-01-12 16:57:42,988 [ERROR] LogOutputStream:75 - [STDERR_REDIRECT] 
2026-01-12 16:57:43,021 [ERROR] LogOutputStream:75 - [STDERR_REDIRECT] [Fatal Error] :1:1: Premature end of file.
2026-01-12 16:57:43,021 [ERROR] LogOutputStream:75 - [STDERR_REDIRECT] 
2026-01-12 16:57:43,053 [ERROR] LogOutputStream:75 - [STDERR_REDIRECT] [Fatal Error] :1:1: Premature end of file.
2026-01-12 16:57:43,053 [ERROR] LogOutputStream:75 - [STDERR_REDIRECT] 
2026-01-12 16:57:43,087 [ERROR] LogOutputStream:75 - [STDERR_REDIRECT] [Fatal Error] :1:1: Premature end of file.
2026-01-12 16:57:43,087 [ERROR] LogOutputStream:75 - [STDERR_REDIRECT] 
2026-01-12 16:57:43,119 [ERROR] LogOutputStream:75 - [STDERR_REDIRECT] [Fatal Error] :1:1: Premature end of file.
2026-01-12 16:57:43,119 [ERROR] LogOutputStream:75 - [STDERR_REDIRECT] 
2026-01-12 16:57:43,153 [ERROR] LogOutputStream:75 - [STDERR_REDIRECT] [Fatal Error] :1:1: Premature end of file.
2026-01-12 16:57:43,153 [ERROR] LogOutputStream:75 - [STDERR_REDIRECT] 
2026-01-12 16:57:43,185 [ERROR] LogOutputStream:75 - [STDERR_REDIRECT] [Fatal Error] :1:1: Premature end of file.
2026-01-12 16:57:43,185 [ERROR] LogOutputStream:75 - [STDERR_REDIRECT] 
2026-01-12 16:57:43,208 [ERROR] LogOutputStream:75 - [STDERR_REDIRECT] [Fatal Error] :1:1: Premature end of file.
2026-01-12 16:57:43,208 [ERROR] LogOutputStream:75 - [STDERR_REDIRECT] 
2026-01-12 16:57:43,253 [ERROR] LogOutputStream:75 - [STDERR_REDIRECT] [Fatal Error] :1:1: Premature end of file.
2026-01-12 16:57:43,253 [ERROR] LogOutputStream:75 - [STDERR_REDIRECT] 
2026-01-12 16:57:43,286 [ERROR] LogOutputStream:75 - [STDERR_REDIRECT] [Fatal Error] :1:1: Premature end of file.
2026-01-12 16:57:43,286 [ERROR] LogOutputStream:75 - [STDERR_REDIRECT] 
2026-01-12 16:57:43,318 [ERROR] LogOutputStream:75 - [STDERR_REDIRECT] [Fatal Error] :1:1: Premature end of file.
2026-01-12 16:57:43,318 [ERROR] LogOutputStream:75 - [STDERR_REDIRECT] 
2026-01-12 16:57:43,349 [ERROR] LogOutputStream:75 - [STDERR_REDIRECT] [Fatal Error] :1:1: Premature end of file.
2026-01-12 16:57:43,349 [ERROR] LogOutputStream:75 - [STDERR_REDIRECT] 
2026-01-12 16:57:43,382 [ERROR] LogOutputStream:75 - [STDERR_REDIRECT] [Fatal Error] :1:1: Premature end of file.
2026-01-12 16:57:43,382 [ERROR] LogOutputStream:75 - [STDERR_REDIRECT] 
2026-01-12 16:57:43,410 [ERROR] LogOutputStream:75 - [STDERR_REDIRECT] [Fatal Error] :1:1: Premature end of file.
2026-01-12 16:57:43,410 [ERROR] LogOutputStream:75 - [STDERR_REDIRECT] 
2026-01-12 16:57:43,438 [ERROR] LogOutputStream:75 - [STDERR_REDIRECT] [Fatal Error] :1:1: Premature end of file.
2026-01-12 16:57:43,438 [ERROR] LogOutputStream:75 - [STDERR_REDIRECT] 
2026-01-12 16:57:43,467 [ERROR] LogOutputStream:75 - [STDERR_REDIRECT] [Fatal Error] :1:1: Premature end of file.
2026-01-12 16:57:43,467 [ERROR] LogOutputStream:75 - [STDERR_REDIRECT] 
2026-01-12 16:57:43,495 [ERROR] LogOutputStream:75 - [STDERR_REDIRECT] [Fatal Error] :1:1: Premature end of file.
2026-01-12 16:57:43,495 [ERROR] LogOutputStream:75 - [STDERR_REDIRECT] 
2026-01-12 16:57:43,524 [ERROR] LogOutputStream:75 - [STDERR_REDIRECT] [Fatal Error] :1:1: Premature end of file.
2026-01-12 16:57:43,524 [ERROR] LogOutputStream:75 - [STDERR_REDIRECT] 
2026-01-12 16:57:43,552 [ERROR] LogOutputStream:75 - [STDERR_REDIRECT] [Fatal Error] :1:1: Premature end of file.
2026-01-12 16:57:43,552 [ERROR] LogOutputStream:75 - [STDERR_REDIRECT] 
2026-01-12 16:57:43,573 [ERROR] LogOutputStream:75 - [STDERR_REDIRECT] [Fatal Error] :1:1: Premature end of file.
2026-01-12 16:57:43,573 [ERROR] LogOutputStream:75 - [STDERR_REDIRECT] 
2026-01-12 16:57:43,611 [ERROR] LogOutputStream:75 - [STDERR_REDIRECT] [Fatal Error] :1:1: Premature end of file.
2026-01-12 16:57:43,611 [ERROR] LogOutputStream:75 - [STDERR_REDIRECT] 
2026-01-12 16:57:43,642 [ERROR] LogOutputStream:75 - [STDERR_REDIRECT] [Fatal Error] :1:1: Premature end of file.
2026-01-12 16:57:43,642 [ERROR] LogOutputStream:75 - [STDERR_REDIRECT] 
2026-01-12 16:57:43,670 [ERROR] LogOutputStream:75 - [STDERR_REDIRECT] [Fatal Error] :1:1: Premature end of file.
2026-01-12 16:57:43,670 [ERROR] LogOutputStream:75 - [STDERR_REDIRECT] 
2026-01-12 16:57:43,699 [ERROR] LogOutputStream:75 - [STDERR_REDIRECT] [Fatal Error] :1:1: Premature end of file.
2026-01-12 16:57:43,699 [ERROR] LogOutputStream:75 - [STDERR_REDIRECT] 
2026-01-12 16:57:43,728 [ERROR] LogOutputStream:75 - [STDERR_REDIRECT] [Fatal Error] :1:1: Premature end of file.
2026-01-12 16:57:43,728 [ERROR] LogOutputStream:75 - [STDERR_REDIRECT] 
2026-01-12 16:57:43,759 [ERROR] LogOutputStream:75 - [STDERR_REDIRECT] [Fatal Error] :1:1: Premature end of file.
2026-01-12 16:57:43,759 [ERROR] LogOutputStream:75 - [STDERR_REDIRECT] 
2026-01-12 16:57:43,789 [ERROR] LogOutputStream:75 - [STDERR_REDIRECT] [Fatal Error] :1:1: Premature end of file.
2026-01-12 16:57:43,789 [ERROR] LogOutputStream:75 - [STDERR_REDIRECT] 
2026-01-12 16:57:43,819 [ERROR] LogOutputStream:75 - [STDERR_REDIRECT] [Fatal Error] :1:1: Premature end of file.
2026-01-12 16:57:43,819 [ERROR] LogOutputStream:75 - [STDERR_REDIRECT] 
2026-01-12 16:57:43,859 [ERROR] LogOutputStream:75 - [STDERR_REDIRECT] [Fatal Error] :1:1: Premature end of file.
2026-01-12 16:57:43,859 [ERROR] LogOutputStream:75 - [STDERR_REDIRECT] 
2026-01-12 16:57:43,907 [ERROR] LogOutputStream:75 - [STDERR_REDIRECT] [Fatal Error] :1:1: Premature end of file.
2026-01-12 16:57:43,908 [ERROR] LogOutputStream:75 - [STDERR_REDIRECT] 
2026-01-12 16:57:43,950 [ERROR] LogOutputStream:75 - [STDERR_REDIRECT] [Fatal Error] :1:1: Premature end of file.
2026-01-12 16:57:43,950 [ERROR] LogOutputStream:75 - [STDERR_REDIRECT] 
2026-01-12 16:57:43,994 [ERROR] LogOutputStream:75 - [STDERR_REDIRECT] [Fatal Error] :1:1: Premature end of file.
2026-01-12 16:57:43,994 [ERROR] LogOutputStream:75 - [STDERR_REDIRECT] 
2026-01-12 16:57:44,037 [ERROR] LogOutputStream:75 - [STDERR_REDIRECT] [Fatal Error] :1:1: Premature end of file.
2026-01-12 16:57:44,037 [ERROR] LogOutputStream:75 - [STDERR_REDIRECT] 
2026-01-12 16:57:44,077 [ERROR] LogOutputStream:75 - [STDERR_REDIRECT] [Fatal Error] :1:1: Premature end of file.
2026-01-12 16:57:44,077 [ERROR] LogOutputStream:75 - [STDERR_REDIRECT] 
2026-01-12 16:57:44,133 [ERROR] LogOutputStream:75 - [STDERR_REDIRECT] [Fatal Error] :1:1: Premature end of file.
2026-01-12 16:57:44,133 [ERROR] LogOutputStream:75 - [STDERR_REDIRECT] 
2026-01-12 16:57:44,174 [ERROR] LogOutputStream:75 - [STDERR_REDIRECT] [Fatal Error] :1:1: Premature end of file.
2026-01-12 16:57:44,174 [ERROR] LogOutputStream:75 - [STDERR_REDIRECT] 
2026-01-12 16:57:44,217 [ERROR] LogOutputStream:75 - [STDERR_REDIRECT] [Fatal Error] :1:1: Premature end of file.
2026-01-12 16:57:44,224 [ERROR] LogOutputStream:75 - [STDERR_REDIRECT] 
2026-01-12 16:57:44,266 [ERROR] LogOutputStream:75 - [STDERR_REDIRECT] [Fatal Error] :1:1: Premature end of file.
2026-01-12 16:57:44,266 [ERROR] LogOutputStream:75 - [STDERR_REDIRECT] 
2026-01-12 16:57:44,306 [ERROR] LogOutputStream:75 - [STDERR_REDIRECT] [Fatal Error] :1:1: Premature end of file.
2026-01-12 16:57:44,306 [ERROR] LogOutputStream:75 - [STDERR_REDIRECT] 
2026-01-12 16:57:44,348 [ERROR] LogOutputStream:75 - [STDERR_REDIRECT] [Fatal Error] :1:1: Premature end of file.
2026-01-12 16:57:44,348 [ERROR] LogOutputStream:75 - [STDERR_REDIRECT] 
2026-01-12 16:57:44,394 [ERROR] LogOutputStream:75 - [STDERR_REDIRECT] [Fatal Error] :1:1: Premature end of file.
2026-01-12 16:57:44,394 [ERROR] LogOutputStream:75 - [STDERR_REDIRECT] 
2026-01-12 16:57:44,436 [ERROR] LogOutputStream:75 - [STDERR_REDIRECT] [Fatal Error] :1:1: Premature end of file.
2026-01-12 16:57:44,436 [ERROR] LogOutputStream:75 - [STDERR_REDIRECT] 
2026-01-12 16:57:44,480 [ERROR] LogOutputStream:75 - [STDERR_REDIRECT] [Fatal Error] :1:1: Premature end of file.
2026-01-12 16:57:44,480 [ERROR] LogOutputStream:75 - [STDERR_REDIRECT] 
2026-01-12 16:57:44,522 [ERROR] LogOutputStream:75 - [STDERR_REDIRECT] [Fatal Error] :1:1: Premature end of file.
2026-01-12 16:57:44,522 [ERROR] LogOutputStream:75 - [STDERR_REDIRECT] 
2026-01-12 16:57:44,567 [ERROR] LogOutputStream:75 - [STDERR_REDIRECT] [Fatal Error] :1:1: Premature end of file.
2026-01-12 16:57:44,567 [ERROR] LogOutputStream:75 - [STDERR_REDIRECT] 
2026-01-12 16:57:44,611 [ERROR] LogOutputStream:75 - [STDERR_REDIRECT] [Fatal Error] :1:1: Premature end of file.
2026-01-12 16:57:44,611 [ERROR] LogOutputStream:75 - [STDERR_REDIRECT] 
2026-01-12 16:57:44,655 [ERROR] LogOutputStream:75 - [STDERR_REDIRECT] [Fatal Error] :1:1: Premature end of file.
2026-01-12 16:57:44,657 [ERROR] LogOutputStream:75 - [STDERR_REDIRECT] 
2026-01-12 16:57:44,698 [ERROR] LogOutputStream:75 - [STDERR_REDIRECT] [Fatal Error] :1:1: Premature end of file.
2026-01-12 16:57:44,698 [ERROR] LogOutputStream:75 - [STDERR_REDIRECT] 
2026-01-12 16:57:46,357 [ERROR] LogOutputStream:75 - [STDERR_REDIRECT] [Fatal Error] :1:1: Premature end of file.
2026-01-12 16:57:46,357 [ERROR] LogOutputStream:75 - [STDERR_REDIRECT] 
2026-01-12 16:57:46,395 [ERROR] LogOutputStream:75 - [STDERR_REDIRECT] [Fatal Error] :1:1: Premature end of file.
2026-01-12 16:57:46,395 [ERROR] LogOutputStream:75 - [STDERR_REDIRECT] 
2026-01-12 16:57:46,442 [ERROR] LogOutputStream:75 - [STDERR_REDIRECT] [Fatal Error] :1:1: Premature end of file.
2026-01-12 16:57:46,442 [ERROR] LogOutputStream:75 - [STDERR_REDIRECT] 
2026-01-12 16:57:46,494 [ERROR] LogOutputStream:75 - [STDERR_REDIRECT] [Fatal Error] :1:1: Premature end of file.
2026-01-12 16:57:46,494 [ERROR] LogOutputStream:75 - [STDERR_REDIRECT] 
2026-01-12 16:57:46,545 [ERROR] LogOutputStream:75 - [STDERR_REDIRECT] [Fatal Error] :1:1: Premature end of file.
2026-01-12 16:57:46,545 [ERROR] LogOutputStream:75 - [STDERR_REDIRECT] 
2026-01-12 16:57:46,598 [ERROR] LogOutputStream:75 - [STDERR_REDIRECT] [Fatal Error] :1:1: Premature end of file.
2026-01-12 16:57:46,598 [ERROR] LogOutputStream:75 - [STDERR_REDIRECT] 
2026-01-12 16:57:46,640 [ERROR] LogOutputStream:75 - [STDERR_REDIRECT] [Fatal Error] :1:1: Premature end of file.
2026-01-12 16:57:46,640 [ERROR] LogOutputStream:75 - [STDERR_REDIRECT] 
2026-01-12 16:57:46,682 [ERROR] LogOutputStream:75 - [STDERR_REDIRECT] [Fatal Error] :1:1: Premature end of file.
2026-01-12 16:57:46,682 [ERROR] LogOutputStream:75 - [STDERR_REDIRECT] 
2026-01-12 16:57:46,730 [ERROR] LogOutputStream:75 - [STDERR_REDIRECT] [Fatal Error] :1:1: Premature end of file.
2026-01-12 16:57:46,730 [ERROR] LogOutputStream:75 - [STDERR_REDIRECT] 
2026-01-12 16:57:46,774 [ERROR] LogOutputStream:75 - [STDERR_REDIRECT] [Fatal Error] :1:1: Premature end of file.
2026-01-12 16:57:46,774 [ERROR] LogOutputStream:75 - [STDERR_REDIRECT] 
2026-01-12 16:57:46,820 [ERROR] LogOutputStream:75 - [STDERR_REDIRECT] [Fatal Error] :1:1: Premature end of file.
2026-01-12 16:57:46,822 [ERROR] LogOutputStream:75 - [STDERR_REDIRECT] 
2026-01-12 16:57:47,851 [ERROR] LogOutputStream:75 - [STDERR_REDIRECT] [Fatal Error] :1:1: Premature end of file.
2026-01-12 16:57:47,851 [ERROR] LogOutputStream:75 - [STDERR_REDIRECT] 
2026-01-12 16:57:48,884 [ERROR] LogOutputStream:75 - [STDERR_REDIRECT] [Fatal Error] :1:1: Premature end of file.
2026-01-12 16:57:48,884 [ERROR] LogOutputStream:75 - [STDERR_REDIRECT] 
2026-01-12 16:57:48,983 [ERROR] LogOutputStream:75 - [STDERR_REDIRECT] [Fatal Error] :1:1: Premature end of file.
2026-01-12 16:57:48,983 [ERROR] LogOutputStream:75 - [STDERR_REDIRECT] 
2026-01-12 16:57:49,093 [ERROR] LogOutputStream:75 - [STDERR_REDIRECT] [Fatal Error] :1:1: Premature end of file.
2026-01-12 16:57:49,093 [ERROR] LogOutputStream:75 - [STDERR_REDIRECT] 
2026-01-12 16:57:49,131 [ERROR] LogOutputStream:75 - [STDERR_REDIRECT] [Fatal Error] :1:1: Premature end of file.
2026-01-12 16:57:49,131 [ERROR] LogOutputStream:75 - [STDERR_REDIRECT] 
2026-01-12 16:57:49,171 [ERROR] LogOutputStream:75 - [STDERR_REDIRECT] [Fatal Error] :1:1: Premature end of file.
2026-01-12 16:57:49,171 [ERROR] LogOutputStream:75 - [STDERR_REDIRECT] 
2026-01-12 16:57:49,206 [ERROR] LogOutputStream:75 - [STDERR_REDIRECT] [Fatal Error] :1:1: Premature end of file.
2026-01-12 16:57:49,206 [ERROR] LogOutputStream:75 - [STDERR_REDIRECT] 
2026-01-12 16:57:49,238 [ERROR] LogOutputStream:75 - [STDERR_REDIRECT] [Fatal Error] :1:1: Premature end of file.
2026-01-12 16:57:49,238 [ERROR] LogOutputStream:75 - [STDERR_REDIRECT] 
2026-01-12 16:57:49,267 [ERROR] LogOutputStream:75 - [STDERR_REDIRECT] [Fatal Error] :1:1: Premature end of file.
2026-01-12 16:57:49,267 [ERROR] LogOutputStream:75 - [STDERR_REDIRECT] 
2026-01-12 16:57:49,296 [ERROR] LogOutputStream:75 - [STDERR_REDIRECT] [Fatal Error] :1:1: Premature end of file.
2026-01-12 16:57:49,296 [ERROR] LogOutputStream:75 - [STDERR_REDIRECT] 
2026-01-12 16:57:49,358 [ERROR] LogOutputStream:75 - [STDERR_REDIRECT] [Fatal Error] :1:1: Premature end of file.
2026-01-12 16:57:49,358 [ERROR] LogOutputStream:75 - [STDERR_REDIRECT] 
2026-01-12 16:57:49,392 [ERROR] LogOutputStream:75 - [STDERR_REDIRECT] [Fatal Error] :1:1: Premature end of file.
2026-01-12 16:57:49,392 [ERROR] LogOutputStream:75 - [STDERR_REDIRECT] 
2026-01-12 16:57:49,424 [ERROR] LogOutputStream:75 - [STDERR_REDIRECT] [Fatal Error] :1:1: Premature end of file.
2026-01-12 16:57:49,424 [ERROR] LogOutputStream:75 - [STDERR_REDIRECT] 
2026-01-12 16:57:49,455 [ERROR] LogOutputStream:75 - [STDERR_REDIRECT] [Fatal Error] :1:1: Premature end of file.
2026-01-12 16:57:49,455 [ERROR] LogOutputStream:75 - [STDERR_REDIRECT] 
2026-01-12 16:57:49,487 [ERROR] LogOutputStream:75 - [STDERR_REDIRECT] [Fatal Error] :1:1: Premature end of file.
2026-01-12 16:57:49,487 [ERROR] LogOutputStream:75 - [STDERR_REDIRECT] 
2026-01-12 16:57:49,516 [ERROR] LogOutputStream:75 - [STDERR_REDIRECT] [Fatal Error] :1:1: Premature end of file.
2026-01-12 16:57:49,516 [ERROR] LogOutputStream:75 - [STDERR_REDIRECT] 
2026-01-12 16:57:49,547 [ERROR] LogOutputStream:75 - [STDERR_REDIRECT] [Fatal Error] :1:1: Premature end of file.
2026-01-12 16:57:49,547 [ERROR] LogOutputStream:75 - [STDERR_REDIRECT] 
2026-01-12 16:57:49,576 [ERROR] LogOutputStream:75 - [STDERR_REDIRECT] [Fatal Error] :1:1: Premature end of file.
2026-01-12 16:57:49,576 [ERROR] LogOutputStream:75 - [STDERR_REDIRECT] 
2026-01-12 16:57:49,607 [ERROR] LogOutputStream:75 - [STDERR_REDIRECT] [Fatal Error] :1:1: Premature end of file.
2026-01-12 16:57:49,607 [ERROR] LogOutputStream:75 - [STDERR_REDIRECT] 
2026-01-12 16:57:49,638 [ERROR] LogOutputStream:75 - [STDERR_REDIRECT] [Fatal Error] :1:1: Premature end of file.
2026-01-12 16:57:49,638 [ERROR] LogOutputStream:75 - [STDERR_REDIRECT] 
2026-01-12 16:57:49,670 [ERROR] LogOutputStream:75 - [STDERR_REDIRECT] [Fatal Error] :1:1: Premature end of file.
2026-01-12 16:57:49,670 [ERROR] LogOutputStream:75 - [STDERR_REDIRECT] 
2026-01-12 16:57:49,698 [ERROR] LogOutputStream:75 - [STDERR_REDIRECT] [Fatal Error] :1:1: Premature end of file.
2026-01-12 16:57:49,698 [ERROR] LogOutputStream:75 - [STDERR_REDIRECT] 
2026-01-12 16:57:49,728 [ERROR] LogOutputStream:75 - [STDERR_REDIRECT] [Fatal Error] :1:1: Premature end of file.
2026-01-12 16:57:49,728 [ERROR] LogOutputStream:75 - [STDERR_REDIRECT] 
2026-01-12 16:57:49,758 [ERROR] LogOutputStream:75 - [STDERR_REDIRECT] [Fatal Error] :1:1: Premature end of file.
2026-01-12 16:57:49,758 [ERROR] LogOutputStream:75 - [STDERR_REDIRECT] 
2026-01-12 16:57:49,791 [ERROR] LogOutputStream:75 - [STDERR_REDIRECT] [Fatal Error] :1:1: Premature end of file.
2026-01-12 16:57:49,791 [ERROR] LogOutputStream:75 - [STDERR_REDIRECT] 
2026-01-12 16:57:49,823 [ERROR] LogOutputStream:75 - [STDERR_REDIRECT] [Fatal Error] :1:1: Premature end of file.
2026-01-12 16:57:49,823 [ERROR] LogOutputStream:75 - [STDERR_REDIRECT] 
2026-01-12 16:57:49,875 [ERROR] LogOutputStream:75 - [STDERR_REDIRECT] [Fatal Error] :1:1: Premature end of file.
2026-01-12 16:57:49,875 [ERROR] LogOutputStream:75 - [STDERR_REDIRECT] 
2026-01-12 16:57:49,905 [ERROR] LogOutputStream:75 - [STDERR_REDIRECT] [Fatal Error] :1:1: Premature end of file.
2026-01-12 16:57:49,905 [ERROR] LogOutputStream:75 - [STDERR_REDIRECT] 
2026-01-12 16:57:49,936 [ERROR] LogOutputStream:75 - [STDERR_REDIRECT] [Fatal Error] :1:1: Premature end of file.
2026-01-12 16:57:49,936 [ERROR] LogOutputStream:75 - [STDERR_REDIRECT] 
2026-01-12 16:57:49,964 [ERROR] LogOutputStream:75 - [STDERR_REDIRECT] [Fatal Error] :1:1: Premature end of file.
2026-01-12 16:57:49,964 [ERROR] LogOutputStream:75 - [STDERR_REDIRECT] 
2026-01-12 16:57:49,996 [ERROR] LogOutputStream:75 - [STDERR_REDIRECT] [Fatal Error] :1:1: Premature end of file.
2026-01-12 16:57:49,996 [ERROR] LogOutputStream:75 - [STDERR_REDIRECT] 
2026-01-12 16:57:50,026 [ERROR] LogOutputStream:75 - [STDERR_REDIRECT] [Fatal Error] :1:1: Premature end of file.
2026-01-12 16:57:50,026 [ERROR] LogOutputStream:75 - [STDERR_REDIRECT] 
2026-01-12 16:57:50,058 [ERROR] LogOutputStream:75 - [STDERR_REDIRECT] [Fatal Error] :1:1: Premature end of file.
2026-01-12 16:57:50,058 [ERROR] LogOutputStream:75 - [STDERR_REDIRECT] 
2026-01-12 16:57:50,088 [ERROR] LogOutputStream:75 - [STDERR_REDIRECT] [Fatal Error] :1:1: Premature end of file.
2026-01-12 16:57:50,088 [ERROR] LogOutputStream:75 - [STDERR_REDIRECT] 
2026-01-12 16:57:50,119 [ERROR] LogOutputStream:75 - [STDERR_REDIRECT] [Fatal Error] :1:1: Premature end of file.
2026-01-12 16:57:50,119 [ERROR] LogOutputStream:75 - [STDERR_REDIRECT] 
2026-01-12 16:57:50,153 [ERROR] LogOutputStream:75 - [STDERR_REDIRECT] [Fatal Error] :1:1: Premature end of file.
2026-01-12 16:57:50,153 [ERROR] LogOutputStream:75 - [STDERR_REDIRECT] 
2026-01-12 16:57:50,184 [ERROR] LogOutputStream:75 - [STDERR_REDIRECT] [Fatal Error] :1:1: Premature end of file.
2026-01-12 16:57:50,184 [ERROR] LogOutputStream:75 - [STDERR_REDIRECT] 
2026-01-12 16:57:50,215 [ERROR] LogOutputStream:75 - [STDERR_REDIRECT] [Fatal Error] :1:1: Premature end of file.
2026-01-12 16:57:50,215 [ERROR] LogOutputStream:75 - [STDERR_REDIRECT] 
2026-01-12 16:57:50,248 [ERROR] LogOutputStream:75 - [STDERR_REDIRECT] [Fatal Error] :1:1: Premature end of file.
2026-01-12 16:57:50,248 [ERROR] LogOutputStream:75 - [STDERR_REDIRECT] 
2026-01-12 16:57:50,280 [ERROR] LogOutputStream:75 - [STDERR_REDIRECT] [Fatal Error] :1:1: Premature end of file.
2026-01-12 16:57:50,280 [ERROR] LogOutputStream:75 - [STDERR_REDIRECT] 
2026-01-12 16:57:50,313 [ERROR] LogOutputStream:75 - [STDERR_REDIRECT] [Fatal Error] :1:1: Premature end of file.
2026-01-12 16:57:50,313 [ERROR] LogOutputStream:75 - [STDERR_REDIRECT] 
2026-01-12 16:57:50,346 [ERROR] LogOutputStream:75 - [STDERR_REDIRECT] [Fatal Error] :1:1: Premature end of file.
2026-01-12 16:57:50,346 [ERROR] LogOutputStream:75 - [STDERR_REDIRECT] 
2026-01-12 16:57:50,381 [ERROR] LogOutputStream:75 - [STDERR_REDIRECT] [Fatal Error] :1:1: Premature end of file.
2026-01-12 16:57:50,381 [ERROR] LogOutputStream:75 - [STDERR_REDIRECT] 
2026-01-12 16:57:50,412 [ERROR] LogOutputStream:75 - [STDERR_REDIRECT] [Fatal Error] :1:1: Premature end of file.
2026-01-12 16:57:50,412 [ERROR] LogOutputStream:75 - [STDERR_REDIRECT] 
2026-01-12 16:57:50,444 [ERROR] LogOutputStream:75 - [STDERR_REDIRECT] [Fatal Error] :1:1: Premature end of file.
2026-01-12 16:57:50,444 [ERROR] LogOutputStream:75 - [STDERR_REDIRECT] 
2026-01-12 16:57:50,477 [ERROR] LogOutputStream:75 - [STDERR_REDIRECT] [Fatal Error] :1:1: Premature end of file.
2026-01-12 16:57:50,477 [ERROR] LogOutputStream:75 - [STDERR_REDIRECT] 
2026-01-12 16:57:50,511 [ERROR] LogOutputStream:75 - [STDERR_REDIRECT] [Fatal Error] :1:1: Premature end of file.
2026-01-12 16:57:50,511 [ERROR] LogOutputStream:75 - [STDERR_REDIRECT] 
2026-01-12 16:57:50,542 [ERROR] LogOutputStream:75 - [STDERR_REDIRECT] [Fatal Error] :1:1: Premature end of file.
2026-01-12 16:57:50,542 [ERROR] LogOutputStream:75 - [STDERR_REDIRECT] 
2026-01-12 16:57:50,574 [ERROR] LogOutputStream:75 - [STDERR_REDIRECT] [Fatal Error] :1:1: Premature end of file.
2026-01-12 16:57:50,574 [ERROR] LogOutputStream:75 - [STDERR_REDIRECT] 
2026-01-12 16:57:50,609 [ERROR] LogOutputStream:75 - [STDERR_REDIRECT] [Fatal Error] :1:1: Premature end of file.
2026-01-12 16:57:50,609 [ERROR] LogOutputStream:75 - [STDERR_REDIRECT] 
2026-01-12 16:57:50,643 [ERROR] LogOutputStream:75 - [STDERR_REDIRECT] [Fatal Error] :1:1: Premature end of file.
2026-01-12 16:57:50,643 [ERROR] LogOutputStream:75 - [STDERR_REDIRECT] 
2026-01-12 16:57:50,672 [ERROR] LogOutputStream:75 - [STDERR_REDIRECT] [Fatal Error] :1:1: Premature end of file.
2026-01-12 16:57:50,672 [ERROR] LogOutputStream:75 - [STDERR_REDIRECT] 
2026-01-12 16:57:50,700 [ERROR] LogOutputStream:75 - [STDERR_REDIRECT] [Fatal Error] :1:1: Premature end of file.
2026-01-12 16:57:50,700 [ERROR] LogOutputStream:75 - [STDERR_REDIRECT] 
2026-01-12 16:57:50,723 [ERROR] LogOutputStream:75 - [STDERR_REDIRECT] [Fatal Error] :1:1: Premature end of file.
2026-01-12 16:57:50,723 [ERROR] LogOutputStream:75 - [STDERR_REDIRECT] 
2026-01-12 16:57:50,756 [ERROR] LogOutputStream:75 - [STDERR_REDIRECT] [Fatal Error] :1:1: Premature end of file.
2026-01-12 16:57:50,756 [ERROR] LogOutputStream:75 - [STDERR_REDIRECT] 
2026-01-12 16:57:50,786 [ERROR] LogOutputStream:75 - [STDERR_REDIRECT] [Fatal Error] :1:1: Premature end of file.
2026-01-12 16:57:50,786 [ERROR] LogOutputStream:75 - [STDERR_REDIRECT] 
2026-01-12 16:57:50,817 [ERROR] LogOutputStream:75 - [STDERR_REDIRECT] [Fatal Error] :1:1: Premature end of file.
2026-01-12 16:57:50,817 [ERROR] LogOutputStream:75 - [STDERR_REDIRECT] 
2026-01-12 16:57:50,849 [ERROR] LogOutputStream:75 - [STDERR_REDIRECT] [Fatal Error] :1:1: Premature end of file.
2026-01-12 16:57:50,849 [ERROR] LogOutputStream:75 - [STDERR_REDIRECT] 
2026-01-12 16:57:50,881 [ERROR] LogOutputStream:75 - [STDERR_REDIRECT] [Fatal Error] :1:1: Premature end of file.
2026-01-12 16:57:50,896 [ERROR] LogOutputStream:75 - [STDERR_REDIRECT] 
2026-01-12 16:57:50,912 [ERROR] LogOutputStream:75 - [STDERR_REDIRECT] [Fatal Error] :1:1: Premature end of file.
2026-01-12 16:57:50,912 [ERROR] LogOutputStream:75 - [STDERR_REDIRECT] 
2026-01-12 16:57:50,955 [ERROR] LogOutputStream:75 - [STDERR_REDIRECT] [Fatal Error] :1:1: Premature end of file.
2026-01-12 16:57:50,955 [ERROR] LogOutputStream:75 - [STDERR_REDIRECT] 
2026-01-12 16:57:50,985 [ERROR] LogOutputStream:75 - [STDERR_REDIRECT] [Fatal Error] :1:1: Premature end of file.
2026-01-12 16:57:50,985 [ERROR] LogOutputStream:75 - [STDERR_REDIRECT] 
2026-01-12 16:57:51,014 [ERROR] LogOutputStream:75 - [STDERR_REDIRECT] [Fatal Error] :1:1: Premature end of file.
2026-01-12 16:57:51,014 [ERROR] LogOutputStream:75 - [STDERR_REDIRECT] 
2026-01-12 16:57:51,044 [ERROR] LogOutputStream:75 - [STDERR_REDIRECT] [Fatal Error] :1:1: Premature end of file.
2026-01-12 16:57:51,044 [ERROR] LogOutputStream:75 - [STDERR_REDIRECT] 
2026-01-12 16:57:51,071 [ERROR] LogOutputStream:75 - [STDERR_REDIRECT] [Fatal Error] :1:1: Premature end of file.
2026-01-12 16:57:51,071 [ERROR] LogOutputStream:75 - [STDERR_REDIRECT] 
2026-01-12 16:57:51,105 [ERROR] LogOutputStream:75 - [STDERR_REDIRECT] [Fatal Error] :1:1: Premature end of file.
2026-01-12 16:57:51,105 [ERROR] LogOutputStream:75 - [STDERR_REDIRECT] 
2026-01-12 16:57:51,141 [ERROR] LogOutputStream:75 - [STDERR_REDIRECT] [Fatal Error] :1:1: Premature end of file.
2026-01-12 16:57:51,141 [ERROR] LogOutputStream:75 - [STDERR_REDIRECT] 
2026-01-12 16:57:51,166 [ERROR] LogOutputStream:75 - [STDERR_REDIRECT] [Fatal Error] :1:1: Premature end of file.
2026-01-12 16:57:51,166 [ERROR] LogOutputStream:75 - [STDERR_REDIRECT] 
2026-01-12 16:57:51,198 [ERROR] LogOutputStream:75 - [STDERR_REDIRECT] [Fatal Error] :1:1: Premature end of file.
2026-01-12 16:57:51,198 [ERROR] LogOutputStream:75 - [STDERR_REDIRECT] 
2026-01-12 16:57:51,214 [ERROR] LogOutputStream:75 - [STDERR_REDIRECT] [Fatal Error] :1:1: Premature end of file.
2026-01-12 16:57:51,214 [ERROR] LogOutputStream:75 - [STDERR_REDIRECT] 
2026-01-12 16:57:51,259 [ERROR] LogOutputStream:75 - [STDERR_REDIRECT] [Fatal Error] :1:1: Premature end of file.
2026-01-12 16:57:51,259 [ERROR] LogOutputStream:75 - [STDERR_REDIRECT] 
2026-01-12 16:57:51,290 [ERROR] LogOutputStream:75 - [STDERR_REDIRECT] [Fatal Error] :1:1: Premature end of file.
2026-01-12 16:57:51,290 [ERROR] LogOutputStream:75 - [STDERR_REDIRECT] 
2026-01-12 16:57:51,309 [ERROR] LogOutputStream:75 - [STDERR_REDIRECT] [Fatal Error] :1:1: Premature end of file.
2026-01-12 16:57:51,309 [ERROR] LogOutputStream:75 - [STDERR_REDIRECT] 
2026-01-12 16:57:51,353 [ERROR] LogOutputStream:75 - [STDERR_REDIRECT] [Fatal Error] :1:1: Premature end of file.
2026-01-12 16:57:51,353 [ERROR] LogOutputStream:75 - [STDERR_REDIRECT] 
2026-01-12 16:57:51,371 [ERROR] LogOutputStream:75 - [STDERR_REDIRECT] [Fatal Error] :1:1: Premature end of file.
2026-01-12 16:57:51,371 [ERROR] LogOutputStream:75 - [STDERR_REDIRECT] 
2026-01-12 16:57:51,414 [ERROR] LogOutputStream:75 - [STDERR_REDIRECT] [Fatal Error] :1:1: Premature end of file.
2026-01-12 16:57:51,414 [ERROR] LogOutputStream:75 - [STDERR_REDIRECT] 
2026-01-12 16:57:51,440 [ERROR] LogOutputStream:75 - [STDERR_REDIRECT] [Fatal Error] :1:1: Premature end of file.
2026-01-12 16:57:51,440 [ERROR] LogOutputStream:75 - [STDERR_REDIRECT] 
2026-01-12 16:57:51,474 [ERROR] LogOutputStream:75 - [STDERR_REDIRECT] [Fatal Error] :1:1: Premature end of file.
2026-01-12 16:57:51,474 [ERROR] LogOutputStream:75 - [STDERR_REDIRECT] 
2026-01-12 16:57:51,498 [ERROR] LogOutputStream:75 - [STDERR_REDIRECT] [Fatal Error] :1:1: Premature end of file.
2026-01-12 16:57:51,498 [ERROR] LogOutputStream:75 - [STDERR_REDIRECT] 
2026-01-12 16:57:51,537 [ERROR] LogOutputStream:75 - [STDERR_REDIRECT] [Fatal Error] :1:1: Premature end of file.
2026-01-12 16:57:51,537 [ERROR] LogOutputStream:75 - [STDERR_REDIRECT] 
2026-01-12 16:57:51,562 [ERROR] LogOutputStream:75 - [STDERR_REDIRECT] [Fatal Error] :1:1: Premature end of file.
2026-01-12 16:57:51,562 [ERROR] LogOutputStream:75 - [STDERR_REDIRECT] 
2026-01-12 16:57:51,596 [ERROR] LogOutputStream:75 - [STDERR_REDIRECT] [Fatal Error] :1:1: Premature end of file.
2026-01-12 16:57:51,596 [ERROR] LogOutputStream:75 - [STDERR_REDIRECT] 
2026-01-12 16:57:51,625 [ERROR] LogOutputStream:75 - [STDERR_REDIRECT] [Fatal Error] :1:1: Premature end of file.
2026-01-12 16:57:51,625 [ERROR] LogOutputStream:75 - [STDERR_REDIRECT] 
2026-01-12 16:57:51,658 [ERROR] LogOutputStream:75 - [STDERR_REDIRECT] [Fatal Error] :1:1: Premature end of file.
2026-01-12 16:57:51,658 [ERROR] LogOutputStream:75 - [STDERR_REDIRECT] 
2026-01-12 16:57:51,673 [ERROR] LogOutputStream:75 - [STDERR_REDIRECT] [Fatal Error] :1:1: Premature end of file.
2026-01-12 16:57:51,689 [ERROR] LogOutputStream:75 - [STDERR_REDIRECT] 
2026-01-12 16:57:51,705 [ERROR] LogOutputStream:75 - [STDERR_REDIRECT] [Fatal Error] :1:1: Premature end of file.
2026-01-12 16:57:51,705 [ERROR] LogOutputStream:75 - [STDERR_REDIRECT] 
2026-01-12 16:57:51,740 [ERROR] LogOutputStream:75 - [STDERR_REDIRECT] [Fatal Error] :1:1: Premature end of file.
2026-01-12 16:57:51,740 [ERROR] LogOutputStream:75 - [STDERR_REDIRECT] 
2026-01-12 16:57:51,768 [ERROR] LogOutputStream:75 - [STDERR_REDIRECT] [Fatal Error] :1:1: Premature end of file.
2026-01-12 16:57:51,768 [ERROR] LogOutputStream:75 - [STDERR_REDIRECT] 
2026-01-12 16:57:51,811 [ERROR] LogOutputStream:75 - [STDERR_REDIRECT] [Fatal Error] :1:1: Premature end of file.
2026-01-12 16:57:51,811 [ERROR] LogOutputStream:75 - [STDERR_REDIRECT] 
2026-01-12 16:57:51,843 [ERROR] LogOutputStream:75 - [STDERR_REDIRECT] [Fatal Error] :1:1: Premature end of file.
2026-01-12 16:57:51,843 [ERROR] LogOutputStream:75 - [STDERR_REDIRECT] 
2026-01-12 16:57:51,875 [ERROR] LogOutputStream:75 - [STDERR_REDIRECT] [Fatal Error] :1:1: Premature end of file.
2026-01-12 16:57:51,875 [ERROR] LogOutputStream:75 - [STDERR_REDIRECT] 
2026-01-12 16:57:51,895 [ERROR] LogOutputStream:75 - [STDERR_REDIRECT] [Fatal Error] :1:1: Premature end of file.
2026-01-12 16:57:51,895 [ERROR] LogOutputStream:75 - [STDERR_REDIRECT] 
2026-01-12 16:57:51,940 [ERROR] LogOutputStream:75 - [STDERR_REDIRECT] [Fatal Error] :1:1: Premature end of file.
2026-01-12 16:57:51,940 [ERROR] LogOutputStream:75 - [STDERR_REDIRECT] 
2026-01-12 16:57:51,973 [ERROR] LogOutputStream:75 - [STDERR_REDIRECT] [Fatal Error] :1:1: Premature end of file.
2026-01-12 16:57:51,973 [ERROR] LogOutputStream:75 - [STDERR_REDIRECT] 
2026-01-12 16:57:51,991 [ERROR] LogOutputStream:75 - [STDERR_REDIRECT] [Fatal Error] :1:1: Premature end of file.
2026-01-12 16:57:51,991 [ERROR] LogOutputStream:75 - [STDERR_REDIRECT] 
2026-01-12 16:57:52,038 [ERROR] LogOutputStream:75 - [STDERR_REDIRECT] [Fatal Error] :1:1: Premature end of file.
2026-01-12 16:57:52,038 [ERROR] LogOutputStream:75 - [STDERR_REDIRECT] 
2026-01-12 16:57:52,069 [ERROR] LogOutputStream:75 - [STDERR_REDIRECT] [Fatal Error] :1:1: Premature end of file.
2026-01-12 16:57:52,069 [ERROR] LogOutputStream:75 - [STDERR_REDIRECT] 
2026-01-12 16:57:52,101 [ERROR] LogOutputStream:75 - [STDERR_REDIRECT] [Fatal Error] :1:1: Premature end of file.
2026-01-12 16:57:52,101 [ERROR] LogOutputStream:75 - [STDERR_REDIRECT] 
2026-01-12 16:57:52,132 [ERROR] LogOutputStream:75 - [STDERR_REDIRECT] [Fatal Error] :1:1: Premature end of file.
2026-01-12 16:57:52,132 [ERROR] LogOutputStream:75 - [STDERR_REDIRECT] 
2026-01-12 16:57:52,148 [ERROR] LogOutputStream:75 - [STDERR_REDIRECT] [Fatal Error] :1:1: Premature end of file.
2026-01-12 16:57:52,148 [ERROR] LogOutputStream:75 - [STDERR_REDIRECT] 
2026-01-12 16:57:52,180 [ERROR] LogOutputStream:75 - [STDERR_REDIRECT] [Fatal Error] :1:1: Premature end of file.
2026-01-12 16:57:52,180 [ERROR] LogOutputStream:75 - [STDERR_REDIRECT] 
2026-01-12 16:57:52,213 [ERROR] LogOutputStream:75 - [STDERR_REDIRECT] [Fatal Error] :1:1: Premature end of file.
2026-01-12 16:57:52,213 [ERROR] LogOutputStream:75 - [STDERR_REDIRECT] 
2026-01-12 16:57:52,243 [ERROR] LogOutputStream:75 - [STDERR_REDIRECT] [Fatal Error] :1:1: Premature end of file.
2026-01-12 16:57:52,243 [ERROR] LogOutputStream:75 - [STDERR_REDIRECT] 
2026-01-12 16:57:52,275 [ERROR] LogOutputStream:75 - [STDERR_REDIRECT] [Fatal Error] :1:1: Premature end of file.
2026-01-12 16:57:52,275 [ERROR] LogOutputStream:75 - [STDERR_REDIRECT] 
2026-01-12 16:57:52,323 [ERROR] LogOutputStream:75 - [STDERR_REDIRECT] [Fatal Error] :1:1: Premature end of file.
2026-01-12 16:57:52,323 [ERROR] LogOutputStream:75 - [STDERR_REDIRECT] 
2026-01-12 16:57:52,371 [ERROR] LogOutputStream:75 - [STDERR_REDIRECT] [Fatal Error] :1:1: Premature end of file.
2026-01-12 16:57:52,371 [ERROR] LogOutputStream:75 - [STDERR_REDIRECT] 
2026-01-12 16:57:52,403 [ERROR] LogOutputStream:75 - [STDERR_REDIRECT] [Fatal Error] :1:1: Premature end of file.
2026-01-12 16:57:52,403 [ERROR] LogOutputStream:75 - [STDERR_REDIRECT] 
2026-01-12 16:57:52,438 [ERROR] LogOutputStream:75 - [STDERR_REDIRECT] [Fatal Error] :1:1: Premature end of file.
2026-01-12 16:57:52,438 [ERROR] LogOutputStream:75 - [STDERR_REDIRECT] 
2026-01-12 16:57:52,469 [ERROR] LogOutputStream:75 - [STDERR_REDIRECT] [Fatal Error] :1:1: Premature end of file.
2026-01-12 16:57:52,469 [ERROR] LogOutputStream:75 - [STDERR_REDIRECT] 
2026-01-12 16:57:52,499 [ERROR] LogOutputStream:75 - [STDERR_REDIRECT] [Fatal Error] :1:1: Premature end of file.
2026-01-12 16:57:52,499 [ERROR] LogOutputStream:75 - [STDERR_REDIRECT] 
2026-01-12 16:57:52,531 [ERROR] LogOutputStream:75 - [STDERR_REDIRECT] [Fatal Error] :1:1: Premature end of file.
2026-01-12 16:57:52,531 [ERROR] LogOutputStream:75 - [STDERR_REDIRECT] 
2026-01-12 16:57:52,561 [ERROR] LogOutputStream:75 - [STDERR_REDIRECT] [Fatal Error] :1:1: Premature end of file.
2026-01-12 16:57:52,561 [ERROR] LogOutputStream:75 - [STDERR_REDIRECT] 
2026-01-12 16:57:52,593 [ERROR] LogOutputStream:75 - [STDERR_REDIRECT] [Fatal Error] :1:1: Premature end of file.
2026-01-12 16:57:52,593 [ERROR] LogOutputStream:75 - [STDERR_REDIRECT] 
2026-01-12 16:57:52,626 [ERROR] LogOutputStream:75 - [STDERR_REDIRECT] [Fatal Error] :1:1: Premature end of file.
2026-01-12 16:57:52,626 [ERROR] LogOutputStream:75 - [STDERR_REDIRECT] 
2026-01-12 16:57:52,659 [ERROR] LogOutputStream:75 - [STDERR_REDIRECT] [Fatal Error] :1:1: Premature end of file.
2026-01-12 16:57:52,659 [ERROR] LogOutputStream:75 - [STDERR_REDIRECT] 
2026-01-12 16:57:52,689 [ERROR] LogOutputStream:75 - [STDERR_REDIRECT] [Fatal Error] :1:1: Premature end of file.
2026-01-12 16:57:52,689 [ERROR] LogOutputStream:75 - [STDERR_REDIRECT] 
2026-01-12 16:57:52,719 [ERROR] LogOutputStream:75 - [STDERR_REDIRECT] [Fatal Error] :1:1: Premature end of file.
2026-01-12 16:57:52,719 [ERROR] LogOutputStream:75 - [STDERR_REDIRECT] 
2026-01-12 16:57:52,741 [ERROR] LogOutputStream:75 - [STDERR_REDIRECT] [Fatal Error] :1:1: Premature end of file.
2026-01-12 16:57:52,741 [ERROR] LogOutputStream:75 - [STDERR_REDIRECT] 
2026-01-12 16:57:52,768 [ERROR] LogOutputStream:75 - [STDERR_REDIRECT] [Fatal Error] :1:1: Premature end of file.
2026-01-12 16:57:52,768 [ERROR] LogOutputStream:75 - [STDERR_REDIRECT] 
2026-01-12 16:57:52,800 [ERROR] LogOutputStream:75 - [STDERR_REDIRECT] [Fatal Error] :1:1: Premature end of file.
2026-01-12 16:57:52,800 [ERROR] LogOutputStream:75 - [STDERR_REDIRECT] 
2026-01-12 16:57:52,832 [ERROR] LogOutputStream:75 - [STDERR_REDIRECT] [Fatal Error] :1:1: Premature end of file.
2026-01-12 16:57:52,832 [ERROR] LogOutputStream:75 - [STDERR_REDIRECT] 
2026-01-12 16:57:52,848 [ERROR] LogOutputStream:75 - [STDERR_REDIRECT] [Fatal Error] :1:1: Premature end of file.
2026-01-12 16:57:52,848 [ERROR] LogOutputStream:75 - [STDERR_REDIRECT] 
2026-01-12 16:57:52,879 [ERROR] LogOutputStream:75 - [STDERR_REDIRECT] [Fatal Error] :1:1: Premature end of file.
2026-01-12 16:57:52,879 [ERROR] LogOutputStream:75 - [STDERR_REDIRECT] 
2026-01-12 16:57:52,911 [ERROR] LogOutputStream:75 - [STDERR_REDIRECT] [Fatal Error] :1:1: Premature end of file.
2026-01-12 16:57:52,911 [ERROR] LogOutputStream:75 - [STDERR_REDIRECT] 
2026-01-12 16:57:52,943 [ERROR] LogOutputStream:75 - [STDERR_REDIRECT] [Fatal Error] :1:1: Premature end of file.
2026-01-12 16:57:52,943 [ERROR] LogOutputStream:75 - [STDERR_REDIRECT] 
2026-01-12 16:57:52,976 [ERROR] LogOutputStream:75 - [STDERR_REDIRECT] [Fatal Error] :1:1: Premature end of file.
2026-01-12 16:57:52,976 [ERROR] LogOutputStream:75 - [STDERR_REDIRECT] 
2026-01-12 16:57:53,012 [ERROR] LogOutputStream:75 - [STDERR_REDIRECT] [Fatal Error] :1:1: Premature end of file.
2026-01-12 16:57:53,012 [ERROR] LogOutputStream:75 - [STDERR_REDIRECT] 
2026-01-12 16:57:53,042 [ERROR] LogOutputStream:75 - [STDERR_REDIRECT] [Fatal Error] :1:1: Premature end of file.
2026-01-12 16:57:53,042 [ERROR] LogOutputStream:75 - [STDERR_REDIRECT] 
2026-01-12 16:57:53,086 [ERROR] LogOutputStream:75 - [STDERR_REDIRECT] [Fatal Error] :1:1: Premature end of file.
2026-01-12 16:57:53,086 [ERROR] LogOutputStream:75 - [STDERR_REDIRECT] 
2026-01-12 16:57:53,117 [ERROR] LogOutputStream:75 - [STDERR_REDIRECT] [Fatal Error] :1:1: Premature end of file.
2026-01-12 16:57:53,117 [ERROR] LogOutputStream:75 - [STDERR_REDIRECT] 
2026-01-12 16:57:53,165 [ERROR] LogOutputStream:75 - [STDERR_REDIRECT] [Fatal Error] :1:1: Premature end of file.
2026-01-12 16:57:53,165 [ERROR] LogOutputStream:75 - [STDERR_REDIRECT] 
2026-01-12 16:57:53,213 [ERROR] LogOutputStream:75 - [STDERR_REDIRECT] [Fatal Error] :1:1: Premature end of file.
2026-01-12 16:57:53,213 [ERROR] LogOutputStream:75 - [STDERR_REDIRECT] 
2026-01-12 16:57:53,261 [ERROR] LogOutputStream:75 - [STDERR_REDIRECT] [Fatal Error] :1:1: Premature end of file.
2026-01-12 16:57:53,261 [ERROR] LogOutputStream:75 - [STDERR_REDIRECT] 
2026-01-12 16:57:54,425 [ERROR] LogOutputStream:75 - [STDERR_REDIRECT] [Fatal Error] :1:1: Premature end of file.
2026-01-12 16:57:54,425 [ERROR] LogOutputStream:75 - [STDERR_REDIRECT] 
2026-01-12 16:57:55,651 [ERROR] LogOutputStream:75 - [STDERR_REDIRECT] [Fatal Error] :1:1: Premature end of file.
2026-01-12 16:57:55,651 [ERROR] LogOutputStream:75 - [STDERR_REDIRECT] 
2026-01-12 16:57:55,766 [ERROR] LogOutputStream:75 - [STDERR_REDIRECT] [Fatal Error] :1:1: Premature end of file.
2026-01-12 16:57:55,766 [ERROR] LogOutputStream:75 - [STDERR_REDIRECT] 
2026-01-12 16:57:55,827 [ERROR] LogOutputStream:75 - [STDERR_REDIRECT] [Fatal Error] :1:1: Premature end of file.
2026-01-12 16:57:55,827 [ERROR] LogOutputStream:75 - [STDERR_REDIRECT] 
2026-01-12 16:57:55,870 [ERROR] LogOutputStream:75 - [STDERR_REDIRECT] [Fatal Error] :1:1: Premature end of file.
2026-01-12 16:57:55,870 [ERROR] LogOutputStream:75 - [STDERR_REDIRECT] 
2026-01-12 16:57:55,905 [ERROR] LogOutputStream:75 - [STDERR_REDIRECT] [Fatal Error] :1:1: Premature end of file.
2026-01-12 16:57:55,907 [ERROR] LogOutputStream:75 - [STDERR_REDIRECT] 
2026-01-12 16:57:55,940 [ERROR] LogOutputStream:75 - [STDERR_REDIRECT] [Fatal Error] :1:1: Premature end of file.
2026-01-12 16:57:55,940 [ERROR] LogOutputStream:75 - [STDERR_REDIRECT] 
2026-01-12 16:57:55,973 [ERROR] LogOutputStream:75 - [STDERR_REDIRECT] [Fatal Error] :1:1: Premature end of file.
2026-01-12 16:57:55,973 [ERROR] LogOutputStream:75 - [STDERR_REDIRECT] 
2026-01-12 16:57:56,007 [ERROR] LogOutputStream:75 - [STDERR_REDIRECT] [Fatal Error] :1:1: Premature end of file.
2026-01-12 16:57:56,007 [ERROR] LogOutputStream:75 - [STDERR_REDIRECT] 
2026-01-12 16:57:56,043 [ERROR] LogOutputStream:75 - [STDERR_REDIRECT] [Fatal Error] :1:1: Premature end of file.
2026-01-12 16:57:56,043 [ERROR] LogOutputStream:75 - [STDERR_REDIRECT] 
2026-01-12 16:57:56,071 [ERROR] LogOutputStream:75 - [STDERR_REDIRECT] [Fatal Error] :1:1: Premature end of file.
2026-01-12 16:57:56,071 [ERROR] LogOutputStream:75 - [STDERR_REDIRECT] 
2026-01-12 16:57:56,098 [ERROR] LogOutputStream:75 - [STDERR_REDIRECT] [Fatal Error] :1:1: Premature end of file.
2026-01-12 16:57:56,098 [ERROR] LogOutputStream:75 - [STDERR_REDIRECT] 
2026-01-12 16:57:56,129 [ERROR] LogOutputStream:75 - [STDERR_REDIRECT] [Fatal Error] :1:1: Premature end of file.
2026-01-12 16:57:56,129 [ERROR] LogOutputStream:75 - [STDERR_REDIRECT] 
2026-01-12 16:57:56,161 [ERROR] LogOutputStream:75 - [STDERR_REDIRECT] [Fatal Error] :1:1: Premature end of file.
2026-01-12 16:57:56,161 [ERROR] LogOutputStream:75 - [STDERR_REDIRECT] 
2026-01-12 16:57:56,196 [ERROR] LogOutputStream:75 - [STDERR_REDIRECT] [Fatal Error] :1:1: Premature end of file.
2026-01-12 16:57:56,196 [ERROR] LogOutputStream:75 - [STDERR_REDIRECT] 
2026-01-12 16:57:56,231 [ERROR] LogOutputStream:75 - [STDERR_REDIRECT] [Fatal Error] :1:1: Premature end of file.
2026-01-12 16:57:56,231 [ERROR] LogOutputStream:75 - [STDERR_REDIRECT] 
2026-01-12 16:57:56,263 [ERROR] LogOutputStream:75 - [STDERR_REDIRECT] [Fatal Error] :1:1: Premature end of file.
2026-01-12 16:57:56,263 [ERROR] LogOutputStream:75 - [STDERR_REDIRECT] 
2026-01-12 16:57:56,293 [ERROR] LogOutputStream:75 - [STDERR_REDIRECT] [Fatal Error] :1:1: Premature end of file.
2026-01-12 16:57:56,293 [ERROR] LogOutputStream:75 - [STDERR_REDIRECT] 
2026-01-12 16:57:56,326 [ERROR] LogOutputStream:75 - [STDERR_REDIRECT] [Fatal Error] :1:1: Premature end of file.
2026-01-12 16:57:56,326 [ERROR] LogOutputStream:75 - [STDERR_REDIRECT] 
2026-01-12 16:57:56,360 [ERROR] LogOutputStream:75 - [STDERR_REDIRECT] [Fatal Error] :1:1: Premature end of file.
2026-01-12 16:57:56,360 [ERROR] LogOutputStream:75 - [STDERR_REDIRECT] 
2026-01-12 16:57:56,381 [ERROR] LogOutputStream:75 - [STDERR_REDIRECT] [Fatal Error] :1:1: Premature end of file.
2026-01-12 16:57:56,381 [ERROR] LogOutputStream:75 - [STDERR_REDIRECT] 
2026-01-12 16:57:56,413 [ERROR] LogOutputStream:75 - [STDERR_REDIRECT] [Fatal Error] :1:1: Premature end of file.
2026-01-12 16:57:56,413 [ERROR] LogOutputStream:75 - [STDERR_REDIRECT] 
2026-01-12 16:57:56,445 [ERROR] LogOutputStream:75 - [STDERR_REDIRECT] [Fatal Error] :1:1: Premature end of file.
2026-01-12 16:57:56,445 [ERROR] LogOutputStream:75 - [STDERR_REDIRECT] 
2026-01-12 16:57:56,472 [ERROR] LogOutputStream:75 - [STDERR_REDIRECT] [Fatal Error] :1:1: Premature end of file.
2026-01-12 16:57:56,472 [ERROR] LogOutputStream:75 - [STDERR_REDIRECT] 
2026-01-12 16:57:56,508 [ERROR] LogOutputStream:75 - [STDERR_REDIRECT] [Fatal Error] :1:1: Premature end of file.
2026-01-12 16:57:56,508 [ERROR] LogOutputStream:75 - [STDERR_REDIRECT] 
2026-01-12 16:57:56,527 [ERROR] LogOutputStream:75 - [STDERR_REDIRECT] [Fatal Error] :1:1: Premature end of file.
2026-01-12 16:57:56,527 [ERROR] LogOutputStream:75 - [STDERR_REDIRECT] 
2026-01-12 16:57:56,556 [ERROR] LogOutputStream:75 - [STDERR_REDIRECT] [Fatal Error] :1:1: Premature end of file.
2026-01-12 16:57:56,556 [ERROR] LogOutputStream:75 - [STDERR_REDIRECT] 
2026-01-12 16:57:56,591 [ERROR] LogOutputStream:75 - [STDERR_REDIRECT] [Fatal Error] :1:1: Premature end of file.
2026-01-12 16:57:56,591 [ERROR] LogOutputStream:75 - [STDERR_REDIRECT] 
2026-01-12 16:57:56,619 [ERROR] LogOutputStream:75 - [STDERR_REDIRECT] [Fatal Error] :1:1: Premature end of file.
2026-01-12 16:57:56,619 [ERROR] LogOutputStream:75 - [STDERR_REDIRECT] 
2026-01-12 16:57:56,640 [ERROR] LogOutputStream:75 - [STDERR_REDIRECT] [Fatal Error] :1:1: Premature end of file.
2026-01-12 16:57:56,640 [ERROR] LogOutputStream:75 - [STDERR_REDIRECT] 
2026-01-12 16:57:56,686 [ERROR] LogOutputStream:75 - [STDERR_REDIRECT] [Fatal Error] :1:1: Premature end of file.
2026-01-12 16:57:56,686 [ERROR] LogOutputStream:75 - [STDERR_REDIRECT] 
2026-01-12 16:57:56,713 [ERROR] LogOutputStream:75 - [STDERR_REDIRECT] [Fatal Error] :1:1: Premature end of file.
2026-01-12 16:57:56,713 [ERROR] LogOutputStream:75 - [STDERR_REDIRECT] 
2026-01-12 16:57:56,736 [ERROR] LogOutputStream:75 - [STDERR_REDIRECT] [Fatal Error] :1:1: Premature end of file.
2026-01-12 16:57:56,745 [ERROR] LogOutputStream:75 - [STDERR_REDIRECT] 
2026-01-12 16:57:56,765 [ERROR] LogOutputStream:75 - [STDERR_REDIRECT] [Fatal Error] :1:1: Premature end of file.
2026-01-12 16:57:56,765 [ERROR] LogOutputStream:75 - [STDERR_REDIRECT] 
2026-01-12 16:57:56,796 [ERROR] LogOutputStream:75 - [STDERR_REDIRECT] [Fatal Error] :1:1: Premature end of file.
2026-01-12 16:57:56,796 [ERROR] LogOutputStream:75 - [STDERR_REDIRECT] 
2026-01-12 16:57:56,824 [ERROR] LogOutputStream:75 - [STDERR_REDIRECT] [Fatal Error] :1:1: Premature end of file.
2026-01-12 16:57:56,824 [ERROR] LogOutputStream:75 - [STDERR_REDIRECT] 
2026-01-12 16:57:56,856 [ERROR] LogOutputStream:75 - [STDERR_REDIRECT] [Fatal Error] :1:1: Premature end of file.
2026-01-12 16:57:56,856 [ERROR] LogOutputStream:75 - [STDERR_REDIRECT] 
2026-01-12 16:57:56,888 [ERROR] LogOutputStream:75 - [STDERR_REDIRECT] [Fatal Error] :1:1: Premature end of file.
2026-01-12 16:57:56,891 [ERROR] LogOutputStream:75 - [STDERR_REDIRECT] 
2026-01-12 16:57:56,908 [ERROR] LogOutputStream:75 - [STDERR_REDIRECT] [Fatal Error] :1:1: Premature end of file.
2026-01-12 16:57:56,908 [ERROR] LogOutputStream:75 - [STDERR_REDIRECT] 
2026-01-12 16:57:56,948 [ERROR] LogOutputStream:75 - [STDERR_REDIRECT] [Fatal Error] :1:1: Premature end of file.
2026-01-12 16:57:56,948 [ERROR] LogOutputStream:75 - [STDERR_REDIRECT] 
2026-01-12 16:57:56,978 [ERROR] LogOutputStream:75 - [STDERR_REDIRECT] [Fatal Error] :1:1: Premature end of file.
2026-01-12 16:57:56,978 [ERROR] LogOutputStream:75 - [STDERR_REDIRECT] 
2026-01-12 16:57:56,999 [ERROR] LogOutputStream:75 - [STDERR_REDIRECT] [Fatal Error] :1:1: Premature end of file.
2026-01-12 16:57:56,999 [ERROR] LogOutputStream:75 - [STDERR_REDIRECT] 
2026-01-12 16:57:57,031 [ERROR] LogOutputStream:75 - [STDERR_REDIRECT] [Fatal Error] :1:1: Premature end of file.
2026-01-12 16:57:57,031 [ERROR] LogOutputStream:75 - [STDERR_REDIRECT] 
2026-01-12 16:57:57,062 [ERROR] LogOutputStream:75 - [STDERR_REDIRECT] [Fatal Error] :1:1: Premature end of file.
2026-01-12 16:57:57,062 [ERROR] LogOutputStream:75 - [STDERR_REDIRECT] 
2026-01-12 16:57:57,080 [ERROR] LogOutputStream:75 - [STDERR_REDIRECT] [Fatal Error] :1:1: Premature end of file.
2026-01-12 16:57:57,080 [ERROR] LogOutputStream:75 - [STDERR_REDIRECT] 
2026-01-12 16:57:57,110 [ERROR] LogOutputStream:75 - [STDERR_REDIRECT] [Fatal Error] :1:1: Premature end of file.
2026-01-12 16:57:57,110 [ERROR] LogOutputStream:75 - [STDERR_REDIRECT] 
2026-01-12 16:57:57,142 [ERROR] LogOutputStream:75 - [STDERR_REDIRECT] [Fatal Error] :1:1: Premature end of file.
2026-01-12 16:57:57,142 [ERROR] LogOutputStream:75 - [STDERR_REDIRECT] 
2026-01-12 16:57:57,173 [ERROR] LogOutputStream:75 - [STDERR_REDIRECT] [Fatal Error] :1:1: Premature end of file.
2026-01-12 16:57:57,173 [ERROR] LogOutputStream:75 - [STDERR_REDIRECT] 
2026-01-12 16:57:57,205 [ERROR] LogOutputStream:75 - [STDERR_REDIRECT] [Fatal Error] :1:1: Premature end of file.
2026-01-12 16:57:57,205 [ERROR] LogOutputStream:75 - [STDERR_REDIRECT] 
2026-01-12 16:57:57,236 [ERROR] LogOutputStream:75 - [STDERR_REDIRECT] [Fatal Error] :1:1: Premature end of file.
2026-01-12 16:57:57,236 [ERROR] LogOutputStream:75 - [STDERR_REDIRECT] 
2026-01-12 16:57:57,268 [ERROR] LogOutputStream:75 - [STDERR_REDIRECT] [Fatal Error] :1:1: Premature end of file.
2026-01-12 16:57:57,268 [ERROR] LogOutputStream:75 - [STDERR_REDIRECT] 
2026-01-12 16:57:57,283 [ERROR] LogOutputStream:75 - [STDERR_REDIRECT] [Fatal Error] :1:1: Premature end of file.
2026-01-12 16:57:57,283 [ERROR] LogOutputStream:75 - [STDERR_REDIRECT] 
2026-01-12 16:57:57,315 [ERROR] LogOutputStream:75 - [STDERR_REDIRECT] [Fatal Error] :1:1: Premature end of file.
2026-01-12 16:57:57,315 [ERROR] LogOutputStream:75 - [STDERR_REDIRECT] 
2026-01-12 16:57:57,354 [ERROR] LogOutputStream:75 - [STDERR_REDIRECT] [Fatal Error] :1:1: Premature end of file.
2026-01-12 16:57:57,354 [ERROR] LogOutputStream:75 - [STDERR_REDIRECT] 
2026-01-12 16:57:57,379 [ERROR] LogOutputStream:75 - [STDERR_REDIRECT] [Fatal Error] :1:1: Premature end of file.
2026-01-12 16:57:57,379 [ERROR] LogOutputStream:75 - [STDERR_REDIRECT] 
2026-01-12 16:57:57,410 [ERROR] LogOutputStream:75 - [STDERR_REDIRECT] [Fatal Error] :1:1: Premature end of file.
2026-01-12 16:57:57,410 [ERROR] LogOutputStream:75 - [STDERR_REDIRECT] 
2026-01-12 16:57:57,426 [ERROR] LogOutputStream:75 - [STDERR_REDIRECT] [Fatal Error] :1:1: Premature end of file.
2026-01-12 16:57:57,426 [ERROR] LogOutputStream:75 - [STDERR_REDIRECT] 
2026-01-12 16:57:57,458 [ERROR] LogOutputStream:75 - [STDERR_REDIRECT] [Fatal Error] :1:1: Premature end of file.
2026-01-12 16:57:57,458 [ERROR] LogOutputStream:75 - [STDERR_REDIRECT] 
2026-01-12 16:57:57,490 [ERROR] LogOutputStream:75 - [STDERR_REDIRECT] [Fatal Error] :1:1: Premature end of file.
2026-01-12 16:57:57,490 [ERROR] LogOutputStream:75 - [STDERR_REDIRECT] 
2026-01-12 16:57:57,524 [ERROR] LogOutputStream:75 - [STDERR_REDIRECT] [Fatal Error] :1:1: Premature end of file.
2026-01-12 16:57:57,524 [ERROR] LogOutputStream:75 - [STDERR_REDIRECT] 
2026-01-12 16:57:57,554 [ERROR] LogOutputStream:75 - [STDERR_REDIRECT] [Fatal Error] :1:1: Premature end of file.
2026-01-12 16:57:57,554 [ERROR] LogOutputStream:75 - [STDERR_REDIRECT] 
2026-01-12 16:57:57,585 [ERROR] LogOutputStream:75 - [STDERR_REDIRECT] [Fatal Error] :1:1: Premature end of file.
2026-01-12 16:57:57,585 [ERROR] LogOutputStream:75 - [STDERR_REDIRECT] 
2026-01-12 16:57:57,607 [ERROR] LogOutputStream:75 - [STDERR_REDIRECT] [Fatal Error] :1:1: Premature end of file.
2026-01-12 16:57:57,607 [ERROR] LogOutputStream:75 - [STDERR_REDIRECT] 
2026-01-12 16:57:57,644 [ERROR] LogOutputStream:75 - [STDERR_REDIRECT] [Fatal Error] :1:1: Premature end of file.
2026-01-12 16:57:57,644 [ERROR] LogOutputStream:75 - [STDERR_REDIRECT] 
2026-01-12 16:57:57,664 [ERROR] LogOutputStream:75 - [STDERR_REDIRECT] [Fatal Error] :1:1: Premature end of file.
2026-01-12 16:57:57,664 [ERROR] LogOutputStream:75 - [STDERR_REDIRECT] 
2026-01-12 16:57:57,695 [ERROR] LogOutputStream:75 - [STDERR_REDIRECT] [Fatal Error] :1:1: Premature end of file.
2026-01-12 16:57:57,695 [ERROR] LogOutputStream:75 - [STDERR_REDIRECT] 
2026-01-12 16:57:57,727 [ERROR] LogOutputStream:75 - [STDERR_REDIRECT] [Fatal Error] :1:1: Premature end of file.
2026-01-12 16:57:57,727 [ERROR] LogOutputStream:75 - [STDERR_REDIRECT] 
2026-01-12 16:57:57,759 [ERROR] LogOutputStream:75 - [STDERR_REDIRECT] [Fatal Error] :1:1: Premature end of file.
2026-01-12 16:57:57,759 [ERROR] LogOutputStream:75 - [STDERR_REDIRECT] 
2026-01-12 16:57:57,790 [ERROR] LogOutputStream:75 - [STDERR_REDIRECT] [Fatal Error] :1:1: Premature end of file.
2026-01-12 16:57:57,790 [ERROR] LogOutputStream:75 - [STDERR_REDIRECT] 
2026-01-12 16:57:57,822 [ERROR] LogOutputStream:75 - [STDERR_REDIRECT] [Fatal Error] :1:1: Premature end of file.
2026-01-12 16:57:57,822 [ERROR] LogOutputStream:75 - [STDERR_REDIRECT] 
2026-01-12 16:57:57,844 [ERROR] LogOutputStream:75 - [STDERR_REDIRECT] [Fatal Error] :1:1: Premature end of file.
2026-01-12 16:57:57,844 [ERROR] LogOutputStream:75 - [STDERR_REDIRECT] 
2026-01-12 16:57:57,880 [ERROR] LogOutputStream:75 - [STDERR_REDIRECT] [Fatal Error] :1:1: Premature end of file.
2026-01-12 16:57:57,880 [ERROR] LogOutputStream:75 - [STDERR_REDIRECT] 
2026-01-12 16:57:57,903 [ERROR] LogOutputStream:75 - [STDERR_REDIRECT] [Fatal Error] :1:1: Premature end of file.
2026-01-12 16:57:57,903 [ERROR] LogOutputStream:75 - [STDERR_REDIRECT] 
2026-01-12 16:57:57,933 [ERROR] LogOutputStream:75 - [STDERR_REDIRECT] [Fatal Error] :1:1: Premature end of file.
2026-01-12 16:57:57,941 [ERROR] LogOutputStream:75 - [STDERR_REDIRECT] 
2026-01-12 16:57:57,964 [ERROR] LogOutputStream:75 - [STDERR_REDIRECT] [Fatal Error] :1:1: Premature end of file.
2026-01-12 16:57:57,964 [ERROR] LogOutputStream:75 - [STDERR_REDIRECT] 
2026-01-12 16:57:57,996 [ERROR] LogOutputStream:75 - [STDERR_REDIRECT] [Fatal Error] :1:1: Premature end of file.
2026-01-12 16:57:57,996 [ERROR] LogOutputStream:75 - [STDERR_REDIRECT] 
2026-01-12 16:57:58,012 [ERROR] LogOutputStream:75 - [STDERR_REDIRECT] [Fatal Error] :1:1: Premature end of file.
2026-01-12 16:57:58,025 [ERROR] LogOutputStream:75 - [STDERR_REDIRECT] 
2026-01-12 16:57:58,044 [ERROR] LogOutputStream:75 - [STDERR_REDIRECT] [Fatal Error] :1:1: Premature end of file.
2026-01-12 16:57:58,044 [ERROR] LogOutputStream:75 - [STDERR_REDIRECT] 
2026-01-12 16:57:58,076 [ERROR] LogOutputStream:75 - [STDERR_REDIRECT] [Fatal Error] :1:1: Premature end of file.
2026-01-12 16:57:58,076 [ERROR] LogOutputStream:75 - [STDERR_REDIRECT] 
2026-01-12 16:57:58,108 [ERROR] LogOutputStream:75 - [STDERR_REDIRECT] [Fatal Error] :1:1: Premature end of file.
2026-01-12 16:57:58,108 [ERROR] LogOutputStream:75 - [STDERR_REDIRECT] 
2026-01-12 16:57:58,134 [ERROR] LogOutputStream:75 - [STDERR_REDIRECT] [Fatal Error] :1:1: Premature end of file.
2026-01-12 16:57:58,134 [ERROR] LogOutputStream:75 - [STDERR_REDIRECT] 
2026-01-12 16:57:58,161 [ERROR] LogOutputStream:75 - [STDERR_REDIRECT] [Fatal Error] :1:1: Premature end of file.
2026-01-12 16:57:58,161 [ERROR] LogOutputStream:75 - [STDERR_REDIRECT] 
2026-01-12 16:57:58,186 [ERROR] LogOutputStream:75 - [STDERR_REDIRECT] [Fatal Error] :1:1: Premature end of file.
2026-01-12 16:57:58,186 [ERROR] LogOutputStream:75 - [STDERR_REDIRECT] 
2026-01-12 16:57:58,218 [ERROR] LogOutputStream:75 - [STDERR_REDIRECT] [Fatal Error] :1:1: Premature end of file.
2026-01-12 16:57:58,218 [ERROR] LogOutputStream:75 - [STDERR_REDIRECT] 
2026-01-12 16:57:58,250 [ERROR] LogOutputStream:75 - [STDERR_REDIRECT] [Fatal Error] :1:1: Premature end of file.
2026-01-12 16:57:58,250 [ERROR] LogOutputStream:75 - [STDERR_REDIRECT] 
2026-01-12 16:57:58,268 [ERROR] LogOutputStream:75 - [STDERR_REDIRECT] [Fatal Error] :1:1: Premature end of file.
2026-01-12 16:57:58,268 [ERROR] LogOutputStream:75 - [STDERR_REDIRECT] 
2026-01-12 16:57:58,298 [ERROR] LogOutputStream:75 - [STDERR_REDIRECT] [Fatal Error] :1:1: Premature end of file.
2026-01-12 16:57:58,298 [ERROR] LogOutputStream:75 - [STDERR_REDIRECT] 
2026-01-12 16:57:58,330 [ERROR] LogOutputStream:75 - [STDERR_REDIRECT] [Fatal Error] :1:1: Premature end of file.
2026-01-12 16:57:58,330 [ERROR] LogOutputStream:75 - [STDERR_REDIRECT] 
2026-01-12 16:57:58,371 [ERROR] LogOutputStream:75 - [STDERR_REDIRECT] [Fatal Error] :1:1: Premature end of file.
2026-01-12 16:57:58,371 [ERROR] LogOutputStream:75 - [STDERR_REDIRECT] 
2026-01-12 16:57:58,393 [ERROR] LogOutputStream:75 - [STDERR_REDIRECT] [Fatal Error] :1:1: Premature end of file.
2026-01-12 16:57:58,393 [ERROR] LogOutputStream:75 - [STDERR_REDIRECT] 
2026-01-12 16:57:58,424 [ERROR] LogOutputStream:75 - [STDERR_REDIRECT] [Fatal Error] :1:1: Premature end of file.
2026-01-12 16:57:58,424 [ERROR] LogOutputStream:75 - [STDERR_REDIRECT] 
2026-01-12 16:57:58,456 [ERROR] LogOutputStream:75 - [STDERR_REDIRECT] [Fatal Error] :1:1: Premature end of file.
2026-01-12 16:57:58,456 [ERROR] LogOutputStream:75 - [STDERR_REDIRECT] 
2026-01-12 16:57:58,488 [ERROR] LogOutputStream:75 - [STDERR_REDIRECT] [Fatal Error] :1:1: Premature end of file.
2026-01-12 16:57:58,488 [ERROR] LogOutputStream:75 - [STDERR_REDIRECT] 
2026-01-12 16:57:58,520 [ERROR] LogOutputStream:75 - [STDERR_REDIRECT] [Fatal Error] :1:1: Premature end of file.
2026-01-12 16:57:58,520 [ERROR] LogOutputStream:75 - [STDERR_REDIRECT] 
2026-01-12 16:57:58,544 [ERROR] LogOutputStream:75 - [STDERR_REDIRECT] [Fatal Error] :1:1: Premature end of file.
2026-01-12 16:57:58,552 [ERROR] LogOutputStream:75 - [STDERR_REDIRECT] 
2026-01-12 16:57:58,568 [ERROR] LogOutputStream:75 - [STDERR_REDIRECT] [Fatal Error] :1:1: Premature end of file.
2026-01-12 16:57:58,568 [ERROR] LogOutputStream:75 - [STDERR_REDIRECT] 
2026-01-12 16:57:58,600 [ERROR] LogOutputStream:75 - [STDERR_REDIRECT] [Fatal Error] :1:1: Premature end of file.
2026-01-12 16:57:58,600 [ERROR] LogOutputStream:75 - [STDERR_REDIRECT] 
2026-01-12 16:57:58,631 [ERROR] LogOutputStream:75 - [STDERR_REDIRECT] [Fatal Error] :1:1: Premature end of file.
2026-01-12 16:57:58,631 [ERROR] LogOutputStream:75 - [STDERR_REDIRECT] 
2026-01-12 16:57:58,663 [ERROR] LogOutputStream:75 - [STDERR_REDIRECT] [Fatal Error] :1:1: Premature end of file.
2026-01-12 16:57:58,663 [ERROR] LogOutputStream:75 - [STDERR_REDIRECT] 
2026-01-12 16:57:58,694 [ERROR] LogOutputStream:75 - [STDERR_REDIRECT] [Fatal Error] :1:1: Premature end of file.
2026-01-12 16:57:58,694 [ERROR] LogOutputStream:75 - [STDERR_REDIRECT] 
2026-01-12 16:57:58,726 [ERROR] LogOutputStream:75 - [STDERR_REDIRECT] [Fatal Error] :1:1: Premature end of file.
2026-01-12 16:57:58,726 [ERROR] LogOutputStream:75 - [STDERR_REDIRECT] 
2026-01-12 16:57:58,755 [ERROR] LogOutputStream:75 - [STDERR_REDIRECT] [Fatal Error] :1:1: Premature end of file.
2026-01-12 16:57:58,755 [ERROR] LogOutputStream:75 - [STDERR_REDIRECT] 
2026-01-12 16:57:58,774 [ERROR] LogOutputStream:75 - [STDERR_REDIRECT] [Fatal Error] :1:1: Premature end of file.
2026-01-12 16:57:58,774 [ERROR] LogOutputStream:75 - [STDERR_REDIRECT] 
2026-01-12 16:57:58,806 [ERROR] LogOutputStream:75 - [STDERR_REDIRECT] [Fatal Error] :1:1: Premature end of file.
2026-01-12 16:57:58,806 [ERROR] LogOutputStream:75 - [STDERR_REDIRECT] 
2026-01-12 16:57:58,837 [ERROR] LogOutputStream:75 - [STDERR_REDIRECT] [Fatal Error] :1:1: Premature end of file.
2026-01-12 16:57:58,837 [ERROR] LogOutputStream:75 - [STDERR_REDIRECT] 
2026-01-12 16:57:58,868 [ERROR] LogOutputStream:75 - [STDERR_REDIRECT] [Fatal Error] :1:1: Premature end of file.
2026-01-12 16:57:58,868 [ERROR] LogOutputStream:75 - [STDERR_REDIRECT] 
2026-01-12 16:57:58,900 [ERROR] LogOutputStream:75 - [STDERR_REDIRECT] [Fatal Error] :1:1: Premature end of file.
2026-01-12 16:57:58,900 [ERROR] LogOutputStream:75 - [STDERR_REDIRECT] 
2026-01-12 16:57:58,916 [ERROR] LogOutputStream:75 - [STDERR_REDIRECT] [Fatal Error] :1:1: Premature end of file.
2026-01-12 16:57:58,916 [ERROR] LogOutputStream:75 - [STDERR_REDIRECT] 
2026-01-12 16:57:58,958 [ERROR] LogOutputStream:75 - [STDERR_REDIRECT] [Fatal Error] :1:1: Premature end of file.
2026-01-12 16:57:58,958 [ERROR] LogOutputStream:75 - [STDERR_REDIRECT] 
2026-01-12 16:57:58,979 [ERROR] LogOutputStream:75 - [STDERR_REDIRECT] [Fatal Error] :1:1: Premature end of file.
2026-01-12 16:57:58,979 [ERROR] LogOutputStream:75 - [STDERR_REDIRECT] 
2026-01-12 16:57:59,011 [ERROR] LogOutputStream:75 - [STDERR_REDIRECT] [Fatal Error] :1:1: Premature end of file.
2026-01-12 16:57:59,011 [ERROR] LogOutputStream:75 - [STDERR_REDIRECT] 
2026-01-12 16:57:59,042 [ERROR] LogOutputStream:75 - [STDERR_REDIRECT] [Fatal Error] :1:1: Premature end of file.
2026-01-12 16:57:59,042 [ERROR] LogOutputStream:75 - [STDERR_REDIRECT] 
2026-01-12 16:57:59,073 [ERROR] LogOutputStream:75 - [STDERR_REDIRECT] [Fatal Error] :1:1: Premature end of file.
2026-01-12 16:57:59,073 [ERROR] LogOutputStream:75 - [STDERR_REDIRECT] 
2026-01-12 16:57:59,091 [ERROR] LogOutputStream:75 - [STDERR_REDIRECT] [Fatal Error] :1:1: Premature end of file.
2026-01-12 16:57:59,091 [ERROR] LogOutputStream:75 - [STDERR_REDIRECT] 
2026-01-12 16:57:59,123 [ERROR] LogOutputStream:75 - [STDERR_REDIRECT] [Fatal Error] :1:1: Premature end of file.
2026-01-12 16:57:59,123 [ERROR] LogOutputStream:75 - [STDERR_REDIRECT] 
2026-01-12 16:57:59,156 [ERROR] LogOutputStream:75 - [STDERR_REDIRECT] [Fatal Error] :1:1: Premature end of file.
2026-01-12 16:57:59,156 [ERROR] LogOutputStream:75 - [STDERR_REDIRECT] 
2026-01-12 16:57:59,185 [ERROR] LogOutputStream:75 - [STDERR_REDIRECT] [Fatal Error] :1:1: Premature end of file.
2026-01-12 16:57:59,185 [ERROR] LogOutputStream:75 - [STDERR_REDIRECT] 
2026-01-12 16:57:59,218 [ERROR] LogOutputStream:75 - [STDERR_REDIRECT] [Fatal Error] :1:1: Premature end of file.
2026-01-12 16:57:59,218 [ERROR] LogOutputStream:75 - [STDERR_REDIRECT] 
2026-01-12 16:57:59,248 [ERROR] LogOutputStream:75 - [STDERR_REDIRECT] [Fatal Error] :1:1: Premature end of file.
2026-01-12 16:57:59,248 [ERROR] LogOutputStream:75 - [STDERR_REDIRECT] 
2026-01-12 16:57:59,279 [ERROR] LogOutputStream:75 - [STDERR_REDIRECT] [Fatal Error] :1:1: Premature end of file.
2026-01-12 16:57:59,279 [ERROR] LogOutputStream:75 - [STDERR_REDIRECT] 
2026-01-12 16:57:59,295 [ERROR] LogOutputStream:75 - [STDERR_REDIRECT] [Fatal Error] :1:1: Premature end of file.
2026-01-12 16:57:59,295 [ERROR] LogOutputStream:75 - [STDERR_REDIRECT] 
2026-01-12 16:57:59,326 [ERROR] LogOutputStream:75 - [STDERR_REDIRECT] [Fatal Error] :1:1: Premature end of file.
2026-01-12 16:57:59,326 [ERROR] LogOutputStream:75 - [STDERR_REDIRECT] 
2026-01-12 16:57:59,358 [ERROR] LogOutputStream:75 - [STDERR_REDIRECT] [Fatal Error] :1:1: Premature end of file.
2026-01-12 16:57:59,358 [ERROR] LogOutputStream:75 - [STDERR_REDIRECT] 
2026-01-12 16:57:59,392 [ERROR] LogOutputStream:75 - [STDERR_REDIRECT] [Fatal Error] :1:1: Premature end of file.
2026-01-12 16:57:59,392 [ERROR] LogOutputStream:75 - [STDERR_REDIRECT] 
2026-01-12 16:57:59,427 [ERROR] LogOutputStream:75 - [STDERR_REDIRECT] [Fatal Error] :1:1: Premature end of file.
2026-01-12 16:57:59,428 [ERROR] LogOutputStream:75 - [STDERR_REDIRECT] 
2026-01-12 16:57:59,453 [ERROR] LogOutputStream:75 - [STDERR_REDIRECT] [Fatal Error] :1:1: Premature end of file.
2026-01-12 16:57:59,453 [ERROR] LogOutputStream:75 - [STDERR_REDIRECT] 
2026-01-12 16:57:59,484 [ERROR] LogOutputStream:75 - [STDERR_REDIRECT] [Fatal Error] :1:1: Premature end of file.
2026-01-12 16:57:59,484 [ERROR] LogOutputStream:75 - [STDERR_REDIRECT] 
2026-01-12 16:57:59,516 [ERROR] LogOutputStream:75 - [STDERR_REDIRECT] [Fatal Error] :1:1: Premature end of file.
2026-01-12 16:57:59,516 [ERROR] LogOutputStream:75 - [STDERR_REDIRECT] 
2026-01-12 16:57:59,532 [ERROR] LogOutputStream:75 - [STDERR_REDIRECT] [Fatal Error] :1:1: Premature end of file.
2026-01-12 16:57:59,532 [ERROR] LogOutputStream:75 - [STDERR_REDIRECT] 
2026-01-12 16:57:59,563 [ERROR] LogOutputStream:75 - [STDERR_REDIRECT] [Fatal Error] :1:1: Premature end of file.
2026-01-12 16:57:59,563 [ERROR] LogOutputStream:75 - [STDERR_REDIRECT] 
2026-01-12 16:57:59,595 [ERROR] LogOutputStream:75 - [STDERR_REDIRECT] [Fatal Error] :1:1: Premature end of file.
2026-01-12 16:57:59,595 [ERROR] LogOutputStream:75 - [STDERR_REDIRECT] 
2026-01-12 16:57:59,633 [ERROR] LogOutputStream:75 - [STDERR_REDIRECT] [Fatal Error] :1:1: Premature end of file.
2026-01-12 16:57:59,633 [ERROR] LogOutputStream:75 - [STDERR_REDIRECT] 
2026-01-12 16:57:59,659 [ERROR] LogOutputStream:75 - [STDERR_REDIRECT] [Fatal Error] :1:1: Premature end of file.
2026-01-12 16:57:59,659 [ERROR] LogOutputStream:75 - [STDERR_REDIRECT] 
2026-01-12 16:57:59,692 [ERROR] LogOutputStream:75 - [STDERR_REDIRECT] [Fatal Error] :1:1: Premature end of file.
2026-01-12 16:57:59,692 [ERROR] LogOutputStream:75 - [STDERR_REDIRECT] 
2026-01-12 16:57:59,705 [ERROR] LogOutputStream:75 - [STDERR_REDIRECT] [Fatal Error] :1:1: Premature end of file.
2026-01-12 16:57:59,705 [ERROR] LogOutputStream:75 - [STDERR_REDIRECT] 
2026-01-12 16:57:59,739 [ERROR] LogOutputStream:75 - [STDERR_REDIRECT] [Fatal Error] :1:1: Premature end of file.
2026-01-12 16:57:59,739 [ERROR] LogOutputStream:75 - [STDERR_REDIRECT] 
2026-01-12 16:57:59,768 [ERROR] LogOutputStream:75 - [STDERR_REDIRECT] [Fatal Error] :1:1: Premature end of file.
2026-01-12 16:57:59,768 [ERROR] LogOutputStream:75 - [STDERR_REDIRECT] 
2026-01-12 16:57:59,802 [ERROR] LogOutputStream:75 - [STDERR_REDIRECT] [Fatal Error] :1:1: Premature end of file.
2026-01-12 16:57:59,808 [ERROR] LogOutputStream:75 - [STDERR_REDIRECT] 
2026-01-12 16:57:59,849 [ERROR] LogOutputStream:75 - [STDERR_REDIRECT] [Fatal Error] :1:1: Premature end of file.
2026-01-12 16:57:59,849 [ERROR] LogOutputStream:75 - [STDERR_REDIRECT] 
2026-01-12 16:57:59,889 [ERROR] LogOutputStream:75 - [STDERR_REDIRECT] [Fatal Error] :1:1: Premature end of file.
2026-01-12 16:57:59,889 [ERROR] LogOutputStream:75 - [STDERR_REDIRECT] 
2026-01-12 16:57:59,934 [ERROR] LogOutputStream:75 - [STDERR_REDIRECT] [Fatal Error] :1:1: Premature end of file.
2026-01-12 16:57:59,934 [ERROR] LogOutputStream:75 - [STDERR_REDIRECT] 
2026-01-12 16:57:59,977 [ERROR] LogOutputStream:75 - [STDERR_REDIRECT] [Fatal Error] :1:1: Premature end of file.
2026-01-12 16:57:59,977 [ERROR] LogOutputStream:75 - [STDERR_REDIRECT] 
2026-01-12 16:58:00,029 [ERROR] LogOutputStream:75 - [STDERR_REDIRECT] [Fatal Error] :1:1: Premature end of file.
2026-01-12 16:58:00,031 [ERROR] LogOutputStream:75 - [STDERR_REDIRECT] 
2026-01-12 16:58:00,076 [ERROR] LogOutputStream:75 - [STDERR_REDIRECT] [Fatal Error] :1:1: Premature end of file.
2026-01-12 16:58:00,076 [ERROR] LogOutputStream:75 - [STDERR_REDIRECT] 
2026-01-12 16:58:00,117 [ERROR] LogOutputStream:75 - [STDERR_REDIRECT] [Fatal Error] :1:1: Premature end of file.
2026-01-12 16:58:00,117 [ERROR] LogOutputStream:75 - [STDERR_REDIRECT] 
2026-01-12 16:58:00,159 [ERROR] LogOutputStream:75 - [STDERR_REDIRECT] [Fatal Error] :1:1: Premature end of file.
2026-01-12 16:58:00,159 [ERROR] LogOutputStream:75 - [STDERR_REDIRECT] 
2026-01-12 16:58:00,201 [ERROR] LogOutputStream:75 - [STDERR_REDIRECT] [Fatal Error] :1:1: Premature end of file.
2026-01-12 16:58:00,201 [ERROR] LogOutputStream:75 - [STDERR_REDIRECT] 
2026-01-12 16:58:00,244 [ERROR] LogOutputStream:75 - [STDERR_REDIRECT] [Fatal Error] :1:1: Premature end of file.
2026-01-12 16:58:00,244 [ERROR] LogOutputStream:75 - [STDERR_REDIRECT] 
2026-01-12 16:58:00,285 [ERROR] LogOutputStream:75 - [STDERR_REDIRECT] [Fatal Error] :1:1: Premature end of file.
2026-01-12 16:58:00,285 [ERROR] LogOutputStream:75 - [STDERR_REDIRECT] 
2026-01-12 16:58:00,326 [ERROR] LogOutputStream:75 - [STDERR_REDIRECT] [Fatal Error] :1:1: Premature end of file.
2026-01-12 16:58:00,326 [ERROR] LogOutputStream:75 - [STDERR_REDIRECT] 
2026-01-12 16:58:00,370 [ERROR] LogOutputStream:75 - [STDERR_REDIRECT] [Fatal Error] :1:1: Premature end of file.
2026-01-12 16:58:00,370 [ERROR] LogOutputStream:75 - [STDERR_REDIRECT] 
2026-01-12 16:58:00,421 [ERROR] LogOutputStream:75 - [STDERR_REDIRECT] [Fatal Error] :1:1: Premature end of file.
2026-01-12 16:58:00,421 [ERROR] LogOutputStream:75 - [STDERR_REDIRECT] 
2026-01-12 16:58:00,464 [ERROR] LogOutputStream:75 - [STDERR_REDIRECT] [Fatal Error] :1:1: Premature end of file.
2026-01-12 16:58:00,464 [ERROR] LogOutputStream:75 - [STDERR_REDIRECT] 
2026-01-12 16:58:00,505 [ERROR] LogOutputStream:75 - [STDERR_REDIRECT] [Fatal Error] :1:1: Premature end of file.
2026-01-12 16:58:00,505 [ERROR] LogOutputStream:75 - [STDERR_REDIRECT] 
2026-01-12 16:58:00,547 [ERROR] LogOutputStream:75 - [STDERR_REDIRECT] [Fatal Error] :1:1: Premature end of file.
2026-01-12 16:58:00,547 [ERROR] LogOutputStream:75 - [STDERR_REDIRECT] 
2026-01-12 16:58:00,593 [ERROR] LogOutputStream:75 - [STDERR_REDIRECT] [Fatal Error] :1:1: Premature end of file.
2026-01-12 16:58:00,593 [ERROR] LogOutputStream:75 - [STDERR_REDIRECT] 
2026-01-12 16:58:00,633 [ERROR] LogOutputStream:75 - [STDERR_REDIRECT] [Fatal Error] :1:1: Premature end of file.
2026-01-12 16:58:00,633 [ERROR] LogOutputStream:75 - [STDERR_REDIRECT] 
2026-01-12 16:58:00,680 [ERROR] LogOutputStream:75 - [STDERR_REDIRECT] [Fatal Error] :1:1: Premature end of file.
2026-01-12 16:58:00,680 [ERROR] LogOutputStream:75 - [STDERR_REDIRECT] 
2026-01-12 16:58:00,721 [ERROR] LogOutputStream:75 - [STDERR_REDIRECT] [Fatal Error] :1:1: Premature end of file.
2026-01-12 16:58:00,721 [ERROR] LogOutputStream:75 - [STDERR_REDIRECT] 
2026-01-12 16:58:00,760 [ERROR] LogOutputStream:75 - [STDERR_REDIRECT] [Fatal Error] :1:1: Premature end of file.
2026-01-12 16:58:00,760 [ERROR] LogOutputStream:75 - [STDERR_REDIRECT] 
2026-01-12 16:58:04,344 [ERROR] LogOutputStream:75 - [STDERR_REDIRECT] [Fatal Error] :1:1: Premature end of file.
2026-01-12 16:58:04,344 [ERROR] LogOutputStream:75 - [STDERR_REDIRECT] 
2026-01-12 16:58:04,443 [ERROR] LogOutputStream:75 - [STDERR_REDIRECT] [Fatal Error] :1:1: Premature end of file.
2026-01-12 16:58:04,443 [ERROR] LogOutputStream:75 - [STDERR_REDIRECT] 
2026-01-12 16:58:04,490 [ERROR] LogOutputStream:75 - [STDERR_REDIRECT] [Fatal Error] :1:1: Premature end of file.
2026-01-12 16:58:04,490 [ERROR] LogOutputStream:75 - [STDERR_REDIRECT] 
2026-01-12 16:58:04,524 [ERROR] LogOutputStream:75 - [STDERR_REDIRECT] [Fatal Error] :1:1: Premature end of file.
2026-01-12 16:58:04,524 [ERROR] LogOutputStream:75 - [STDERR_REDIRECT] 
2026-01-12 16:58:04,558 [ERROR] LogOutputStream:75 - [STDERR_REDIRECT] [Fatal Error] :1:1: Premature end of file.
2026-01-12 16:58:04,558 [ERROR] LogOutputStream:75 - [STDERR_REDIRECT] 
2026-01-12 16:58:04,592 [ERROR] LogOutputStream:75 - [STDERR_REDIRECT] [Fatal Error] :1:1: Premature end of file.
2026-01-12 16:58:04,592 [ERROR] LogOutputStream:75 - [STDERR_REDIRECT] 
2026-01-12 16:58:04,627 [ERROR] LogOutputStream:75 - [STDERR_REDIRECT] [Fatal Error] :1:1: Premature end of file.
2026-01-12 16:58:04,627 [ERROR] LogOutputStream:75 - [STDERR_REDIRECT] 
2026-01-12 16:58:04,661 [ERROR] LogOutputStream:75 - [STDERR_REDIRECT] [Fatal Error] :1:1: Premature end of file.
2026-01-12 16:58:04,661 [ERROR] LogOutputStream:75 - [STDERR_REDIRECT] 
2026-01-12 16:58:04,696 [ERROR] LogOutputStream:75 - [STDERR_REDIRECT] [Fatal Error] :1:1: Premature end of file.
2026-01-12 16:58:04,696 [ERROR] LogOutputStream:75 - [STDERR_REDIRECT] 
2026-01-12 16:58:04,729 [ERROR] LogOutputStream:75 - [STDERR_REDIRECT] [Fatal Error] :1:1: Premature end of file.
2026-01-12 16:58:04,729 [ERROR] LogOutputStream:75 - [STDERR_REDIRECT] 
2026-01-12 16:58:04,755 [ERROR] LogOutputStream:75 - [STDERR_REDIRECT] [Fatal Error] :1:1: Premature end of file.
2026-01-12 16:58:04,755 [ERROR] LogOutputStream:75 - [STDERR_REDIRECT] 
2026-01-12 16:58:04,787 [ERROR] LogOutputStream:75 - [STDERR_REDIRECT] [Fatal Error] :1:1: Premature end of file.
2026-01-12 16:58:04,787 [ERROR] LogOutputStream:75 - [STDERR_REDIRECT] 
2026-01-12 16:58:04,819 [ERROR] LogOutputStream:75 - [STDERR_REDIRECT] [Fatal Error] :1:1: Premature end of file.
2026-01-12 16:58:04,819 [ERROR] LogOutputStream:75 - [STDERR_REDIRECT] 
2026-01-12 16:58:04,840 [ERROR] LogOutputStream:75 - [STDERR_REDIRECT] [Fatal Error] :1:1: Premature end of file.
2026-01-12 16:58:04,840 [ERROR] LogOutputStream:75 - [STDERR_REDIRECT] 
2026-01-12 16:58:04,870 [ERROR] LogOutputStream:75 - [STDERR_REDIRECT] [Fatal Error] :1:1: Premature end of file.
2026-01-12 16:58:04,870 [ERROR] LogOutputStream:75 - [STDERR_REDIRECT] 
2026-01-12 16:58:04,899 [ERROR] LogOutputStream:75 - [STDERR_REDIRECT] [Fatal Error] :1:1: Premature end of file.
2026-01-12 16:58:04,899 [ERROR] LogOutputStream:75 - [STDERR_REDIRECT] 
2026-01-12 16:58:04,930 [ERROR] LogOutputStream:75 - [STDERR_REDIRECT] [Fatal Error] :1:1: Premature end of file.
2026-01-12 16:58:04,930 [ERROR] LogOutputStream:75 - [STDERR_REDIRECT] 
2026-01-12 16:58:04,962 [ERROR] LogOutputStream:75 - [STDERR_REDIRECT] [Fatal Error] :1:1: Premature end of file.
2026-01-12 16:58:04,962 [ERROR] LogOutputStream:75 - [STDERR_REDIRECT] 
2026-01-12 16:58:04,994 [ERROR] LogOutputStream:75 - [STDERR_REDIRECT] [Fatal Error] :1:1: Premature end of file.
2026-01-12 16:58:04,994 [ERROR] LogOutputStream:75 - [STDERR_REDIRECT] 
2026-01-12 16:58:05,009 [ERROR] LogOutputStream:75 - [STDERR_REDIRECT] [Fatal Error] :1:1: Premature end of file.
2026-01-12 16:58:05,009 [ERROR] LogOutputStream:75 - [STDERR_REDIRECT] 
2026-01-12 16:58:05,051 [ERROR] LogOutputStream:75 - [STDERR_REDIRECT] [Fatal Error] :1:1: Premature end of file.
2026-01-12 16:58:05,051 [ERROR] LogOutputStream:75 - [STDERR_REDIRECT] 
2026-01-12 16:58:05,075 [ERROR] LogOutputStream:75 - [STDERR_REDIRECT] [Fatal Error] :1:1: Premature end of file.
2026-01-12 16:58:05,075 [ERROR] LogOutputStream:75 - [STDERR_REDIRECT] 
2026-01-12 16:58:05,105 [ERROR] LogOutputStream:75 - [STDERR_REDIRECT] [Fatal Error] :1:1: Premature end of file.
2026-01-12 16:58:05,105 [ERROR] LogOutputStream:75 - [STDERR_REDIRECT] 
2026-01-12 16:58:05,138 [ERROR] LogOutputStream:75 - [STDERR_REDIRECT] [Fatal Error] :1:1: Premature end of file.
2026-01-12 16:58:05,138 [ERROR] LogOutputStream:75 - [STDERR_REDIRECT] 
2026-01-12 16:58:05,177 [ERROR] LogOutputStream:75 - [STDERR_REDIRECT] [Fatal Error] :1:1: Premature end of file.
2026-01-12 16:58:05,177 [ERROR] LogOutputStream:75 - [STDERR_REDIRECT] 
2026-01-12 16:58:05,199 [ERROR] LogOutputStream:75 - [STDERR_REDIRECT] [Fatal Error] :1:1: Premature end of file.
2026-01-12 16:58:05,199 [ERROR] LogOutputStream:75 - [STDERR_REDIRECT] 
2026-01-12 16:58:05,231 [ERROR] LogOutputStream:75 - [STDERR_REDIRECT] [Fatal Error] :1:1: Premature end of file.
2026-01-12 16:58:05,231 [ERROR] LogOutputStream:75 - [STDERR_REDIRECT] 
2026-01-12 16:58:05,271 [ERROR] LogOutputStream:75 - [STDERR_REDIRECT] [Fatal Error] :1:1: Premature end of file.
2026-01-12 16:58:05,271 [ERROR] LogOutputStream:75 - [STDERR_REDIRECT] 
2026-01-12 16:58:05,294 [ERROR] LogOutputStream:75 - [STDERR_REDIRECT] [Fatal Error] :1:1: Premature end of file.
2026-01-12 16:58:05,294 [ERROR] LogOutputStream:75 - [STDERR_REDIRECT] 
2026-01-12 16:58:05,326 [ERROR] LogOutputStream:75 - [STDERR_REDIRECT] [Fatal Error] :1:1: Premature end of file.
2026-01-12 16:58:05,326 [ERROR] LogOutputStream:75 - [STDERR_REDIRECT] 
2026-01-12 16:58:05,358 [ERROR] LogOutputStream:75 - [STDERR_REDIRECT] [Fatal Error] :1:1: Premature end of file.
2026-01-12 16:58:05,358 [ERROR] LogOutputStream:75 - [STDERR_REDIRECT] 
2026-01-12 16:58:05,390 [ERROR] LogOutputStream:75 - [STDERR_REDIRECT] [Fatal Error] :1:1: Premature end of file.
2026-01-12 16:58:05,390 [ERROR] LogOutputStream:75 - [STDERR_REDIRECT] 
2026-01-12 16:58:05,412 [ERROR] LogOutputStream:75 - [STDERR_REDIRECT] [Fatal Error] :1:1: Premature end of file.
2026-01-12 16:58:05,412 [ERROR] LogOutputStream:75 - [STDERR_REDIRECT] 
2026-01-12 16:58:05,437 [ERROR] LogOutputStream:75 - [STDERR_REDIRECT] [Fatal Error] :1:1: Premature end of file.
2026-01-12 16:58:05,437 [ERROR] LogOutputStream:75 - [STDERR_REDIRECT] 
2026-01-12 16:58:05,476 [ERROR] LogOutputStream:75 - [STDERR_REDIRECT] [Fatal Error] :1:1: Premature end of file.
2026-01-12 16:58:05,476 [ERROR] LogOutputStream:75 - [STDERR_REDIRECT] 
2026-01-12 16:58:05,501 [ERROR] LogOutputStream:75 - [STDERR_REDIRECT] [Fatal Error] :1:1: Premature end of file.
2026-01-12 16:58:05,501 [ERROR] LogOutputStream:75 - [STDERR_REDIRECT] 
2026-01-12 16:58:05,542 [ERROR] LogOutputStream:75 - [STDERR_REDIRECT] [Fatal Error] :1:1: Premature end of file.
2026-01-12 16:58:05,544 [ERROR] LogOutputStream:75 - [STDERR_REDIRECT] 
2026-01-12 16:58:05,576 [ERROR] LogOutputStream:75 - [STDERR_REDIRECT] [Fatal Error] :1:1: Premature end of file.
2026-01-12 16:58:05,576 [ERROR] LogOutputStream:75 - [STDERR_REDIRECT] 
2026-01-12 16:58:05,609 [ERROR] LogOutputStream:75 - [STDERR_REDIRECT] [Fatal Error] :1:1: Premature end of file.
2026-01-12 16:58:05,609 [ERROR] LogOutputStream:75 - [STDERR_REDIRECT] 
2026-01-12 16:58:05,642 [ERROR] LogOutputStream:75 - [STDERR_REDIRECT] [Fatal Error] :1:1: Premature end of file.
2026-01-12 16:58:05,642 [ERROR] LogOutputStream:75 - [STDERR_REDIRECT] 
2026-01-12 16:58:05,674 [ERROR] LogOutputStream:75 - [STDERR_REDIRECT] [Fatal Error] :1:1: Premature end of file.
2026-01-12 16:58:05,674 [ERROR] LogOutputStream:75 - [STDERR_REDIRECT] 
2026-01-12 16:58:05,706 [ERROR] LogOutputStream:75 - [STDERR_REDIRECT] [Fatal Error] :1:1: Premature end of file.
2026-01-12 16:58:05,706 [ERROR] LogOutputStream:75 - [STDERR_REDIRECT] 
2026-01-12 16:58:05,738 [ERROR] LogOutputStream:75 - [STDERR_REDIRECT] [Fatal Error] :1:1: Premature end of file.
2026-01-12 16:58:05,738 [ERROR] LogOutputStream:75 - [STDERR_REDIRECT] 
2026-01-12 16:58:05,769 [ERROR] LogOutputStream:75 - [STDERR_REDIRECT] [Fatal Error] :1:1: Premature end of file.
2026-01-12 16:58:05,769 [ERROR] LogOutputStream:75 - [STDERR_REDIRECT] 
2026-01-12 16:58:05,799 [ERROR] LogOutputStream:75 - [STDERR_REDIRECT] [Fatal Error] :1:1: Premature end of file.
2026-01-12 16:58:05,799 [ERROR] LogOutputStream:75 - [STDERR_REDIRECT] 
2026-01-12 16:58:05,823 [ERROR] LogOutputStream:75 - [STDERR_REDIRECT] [Fatal Error] :1:1: Premature end of file.
2026-01-12 16:58:05,823 [ERROR] LogOutputStream:75 - [STDERR_REDIRECT] 
2026-01-12 16:58:05,860 [ERROR] LogOutputStream:75 - [STDERR_REDIRECT] [Fatal Error] :1:1: Premature end of file.
2026-01-12 16:58:05,860 [ERROR] LogOutputStream:75 - [STDERR_REDIRECT] 
2026-01-12 16:58:05,882 [ERROR] LogOutputStream:75 - [STDERR_REDIRECT] [Fatal Error] :1:1: Premature end of file.
2026-01-12 16:58:05,882 [ERROR] LogOutputStream:75 - [STDERR_REDIRECT] 
2026-01-12 16:58:05,923 [ERROR] LogOutputStream:75 - [STDERR_REDIRECT] [Fatal Error] :1:1: Premature end of file.
2026-01-12 16:58:05,923 [ERROR] LogOutputStream:75 - [STDERR_REDIRECT] 
2026-01-12 16:58:05,955 [ERROR] LogOutputStream:75 - [STDERR_REDIRECT] [Fatal Error] :1:1: Premature end of file.
2026-01-12 16:58:05,955 [ERROR] LogOutputStream:75 - [STDERR_REDIRECT] 
2026-01-12 16:58:05,988 [ERROR] LogOutputStream:75 - [STDERR_REDIRECT] [Fatal Error] :1:1: Premature end of file.
2026-01-12 16:58:05,988 [ERROR] LogOutputStream:75 - [STDERR_REDIRECT] 
2026-01-12 16:58:06,023 [ERROR] LogOutputStream:75 - [STDERR_REDIRECT] [Fatal Error] :1:1: Premature end of file.
2026-01-12 16:58:06,023 [ERROR] LogOutputStream:75 - [STDERR_REDIRECT] 
2026-01-12 16:58:06,039 [ERROR] LogOutputStream:75 - [STDERR_REDIRECT] [Fatal Error] :1:1: Premature end of file.
2026-01-12 16:58:06,039 [ERROR] LogOutputStream:75 - [STDERR_REDIRECT] 
2026-01-12 16:58:06,073 [ERROR] LogOutputStream:75 - [STDERR_REDIRECT] [Fatal Error] :1:1: Premature end of file.
2026-01-12 16:58:06,073 [ERROR] LogOutputStream:75 - [STDERR_REDIRECT] 
2026-01-12 16:58:06,103 [ERROR] LogOutputStream:75 - [STDERR_REDIRECT] [Fatal Error] :1:1: Premature end of file.
2026-01-12 16:58:06,103 [ERROR] LogOutputStream:75 - [STDERR_REDIRECT] 
2026-01-12 16:58:06,138 [ERROR] LogOutputStream:75 - [STDERR_REDIRECT] [Fatal Error] :1:1: Premature end of file.
2026-01-12 16:58:06,138 [ERROR] LogOutputStream:75 - [STDERR_REDIRECT] 
2026-01-12 16:58:06,166 [ERROR] LogOutputStream:75 - [STDERR_REDIRECT] [Fatal Error] :1:1: Premature end of file.
2026-01-12 16:58:06,166 [ERROR] LogOutputStream:75 - [STDERR_REDIRECT] 
2026-01-12 16:58:06,184 [ERROR] LogOutputStream:75 - [STDERR_REDIRECT] [Fatal Error] :1:1: Premature end of file.
2026-01-12 16:58:06,184 [ERROR] LogOutputStream:75 - [STDERR_REDIRECT] 
2026-01-12 16:58:06,214 [ERROR] LogOutputStream:75 - [STDERR_REDIRECT] [Fatal Error] :1:1: Premature end of file.
2026-01-12 16:58:06,214 [ERROR] LogOutputStream:75 - [STDERR_REDIRECT] 
2026-01-12 16:58:06,245 [ERROR] LogOutputStream:75 - [STDERR_REDIRECT] [Fatal Error] :1:1: Premature end of file.
2026-01-12 16:58:06,245 [ERROR] LogOutputStream:75 - [STDERR_REDIRECT] 
2026-01-12 16:58:06,277 [ERROR] LogOutputStream:75 - [STDERR_REDIRECT] [Fatal Error] :1:1: Premature end of file.
2026-01-12 16:58:06,277 [ERROR] LogOutputStream:75 - [STDERR_REDIRECT] 
2026-01-12 16:58:06,309 [ERROR] LogOutputStream:75 - [STDERR_REDIRECT] [Fatal Error] :1:1: Premature end of file.
2026-01-12 16:58:06,309 [ERROR] LogOutputStream:75 - [STDERR_REDIRECT] 
2026-01-12 16:58:06,346 [ERROR] LogOutputStream:75 - [STDERR_REDIRECT] [Fatal Error] :1:1: Premature end of file.
2026-01-12 16:58:06,346 [ERROR] LogOutputStream:75 - [STDERR_REDIRECT] 
2026-01-12 16:58:06,384 [ERROR] LogOutputStream:75 - [STDERR_REDIRECT] [Fatal Error] :1:1: Premature end of file.
2026-01-12 16:58:06,384 [ERROR] LogOutputStream:75 - [STDERR_REDIRECT] 
2026-01-12 16:58:06,404 [ERROR] LogOutputStream:75 - [STDERR_REDIRECT] [Fatal Error] :1:1: Premature end of file.
2026-01-12 16:58:06,404 [ERROR] LogOutputStream:75 - [STDERR_REDIRECT] 
2026-01-12 16:58:06,438 [ERROR] LogOutputStream:75 - [STDERR_REDIRECT] [Fatal Error] :1:1: Premature end of file.
2026-01-12 16:58:06,438 [ERROR] LogOutputStream:75 - [STDERR_REDIRECT] 
2026-01-12 16:58:06,474 [ERROR] LogOutputStream:75 - [STDERR_REDIRECT] [Fatal Error] :1:1: Premature end of file.
2026-01-12 16:58:06,474 [ERROR] LogOutputStream:75 - [STDERR_REDIRECT] 
2026-01-12 16:58:06,503 [ERROR] LogOutputStream:75 - [STDERR_REDIRECT] [Fatal Error] :1:1: Premature end of file.
2026-01-12 16:58:06,503 [ERROR] LogOutputStream:75 - [STDERR_REDIRECT] 
2026-01-12 16:58:06,530 [ERROR] LogOutputStream:75 - [STDERR_REDIRECT] [Fatal Error] :1:1: Premature end of file.
2026-01-12 16:58:06,530 [ERROR] LogOutputStream:75 - [STDERR_REDIRECT] 
2026-01-12 16:58:06,561 [ERROR] LogOutputStream:75 - [STDERR_REDIRECT] [Fatal Error] :1:1: Premature end of file.
2026-01-12 16:58:06,561 [ERROR] LogOutputStream:75 - [STDERR_REDIRECT] 
2026-01-12 16:58:06,593 [ERROR] LogOutputStream:75 - [STDERR_REDIRECT] [Fatal Error] :1:1: Premature end of file.
2026-01-12 16:58:06,593 [ERROR] LogOutputStream:75 - [STDERR_REDIRECT] 
2026-01-12 16:58:06,619 [ERROR] LogOutputStream:75 - [STDERR_REDIRECT] [Fatal Error] :1:1: Premature end of file.
2026-01-12 16:58:06,619 [ERROR] LogOutputStream:75 - [STDERR_REDIRECT] 
2026-01-12 16:58:06,651 [ERROR] LogOutputStream:75 - [STDERR_REDIRECT] [Fatal Error] :1:1: Premature end of file.
2026-01-12 16:58:06,651 [ERROR] LogOutputStream:75 - [STDERR_REDIRECT] 
2026-01-12 16:58:06,675 [ERROR] LogOutputStream:75 - [STDERR_REDIRECT] [Fatal Error] :1:1: Premature end of file.
2026-01-12 16:58:06,675 [ERROR] LogOutputStream:75 - [STDERR_REDIRECT] 
2026-01-12 16:58:06,707 [ERROR] LogOutputStream:75 - [STDERR_REDIRECT] [Fatal Error] :1:1: Premature end of file.
2026-01-12 16:58:06,707 [ERROR] LogOutputStream:75 - [STDERR_REDIRECT] 
2026-01-12 16:58:06,736 [ERROR] LogOutputStream:75 - [STDERR_REDIRECT] [Fatal Error] :1:1: Premature end of file.
2026-01-12 16:58:06,736 [ERROR] LogOutputStream:75 - [STDERR_REDIRECT] 
2026-01-12 16:58:06,752 [ERROR] LogOutputStream:75 - [STDERR_REDIRECT] [Fatal Error] :1:1: Premature end of file.
2026-01-12 16:58:06,752 [ERROR] LogOutputStream:75 - [STDERR_REDIRECT] 
2026-01-12 16:58:06,787 [ERROR] LogOutputStream:75 - [STDERR_REDIRECT] [Fatal Error] :1:1: Premature end of file.
2026-01-12 16:58:06,787 [ERROR] LogOutputStream:75 - [STDERR_REDIRECT] 
2026-01-12 16:58:06,817 [ERROR] LogOutputStream:75 - [STDERR_REDIRECT] [Fatal Error] :1:1: Premature end of file.
2026-01-12 16:58:06,817 [ERROR] LogOutputStream:75 - [STDERR_REDIRECT] 
2026-01-12 16:58:06,847 [ERROR] LogOutputStream:75 - [STDERR_REDIRECT] [Fatal Error] :1:1: Premature end of file.
2026-01-12 16:58:06,847 [ERROR] LogOutputStream:75 - [STDERR_REDIRECT] 
2026-01-12 16:58:06,878 [ERROR] LogOutputStream:75 - [STDERR_REDIRECT] [Fatal Error] :1:1: Premature end of file.
2026-01-12 16:58:06,878 [ERROR] LogOutputStream:75 - [STDERR_REDIRECT] 
2026-01-12 16:58:06,894 [ERROR] LogOutputStream:75 - [STDERR_REDIRECT] [Fatal Error] :1:1: Premature end of file.
2026-01-12 16:58:06,894 [ERROR] LogOutputStream:75 - [STDERR_REDIRECT] 
2026-01-12 16:58:06,939 [ERROR] LogOutputStream:75 - [STDERR_REDIRECT] [Fatal Error] :1:1: Premature end of file.
2026-01-12 16:58:06,939 [ERROR] LogOutputStream:75 - [STDERR_REDIRECT] 
2026-01-12 16:58:06,967 [ERROR] LogOutputStream:75 - [STDERR_REDIRECT] [Fatal Error] :1:1: Premature end of file.
2026-01-12 16:58:06,967 [ERROR] LogOutputStream:75 - [STDERR_REDIRECT] 
2026-01-12 16:58:06,989 [ERROR] LogOutputStream:75 - [STDERR_REDIRECT] [Fatal Error] :1:1: Premature end of file.
2026-01-12 16:58:06,989 [ERROR] LogOutputStream:75 - [STDERR_REDIRECT] 
2026-01-12 16:58:07,021 [ERROR] LogOutputStream:75 - [STDERR_REDIRECT] [Fatal Error] :1:1: Premature end of file.
2026-01-12 16:58:07,021 [ERROR] LogOutputStream:75 - [STDERR_REDIRECT] 
2026-01-12 16:58:07,053 [ERROR] LogOutputStream:75 - [STDERR_REDIRECT] [Fatal Error] :1:1: Premature end of file.
2026-01-12 16:58:07,053 [ERROR] LogOutputStream:75 - [STDERR_REDIRECT] 
2026-01-12 16:58:07,076 [ERROR] LogOutputStream:75 - [STDERR_REDIRECT] [Fatal Error] :1:1: Premature end of file.
2026-01-12 16:58:07,085 [ERROR] LogOutputStream:75 - [STDERR_REDIRECT] 
2026-01-12 16:58:07,112 [ERROR] LogOutputStream:75 - [STDERR_REDIRECT] [Fatal Error] :1:1: Premature end of file.
2026-01-12 16:58:07,112 [ERROR] LogOutputStream:75 - [STDERR_REDIRECT] 
2026-01-12 16:58:07,148 [ERROR] LogOutputStream:75 - [STDERR_REDIRECT] [Fatal Error] :1:1: Premature end of file.
2026-01-12 16:58:07,148 [ERROR] LogOutputStream:75 - [STDERR_REDIRECT] 
2026-01-12 16:58:07,176 [ERROR] LogOutputStream:75 - [STDERR_REDIRECT] [Fatal Error] :1:1: Premature end of file.
2026-01-12 16:58:07,176 [ERROR] LogOutputStream:75 - [STDERR_REDIRECT] 
2026-01-12 16:58:07,200 [ERROR] LogOutputStream:75 - [STDERR_REDIRECT] [Fatal Error] :1:1: Premature end of file.
2026-01-12 16:58:07,200 [ERROR] LogOutputStream:75 - [STDERR_REDIRECT] 
2026-01-12 16:58:07,228 [ERROR] LogOutputStream:75 - [STDERR_REDIRECT] [Fatal Error] :1:1: Premature end of file.
2026-01-12 16:58:07,228 [ERROR] LogOutputStream:75 - [STDERR_REDIRECT] 
2026-01-12 16:58:07,266 [ERROR] LogOutputStream:75 - [STDERR_REDIRECT] [Fatal Error] :1:1: Premature end of file.
2026-01-12 16:58:07,266 [ERROR] LogOutputStream:75 - [STDERR_REDIRECT] 
2026-01-12 16:58:07,291 [ERROR] LogOutputStream:75 - [STDERR_REDIRECT] [Fatal Error] :1:1: Premature end of file.
2026-01-12 16:58:07,291 [ERROR] LogOutputStream:75 - [STDERR_REDIRECT] 
2026-01-12 16:58:07,321 [ERROR] LogOutputStream:75 - [STDERR_REDIRECT] [Fatal Error] :1:1: Premature end of file.
2026-01-12 16:58:07,321 [ERROR] LogOutputStream:75 - [STDERR_REDIRECT] 
2026-01-12 16:58:07,353 [ERROR] LogOutputStream:75 - [STDERR_REDIRECT] [Fatal Error] :1:1: Premature end of file.
2026-01-12 16:58:07,353 [ERROR] LogOutputStream:75 - [STDERR_REDIRECT] 
2026-01-12 16:58:07,377 [ERROR] LogOutputStream:75 - [STDERR_REDIRECT] [Fatal Error] :1:1: Premature end of file.
2026-01-12 16:58:07,377 [ERROR] LogOutputStream:75 - [STDERR_REDIRECT] 
2026-01-12 16:58:07,401 [ERROR] LogOutputStream:75 - [STDERR_REDIRECT] [Fatal Error] :1:1: Premature end of file.
2026-01-12 16:58:07,401 [ERROR] LogOutputStream:75 - [STDERR_REDIRECT] 
2026-01-12 16:58:07,434 [ERROR] LogOutputStream:75 - [STDERR_REDIRECT] [Fatal Error] :1:1: Premature end of file.
2026-01-12 16:58:07,434 [ERROR] LogOutputStream:75 - [STDERR_REDIRECT] 
2026-01-12 16:58:07,472 [ERROR] LogOutputStream:75 - [STDERR_REDIRECT] [Fatal Error] :1:1: Premature end of file.
2026-01-12 16:58:07,472 [ERROR] LogOutputStream:75 - [STDERR_REDIRECT] 
2026-01-12 16:58:07,500 [ERROR] LogOutputStream:75 - [STDERR_REDIRECT] [Fatal Error] :1:1: Premature end of file.
2026-01-12 16:58:07,500 [ERROR] LogOutputStream:75 - [STDERR_REDIRECT] 
2026-01-12 16:58:07,528 [ERROR] LogOutputStream:75 - [STDERR_REDIRECT] [Fatal Error] :1:1: Premature end of file.
2026-01-12 16:58:07,528 [ERROR] LogOutputStream:75 - [STDERR_REDIRECT] 
2026-01-12 16:58:07,544 [ERROR] LogOutputStream:75 - [STDERR_REDIRECT] [Fatal Error] :1:1: Premature end of file.
2026-01-12 16:58:07,544 [ERROR] LogOutputStream:75 - [STDERR_REDIRECT] 
2026-01-12 16:58:07,584 [ERROR] LogOutputStream:75 - [STDERR_REDIRECT] [Fatal Error] :1:1: Premature end of file.
2026-01-12 16:58:07,584 [ERROR] LogOutputStream:75 - [STDERR_REDIRECT] 
2026-01-12 16:58:07,607 [ERROR] LogOutputStream:75 - [STDERR_REDIRECT] [Fatal Error] :1:1: Premature end of file.
2026-01-12 16:58:07,607 [ERROR] LogOutputStream:75 - [STDERR_REDIRECT] 
2026-01-12 16:58:07,639 [ERROR] LogOutputStream:75 - [STDERR_REDIRECT] [Fatal Error] :1:1: Premature end of file.
2026-01-12 16:58:07,639 [ERROR] LogOutputStream:75 - [STDERR_REDIRECT] 
2026-01-12 16:58:07,671 [ERROR] LogOutputStream:75 - [STDERR_REDIRECT] [Fatal Error] :1:1: Premature end of file.
2026-01-12 16:58:07,671 [ERROR] LogOutputStream:75 - [STDERR_REDIRECT] 
2026-01-12 16:58:07,704 [ERROR] LogOutputStream:75 - [STDERR_REDIRECT] [Fatal Error] :1:1: Premature end of file.
2026-01-12 16:58:07,708 [ERROR] LogOutputStream:75 - [STDERR_REDIRECT] 
2026-01-12 16:58:07,734 [ERROR] LogOutputStream:75 - [STDERR_REDIRECT] [Fatal Error] :1:1: Premature end of file.
2026-01-12 16:58:07,734 [ERROR] LogOutputStream:75 - [STDERR_REDIRECT] 
2026-01-12 16:58:10,395 [ERROR] LogOutputStream:75 - [STDERR_REDIRECT] [Fatal Error] :1:1: Premature end of file.
2026-01-12 16:58:10,397 [ERROR] LogOutputStream:75 - [STDERR_REDIRECT] 
2026-01-12 16:58:10,678 [ERROR] LogOutputStream:75 - [STDERR_REDIRECT] [Fatal Error] :1:1: Premature end of file.
2026-01-12 16:58:10,680 [ERROR] LogOutputStream:75 - [STDERR_REDIRECT] 
2026-01-12 16:58:10,827 [ERROR] LogOutputStream:75 - [STDERR_REDIRECT] [Fatal Error] :1:1: Premature end of file.
2026-01-12 16:58:10,827 [ERROR] LogOutputStream:75 - [STDERR_REDIRECT] 
2026-01-12 16:58:10,900 [ERROR] LogOutputStream:75 - [STDERR_REDIRECT] [Fatal Error] :1:1: Premature end of file.
2026-01-12 16:58:10,900 [ERROR] LogOutputStream:75 - [STDERR_REDIRECT] 
2026-01-12 16:58:10,956 [ERROR] LogOutputStream:75 - [STDERR_REDIRECT] [Fatal Error] :1:1: Premature end of file.
2026-01-12 16:58:10,956 [ERROR] LogOutputStream:75 - [STDERR_REDIRECT] 
2026-01-12 16:58:11,013 [ERROR] LogOutputStream:75 - [STDERR_REDIRECT] [Fatal Error] :1:1: Premature end of file.
2026-01-12 16:58:11,015 [ERROR] LogOutputStream:75 - [STDERR_REDIRECT] 
2026-01-12 16:58:11,062 [ERROR] LogOutputStream:75 - [STDERR_REDIRECT] [Fatal Error] :1:1: Premature end of file.
2026-01-12 16:58:11,062 [ERROR] LogOutputStream:75 - [STDERR_REDIRECT] 
2026-01-12 16:58:11,096 [ERROR] LogOutputStream:75 - [STDERR_REDIRECT] [Fatal Error] :1:1: Premature end of file.
2026-01-12 16:58:11,096 [ERROR] LogOutputStream:75 - [STDERR_REDIRECT] 
2026-01-12 16:58:11,132 [ERROR] LogOutputStream:75 - [STDERR_REDIRECT] [Fatal Error] :1:1: Premature end of file.
2026-01-12 16:58:11,132 [ERROR] LogOutputStream:75 - [STDERR_REDIRECT] 
2026-01-12 16:58:11,163 [ERROR] LogOutputStream:75 - [STDERR_REDIRECT] [Fatal Error] :1:1: Premature end of file.
2026-01-12 16:58:11,163 [ERROR] LogOutputStream:75 - [STDERR_REDIRECT] 
2026-01-12 16:58:11,197 [ERROR] LogOutputStream:75 - [STDERR_REDIRECT] [Fatal Error] :1:1: Premature end of file.
2026-01-12 16:58:11,199 [ERROR] LogOutputStream:75 - [STDERR_REDIRECT] 
2026-01-12 16:58:14,612 [ERROR] LogOutputStream:75 - [STDERR_REDIRECT] [Fatal Error] :1:1: Premature end of file.
2026-01-12 16:58:14,612 [ERROR] LogOutputStream:75 - [STDERR_REDIRECT] 
2026-01-12 16:58:14,692 [ERROR] LogOutputStream:75 - [STDERR_REDIRECT] [Fatal Error] :1:1: Premature end of file.
2026-01-12 16:58:14,692 [ERROR] LogOutputStream:75 - [STDERR_REDIRECT] 
2026-01-12 16:58:14,739 [ERROR] LogOutputStream:75 - [STDERR_REDIRECT] [Fatal Error] :1:1: Premature end of file.
2026-01-12 16:58:14,739 [ERROR] LogOutputStream:75 - [STDERR_REDIRECT] 
2026-01-12 16:58:14,771 [ERROR] LogOutputStream:75 - [STDERR_REDIRECT] [Fatal Error] :1:1: Premature end of file.
2026-01-12 16:58:14,771 [ERROR] LogOutputStream:75 - [STDERR_REDIRECT] 
2026-01-12 16:58:14,803 [ERROR] LogOutputStream:75 - [STDERR_REDIRECT] [Fatal Error] :1:1: Premature end of file.
2026-01-12 16:58:14,803 [ERROR] LogOutputStream:75 - [STDERR_REDIRECT] 
2026-01-12 16:58:14,834 [ERROR] LogOutputStream:75 - [STDERR_REDIRECT] [Fatal Error] :1:1: Premature end of file.
2026-01-12 16:58:14,834 [ERROR] LogOutputStream:75 - [STDERR_REDIRECT] 
2026-01-12 16:58:14,866 [ERROR] LogOutputStream:75 - [STDERR_REDIRECT] [Fatal Error] :1:1: Premature end of file.
2026-01-12 16:58:14,866 [ERROR] LogOutputStream:75 - [STDERR_REDIRECT] 
2026-01-12 16:58:14,898 [ERROR] LogOutputStream:75 - [STDERR_REDIRECT] [Fatal Error] :1:1: Premature end of file.
2026-01-12 16:58:14,898 [ERROR] LogOutputStream:75 - [STDERR_REDIRECT] 
2026-01-12 16:58:14,946 [ERROR] LogOutputStream:75 - [STDERR_REDIRECT] [Fatal Error] :1:1: Premature end of file.
2026-01-12 16:58:14,946 [ERROR] LogOutputStream:75 - [STDERR_REDIRECT] 
2026-01-12 16:58:14,978 [ERROR] LogOutputStream:75 - [STDERR_REDIRECT] [Fatal Error] :1:1: Premature end of file.
2026-01-12 16:58:14,978 [ERROR] LogOutputStream:75 - [STDERR_REDIRECT] 
2026-01-12 16:58:15,009 [ERROR] LogOutputStream:75 - [STDERR_REDIRECT] [Fatal Error] :1:1: Premature end of file.
2026-01-12 16:58:15,009 [ERROR] LogOutputStream:75 - [STDERR_REDIRECT] 
2026-01-12 16:58:15,041 [ERROR] LogOutputStream:75 - [STDERR_REDIRECT] [Fatal Error] :1:1: Premature end of file.
2026-01-12 16:58:15,041 [ERROR] LogOutputStream:75 - [STDERR_REDIRECT] 
2026-01-12 16:58:15,057 [ERROR] LogOutputStream:75 - [STDERR_REDIRECT] [Fatal Error] :1:1: Premature end of file.
2026-01-12 16:58:15,057 [ERROR] LogOutputStream:75 - [STDERR_REDIRECT] 
2026-01-12 16:58:15,089 [ERROR] LogOutputStream:75 - [STDERR_REDIRECT] [Fatal Error] :1:1: Premature end of file.
2026-01-12 16:58:15,089 [ERROR] LogOutputStream:75 - [STDERR_REDIRECT] 
2026-01-12 16:58:15,121 [ERROR] LogOutputStream:75 - [STDERR_REDIRECT] [Fatal Error] :1:1: Premature end of file.
2026-01-12 16:58:15,121 [ERROR] LogOutputStream:75 - [STDERR_REDIRECT] 
2026-01-12 16:58:15,156 [ERROR] LogOutputStream:75 - [STDERR_REDIRECT] [Fatal Error] :1:1: Premature end of file.
2026-01-12 16:58:15,156 [ERROR] LogOutputStream:75 - [STDERR_REDIRECT] 
2026-01-12 16:58:15,186 [ERROR] LogOutputStream:75 - [STDERR_REDIRECT] [Fatal Error] :1:1: Premature end of file.
2026-01-12 16:58:15,186 [ERROR] LogOutputStream:75 - [STDERR_REDIRECT] 
2026-01-12 16:58:15,216 [ERROR] LogOutputStream:75 - [STDERR_REDIRECT] [Fatal Error] :1:1: Premature end of file.
2026-01-12 16:58:15,216 [ERROR] LogOutputStream:75 - [STDERR_REDIRECT] 
2026-01-12 16:58:15,232 [ERROR] LogOutputStream:75 - [STDERR_REDIRECT] [Fatal Error] :1:1: Premature end of file.
2026-01-12 16:58:15,232 [ERROR] LogOutputStream:75 - [STDERR_REDIRECT] 
2026-01-12 16:58:15,264 [ERROR] LogOutputStream:75 - [STDERR_REDIRECT] [Fatal Error] :1:1: Premature end of file.
2026-01-12 16:58:15,264 [ERROR] LogOutputStream:75 - [STDERR_REDIRECT] 
2026-01-12 16:58:15,295 [ERROR] LogOutputStream:75 - [STDERR_REDIRECT] [Fatal Error] :1:1: Premature end of file.
2026-01-12 16:58:15,295 [ERROR] LogOutputStream:75 - [STDERR_REDIRECT] 
2026-01-12 16:58:15,327 [ERROR] LogOutputStream:75 - [STDERR_REDIRECT] [Fatal Error] :1:1: Premature end of file.
2026-01-12 16:58:15,327 [ERROR] LogOutputStream:75 - [STDERR_REDIRECT] 
2026-01-12 16:58:15,358 [ERROR] LogOutputStream:75 - [STDERR_REDIRECT] [Fatal Error] :1:1: Premature end of file.
2026-01-12 16:58:15,358 [ERROR] LogOutputStream:75 - [STDERR_REDIRECT] 
2026-01-12 16:58:15,392 [ERROR] LogOutputStream:75 - [STDERR_REDIRECT] [Fatal Error] :1:1: Premature end of file.
2026-01-12 16:58:15,392 [ERROR] LogOutputStream:75 - [STDERR_REDIRECT] 
2026-01-12 16:58:15,435 [ERROR] LogOutputStream:75 - [STDERR_REDIRECT] [Fatal Error] :1:1: Premature end of file.
2026-01-12 16:58:15,435 [ERROR] LogOutputStream:75 - [STDERR_REDIRECT] 
2026-01-12 16:58:15,456 [ERROR] LogOutputStream:75 - [STDERR_REDIRECT] [Fatal Error] :1:1: Premature end of file.
2026-01-12 16:58:15,456 [ERROR] LogOutputStream:75 - [STDERR_REDIRECT] 
2026-01-12 16:58:15,487 [ERROR] LogOutputStream:75 - [STDERR_REDIRECT] [Fatal Error] :1:1: Premature end of file.
2026-01-12 16:58:15,487 [ERROR] LogOutputStream:75 - [STDERR_REDIRECT] 
2026-01-12 16:58:15,517 [ERROR] LogOutputStream:75 - [STDERR_REDIRECT] [Fatal Error] :1:1: Premature end of file.
2026-01-12 16:58:15,517 [ERROR] LogOutputStream:75 - [STDERR_REDIRECT] 
2026-01-12 16:58:15,556 [ERROR] LogOutputStream:75 - [STDERR_REDIRECT] [Fatal Error] :1:1: Premature end of file.
2026-01-12 16:58:15,556 [ERROR] LogOutputStream:75 - [STDERR_REDIRECT] 
2026-01-12 16:58:15,580 [ERROR] LogOutputStream:75 - [STDERR_REDIRECT] [Fatal Error] :1:1: Premature end of file.
2026-01-12 16:58:15,580 [ERROR] LogOutputStream:75 - [STDERR_REDIRECT] 
2026-01-12 16:58:15,628 [ERROR] LogOutputStream:75 - [STDERR_REDIRECT] [Fatal Error] :1:1: Premature end of file.
2026-01-12 16:58:15,630 [ERROR] LogOutputStream:75 - [STDERR_REDIRECT] 
2026-01-12 16:58:15,660 [ERROR] LogOutputStream:75 - [STDERR_REDIRECT] [Fatal Error] :1:1: Premature end of file.
2026-01-12 16:58:15,660 [ERROR] LogOutputStream:75 - [STDERR_REDIRECT] 
2026-01-12 16:58:15,692 [ERROR] LogOutputStream:75 - [STDERR_REDIRECT] [Fatal Error] :1:1: Premature end of file.
2026-01-12 16:58:15,692 [ERROR] LogOutputStream:75 - [STDERR_REDIRECT] 
2026-01-12 16:58:15,724 [ERROR] LogOutputStream:75 - [STDERR_REDIRECT] [Fatal Error] :1:1: Premature end of file.
2026-01-12 16:58:15,724 [ERROR] LogOutputStream:75 - [STDERR_REDIRECT] 
2026-01-12 16:58:15,757 [ERROR] LogOutputStream:75 - [STDERR_REDIRECT] [Fatal Error] :1:1: Premature end of file.
2026-01-12 16:58:15,757 [ERROR] LogOutputStream:75 - [STDERR_REDIRECT] 
2026-01-12 16:58:15,804 [ERROR] LogOutputStream:75 - [STDERR_REDIRECT] [Fatal Error] :1:1: Premature end of file.
2026-01-12 16:58:15,804 [ERROR] LogOutputStream:75 - [STDERR_REDIRECT] 
2026-01-12 16:58:15,852 [ERROR] LogOutputStream:75 - [STDERR_REDIRECT] [Fatal Error] :1:1: Premature end of file.
2026-01-12 16:58:15,852 [ERROR] LogOutputStream:75 - [STDERR_REDIRECT] 
2026-01-12 16:58:15,883 [ERROR] LogOutputStream:75 - [STDERR_REDIRECT] [Fatal Error] :1:1: Premature end of file.
2026-01-12 16:58:15,883 [ERROR] LogOutputStream:75 - [STDERR_REDIRECT] 
2026-01-12 16:58:15,931 [ERROR] LogOutputStream:75 - [STDERR_REDIRECT] [Fatal Error] :1:1: Premature end of file.
2026-01-12 16:58:15,931 [ERROR] LogOutputStream:75 - [STDERR_REDIRECT] 
2026-01-12 16:58:15,963 [ERROR] LogOutputStream:75 - [STDERR_REDIRECT] [Fatal Error] :1:1: Premature end of file.
2026-01-12 16:58:15,963 [ERROR] LogOutputStream:75 - [STDERR_REDIRECT] 
2026-01-12 16:58:15,995 [ERROR] LogOutputStream:75 - [STDERR_REDIRECT] [Fatal Error] :1:1: Premature end of file.
2026-01-12 16:58:15,995 [ERROR] LogOutputStream:75 - [STDERR_REDIRECT] 
2026-01-12 16:58:16,026 [ERROR] LogOutputStream:75 - [STDERR_REDIRECT] [Fatal Error] :1:1: Premature end of file.
2026-01-12 16:58:16,026 [ERROR] LogOutputStream:75 - [STDERR_REDIRECT] 
2026-01-12 16:58:16,058 [ERROR] LogOutputStream:75 - [STDERR_REDIRECT] [Fatal Error] :1:1: Premature end of file.
2026-01-12 16:58:16,058 [ERROR] LogOutputStream:75 - [STDERR_REDIRECT] 
2026-01-12 16:58:16,090 [ERROR] LogOutputStream:75 - [STDERR_REDIRECT] [Fatal Error] :1:1: Premature end of file.
2026-01-12 16:58:16,090 [ERROR] LogOutputStream:75 - [STDERR_REDIRECT] 
2026-01-12 16:58:16,122 [ERROR] LogOutputStream:75 - [STDERR_REDIRECT] [Fatal Error] :1:1: Premature end of file.
2026-01-12 16:58:16,122 [ERROR] LogOutputStream:75 - [STDERR_REDIRECT] 
2026-01-12 16:58:16,157 [ERROR] LogOutputStream:75 - [STDERR_REDIRECT] [Fatal Error] :1:1: Premature end of file.
2026-01-12 16:58:16,157 [ERROR] LogOutputStream:75 - [STDERR_REDIRECT] 
2026-01-12 16:58:16,186 [ERROR] LogOutputStream:75 - [STDERR_REDIRECT] [Fatal Error] :1:1: Premature end of file.
2026-01-12 16:58:16,186 [ERROR] LogOutputStream:75 - [STDERR_REDIRECT] 
2026-01-12 16:58:16,218 [ERROR] LogOutputStream:75 - [STDERR_REDIRECT] [Fatal Error] :1:1: Premature end of file.
2026-01-12 16:58:16,218 [ERROR] LogOutputStream:75 - [STDERR_REDIRECT] 
2026-01-12 16:58:16,250 [ERROR] LogOutputStream:75 - [STDERR_REDIRECT] [Fatal Error] :1:1: Premature end of file.
2026-01-12 16:58:16,250 [ERROR] LogOutputStream:75 - [STDERR_REDIRECT] 
2026-01-12 16:58:16,281 [ERROR] LogOutputStream:75 - [STDERR_REDIRECT] [Fatal Error] :1:1: Premature end of file.
2026-01-12 16:58:16,281 [ERROR] LogOutputStream:75 - [STDERR_REDIRECT] 
2026-01-12 16:58:16,313 [ERROR] LogOutputStream:75 - [STDERR_REDIRECT] [Fatal Error] :1:1: Premature end of file.
2026-01-12 16:58:16,313 [ERROR] LogOutputStream:75 - [STDERR_REDIRECT] 
2026-01-12 16:58:16,345 [ERROR] LogOutputStream:75 - [STDERR_REDIRECT] [Fatal Error] :1:1: Premature end of file.
2026-01-12 16:58:16,345 [ERROR] LogOutputStream:75 - [STDERR_REDIRECT] 
2026-01-12 16:58:16,361 [ERROR] LogOutputStream:75 - [STDERR_REDIRECT] [Fatal Error] :1:1: Premature end of file.
2026-01-12 16:58:16,361 [ERROR] LogOutputStream:75 - [STDERR_REDIRECT] 
2026-01-12 16:58:16,393 [ERROR] LogOutputStream:75 - [STDERR_REDIRECT] [Fatal Error] :1:1: Premature end of file.
2026-01-12 16:58:16,393 [ERROR] LogOutputStream:75 - [STDERR_REDIRECT] 
2026-01-12 16:58:16,432 [ERROR] LogOutputStream:75 - [STDERR_REDIRECT] [Fatal Error] :1:1: Premature end of file.
2026-01-12 16:58:16,432 [ERROR] LogOutputStream:75 - [STDERR_REDIRECT] 
2026-01-12 16:58:16,458 [ERROR] LogOutputStream:75 - [STDERR_REDIRECT] [Fatal Error] :1:1: Premature end of file.
2026-01-12 16:58:16,458 [ERROR] LogOutputStream:75 - [STDERR_REDIRECT] 
2026-01-12 16:58:16,489 [ERROR] LogOutputStream:75 - [STDERR_REDIRECT] [Fatal Error] :1:1: Premature end of file.
2026-01-12 16:58:16,489 [ERROR] LogOutputStream:75 - [STDERR_REDIRECT] 
2026-01-12 16:58:16,521 [ERROR] LogOutputStream:75 - [STDERR_REDIRECT] [Fatal Error] :1:1: Premature end of file.
2026-01-12 16:58:16,521 [ERROR] LogOutputStream:75 - [STDERR_REDIRECT] 
2026-01-12 16:58:16,558 [ERROR] LogOutputStream:75 - [STDERR_REDIRECT] [Fatal Error] :1:1: Premature end of file.
2026-01-12 16:58:16,558 [ERROR] LogOutputStream:75 - [STDERR_REDIRECT] 
2026-01-12 16:58:16,584 [ERROR] LogOutputStream:75 - [STDERR_REDIRECT] [Fatal Error] :1:1: Premature end of file.
2026-01-12 16:58:16,584 [ERROR] LogOutputStream:75 - [STDERR_REDIRECT] 
2026-01-12 16:58:16,616 [ERROR] LogOutputStream:75 - [STDERR_REDIRECT] [Fatal Error] :1:1: Premature end of file.
2026-01-12 16:58:16,616 [ERROR] LogOutputStream:75 - [STDERR_REDIRECT] 
2026-01-12 16:58:16,647 [ERROR] LogOutputStream:75 - [STDERR_REDIRECT] [Fatal Error] :1:1: Premature end of file.
2026-01-12 16:58:16,647 [ERROR] LogOutputStream:75 - [STDERR_REDIRECT] 
2026-01-12 16:58:16,679 [ERROR] LogOutputStream:75 - [STDERR_REDIRECT] [Fatal Error] :1:1: Premature end of file.
2026-01-12 16:58:16,679 [ERROR] LogOutputStream:75 - [STDERR_REDIRECT] 
2026-01-12 16:58:16,711 [ERROR] LogOutputStream:75 - [STDERR_REDIRECT] [Fatal Error] :1:1: Premature end of file.
2026-01-12 16:58:16,711 [ERROR] LogOutputStream:75 - [STDERR_REDIRECT] 
2026-01-12 16:58:16,743 [ERROR] LogOutputStream:75 - [STDERR_REDIRECT] [Fatal Error] :1:1: Premature end of file.
2026-01-12 16:58:16,743 [ERROR] LogOutputStream:75 - [STDERR_REDIRECT] 
2026-01-12 16:58:16,758 [ERROR] LogOutputStream:75 - [STDERR_REDIRECT] [Fatal Error] :1:1: Premature end of file.
2026-01-12 16:58:16,758 [ERROR] LogOutputStream:75 - [STDERR_REDIRECT] 
2026-01-12 16:58:16,790 [ERROR] LogOutputStream:75 - [STDERR_REDIRECT] [Fatal Error] :1:1: Premature end of file.
2026-01-12 16:58:16,790 [ERROR] LogOutputStream:75 - [STDERR_REDIRECT] 
2026-01-12 16:58:16,822 [ERROR] LogOutputStream:75 - [STDERR_REDIRECT] [Fatal Error] :1:1: Premature end of file.
2026-01-12 16:58:16,822 [ERROR] LogOutputStream:75 - [STDERR_REDIRECT] 
2026-01-12 16:58:16,859 [ERROR] LogOutputStream:75 - [STDERR_REDIRECT] [Fatal Error] :1:1: Premature end of file.
2026-01-12 16:58:16,859 [ERROR] LogOutputStream:75 - [STDERR_REDIRECT] 
2026-01-12 16:58:16,886 [ERROR] LogOutputStream:75 - [STDERR_REDIRECT] [Fatal Error] :1:1: Premature end of file.
2026-01-12 16:58:16,886 [ERROR] LogOutputStream:75 - [STDERR_REDIRECT] 
2026-01-12 16:58:16,918 [ERROR] LogOutputStream:75 - [STDERR_REDIRECT] [Fatal Error] :1:1: Premature end of file.
2026-01-12 16:58:16,918 [ERROR] LogOutputStream:75 - [STDERR_REDIRECT] 
2026-01-12 16:58:16,950 [ERROR] LogOutputStream:75 - [STDERR_REDIRECT] [Fatal Error] :1:1: Premature end of file.
2026-01-12 16:58:16,950 [ERROR] LogOutputStream:75 - [STDERR_REDIRECT] 
2026-01-12 16:58:16,966 [ERROR] LogOutputStream:75 - [STDERR_REDIRECT] [Fatal Error] :1:1: Premature end of file.
2026-01-12 16:58:16,966 [ERROR] LogOutputStream:75 - [STDERR_REDIRECT] 
2026-01-12 16:58:16,997 [ERROR] LogOutputStream:75 - [STDERR_REDIRECT] [Fatal Error] :1:1: Premature end of file.
2026-01-12 16:58:16,997 [ERROR] LogOutputStream:75 - [STDERR_REDIRECT] 
2026-01-12 16:58:17,030 [ERROR] LogOutputStream:75 - [STDERR_REDIRECT] [Fatal Error] :1:1: Premature end of file.
2026-01-12 16:58:17,030 [ERROR] LogOutputStream:75 - [STDERR_REDIRECT] 
2026-01-12 16:58:17,063 [ERROR] LogOutputStream:75 - [STDERR_REDIRECT] [Fatal Error] :1:1: Premature end of file.
2026-01-12 16:58:17,063 [ERROR] LogOutputStream:75 - [STDERR_REDIRECT] 
2026-01-12 16:58:17,093 [ERROR] LogOutputStream:75 - [STDERR_REDIRECT] [Fatal Error] :1:1: Premature end of file.
2026-01-12 16:58:17,093 [ERROR] LogOutputStream:75 - [STDERR_REDIRECT] 
2026-01-12 16:58:17,125 [ERROR] LogOutputStream:75 - [STDERR_REDIRECT] [Fatal Error] :1:1: Premature end of file.
2026-01-12 16:58:17,125 [ERROR] LogOutputStream:75 - [STDERR_REDIRECT] 
2026-01-12 16:58:17,141 [ERROR] LogOutputStream:75 - [STDERR_REDIRECT] [Fatal Error] :1:1: Premature end of file.
2026-01-12 16:58:17,141 [ERROR] LogOutputStream:75 - [STDERR_REDIRECT] 
2026-01-12 16:58:17,173 [ERROR] LogOutputStream:75 - [STDERR_REDIRECT] [Fatal Error] :1:1: Premature end of file.
2026-01-12 16:58:17,173 [ERROR] LogOutputStream:75 - [STDERR_REDIRECT] 
2026-01-12 16:58:17,205 [ERROR] LogOutputStream:75 - [STDERR_REDIRECT] [Fatal Error] :1:1: Premature end of file.
2026-01-12 16:58:17,205 [ERROR] LogOutputStream:75 - [STDERR_REDIRECT] 
2026-01-12 16:58:17,244 [ERROR] LogOutputStream:75 - [STDERR_REDIRECT] [Fatal Error] :1:1: Premature end of file.
2026-01-12 16:58:17,244 [ERROR] LogOutputStream:75 - [STDERR_REDIRECT] 
2026-01-12 16:58:17,269 [ERROR] LogOutputStream:75 - [STDERR_REDIRECT] [Fatal Error] :1:1: Premature end of file.
2026-01-12 16:58:17,269 [ERROR] LogOutputStream:75 - [STDERR_REDIRECT] 
2026-01-12 16:58:23,046 [ERROR] LogOutputStream:75 - [STDERR_REDIRECT] [Fatal Error] :1:1: Premature end of file.
2026-01-12 16:58:23,046 [ERROR] LogOutputStream:75 - [STDERR_REDIRECT] 
2026-01-12 16:58:23,430 [ERROR] LogOutputStream:75 - [STDERR_REDIRECT] [Fatal Error] :1:1: Premature end of file.
2026-01-12 16:58:23,430 [ERROR] LogOutputStream:75 - [STDERR_REDIRECT] 
2026-01-12 16:58:23,499 [ERROR] LogOutputStream:75 - [STDERR_REDIRECT] [Fatal Error] :1:1: Premature end of file.
2026-01-12 16:58:23,499 [ERROR] LogOutputStream:75 - [STDERR_REDIRECT] 
2026-01-12 16:58:23,536 [ERROR] LogOutputStream:75 - [STDERR_REDIRECT] [Fatal Error] :1:1: Premature end of file.
2026-01-12 16:58:23,536 [ERROR] LogOutputStream:75 - [STDERR_REDIRECT] 
2026-01-12 16:58:23,569 [ERROR] LogOutputStream:75 - [STDERR_REDIRECT] [Fatal Error] :1:1: Premature end of file.
2026-01-12 16:58:23,571 [ERROR] LogOutputStream:75 - [STDERR_REDIRECT] 
2026-01-12 16:58:23,605 [ERROR] LogOutputStream:75 - [STDERR_REDIRECT] [Fatal Error] :1:1: Premature end of file.
2026-01-12 16:58:23,605 [ERROR] LogOutputStream:75 - [STDERR_REDIRECT] 
2026-01-12 16:58:23,634 [ERROR] LogOutputStream:75 - [STDERR_REDIRECT] [Fatal Error] :1:1: Premature end of file.
2026-01-12 16:58:23,634 [ERROR] LogOutputStream:75 - [STDERR_REDIRECT] 
2026-01-12 16:58:23,663 [ERROR] LogOutputStream:75 - [STDERR_REDIRECT] [Fatal Error] :1:1: Premature end of file.
2026-01-12 16:58:23,663 [ERROR] LogOutputStream:75 - [STDERR_REDIRECT] 
2026-01-12 16:58:23,694 [ERROR] LogOutputStream:75 - [STDERR_REDIRECT] [Fatal Error] :1:1: Premature end of file.
2026-01-12 16:58:23,694 [ERROR] LogOutputStream:75 - [STDERR_REDIRECT] 
2026-01-12 16:58:23,720 [ERROR] LogOutputStream:75 - [STDERR_REDIRECT] [Fatal Error] :1:1: Premature end of file.
2026-01-12 16:58:23,720 [ERROR] LogOutputStream:75 - [STDERR_REDIRECT] 
2026-01-12 16:58:23,747 [ERROR] LogOutputStream:75 - [STDERR_REDIRECT] [Fatal Error] :1:1: Premature end of file.
2026-01-12 16:58:23,747 [ERROR] LogOutputStream:75 - [STDERR_REDIRECT] 
2026-01-12 16:58:23,775 [ERROR] LogOutputStream:75 - [STDERR_REDIRECT] [Fatal Error] :1:1: Premature end of file.
2026-01-12 16:58:23,775 [ERROR] LogOutputStream:75 - [STDERR_REDIRECT] 
2026-01-12 16:58:23,803 [ERROR] LogOutputStream:75 - [STDERR_REDIRECT] [Fatal Error] :1:1: Premature end of file.
2026-01-12 16:58:23,803 [ERROR] LogOutputStream:75 - [STDERR_REDIRECT] 
2026-01-12 16:58:23,835 [ERROR] LogOutputStream:75 - [STDERR_REDIRECT] [Fatal Error] :1:1: Premature end of file.
2026-01-12 16:58:23,835 [ERROR] LogOutputStream:75 - [STDERR_REDIRECT] 
2026-01-12 16:58:23,866 [ERROR] LogOutputStream:75 - [STDERR_REDIRECT] [Fatal Error] :1:1: Premature end of file.
2026-01-12 16:58:23,866 [ERROR] LogOutputStream:75 - [STDERR_REDIRECT] 
2026-01-12 16:58:23,898 [ERROR] LogOutputStream:75 - [STDERR_REDIRECT] [Fatal Error] :1:1: Premature end of file.
2026-01-12 16:58:23,898 [ERROR] LogOutputStream:75 - [STDERR_REDIRECT] 
2026-01-12 16:58:23,928 [ERROR] LogOutputStream:75 - [STDERR_REDIRECT] [Fatal Error] :1:1: Premature end of file.
2026-01-12 16:58:23,928 [ERROR] LogOutputStream:75 - [STDERR_REDIRECT] 
2026-01-12 16:58:23,955 [ERROR] LogOutputStream:75 - [STDERR_REDIRECT] [Fatal Error] :1:1: Premature end of file.
2026-01-12 16:58:23,955 [ERROR] LogOutputStream:75 - [STDERR_REDIRECT] 
2026-01-12 16:58:23,985 [ERROR] LogOutputStream:75 - [STDERR_REDIRECT] [Fatal Error] :1:1: Premature end of file.
2026-01-12 16:58:23,985 [ERROR] LogOutputStream:75 - [STDERR_REDIRECT] 
2026-01-12 16:58:24,013 [ERROR] LogOutputStream:75 - [STDERR_REDIRECT] [Fatal Error] :1:1: Premature end of file.
2026-01-12 16:58:24,013 [ERROR] LogOutputStream:75 - [STDERR_REDIRECT] 
2026-01-12 16:58:24,043 [ERROR] LogOutputStream:75 - [STDERR_REDIRECT] [Fatal Error] :1:1: Premature end of file.
2026-01-12 16:58:24,043 [ERROR] LogOutputStream:75 - [STDERR_REDIRECT] 
2026-01-12 16:58:24,073 [ERROR] LogOutputStream:75 - [STDERR_REDIRECT] [Fatal Error] :1:1: Premature end of file.
2026-01-12 16:58:24,073 [ERROR] LogOutputStream:75 - [STDERR_REDIRECT] 
2026-01-12 16:58:24,104 [ERROR] LogOutputStream:75 - [STDERR_REDIRECT] [Fatal Error] :1:1: Premature end of file.
2026-01-12 16:58:24,104 [ERROR] LogOutputStream:75 - [STDERR_REDIRECT] 
2026-01-12 16:58:24,149 [ERROR] LogOutputStream:75 - [STDERR_REDIRECT] [Fatal Error] :1:1: Premature end of file.
2026-01-12 16:58:24,149 [ERROR] LogOutputStream:75 - [STDERR_REDIRECT] 
2026-01-12 16:58:24,181 [ERROR] LogOutputStream:75 - [STDERR_REDIRECT] [Fatal Error] :1:1: Premature end of file.
2026-01-12 16:58:24,181 [ERROR] LogOutputStream:75 - [STDERR_REDIRECT] 
2026-01-12 16:58:24,204 [ERROR] LogOutputStream:75 - [STDERR_REDIRECT] [Fatal Error] :1:1: Premature end of file.
2026-01-12 16:58:24,204 [ERROR] LogOutputStream:75 - [STDERR_REDIRECT] 
2026-01-12 16:58:24,241 [ERROR] LogOutputStream:75 - [STDERR_REDIRECT] [Fatal Error] :1:1: Premature end of file.
2026-01-12 16:58:24,241 [ERROR] LogOutputStream:75 - [STDERR_REDIRECT] 
2026-01-12 16:58:24,273 [ERROR] LogOutputStream:75 - [STDERR_REDIRECT] [Fatal Error] :1:1: Premature end of file.
2026-01-12 16:58:24,273 [ERROR] LogOutputStream:75 - [STDERR_REDIRECT] 
2026-01-12 16:58:25,297 [ERROR] LogOutputStream:75 - [STDERR_REDIRECT] [Fatal Error] :1:1: Premature end of file.
2026-01-12 16:58:25,297 [ERROR] LogOutputStream:75 - [STDERR_REDIRECT] 
2026-01-12 16:58:25,327 [ERROR] LogOutputStream:75 - [STDERR_REDIRECT] [Fatal Error] :1:1: Premature end of file.
2026-01-12 16:58:25,327 [ERROR] LogOutputStream:75 - [STDERR_REDIRECT] 
2026-01-12 16:58:25,370 [ERROR] LogOutputStream:75 - [STDERR_REDIRECT] [Fatal Error] :1:1: Premature end of file.
2026-01-12 16:58:25,372 [ERROR] LogOutputStream:75 - [STDERR_REDIRECT] 
2026-01-12 16:58:25,392 [ERROR] LogOutputStream:75 - [STDERR_REDIRECT] [Fatal Error] :1:1: Premature end of file.
2026-01-12 16:58:25,392 [ERROR] LogOutputStream:75 - [STDERR_REDIRECT] 
2026-01-12 16:58:25,438 [ERROR] LogOutputStream:75 - [STDERR_REDIRECT] [Fatal Error] :1:1: Premature end of file.
2026-01-12 16:58:25,438 [ERROR] LogOutputStream:75 - [STDERR_REDIRECT] 
2026-01-12 16:58:25,473 [ERROR] LogOutputStream:75 - [STDERR_REDIRECT] [Fatal Error] :1:1: Premature end of file.
2026-01-12 16:58:25,473 [ERROR] LogOutputStream:75 - [STDERR_REDIRECT] 
2026-01-12 16:58:25,516 [ERROR] LogOutputStream:75 - [STDERR_REDIRECT] [Fatal Error] :1:1: Premature end of file.
2026-01-12 16:58:25,516 [ERROR] LogOutputStream:75 - [STDERR_REDIRECT] 
2026-01-12 16:58:25,547 [ERROR] LogOutputStream:75 - [STDERR_REDIRECT] [Fatal Error] :1:1: Premature end of file.
2026-01-12 16:58:25,547 [ERROR] LogOutputStream:75 - [STDERR_REDIRECT] 
2026-01-12 16:58:25,568 [ERROR] LogOutputStream:75 - [STDERR_REDIRECT] [Fatal Error] :1:1: Premature end of file.
2026-01-12 16:58:25,568 [ERROR] LogOutputStream:75 - [STDERR_REDIRECT] 
2026-01-12 16:58:25,595 [ERROR] LogOutputStream:75 - [STDERR_REDIRECT] [Fatal Error] :1:1: Premature end of file.
2026-01-12 16:58:25,595 [ERROR] LogOutputStream:75 - [STDERR_REDIRECT] 
2026-01-12 16:58:25,630 [ERROR] LogOutputStream:75 - [STDERR_REDIRECT] [Fatal Error] :1:1: Premature end of file.
2026-01-12 16:58:25,630 [ERROR] LogOutputStream:75 - [STDERR_REDIRECT] 
2026-01-12 16:58:25,658 [ERROR] LogOutputStream:75 - [STDERR_REDIRECT] [Fatal Error] :1:1: Premature end of file.
2026-01-12 16:58:25,658 [ERROR] LogOutputStream:75 - [STDERR_REDIRECT] 
2026-01-12 16:58:25,684 [ERROR] LogOutputStream:75 - [STDERR_REDIRECT] [Fatal Error] :1:1: Premature end of file.
2026-01-12 16:58:25,684 [ERROR] LogOutputStream:75 - [STDERR_REDIRECT] 
2026-01-12 16:58:25,713 [ERROR] LogOutputStream:75 - [STDERR_REDIRECT] [Fatal Error] :1:1: Premature end of file.
2026-01-12 16:58:25,713 [ERROR] LogOutputStream:75 - [STDERR_REDIRECT] 
2026-01-12 16:58:25,740 [ERROR] LogOutputStream:75 - [STDERR_REDIRECT] [Fatal Error] :1:1: Premature end of file.
2026-01-12 16:58:25,740 [ERROR] LogOutputStream:75 - [STDERR_REDIRECT] 
2026-01-12 16:58:25,770 [ERROR] LogOutputStream:75 - [STDERR_REDIRECT] [Fatal Error] :1:1: Premature end of file.
2026-01-12 16:58:25,770 [ERROR] LogOutputStream:75 - [STDERR_REDIRECT] 
2026-01-12 16:58:25,858 [ERROR] LogOutputStream:75 - [STDERR_REDIRECT] [Fatal Error] :1:1: Premature end of file.
2026-01-12 16:58:25,858 [ERROR] LogOutputStream:75 - [STDERR_REDIRECT] 
2026-01-12 16:58:25,899 [ERROR] LogOutputStream:75 - [STDERR_REDIRECT] [Fatal Error] :1:1: Premature end of file.
2026-01-12 16:58:25,899 [ERROR] LogOutputStream:75 - [STDERR_REDIRECT] 
2026-01-12 16:58:25,928 [ERROR] LogOutputStream:75 - [STDERR_REDIRECT] [Fatal Error] :1:1: Premature end of file.
2026-01-12 16:58:25,928 [ERROR] LogOutputStream:75 - [STDERR_REDIRECT] 
2026-01-12 16:58:25,960 [ERROR] LogOutputStream:75 - [STDERR_REDIRECT] [Fatal Error] :1:1: Premature end of file.
2026-01-12 16:58:25,960 [ERROR] LogOutputStream:75 - [STDERR_REDIRECT] 
2026-01-12 16:58:26,002 [ERROR] LogOutputStream:75 - [STDERR_REDIRECT] [Fatal Error] :1:1: Premature end of file.
2026-01-12 16:58:26,002 [ERROR] LogOutputStream:75 - [STDERR_REDIRECT] 
2026-01-12 16:58:26,027 [ERROR] LogOutputStream:75 - [STDERR_REDIRECT] [Fatal Error] :1:1: Premature end of file.
2026-01-12 16:58:26,027 [ERROR] LogOutputStream:75 - [STDERR_REDIRECT] 
2026-01-12 16:58:26,055 [ERROR] LogOutputStream:75 - [STDERR_REDIRECT] [Fatal Error] :1:1: Premature end of file.
2026-01-12 16:58:26,055 [ERROR] LogOutputStream:75 - [STDERR_REDIRECT] 
2026-01-12 16:58:26,087 [ERROR] LogOutputStream:75 - [STDERR_REDIRECT] [Fatal Error] :1:1: Premature end of file.
2026-01-12 16:58:26,087 [ERROR] LogOutputStream:75 - [STDERR_REDIRECT] 
2026-01-12 16:58:26,124 [ERROR] LogOutputStream:75 - [STDERR_REDIRECT] [Fatal Error] :1:1: Premature end of file.
2026-01-12 16:58:26,124 [ERROR] LogOutputStream:75 - [STDERR_REDIRECT] 
2026-01-12 16:58:26,150 [ERROR] LogOutputStream:75 - [STDERR_REDIRECT] [Fatal Error] :1:1: Premature end of file.
2026-01-12 16:58:26,150 [ERROR] LogOutputStream:75 - [STDERR_REDIRECT] 
2026-01-12 16:58:26,181 [ERROR] LogOutputStream:75 - [STDERR_REDIRECT] [Fatal Error] :1:1: Premature end of file.
2026-01-12 16:58:26,181 [ERROR] LogOutputStream:75 - [STDERR_REDIRECT] 
2026-01-12 16:58:26,213 [ERROR] LogOutputStream:75 - [STDERR_REDIRECT] [Fatal Error] :1:1: Premature end of file.
2026-01-12 16:58:26,213 [ERROR] LogOutputStream:75 - [STDERR_REDIRECT] 
2026-01-12 16:58:26,230 [ERROR] LogOutputStream:75 - [STDERR_REDIRECT] [Fatal Error] :1:1: Premature end of file.
2026-01-12 16:58:26,230 [ERROR] LogOutputStream:75 - [STDERR_REDIRECT] 
2026-01-12 16:58:26,260 [ERROR] LogOutputStream:75 - [STDERR_REDIRECT] [Fatal Error] :1:1: Premature end of file.
2026-01-12 16:58:26,260 [ERROR] LogOutputStream:75 - [STDERR_REDIRECT] 
2026-01-12 16:58:26,291 [ERROR] LogOutputStream:75 - [STDERR_REDIRECT] [Fatal Error] :1:1: Premature end of file.
2026-01-12 16:58:26,291 [ERROR] LogOutputStream:75 - [STDERR_REDIRECT] 
2026-01-12 16:58:26,323 [ERROR] LogOutputStream:75 - [STDERR_REDIRECT] [Fatal Error] :1:1: Premature end of file.
2026-01-12 16:58:26,323 [ERROR] LogOutputStream:75 - [STDERR_REDIRECT] 
2026-01-12 16:58:26,355 [ERROR] LogOutputStream:75 - [STDERR_REDIRECT] [Fatal Error] :1:1: Premature end of file.
2026-01-12 16:58:26,355 [ERROR] LogOutputStream:75 - [STDERR_REDIRECT] 
2026-01-12 16:58:26,381 [ERROR] LogOutputStream:75 - [STDERR_REDIRECT] [Fatal Error] :1:1: Premature end of file.
2026-01-12 16:58:26,381 [ERROR] LogOutputStream:75 - [STDERR_REDIRECT] 
2026-01-12 16:58:26,411 [ERROR] LogOutputStream:75 - [STDERR_REDIRECT] [Fatal Error] :1:1: Premature end of file.
2026-01-12 16:58:26,411 [ERROR] LogOutputStream:75 - [STDERR_REDIRECT] 
2026-01-12 16:58:26,434 [ERROR] LogOutputStream:75 - [STDERR_REDIRECT] [Fatal Error] :1:1: Premature end of file.
2026-01-12 16:58:26,434 [ERROR] LogOutputStream:75 - [STDERR_REDIRECT] 
2026-01-12 16:58:26,466 [ERROR] LogOutputStream:75 - [STDERR_REDIRECT] [Fatal Error] :1:1: Premature end of file.
2026-01-12 16:58:26,466 [ERROR] LogOutputStream:75 - [STDERR_REDIRECT] 
2026-01-12 16:58:26,498 [ERROR] LogOutputStream:75 - [STDERR_REDIRECT] [Fatal Error] :1:1: Premature end of file.
2026-01-12 16:58:26,498 [ERROR] LogOutputStream:75 - [STDERR_REDIRECT] 
2026-01-12 16:58:26,530 [ERROR] LogOutputStream:75 - [STDERR_REDIRECT] [Fatal Error] :1:1: Premature end of file.
2026-01-12 16:58:26,530 [ERROR] LogOutputStream:75 - [STDERR_REDIRECT] 
2026-01-12 16:58:26,547 [ERROR] LogOutputStream:75 - [STDERR_REDIRECT] [Fatal Error] :1:1: Premature end of file.
2026-01-12 16:58:26,547 [ERROR] LogOutputStream:75 - [STDERR_REDIRECT] 
2026-01-12 16:58:26,589 [ERROR] LogOutputStream:75 - [STDERR_REDIRECT] [Fatal Error] :1:1: Premature end of file.
2026-01-12 16:58:26,589 [ERROR] LogOutputStream:75 - [STDERR_REDIRECT] 
2026-01-12 16:58:26,617 [ERROR] LogOutputStream:75 - [STDERR_REDIRECT] [Fatal Error] :1:1: Premature end of file.
2026-01-12 16:58:26,617 [ERROR] LogOutputStream:75 - [STDERR_REDIRECT] 
2026-01-12 16:58:26,647 [ERROR] LogOutputStream:75 - [STDERR_REDIRECT] [Fatal Error] :1:1: Premature end of file.
2026-01-12 16:58:26,654 [ERROR] LogOutputStream:75 - [STDERR_REDIRECT] 
2026-01-12 16:58:26,679 [ERROR] LogOutputStream:75 - [STDERR_REDIRECT] [Fatal Error] :1:1: Premature end of file.
2026-01-12 16:58:26,679 [ERROR] LogOutputStream:75 - [STDERR_REDIRECT] 
2026-01-12 16:58:26,713 [ERROR] LogOutputStream:75 - [STDERR_REDIRECT] [Fatal Error] :1:1: Premature end of file.
2026-01-12 16:58:26,713 [ERROR] LogOutputStream:75 - [STDERR_REDIRECT] 
2026-01-12 16:58:26,742 [ERROR] LogOutputStream:75 - [STDERR_REDIRECT] [Fatal Error] :1:1: Premature end of file.
2026-01-12 16:58:26,742 [ERROR] LogOutputStream:75 - [STDERR_REDIRECT] 
2026-01-12 16:58:26,771 [ERROR] LogOutputStream:75 - [STDERR_REDIRECT] [Fatal Error] :1:1: Premature end of file.
2026-01-12 16:58:26,771 [ERROR] LogOutputStream:75 - [STDERR_REDIRECT] 
2026-01-12 16:58:26,798 [ERROR] LogOutputStream:75 - [STDERR_REDIRECT] [Fatal Error] :1:1: Premature end of file.
2026-01-12 16:58:26,798 [ERROR] LogOutputStream:75 - [STDERR_REDIRECT] 
2026-01-12 16:58:26,833 [ERROR] LogOutputStream:75 - [STDERR_REDIRECT] [Fatal Error] :1:1: Premature end of file.
2026-01-12 16:58:26,833 [ERROR] LogOutputStream:75 - [STDERR_REDIRECT] 
2026-01-12 16:58:26,861 [ERROR] LogOutputStream:75 - [STDERR_REDIRECT] [Fatal Error] :1:1: Premature end of file.
2026-01-12 16:58:26,861 [ERROR] LogOutputStream:75 - [STDERR_REDIRECT] 
2026-01-12 16:58:26,899 [ERROR] LogOutputStream:75 - [STDERR_REDIRECT] [Fatal Error] :1:1: Premature end of file.
2026-01-12 16:58:26,899 [ERROR] LogOutputStream:75 - [STDERR_REDIRECT] 
2026-01-12 16:58:26,926 [ERROR] LogOutputStream:75 - [STDERR_REDIRECT] [Fatal Error] :1:1: Premature end of file.
2026-01-12 16:58:26,926 [ERROR] LogOutputStream:75 - [STDERR_REDIRECT] 
2026-01-12 16:58:26,957 [ERROR] LogOutputStream:75 - [STDERR_REDIRECT] [Fatal Error] :1:1: Premature end of file.
2026-01-12 16:58:26,957 [ERROR] LogOutputStream:75 - [STDERR_REDIRECT] 
2026-01-12 16:58:26,988 [ERROR] LogOutputStream:75 - [STDERR_REDIRECT] [Fatal Error] :1:1: Premature end of file.
2026-01-12 16:58:26,988 [ERROR] LogOutputStream:75 - [STDERR_REDIRECT] 
2026-01-12 16:58:27,009 [ERROR] LogOutputStream:75 - [STDERR_REDIRECT] [Fatal Error] :1:1: Premature end of file.
2026-01-12 16:58:27,009 [ERROR] LogOutputStream:75 - [STDERR_REDIRECT] 
2026-01-12 16:58:27,035 [ERROR] LogOutputStream:75 - [STDERR_REDIRECT] [Fatal Error] :1:1: Premature end of file.
2026-01-12 16:58:27,048 [ERROR] LogOutputStream:75 - [STDERR_REDIRECT] 
2026-01-12 16:58:27,069 [ERROR] LogOutputStream:75 - [STDERR_REDIRECT] [Fatal Error] :1:1: Premature end of file.
2026-01-12 16:58:27,069 [ERROR] LogOutputStream:75 - [STDERR_REDIRECT] 
2026-01-12 16:58:27,099 [ERROR] LogOutputStream:75 - [STDERR_REDIRECT] [Fatal Error] :1:1: Premature end of file.
2026-01-12 16:58:27,099 [ERROR] LogOutputStream:75 - [STDERR_REDIRECT] 
2026-01-12 16:58:27,135 [ERROR] LogOutputStream:75 - [STDERR_REDIRECT] [Fatal Error] :1:1: Premature end of file.
2026-01-12 16:58:27,135 [ERROR] LogOutputStream:75 - [STDERR_REDIRECT] 
2026-01-12 16:58:27,163 [ERROR] LogOutputStream:75 - [STDERR_REDIRECT] [Fatal Error] :1:1: Premature end of file.
2026-01-12 16:58:27,163 [ERROR] LogOutputStream:75 - [STDERR_REDIRECT] 
2026-01-12 16:58:27,179 [ERROR] LogOutputStream:75 - [STDERR_REDIRECT] [Fatal Error] :1:1: Premature end of file.
2026-01-12 16:58:27,179 [ERROR] LogOutputStream:75 - [STDERR_REDIRECT] 
2026-01-12 16:58:27,210 [ERROR] LogOutputStream:75 - [STDERR_REDIRECT] [Fatal Error] :1:1: Premature end of file.
2026-01-12 16:58:27,210 [ERROR] LogOutputStream:75 - [STDERR_REDIRECT] 
2026-01-12 16:58:27,248 [ERROR] LogOutputStream:75 - [STDERR_REDIRECT] [Fatal Error] :1:1: Premature end of file.
2026-01-12 16:58:27,248 [ERROR] LogOutputStream:75 - [STDERR_REDIRECT] 
2026-01-12 16:58:27,274 [ERROR] LogOutputStream:75 - [STDERR_REDIRECT] [Fatal Error] :1:1: Premature end of file.
2026-01-12 16:58:27,274 [ERROR] LogOutputStream:75 - [STDERR_REDIRECT] 
2026-01-12 16:58:27,306 [ERROR] LogOutputStream:75 - [STDERR_REDIRECT] [Fatal Error] :1:1: Premature end of file.
2026-01-12 16:58:27,306 [ERROR] LogOutputStream:75 - [STDERR_REDIRECT] 
2026-01-12 16:58:27,338 [ERROR] LogOutputStream:75 - [STDERR_REDIRECT] [Fatal Error] :1:1: Premature end of file.
2026-01-12 16:58:27,338 [ERROR] LogOutputStream:75 - [STDERR_REDIRECT] 
2026-01-12 16:58:27,370 [ERROR] LogOutputStream:75 - [STDERR_REDIRECT] [Fatal Error] :1:1: Premature end of file.
2026-01-12 16:58:27,370 [ERROR] LogOutputStream:75 - [STDERR_REDIRECT] 
2026-01-12 16:58:27,390 [ERROR] LogOutputStream:75 - [STDERR_REDIRECT] [Fatal Error] :1:1: Premature end of file.
2026-01-12 16:58:27,390 [ERROR] LogOutputStream:75 - [STDERR_REDIRECT] 
2026-01-12 16:58:27,421 [ERROR] LogOutputStream:75 - [STDERR_REDIRECT] [Fatal Error] :1:1: Premature end of file.
2026-01-12 16:58:27,421 [ERROR] LogOutputStream:75 - [STDERR_REDIRECT] 
2026-01-12 16:58:27,449 [ERROR] LogOutputStream:75 - [STDERR_REDIRECT] [Fatal Error] :1:1: Premature end of file.
2026-01-12 16:58:27,449 [ERROR] LogOutputStream:75 - [STDERR_REDIRECT] 
2026-01-12 16:58:27,481 [ERROR] LogOutputStream:75 - [STDERR_REDIRECT] [Fatal Error] :1:1: Premature end of file.
2026-01-12 16:58:27,481 [ERROR] LogOutputStream:75 - [STDERR_REDIRECT] 
2026-01-12 16:58:27,513 [ERROR] LogOutputStream:75 - [STDERR_REDIRECT] [Fatal Error] :1:1: Premature end of file.
2026-01-12 16:58:27,513 [ERROR] LogOutputStream:75 - [STDERR_REDIRECT] 
2026-01-12 16:58:27,545 [ERROR] LogOutputStream:75 - [STDERR_REDIRECT] [Fatal Error] :1:1: Premature end of file.
2026-01-12 16:58:27,545 [ERROR] LogOutputStream:75 - [STDERR_REDIRECT] 
2026-01-12 16:58:27,577 [ERROR] LogOutputStream:75 - [STDERR_REDIRECT] [Fatal Error] :1:1: Premature end of file.
2026-01-12 16:58:27,577 [ERROR] LogOutputStream:75 - [STDERR_REDIRECT] 
2026-01-12 16:58:27,599 [ERROR] LogOutputStream:75 - [STDERR_REDIRECT] [Fatal Error] :1:1: Premature end of file.
2026-01-12 16:58:27,599 [ERROR] LogOutputStream:75 - [STDERR_REDIRECT] 
2026-01-12 16:58:27,625 [ERROR] LogOutputStream:75 - [STDERR_REDIRECT] [Fatal Error] :1:1: Premature end of file.
2026-01-12 16:58:27,625 [ERROR] LogOutputStream:75 - [STDERR_REDIRECT] 
2026-01-12 16:58:27,658 [ERROR] LogOutputStream:75 - [STDERR_REDIRECT] [Fatal Error] :1:1: Premature end of file.
2026-01-12 16:58:27,658 [ERROR] LogOutputStream:75 - [STDERR_REDIRECT] 
2026-01-12 16:58:27,688 [ERROR] LogOutputStream:75 - [STDERR_REDIRECT] [Fatal Error] :1:1: Premature end of file.
2026-01-12 16:58:27,688 [ERROR] LogOutputStream:75 - [STDERR_REDIRECT] 
2026-01-12 16:58:27,719 [ERROR] LogOutputStream:75 - [STDERR_REDIRECT] [Fatal Error] :1:1: Premature end of file.
2026-01-12 16:58:27,719 [ERROR] LogOutputStream:75 - [STDERR_REDIRECT] 
2026-01-12 16:58:27,749 [ERROR] LogOutputStream:75 - [STDERR_REDIRECT] [Fatal Error] :1:1: Premature end of file.
2026-01-12 16:58:27,749 [ERROR] LogOutputStream:75 - [STDERR_REDIRECT] 
2026-01-12 16:58:27,770 [ERROR] LogOutputStream:75 - [STDERR_REDIRECT] [Fatal Error] :1:1: Premature end of file.
2026-01-12 16:58:27,770 [ERROR] LogOutputStream:75 - [STDERR_REDIRECT] 
2026-01-12 16:58:27,798 [ERROR] LogOutputStream:75 - [STDERR_REDIRECT] [Fatal Error] :1:1: Premature end of file.
2026-01-12 16:58:27,798 [ERROR] LogOutputStream:75 - [STDERR_REDIRECT] 
2026-01-12 16:58:27,830 [ERROR] LogOutputStream:75 - [STDERR_REDIRECT] [Fatal Error] :1:1: Premature end of file.
2026-01-12 16:58:27,830 [ERROR] LogOutputStream:75 - [STDERR_REDIRECT] 
2026-01-12 16:58:27,861 [ERROR] LogOutputStream:75 - [STDERR_REDIRECT] [Fatal Error] :1:1: Premature end of file.
2026-01-12 16:58:27,861 [ERROR] LogOutputStream:75 - [STDERR_REDIRECT] 
2026-01-12 16:58:27,893 [ERROR] LogOutputStream:75 - [STDERR_REDIRECT] [Fatal Error] :1:1: Premature end of file.
2026-01-12 16:58:27,893 [ERROR] LogOutputStream:75 - [STDERR_REDIRECT] 
2026-01-12 16:58:27,909 [ERROR] LogOutputStream:75 - [STDERR_REDIRECT] [Fatal Error] :1:1: Premature end of file.
2026-01-12 16:58:27,909 [ERROR] LogOutputStream:75 - [STDERR_REDIRECT] 
2026-01-12 16:58:27,949 [ERROR] LogOutputStream:75 - [STDERR_REDIRECT] [Fatal Error] :1:1: Premature end of file.
2026-01-12 16:58:27,949 [ERROR] LogOutputStream:75 - [STDERR_REDIRECT] 
2026-01-12 16:58:27,972 [ERROR] LogOutputStream:75 - [STDERR_REDIRECT] [Fatal Error] :1:1: Premature end of file.
2026-01-12 16:58:27,972 [ERROR] LogOutputStream:75 - [STDERR_REDIRECT] 
2026-01-12 16:58:28,003 [ERROR] LogOutputStream:75 - [STDERR_REDIRECT] [Fatal Error] :1:1: Premature end of file.
2026-01-12 16:58:28,003 [ERROR] LogOutputStream:75 - [STDERR_REDIRECT] 
2026-01-12 16:58:28,037 [ERROR] LogOutputStream:75 - [STDERR_REDIRECT] [Fatal Error] :1:1: Premature end of file.
2026-01-12 16:58:28,037 [ERROR] LogOutputStream:75 - [STDERR_REDIRECT] 
2026-01-12 16:58:28,067 [ERROR] LogOutputStream:75 - [STDERR_REDIRECT] [Fatal Error] :1:1: Premature end of file.
2026-01-12 16:58:28,067 [ERROR] LogOutputStream:75 - [STDERR_REDIRECT] 
2026-01-12 16:58:28,098 [ERROR] LogOutputStream:75 - [STDERR_REDIRECT] [Fatal Error] :1:1: Premature end of file.
2026-01-12 16:58:28,098 [ERROR] LogOutputStream:75 - [STDERR_REDIRECT] 
2026-01-12 16:58:28,132 [ERROR] LogOutputStream:75 - [STDERR_REDIRECT] [Fatal Error] :1:1: Premature end of file.
2026-01-12 16:58:28,132 [ERROR] LogOutputStream:75 - [STDERR_REDIRECT] 
2026-01-12 16:58:28,164 [ERROR] LogOutputStream:75 - [STDERR_REDIRECT] [Fatal Error] :1:1: Premature end of file.
2026-01-12 16:58:28,166 [ERROR] LogOutputStream:75 - [STDERR_REDIRECT] 
2026-01-12 16:58:28,194 [ERROR] LogOutputStream:75 - [STDERR_REDIRECT] [Fatal Error] :1:1: Premature end of file.
2026-01-12 16:58:28,194 [ERROR] LogOutputStream:75 - [STDERR_REDIRECT] 
2026-01-12 16:58:34,061 [ERROR] LogOutputStream:75 - [STDERR_REDIRECT] [Fatal Error] :1:1: Premature end of file.
2026-01-12 16:58:34,061 [ERROR] LogOutputStream:75 - [STDERR_REDIRECT] 
2026-01-12 16:58:34,325 [ERROR] LogOutputStream:75 - [STDERR_REDIRECT] [Fatal Error] :1:1: Premature end of file.
2026-01-12 16:58:34,325 [ERROR] LogOutputStream:75 - [STDERR_REDIRECT] 
2026-01-12 16:58:34,445 [ERROR] LogOutputStream:75 - [STDERR_REDIRECT] [Fatal Error] :1:1: Premature end of file.
2026-01-12 16:58:34,445 [ERROR] LogOutputStream:75 - [STDERR_REDIRECT] 
2026-01-12 16:58:34,476 [ERROR] LogOutputStream:75 - [STDERR_REDIRECT] [Fatal Error] :1:1: Premature end of file.
2026-01-12 16:58:34,476 [ERROR] LogOutputStream:75 - [STDERR_REDIRECT] 
2026-01-12 16:58:34,511 [ERROR] LogOutputStream:75 - [STDERR_REDIRECT] [Fatal Error] :1:1: Premature end of file.
2026-01-12 16:58:34,511 [ERROR] LogOutputStream:75 - [STDERR_REDIRECT] 
2026-01-12 16:58:34,542 [ERROR] LogOutputStream:75 - [STDERR_REDIRECT] [Fatal Error] :1:1: Premature end of file.
2026-01-12 16:58:34,542 [ERROR] LogOutputStream:75 - [STDERR_REDIRECT] 
2026-01-12 16:58:34,573 [ERROR] LogOutputStream:75 - [STDERR_REDIRECT] [Fatal Error] :1:1: Premature end of file.
2026-01-12 16:58:34,573 [ERROR] LogOutputStream:75 - [STDERR_REDIRECT] 
2026-01-12 16:58:34,602 [ERROR] LogOutputStream:75 - [STDERR_REDIRECT] [Fatal Error] :1:1: Premature end of file.
2026-01-12 16:58:34,602 [ERROR] LogOutputStream:75 - [STDERR_REDIRECT] 
2026-01-12 16:58:34,631 [ERROR] LogOutputStream:75 - [STDERR_REDIRECT] [Fatal Error] :1:1: Premature end of file.
2026-01-12 16:58:34,631 [ERROR] LogOutputStream:75 - [STDERR_REDIRECT] 
2026-01-12 16:58:34,664 [ERROR] LogOutputStream:75 - [STDERR_REDIRECT] [Fatal Error] :1:1: Premature end of file.
2026-01-12 16:58:34,664 [ERROR] LogOutputStream:75 - [STDERR_REDIRECT] 
2026-01-12 16:58:34,684 [ERROR] LogOutputStream:75 - [STDERR_REDIRECT] [Fatal Error] :1:1: Premature end of file.
2026-01-12 16:58:34,684 [ERROR] LogOutputStream:75 - [STDERR_REDIRECT] 
2026-01-12 16:58:34,718 [ERROR] LogOutputStream:75 - [STDERR_REDIRECT] [Fatal Error] :1:1: Premature end of file.
2026-01-12 16:58:34,718 [ERROR] LogOutputStream:75 - [STDERR_REDIRECT] 
2026-01-12 16:58:34,742 [ERROR] LogOutputStream:75 - [STDERR_REDIRECT] [Fatal Error] :1:1: Premature end of file.
2026-01-12 16:58:34,742 [ERROR] LogOutputStream:75 - [STDERR_REDIRECT] 
2026-01-12 16:58:34,773 [ERROR] LogOutputStream:75 - [STDERR_REDIRECT] [Fatal Error] :1:1: Premature end of file.
2026-01-12 16:58:34,773 [ERROR] LogOutputStream:75 - [STDERR_REDIRECT] 
2026-01-12 16:58:34,805 [ERROR] LogOutputStream:75 - [STDERR_REDIRECT] [Fatal Error] :1:1: Premature end of file.
2026-01-12 16:58:34,805 [ERROR] LogOutputStream:75 - [STDERR_REDIRECT] 
2026-01-12 16:58:34,837 [ERROR] LogOutputStream:75 - [STDERR_REDIRECT] [Fatal Error] :1:1: Premature end of file.
2026-01-12 16:58:34,837 [ERROR] LogOutputStream:75 - [STDERR_REDIRECT] 
2026-01-12 16:58:34,868 [ERROR] LogOutputStream:75 - [STDERR_REDIRECT] [Fatal Error] :1:1: Premature end of file.
2026-01-12 16:58:34,868 [ERROR] LogOutputStream:75 - [STDERR_REDIRECT] 
2026-01-12 16:58:34,897 [ERROR] LogOutputStream:75 - [STDERR_REDIRECT] [Fatal Error] :1:1: Premature end of file.
2026-01-12 16:58:34,897 [ERROR] LogOutputStream:75 - [STDERR_REDIRECT] 
2026-01-12 16:58:34,916 [ERROR] LogOutputStream:75 - [STDERR_REDIRECT] [Fatal Error] :1:1: Premature end of file.
2026-01-12 16:58:34,916 [ERROR] LogOutputStream:75 - [STDERR_REDIRECT] 
2026-01-12 16:58:34,948 [ERROR] LogOutputStream:75 - [STDERR_REDIRECT] [Fatal Error] :1:1: Premature end of file.
2026-01-12 16:58:34,948 [ERROR] LogOutputStream:75 - [STDERR_REDIRECT] 
2026-01-12 16:58:34,980 [ERROR] LogOutputStream:75 - [STDERR_REDIRECT] [Fatal Error] :1:1: Premature end of file.
2026-01-12 16:58:34,980 [ERROR] LogOutputStream:75 - [STDERR_REDIRECT] 
2026-01-12 16:58:35,012 [ERROR] LogOutputStream:75 - [STDERR_REDIRECT] [Fatal Error] :1:1: Premature end of file.
2026-01-12 16:58:35,012 [ERROR] LogOutputStream:75 - [STDERR_REDIRECT] 
2026-01-12 16:58:35,048 [ERROR] LogOutputStream:75 - [STDERR_REDIRECT] [Fatal Error] :1:1: Premature end of file.
2026-01-12 16:58:35,048 [ERROR] LogOutputStream:75 - [STDERR_REDIRECT] 
2026-01-12 16:58:35,077 [ERROR] LogOutputStream:75 - [STDERR_REDIRECT] [Fatal Error] :1:1: Premature end of file.
2026-01-12 16:58:35,077 [ERROR] LogOutputStream:75 - [STDERR_REDIRECT] 
2026-01-12 16:58:35,127 [ERROR] LogOutputStream:75 - [STDERR_REDIRECT] [Fatal Error] :1:1: Premature end of file.
2026-01-12 16:58:35,127 [ERROR] LogOutputStream:75 - [STDERR_REDIRECT] 
2026-01-12 16:58:35,178 [ERROR] LogOutputStream:75 - [STDERR_REDIRECT] [Fatal Error] :1:1: Premature end of file.
2026-01-12 16:58:35,178 [ERROR] LogOutputStream:75 - [STDERR_REDIRECT] 
2026-01-12 16:58:35,207 [ERROR] LogOutputStream:75 - [STDERR_REDIRECT] [Fatal Error] :1:1: Premature end of file.
2026-01-12 16:58:35,207 [ERROR] LogOutputStream:75 - [STDERR_REDIRECT] 
2026-01-12 16:58:35,241 [ERROR] LogOutputStream:75 - [STDERR_REDIRECT] [Fatal Error] :1:1: Premature end of file.
2026-01-12 16:58:35,241 [ERROR] LogOutputStream:75 - [STDERR_REDIRECT] 
2026-01-12 16:58:35,277 [ERROR] LogOutputStream:75 - [STDERR_REDIRECT] [Fatal Error] :1:1: Premature end of file.
2026-01-12 16:58:35,277 [ERROR] LogOutputStream:75 - [STDERR_REDIRECT] 
2026-01-12 16:58:35,305 [ERROR] LogOutputStream:75 - [STDERR_REDIRECT] [Fatal Error] :1:1: Premature end of file.
2026-01-12 16:58:35,305 [ERROR] LogOutputStream:75 - [STDERR_REDIRECT] 
2026-01-12 16:58:35,342 [ERROR] LogOutputStream:75 - [STDERR_REDIRECT] [Fatal Error] :1:1: Premature end of file.
2026-01-12 16:58:35,342 [ERROR] LogOutputStream:75 - [STDERR_REDIRECT] 
2026-01-12 16:58:35,382 [ERROR] LogOutputStream:75 - [STDERR_REDIRECT] [Fatal Error] :1:1: Premature end of file.
2026-01-12 16:58:35,382 [ERROR] LogOutputStream:75 - [STDERR_REDIRECT] 
2026-01-12 16:58:35,416 [ERROR] LogOutputStream:75 - [STDERR_REDIRECT] [Fatal Error] :1:1: Premature end of file.
2026-01-12 16:58:35,416 [ERROR] LogOutputStream:75 - [STDERR_REDIRECT] 
2026-01-12 16:58:35,455 [ERROR] LogOutputStream:75 - [STDERR_REDIRECT] [Fatal Error] :1:1: Premature end of file.
2026-01-12 16:58:35,455 [ERROR] LogOutputStream:75 - [STDERR_REDIRECT] 
2026-01-12 16:58:35,491 [ERROR] LogOutputStream:75 - [STDERR_REDIRECT] [Fatal Error] :1:1: Premature end of file.
2026-01-12 16:58:35,491 [ERROR] LogOutputStream:75 - [STDERR_REDIRECT] 
2026-01-12 16:58:35,525 [ERROR] LogOutputStream:75 - [STDERR_REDIRECT] [Fatal Error] :1:1: Premature end of file.
2026-01-12 16:58:35,525 [ERROR] LogOutputStream:75 - [STDERR_REDIRECT] 
2026-01-12 16:58:35,561 [ERROR] LogOutputStream:75 - [STDERR_REDIRECT] [Fatal Error] :1:1: Premature end of file.
2026-01-12 16:58:35,561 [ERROR] LogOutputStream:75 - [STDERR_REDIRECT] 
2026-01-12 16:58:35,598 [ERROR] LogOutputStream:75 - [STDERR_REDIRECT] [Fatal Error] :1:1: Premature end of file.
2026-01-12 16:58:35,598 [ERROR] LogOutputStream:75 - [STDERR_REDIRECT] 
2026-01-12 16:58:35,635 [ERROR] LogOutputStream:75 - [STDERR_REDIRECT] [Fatal Error] :1:1: Premature end of file.
2026-01-12 16:58:35,635 [ERROR] LogOutputStream:75 - [STDERR_REDIRECT] 
2026-01-12 16:58:35,667 [ERROR] LogOutputStream:75 - [STDERR_REDIRECT] [Fatal Error] :1:1: Premature end of file.
2026-01-12 16:58:35,667 [ERROR] LogOutputStream:75 - [STDERR_REDIRECT] 
2026-01-12 16:58:35,699 [ERROR] LogOutputStream:75 - [STDERR_REDIRECT] [Fatal Error] :1:1: Premature end of file.
2026-01-12 16:58:35,699 [ERROR] LogOutputStream:75 - [STDERR_REDIRECT] 
2026-01-12 16:58:35,726 [ERROR] LogOutputStream:75 - [STDERR_REDIRECT] [Fatal Error] :1:1: Premature end of file.
2026-01-12 16:58:35,726 [ERROR] LogOutputStream:75 - [STDERR_REDIRECT] 
2026-01-12 16:58:35,760 [ERROR] LogOutputStream:75 - [STDERR_REDIRECT] [Fatal Error] :1:1: Premature end of file.
2026-01-12 16:58:35,762 [ERROR] LogOutputStream:75 - [STDERR_REDIRECT] 
2026-01-12 16:58:35,792 [ERROR] LogOutputStream:75 - [STDERR_REDIRECT] [Fatal Error] :1:1: Premature end of file.
2026-01-12 16:58:35,792 [ERROR] LogOutputStream:75 - [STDERR_REDIRECT] 
2026-01-12 16:58:35,822 [ERROR] LogOutputStream:75 - [STDERR_REDIRECT] [Fatal Error] :1:1: Premature end of file.
2026-01-12 16:58:35,822 [ERROR] LogOutputStream:75 - [STDERR_REDIRECT] 
2026-01-12 16:58:35,855 [ERROR] LogOutputStream:75 - [STDERR_REDIRECT] [Fatal Error] :1:1: Premature end of file.
2026-01-12 16:58:35,855 [ERROR] LogOutputStream:75 - [STDERR_REDIRECT] 
2026-01-12 16:58:35,885 [ERROR] LogOutputStream:75 - [STDERR_REDIRECT] [Fatal Error] :1:1: Premature end of file.
2026-01-12 16:58:35,885 [ERROR] LogOutputStream:75 - [STDERR_REDIRECT] 
2026-01-12 16:58:35,920 [ERROR] LogOutputStream:75 - [STDERR_REDIRECT] [Fatal Error] :1:1: Premature end of file.
2026-01-12 16:58:35,920 [ERROR] LogOutputStream:75 - [STDERR_REDIRECT] 
2026-01-12 16:58:35,952 [ERROR] LogOutputStream:75 - [STDERR_REDIRECT] [Fatal Error] :1:1: Premature end of file.
2026-01-12 16:58:35,952 [ERROR] LogOutputStream:75 - [STDERR_REDIRECT] 
2026-01-12 16:58:35,982 [ERROR] LogOutputStream:75 - [STDERR_REDIRECT] [Fatal Error] :1:1: Premature end of file.
2026-01-12 16:58:35,982 [ERROR] LogOutputStream:75 - [STDERR_REDIRECT] 
2026-01-12 16:58:36,012 [ERROR] LogOutputStream:75 - [STDERR_REDIRECT] [Fatal Error] :1:1: Premature end of file.
2026-01-12 16:58:36,012 [ERROR] LogOutputStream:75 - [STDERR_REDIRECT] 
2026-01-12 16:58:36,032 [ERROR] LogOutputStream:75 - [STDERR_REDIRECT] [Fatal Error] :1:1: Premature end of file.
2026-01-12 16:58:36,032 [ERROR] LogOutputStream:75 - [STDERR_REDIRECT] 
2026-01-12 16:58:36,074 [ERROR] LogOutputStream:75 - [STDERR_REDIRECT] [Fatal Error] :1:1: Premature end of file.
2026-01-12 16:58:36,074 [ERROR] LogOutputStream:75 - [STDERR_REDIRECT] 
2026-01-12 16:58:36,106 [ERROR] LogOutputStream:75 - [STDERR_REDIRECT] [Fatal Error] :1:1: Premature end of file.
2026-01-12 16:58:36,106 [ERROR] LogOutputStream:75 - [STDERR_REDIRECT] 
2026-01-12 16:58:36,133 [ERROR] LogOutputStream:75 - [STDERR_REDIRECT] [Fatal Error] :1:1: Premature end of file.
2026-01-12 16:58:36,133 [ERROR] LogOutputStream:75 - [STDERR_REDIRECT] 
2026-01-12 16:58:36,162 [ERROR] LogOutputStream:75 - [STDERR_REDIRECT] [Fatal Error] :1:1: Premature end of file.
2026-01-12 16:58:36,162 [ERROR] LogOutputStream:75 - [STDERR_REDIRECT] 
2026-01-12 16:58:36,193 [ERROR] LogOutputStream:75 - [STDERR_REDIRECT] [Fatal Error] :1:1: Premature end of file.
2026-01-12 16:58:36,193 [ERROR] LogOutputStream:75 - [STDERR_REDIRECT] 
2026-01-12 16:58:36,222 [ERROR] LogOutputStream:75 - [STDERR_REDIRECT] [Fatal Error] :1:1: Premature end of file.
2026-01-12 16:58:36,222 [ERROR] LogOutputStream:75 - [STDERR_REDIRECT] 
2026-01-12 16:58:36,253 [ERROR] LogOutputStream:75 - [STDERR_REDIRECT] [Fatal Error] :1:1: Premature end of file.
2026-01-12 16:58:36,253 [ERROR] LogOutputStream:75 - [STDERR_REDIRECT] 
2026-01-12 16:58:36,285 [ERROR] LogOutputStream:75 - [STDERR_REDIRECT] [Fatal Error] :1:1: Premature end of file.
2026-01-12 16:58:36,285 [ERROR] LogOutputStream:75 - [STDERR_REDIRECT] 
2026-01-12 16:58:36,328 [ERROR] LogOutputStream:75 - [STDERR_REDIRECT] [Fatal Error] :1:1: Premature end of file.
2026-01-12 16:58:36,328 [ERROR] LogOutputStream:75 - [STDERR_REDIRECT] 
2026-01-12 16:58:36,353 [ERROR] LogOutputStream:75 - [STDERR_REDIRECT] [Fatal Error] :1:1: Premature end of file.
2026-01-12 16:58:36,353 [ERROR] LogOutputStream:75 - [STDERR_REDIRECT] 
2026-01-12 16:58:36,382 [ERROR] LogOutputStream:75 - [STDERR_REDIRECT] [Fatal Error] :1:1: Premature end of file.
2026-01-12 16:58:36,382 [ERROR] LogOutputStream:75 - [STDERR_REDIRECT] 
2026-01-12 16:58:36,414 [ERROR] LogOutputStream:75 - [STDERR_REDIRECT] [Fatal Error] :1:1: Premature end of file.
2026-01-12 16:58:36,414 [ERROR] LogOutputStream:75 - [STDERR_REDIRECT] 
2026-01-12 16:58:36,446 [ERROR] LogOutputStream:75 - [STDERR_REDIRECT] [Fatal Error] :1:1: Premature end of file.
2026-01-12 16:58:36,446 [ERROR] LogOutputStream:75 - [STDERR_REDIRECT] 
2026-01-12 16:58:36,476 [ERROR] LogOutputStream:75 - [STDERR_REDIRECT] [Fatal Error] :1:1: Premature end of file.
2026-01-12 16:58:36,476 [ERROR] LogOutputStream:75 - [STDERR_REDIRECT] 
2026-01-12 16:58:36,508 [ERROR] LogOutputStream:75 - [STDERR_REDIRECT] [Fatal Error] :1:1: Premature end of file.
2026-01-12 16:58:36,508 [ERROR] LogOutputStream:75 - [STDERR_REDIRECT] 
2026-01-12 16:58:36,540 [ERROR] LogOutputStream:75 - [STDERR_REDIRECT] [Fatal Error] :1:1: Premature end of file.
2026-01-12 16:58:36,540 [ERROR] LogOutputStream:75 - [STDERR_REDIRECT] 
2026-01-12 16:58:36,565 [ERROR] LogOutputStream:75 - [STDERR_REDIRECT] [Fatal Error] :1:1: Premature end of file.
2026-01-12 16:58:36,572 [ERROR] LogOutputStream:75 - [STDERR_REDIRECT] 
2026-01-12 16:58:36,592 [ERROR] LogOutputStream:75 - [STDERR_REDIRECT] [Fatal Error] :1:1: Premature end of file.
2026-01-12 16:58:36,592 [ERROR] LogOutputStream:75 - [STDERR_REDIRECT] 
2026-01-12 16:58:36,631 [ERROR] LogOutputStream:75 - [STDERR_REDIRECT] [Fatal Error] :1:1: Premature end of file.
2026-01-12 16:58:36,631 [ERROR] LogOutputStream:75 - [STDERR_REDIRECT] 
2026-01-12 16:58:36,653 [ERROR] LogOutputStream:75 - [STDERR_REDIRECT] [Fatal Error] :1:1: Premature end of file.
2026-01-12 16:58:36,653 [ERROR] LogOutputStream:75 - [STDERR_REDIRECT] 
2026-01-12 16:58:36,683 [ERROR] LogOutputStream:75 - [STDERR_REDIRECT] [Fatal Error] :1:1: Premature end of file.
2026-01-12 16:58:36,683 [ERROR] LogOutputStream:75 - [STDERR_REDIRECT] 
2026-01-12 16:58:36,715 [ERROR] LogOutputStream:75 - [STDERR_REDIRECT] [Fatal Error] :1:1: Premature end of file.
2026-01-12 16:58:36,715 [ERROR] LogOutputStream:75 - [STDERR_REDIRECT] 
2026-01-12 16:58:36,746 [ERROR] LogOutputStream:75 - [STDERR_REDIRECT] [Fatal Error] :1:1: Premature end of file.
2026-01-12 16:58:36,746 [ERROR] LogOutputStream:75 - [STDERR_REDIRECT] 
2026-01-12 16:58:36,778 [ERROR] LogOutputStream:75 - [STDERR_REDIRECT] [Fatal Error] :1:1: Premature end of file.
2026-01-12 16:58:36,778 [ERROR] LogOutputStream:75 - [STDERR_REDIRECT] 
2026-01-12 16:58:36,802 [ERROR] LogOutputStream:75 - [STDERR_REDIRECT] [Fatal Error] :1:1: Premature end of file.
2026-01-12 16:58:36,802 [ERROR] LogOutputStream:75 - [STDERR_REDIRECT] 
2026-01-12 16:58:36,832 [ERROR] LogOutputStream:75 - [STDERR_REDIRECT] [Fatal Error] :1:1: Premature end of file.
2026-01-12 16:58:36,832 [ERROR] LogOutputStream:75 - [STDERR_REDIRECT] 
2026-01-12 16:58:36,865 [ERROR] LogOutputStream:75 - [STDERR_REDIRECT] [Fatal Error] :1:1: Premature end of file.
2026-01-12 16:58:36,865 [ERROR] LogOutputStream:75 - [STDERR_REDIRECT] 
2026-01-12 16:58:36,893 [ERROR] LogOutputStream:75 - [STDERR_REDIRECT] [Fatal Error] :1:1: Premature end of file.
2026-01-12 16:58:36,897 [ERROR] LogOutputStream:75 - [STDERR_REDIRECT] 
2026-01-12 16:58:36,923 [ERROR] LogOutputStream:75 - [STDERR_REDIRECT] [Fatal Error] :1:1: Premature end of file.
2026-01-12 16:58:36,923 [ERROR] LogOutputStream:75 - [STDERR_REDIRECT] 
2026-01-12 16:58:36,953 [ERROR] LogOutputStream:75 - [STDERR_REDIRECT] [Fatal Error] :1:1: Premature end of file.
2026-01-12 16:58:36,953 [ERROR] LogOutputStream:75 - [STDERR_REDIRECT] 
2026-01-12 16:58:36,984 [ERROR] LogOutputStream:75 - [STDERR_REDIRECT] [Fatal Error] :1:1: Premature end of file.
2026-01-12 16:58:36,984 [ERROR] LogOutputStream:75 - [STDERR_REDIRECT] 
2026-01-12 16:58:37,016 [ERROR] LogOutputStream:75 - [STDERR_REDIRECT] [Fatal Error] :1:1: Premature end of file.
2026-01-12 16:58:37,016 [ERROR] LogOutputStream:75 - [STDERR_REDIRECT] 
2026-01-12 16:58:37,043 [ERROR] LogOutputStream:75 - [STDERR_REDIRECT] [Fatal Error] :1:1: Premature end of file.
2026-01-12 16:58:37,043 [ERROR] LogOutputStream:75 - [STDERR_REDIRECT] 
2026-01-12 16:58:37,073 [ERROR] LogOutputStream:75 - [STDERR_REDIRECT] [Fatal Error] :1:1: Premature end of file.
2026-01-12 16:58:37,073 [ERROR] LogOutputStream:75 - [STDERR_REDIRECT] 
2026-01-12 16:58:37,103 [ERROR] LogOutputStream:75 - [STDERR_REDIRECT] [Fatal Error] :1:1: Premature end of file.
2026-01-12 16:58:37,103 [ERROR] LogOutputStream:75 - [STDERR_REDIRECT] 
2026-01-12 16:58:37,133 [ERROR] LogOutputStream:75 - [STDERR_REDIRECT] [Fatal Error] :1:1: Premature end of file.
2026-01-12 16:58:37,133 [ERROR] LogOutputStream:75 - [STDERR_REDIRECT] 
2026-01-12 16:58:37,163 [ERROR] LogOutputStream:75 - [STDERR_REDIRECT] [Fatal Error] :1:1: Premature end of file.
2026-01-12 16:58:37,163 [ERROR] LogOutputStream:75 - [STDERR_REDIRECT] 
2026-01-12 16:58:37,193 [ERROR] LogOutputStream:75 - [STDERR_REDIRECT] [Fatal Error] :1:1: Premature end of file.
2026-01-12 16:58:37,193 [ERROR] LogOutputStream:75 - [STDERR_REDIRECT] 
2026-01-12 16:58:37,220 [ERROR] LogOutputStream:75 - [STDERR_REDIRECT] [Fatal Error] :1:1: Premature end of file.
2026-01-12 16:58:37,220 [ERROR] LogOutputStream:75 - [STDERR_REDIRECT] 
2026-01-12 16:58:37,247 [ERROR] LogOutputStream:75 - [STDERR_REDIRECT] [Fatal Error] :1:1: Premature end of file.
2026-01-12 16:58:37,247 [ERROR] LogOutputStream:75 - [STDERR_REDIRECT] 
2026-01-12 16:58:37,284 [ERROR] LogOutputStream:75 - [STDERR_REDIRECT] [Fatal Error] :1:1: Premature end of file.
2026-01-12 16:58:37,284 [ERROR] LogOutputStream:75 - [STDERR_REDIRECT] 
2026-01-12 16:58:37,313 [ERROR] LogOutputStream:75 - [STDERR_REDIRECT] [Fatal Error] :1:1: Premature end of file.
2026-01-12 16:58:37,313 [ERROR] LogOutputStream:75 - [STDERR_REDIRECT] 
2026-01-12 16:58:37,333 [ERROR] LogOutputStream:75 - [STDERR_REDIRECT] [Fatal Error] :1:1: Premature end of file.
2026-01-12 16:58:37,333 [ERROR] LogOutputStream:75 - [STDERR_REDIRECT] 
2026-01-12 16:58:37,365 [ERROR] LogOutputStream:75 - [STDERR_REDIRECT] [Fatal Error] :1:1: Premature end of file.
2026-01-12 16:58:37,365 [ERROR] LogOutputStream:75 - [STDERR_REDIRECT] 
2026-01-12 16:58:37,403 [ERROR] LogOutputStream:75 - [STDERR_REDIRECT] [Fatal Error] :1:1: Premature end of file.
2026-01-12 16:58:37,403 [ERROR] LogOutputStream:75 - [STDERR_REDIRECT] 
2026-01-12 16:58:37,432 [ERROR] LogOutputStream:75 - [STDERR_REDIRECT] [Fatal Error] :1:1: Premature end of file.
2026-01-12 16:58:37,432 [ERROR] LogOutputStream:75 - [STDERR_REDIRECT] 
2026-01-12 16:58:37,463 [ERROR] LogOutputStream:75 - [STDERR_REDIRECT] [Fatal Error] :1:1: Premature end of file.
2026-01-12 16:58:37,463 [ERROR] LogOutputStream:75 - [STDERR_REDIRECT] 
2026-01-12 16:58:37,497 [ERROR] LogOutputStream:75 - [STDERR_REDIRECT] [Fatal Error] :1:1: Premature end of file.
2026-01-12 16:58:37,497 [ERROR] LogOutputStream:75 - [STDERR_REDIRECT] 
2026-01-12 16:58:37,524 [ERROR] LogOutputStream:75 - [STDERR_REDIRECT] [Fatal Error] :1:1: Premature end of file.
2026-01-12 16:58:37,524 [ERROR] LogOutputStream:75 - [STDERR_REDIRECT] 
2026-01-12 16:58:37,556 [ERROR] LogOutputStream:75 - [STDERR_REDIRECT] [Fatal Error] :1:1: Premature end of file.
2026-01-12 16:58:37,556 [ERROR] LogOutputStream:75 - [STDERR_REDIRECT] 
2026-01-12 16:58:38,623 [ERROR] LogOutputStream:75 - [STDERR_REDIRECT] [Fatal Error] :1:1: Premature end of file.
2026-01-12 16:58:38,623 [ERROR] LogOutputStream:75 - [STDERR_REDIRECT] 
2026-01-12 16:58:40,523 [ERROR] LogOutputStream:75 - [STDERR_REDIRECT] [Fatal Error] :1:1: Premature end of file.
2026-01-12 16:58:40,523 [ERROR] LogOutputStream:75 - [STDERR_REDIRECT] 
2026-01-12 16:58:40,595 [ERROR] LogOutputStream:75 - [STDERR_REDIRECT] [Fatal Error] :1:1: Premature end of file.
2026-01-12 16:58:40,595 [ERROR] LogOutputStream:75 - [STDERR_REDIRECT] 
2026-01-12 16:58:40,664 [ERROR] LogOutputStream:75 - [STDERR_REDIRECT] [Fatal Error] :1:1: Premature end of file.
2026-01-12 16:58:40,664 [ERROR] LogOutputStream:75 - [STDERR_REDIRECT] 
2026-01-12 16:58:40,709 [ERROR] LogOutputStream:75 - [STDERR_REDIRECT] [Fatal Error] :1:1: Premature end of file.
2026-01-12 16:58:40,709 [ERROR] LogOutputStream:75 - [STDERR_REDIRECT] 
2026-01-12 16:58:40,753 [ERROR] LogOutputStream:75 - [STDERR_REDIRECT] [Fatal Error] :1:1: Premature end of file.
2026-01-12 16:58:40,753 [ERROR] LogOutputStream:75 - [STDERR_REDIRECT] 
2026-01-12 16:58:40,790 [ERROR] LogOutputStream:75 - [STDERR_REDIRECT] [Fatal Error] :1:1: Premature end of file.
2026-01-12 16:58:40,790 [ERROR] LogOutputStream:75 - [STDERR_REDIRECT] 
2026-01-12 16:58:40,826 [ERROR] LogOutputStream:75 - [STDERR_REDIRECT] [Fatal Error] :1:1: Premature end of file.
2026-01-12 16:58:40,828 [ERROR] LogOutputStream:75 - [STDERR_REDIRECT] 
2026-01-12 16:58:40,864 [ERROR] LogOutputStream:75 - [STDERR_REDIRECT] [Fatal Error] :1:1: Premature end of file.
2026-01-12 16:58:40,866 [ERROR] LogOutputStream:75 - [STDERR_REDIRECT] 
2026-01-12 16:58:40,903 [ERROR] LogOutputStream:75 - [STDERR_REDIRECT] [Fatal Error] :1:1: Premature end of file.
2026-01-12 16:58:40,905 [ERROR] LogOutputStream:75 - [STDERR_REDIRECT] 
2026-01-12 16:58:40,943 [ERROR] LogOutputStream:75 - [STDERR_REDIRECT] [Fatal Error] :1:1: Premature end of file.
2026-01-12 16:58:40,943 [ERROR] LogOutputStream:75 - [STDERR_REDIRECT] 
2026-01-12 16:58:40,981 [ERROR] LogOutputStream:75 - [STDERR_REDIRECT] [Fatal Error] :1:1: Premature end of file.
2026-01-12 16:58:40,981 [ERROR] LogOutputStream:75 - [STDERR_REDIRECT] 
2026-01-12 16:58:41,019 [ERROR] LogOutputStream:75 - [STDERR_REDIRECT] [Fatal Error] :1:1: Premature end of file.
2026-01-12 16:58:41,019 [ERROR] LogOutputStream:75 - [STDERR_REDIRECT] 
2026-01-12 16:58:41,054 [ERROR] LogOutputStream:75 - [STDERR_REDIRECT] [Fatal Error] :1:1: Premature end of file.
2026-01-12 16:58:41,054 [ERROR] LogOutputStream:75 - [STDERR_REDIRECT] 
2026-01-12 16:58:41,093 [ERROR] LogOutputStream:75 - [STDERR_REDIRECT] [Fatal Error] :1:1: Premature end of file.
2026-01-12 16:58:41,093 [ERROR] LogOutputStream:75 - [STDERR_REDIRECT] 
2026-01-12 16:58:41,127 [ERROR] LogOutputStream:75 - [STDERR_REDIRECT] [Fatal Error] :1:1: Premature end of file.
2026-01-12 16:58:41,127 [ERROR] LogOutputStream:75 - [STDERR_REDIRECT] 
2026-01-12 16:58:41,161 [ERROR] LogOutputStream:75 - [STDERR_REDIRECT] [Fatal Error] :1:1: Premature end of file.
2026-01-12 16:58:41,161 [ERROR] LogOutputStream:75 - [STDERR_REDIRECT] 
2026-01-12 16:58:41,191 [ERROR] LogOutputStream:75 - [STDERR_REDIRECT] [Fatal Error] :1:1: Premature end of file.
2026-01-12 16:58:41,191 [ERROR] LogOutputStream:75 - [STDERR_REDIRECT] 
2026-01-12 16:58:41,219 [ERROR] LogOutputStream:75 - [STDERR_REDIRECT] [Fatal Error] :1:1: Premature end of file.
2026-01-12 16:58:41,219 [ERROR] LogOutputStream:75 - [STDERR_REDIRECT] 
2026-01-12 16:58:41,238 [ERROR] LogOutputStream:75 - [STDERR_REDIRECT] [Fatal Error] :1:1: Premature end of file.
2026-01-12 16:58:41,238 [ERROR] LogOutputStream:75 - [STDERR_REDIRECT] 
2026-01-12 16:58:41,274 [ERROR] LogOutputStream:75 - [STDERR_REDIRECT] [Fatal Error] :1:1: Premature end of file.
2026-01-12 16:58:41,274 [ERROR] LogOutputStream:75 - [STDERR_REDIRECT] 
2026-01-12 16:58:41,305 [ERROR] LogOutputStream:75 - [STDERR_REDIRECT] [Fatal Error] :1:1: Premature end of file.
2026-01-12 16:58:41,305 [ERROR] LogOutputStream:75 - [STDERR_REDIRECT] 
2026-01-12 16:58:41,333 [ERROR] LogOutputStream:75 - [STDERR_REDIRECT] [Fatal Error] :1:1: Premature end of file.
2026-01-12 16:58:41,333 [ERROR] LogOutputStream:75 - [STDERR_REDIRECT] 
2026-01-12 16:58:41,373 [ERROR] LogOutputStream:75 - [STDERR_REDIRECT] [Fatal Error] :1:1: Premature end of file.
2026-01-12 16:58:41,373 [ERROR] LogOutputStream:75 - [STDERR_REDIRECT] 
2026-01-12 16:58:41,398 [ERROR] LogOutputStream:75 - [STDERR_REDIRECT] [Fatal Error] :1:1: Premature end of file.
2026-01-12 16:58:41,398 [ERROR] LogOutputStream:75 - [STDERR_REDIRECT] 
2026-01-12 16:58:41,428 [ERROR] LogOutputStream:75 - [STDERR_REDIRECT] [Fatal Error] :1:1: Premature end of file.
2026-01-12 16:58:41,428 [ERROR] LogOutputStream:75 - [STDERR_REDIRECT] 
2026-01-12 16:58:41,460 [ERROR] LogOutputStream:75 - [STDERR_REDIRECT] [Fatal Error] :1:1: Premature end of file.
2026-01-12 16:58:41,460 [ERROR] LogOutputStream:75 - [STDERR_REDIRECT] 
2026-01-12 16:58:41,492 [ERROR] LogOutputStream:75 - [STDERR_REDIRECT] [Fatal Error] :1:1: Premature end of file.
2026-01-12 16:58:41,492 [ERROR] LogOutputStream:75 - [STDERR_REDIRECT] 
2026-01-12 16:58:41,514 [ERROR] LogOutputStream:75 - [STDERR_REDIRECT] [Fatal Error] :1:1: Premature end of file.
2026-01-12 16:58:41,514 [ERROR] LogOutputStream:75 - [STDERR_REDIRECT] 
2026-01-12 16:58:41,539 [ERROR] LogOutputStream:75 - [STDERR_REDIRECT] [Fatal Error] :1:1: Premature end of file.
2026-01-12 16:58:41,539 [ERROR] LogOutputStream:75 - [STDERR_REDIRECT] 
2026-01-12 16:58:41,570 [ERROR] LogOutputStream:75 - [STDERR_REDIRECT] [Fatal Error] :1:1: Premature end of file.
2026-01-12 16:58:41,570 [ERROR] LogOutputStream:75 - [STDERR_REDIRECT] 
2026-01-12 16:58:41,602 [ERROR] LogOutputStream:75 - [STDERR_REDIRECT] [Fatal Error] :1:1: Premature end of file.
2026-01-12 16:58:41,602 [ERROR] LogOutputStream:75 - [STDERR_REDIRECT] 
