14:25:29 **** Incremental Build of configuration Debug for project SPI2_MDA_Chain_2_Sensor ****
make -j8 all 
arm-none-eabi-gcc "../Core/Src/main.c" -mcpu=cortex-m33 -std=gnu11 -g3 -DDEBUG -DUSE_HAL_DRIVER -DSTM32U585xx -c -I../Core/Inc -I../Drivers/STM32U5xx_HAL_Driver/Inc -I../Drivers/STM32U5xx_HAL_Driver/Inc/Legacy -I../Drivers/CMSIS/Device/ST/STM32U5xx/Include -I../Drivers/CMSIS/Include -O0 -ffunction-sections -fdata-sections -Wall -fstack-usage -fcyclomatic-complexity -MMD -MP -MF"Core/Src/main.d" -MT"Core/Src/main.o" --specs=nano.specs -mfpu=fpv5-sp-d16 -mfloat-abi=hard -mthumb -o "Core/Src/main.o"
arm-none-eabi-gcc -o "SPI2_MDA_Chain_2_Sensor.elf" @"objects.list"   -mcpu=cortex-m33 -T"C:\Users\kerem\STM32CubeIDE\workspace_1.19.0\WorkSpaceSteval\Steval_Anomaly\SPI2_MDA_Chain_2_Sensor\STM32U585AIIXQ_FLASH.ld" --specs=nosys.specs -Wl,-Map="SPI2_MDA_Chain_2_Sensor.map" -Wl,--gc-sections -static --specs=nano.specs -mfpu=fpv5-sp-d16 -mfloat-abi=hard -mthumb -Wl,--start-group -lc -lm -Wl,--end-group
Finished building target: SPI2_MDA_Chain_2_Sensor.elf
 
arm-none-eabi-size  SPI2_MDA_Chain_2_Sensor.elf 
arm-none-eabi-objdump -h -S SPI2_MDA_Chain_2_Sensor.elf  > "SPI2_MDA_Chain_2_Sensor.list"
   text	   data	    bss	    dec	    hex	filename
  42739	     92	   5396	  48227	   bc63	SPI2_MDA_Chain_2_Sensor.elf
Finished building: default.size.stdout
 
Finished building: SPI2_MDA_Chain_2_Sensor.list
 
08:12:47 **** Incremental Build of configuration Debug for project SPI2_MDA_Chain_2_Sensor ****
make -j8 all 
arm-none-eabi-gcc "../Core/Src/main.c" -mcpu=cortex-m33 -std=gnu11 -g3 -DDEBUG -DUSE_HAL_DRIVER -DSTM32U585xx -c -I../Core/Inc -I../Drivers/STM32U5xx_HAL_Driver/Inc -I../Drivers/STM32U5xx_HAL_Driver/Inc/Legacy -I../Drivers/CMSIS/Device/ST/STM32U5xx/Include -I../Drivers/CMSIS/Include -O0 -ffunction-sections -fdata-sections -Wall -fstack-usage -fcyclomatic-complexity -MMD -MP -MF"Core/Src/main.d" -MT"Core/Src/main.o" --specs=nano.specs -mfpu=fpv5-sp-d16 -mfloat-abi=hard -mthumb -o "Core/Src/main.o"
../Core/Src/main.c:499:1: warning: "/*" within comment [-Wcomment]
  499 | /**
      |  
../Core/Src/main.c:632:5: error: stray '@' in program
  632 |   * @brief USART2 Initialization Function
      |     ^
In file included from ../Drivers/CMSIS/Device/ST/STM32U5xx/Include/stm32u5xx.h:114,
                 from ../Drivers/STM32U5xx_HAL_Driver/Inc/stm32u5xx_hal_def.h:33,
                 from ../Drivers/STM32U5xx_HAL_Driver/Inc/stm32u5xx_hal_rcc.h:28,
                 from ../Core/Inc/stm32u5xx_hal_conf.h:264,
                 from ../Drivers/STM32U5xx_HAL_Driver/Inc/stm32u5xx_hal.h:29,
                 from ../Core/Inc/main.h:30,
                 from ../Core/Src/main.c:20:
../Drivers/CMSIS/Device/ST/STM32U5xx/Include/stm32u585xx.h:2202:33: error: expected declaration specifiers or '...' before '(' token
 2202 | #define USART2_NS              ((USART_TypeDef *) USART2_BASE_NS)
      |                                 ^
../Drivers/CMSIS/Device/ST/STM32U5xx/Include/stm32u585xx.h:3247:40: note: in expansion of macro 'USART2_NS'
 3247 | #define USART2                         USART2_NS
      |                                        ^~~~~~~~~
../Core/Src/main.c:632:12: note: in expansion of macro 'USART2'
  632 |   * @brief USART2 Initialization Function
      |            ^~~~~~
../Core/Src/main.c:633:5: error: stray '@' in program
  633 |   * @param None
      |     ^
../Core/Src/main.c:634:5: error: stray '@' in program
  634 |   * @retval None
      |     ^
../Core/Src/main.c:154:13: warning: 'MX_USART2_UART_Init' used but never defined
  154 | static void MX_USART2_UART_Init(void);
      |             ^~~~~~~~~~~~~~~~~~~
../Core/Src/main.c:504:13: warning: 'MX_SDMMC1_SD_Init' defined but not used [-Wunused-function]
  504 | static void MX_SDMMC1_SD_Init(void)
      |             ^~~~~~~~~~~~~~~~~
make: *** [Core/Src/subdir.mk:34: Core/Src/main.o] Error 1
"make -j8 all" terminated with exit code 2. Build might be incomplete.
08:13:38 **** Incremental Build of configuration Debug for project SPI2_MDA_Chain_2_Sensor ****
make -j8 all 
arm-none-eabi-gcc "../Core/Src/main.c" -mcpu=cortex-m33 -std=gnu11 -g3 -DDEBUG -DUSE_HAL_DRIVER -DSTM32U585xx -c -I../Core/Inc -I../Drivers/STM32U5xx_HAL_Driver/Inc -I../Drivers/STM32U5xx_HAL_Driver/Inc/Legacy -I../Drivers/CMSIS/Device/ST/STM32U5xx/Include -I../Drivers/CMSIS/Include -O0 -ffunction-sections -fdata-sections -Wall -fstack-usage -fcyclomatic-complexity -MMD -MP -MF"Core/Src/main.d" -MT"Core/Src/main.o" --specs=nano.specs -mfpu=fpv5-sp-d16 -mfloat-abi=hard -mthumb -o "Core/Src/main.o"
../Core/Src/main.c:499:1: warning: "/*" within comment [-Wcomment]
  499 | /**
      |  
../Core/Src/main.c:504:13: warning: 'MX_SDMMC1_SD_Init' defined but not used [-Wunused-function]
  504 | static void MX_SDMMC1_SD_Init(void)
      |             ^~~~~~~~~~~~~~~~~
arm-none-eabi-gcc -o "SPI2_MDA_Chain_2_Sensor.elf" @"objects.list"   -mcpu=cortex-m33 -T"C:\Users\kerem\STM32CubeIDE\workspace_1.19.0\WorkSpaceSteval\Steval_Anomaly\SPI2_MDA_Chain_2_Sensor\STM32U585AIIXQ_FLASH.ld" --specs=nosys.specs -Wl,-Map="SPI2_MDA_Chain_2_Sensor.map" -Wl,--gc-sections -static --specs=nano.specs -mfpu=fpv5-sp-d16 -mfloat-abi=hard -mthumb -Wl,--start-group -lc -lm -Wl,--end-group
Finished building target: SPI2_MDA_Chain_2_Sensor.elf
 
arm-none-eabi-size  SPI2_MDA_Chain_2_Sensor.elf 
arm-none-eabi-objdump -h -S SPI2_MDA_Chain_2_Sensor.elf  > "SPI2_MDA_Chain_2_Sensor.list"
   text	   data	    bss	    dec	    hex	filename
  44315	     92	   5444	  49851	   c2bb	SPI2_MDA_Chain_2_Sensor.elf
Finished building: default.size.stdout
 
Finished building: SPI2_MDA_Chain_2_Sensor.list
 
08:17:23 **** Incremental Build of configuration Debug for project SPI2_MDA_Chain_2_Sensor ****
make -j8 all 
arm-none-eabi-gcc "../Core/Src/main.c" -mcpu=cortex-m33 -std=gnu11 -g3 -DDEBUG -DUSE_HAL_DRIVER -DSTM32U585xx -c -I../Core/Inc -I../Drivers/STM32U5xx_HAL_Driver/Inc -I../Drivers/STM32U5xx_HAL_Driver/Inc/Legacy -I../Drivers/CMSIS/Device/ST/STM32U5xx/Include -I../Drivers/CMSIS/Include -O0 -ffunction-sections -fdata-sections -Wall -fstack-usage -fcyclomatic-complexity -MMD -MP -MF"Core/Src/main.d" -MT"Core/Src/main.o" --specs=nano.specs -mfpu=fpv5-sp-d16 -mfloat-abi=hard -mthumb -o "Core/Src/main.o"
../Core/Src/main.c:499:13: warning: 'MX_SDMMC1_SD_Init' defined but not used [-Wunused-function]
  499 | static void MX_SDMMC1_SD_Init(void)
      |             ^~~~~~~~~~~~~~~~~
arm-none-eabi-gcc -o "SPI2_MDA_Chain_2_Sensor.elf" @"objects.list"   -mcpu=cortex-m33 -T"C:\Users\kerem\STM32CubeIDE\workspace_1.19.0\WorkSpaceSteval\Steval_Anomaly\SPI2_MDA_Chain_2_Sensor\STM32U585AIIXQ_FLASH.ld" --specs=nosys.specs -Wl,-Map="SPI2_MDA_Chain_2_Sensor.map" -Wl,--gc-sections -static --specs=nano.specs -mfpu=fpv5-sp-d16 -mfloat-abi=hard -mthumb -Wl,--start-group -lc -lm -Wl,--end-group
Finished building target: SPI2_MDA_Chain_2_Sensor.elf
 
arm-none-eabi-size  SPI2_MDA_Chain_2_Sensor.elf 
arm-none-eabi-objdump -h -S SPI2_MDA_Chain_2_Sensor.elf  > "SPI2_MDA_Chain_2_Sensor.list"
   text	   data	    bss	    dec	    hex	filename
  44315	     92	   5444	  49851	   c2bb	SPI2_MDA_Chain_2_Sensor.elf
Finished building: default.size.stdout
 
Finished building: SPI2_MDA_Chain_2_Sensor.list
 
09:28:38 **** Incremental Build of configuration Debug for project SPI2_MDA_Chain_2_Sensor ****
make -j8 all 
arm-none-eabi-gcc "../Core/Src/main.c" -mcpu=cortex-m33 -std=gnu11 -g3 -DDEBUG -DUSE_HAL_DRIVER -DSTM32U585xx -c -I../Core/Inc -I../Drivers/STM32U5xx_HAL_Driver/Inc -I../Drivers/STM32U5xx_HAL_Driver/Inc/Legacy -I../Drivers/CMSIS/Device/ST/STM32U5xx/Include -I../Drivers/CMSIS/Include -O0 -ffunction-sections -fdata-sections -Wall -fstack-usage -fcyclomatic-complexity -MMD -MP -MF"Core/Src/main.d" -MT"Core/Src/main.o" --specs=nano.specs -mfpu=fpv5-sp-d16 -mfloat-abi=hard -mthumb -o "Core/Src/main.o"
../Core/Src/main.c: In function 'main':
../Core/Src/main.c:251:19: warning: implicit declaration of function 'start_sensor_read'; did you mean 'start_sensor_read_chain'? [-Wimplicit-function-declaration]
  251 |                   start_sensor_read();              // Start the DMA read for the ISM330DHCX
      |                   ^~~~~~~~~~~~~~~~~
      |                   start_sensor_read_chain
../Core/Src/main.c: In function 'start_sensor_read_chain':
../Core/Src/main.c:1023:9: error: 'iis3dwb_tx_dma_buf' undeclared (first use in this function); did you mean 'ism330dhcx_tx_dma_buf'?
 1023 |         iis3dwb_tx_dma_buf[0] = 0x28 | 0x80; // OUTX_L_A (0x28) + Read Bit
      |         ^~~~~~~~~~~~~~~~~~
      |         ism330dhcx_tx_dma_buf
../Core/Src/main.c:1023:9: note: each undeclared identifier is reported only once for each function it appears in
../Core/Src/main.c:1028:69: error: 'iis3dwb_rx_dma_buf' undeclared (first use in this function); did you mean 'ism330dhcx_rx_dma_buf'?
 1028 |         if (HAL_SPI_TransmitReceive_DMA(&hspi2, iis3dwb_tx_dma_buf, iis3dwb_rx_dma_buf, IIS3DWB_DMA_LEN) != HAL_OK) {
      |                                                                     ^~~~~~~~~~~~~~~~~~
      |                                                                     ism330dhcx_rx_dma_buf
../Core/Src/main.c:1028:89: error: 'IIS3DWB_DMA_LEN' undeclared (first use in this function)
 1028 |         if (HAL_SPI_TransmitReceive_DMA(&hspi2, iis3dwb_tx_dma_buf, iis3dwb_rx_dma_buf, IIS3DWB_DMA_LEN) != HAL_OK) {
      |                                                                                         ^~~~~~~~~~~~~~~
../Core/Src/main.c: In function 'HAL_SPI_TxRxCpltCallback':
../Core/Src/main.c:1051:22: error: 'iis3dwb_rx_buffer' undeclared (first use in this function); did you mean 'ism330dhcx_rx_buffer'?
 1051 |               memcpy(iis3dwb_rx_buffer, &iis3dwb_rx_dma_buf[1], IIS3DWB_DATA_SIZE);
      |                      ^~~~~~~~~~~~~~~~~
      |                      ism330dhcx_rx_buffer
../Core/Src/main.c:1051:42: error: 'iis3dwb_rx_dma_buf' undeclared (first use in this function); did you mean 'ism330dhcx_rx_dma_buf'?
 1051 |               memcpy(iis3dwb_rx_buffer, &iis3dwb_rx_dma_buf[1], IIS3DWB_DATA_SIZE);
      |                                          ^~~~~~~~~~~~~~~~~~
      |                                          ism330dhcx_rx_dma_buf
../Core/Src/main.c:1051:65: error: 'IIS3DWB_DATA_SIZE' undeclared (first use in this function); did you mean 'IS_SPI_DATASIZE'?
 1051 |               memcpy(iis3dwb_rx_buffer, &iis3dwb_rx_dma_buf[1], IIS3DWB_DATA_SIZE);
      |                                                                 ^~~~~~~~~~~~~~~~~
      |                                                                 IS_SPI_DATASIZE
../Core/Src/main.c: At top level:
../Core/Src/main.c:469:13: warning: 'MX_SDMMC1_SD_Init' defined but not used [-Wunused-function]
  469 | static void MX_SDMMC1_SD_Init(void)
      |             ^~~~~~~~~~~~~~~~~
make: *** [Core/Src/subdir.mk:34: Core/Src/main.o] Error 1
"make -j8 all" terminated with exit code 2. Build might be incomplete.
09:30:44 **** Incremental Build of configuration Debug for project SPI2_MDA_Chain_2_Sensor ****
make -j8 all 
arm-none-eabi-gcc "../Core/Src/main.c" -mcpu=cortex-m33 -std=gnu11 -g3 -DDEBUG -DUSE_HAL_DRIVER -DSTM32U585xx -c -I../Core/Inc -I../Drivers/STM32U5xx_HAL_Driver/Inc -I../Drivers/STM32U5xx_HAL_Driver/Inc/Legacy -I../Drivers/CMSIS/Device/ST/STM32U5xx/Include -I../Drivers/CMSIS/Include -O0 -ffunction-sections -fdata-sections -Wall -fstack-usage -fcyclomatic-complexity -MMD -MP -MF"Core/Src/main.d" -MT"Core/Src/main.o" --specs=nano.specs -mfpu=fpv5-sp-d16 -mfloat-abi=hard -mthumb -o "Core/Src/main.o"
../Core/Src/main.c: In function 'main':
../Core/Src/main.c:251:19: warning: implicit declaration of function 'start_sensor_read'; did you mean 'start_sensor_read_chain'? [-Wimplicit-function-declaration]
  251 |                   start_sensor_read();              // Start the DMA read for the ISM330DHCX
      |                   ^~~~~~~~~~~~~~~~~
      |                   start_sensor_read_chain
../Core/Src/main.c: At top level:
../Core/Src/main.c:968:6: warning: conflicting types for 'start_sensor_read'; have 'void(void)'
  968 | void start_sensor_read(void) {
      |      ^~~~~~~~~~~~~~~~~
../Core/Src/main.c:251:19: note: previous implicit declaration of 'start_sensor_read' with type 'void(void)'
  251 |                   start_sensor_read();              // Start the DMA read for the ISM330DHCX
      |                   ^~~~~~~~~~~~~~~~~
../Core/Src/main.c:469:13: warning: 'MX_SDMMC1_SD_Init' defined but not used [-Wunused-function]
  469 | static void MX_SDMMC1_SD_Init(void)
      |             ^~~~~~~~~~~~~~~~~
arm-none-eabi-gcc -o "SPI2_MDA_Chain_2_Sensor.elf" @"objects.list"   -mcpu=cortex-m33 -T"C:\Users\kerem\STM32CubeIDE\workspace_1.19.0\WorkSpaceSteval\Steval_Anomaly\SPI2_MDA_Chain_2_Sensor\STM32U585AIIXQ_FLASH.ld" --specs=nosys.specs -Wl,-Map="SPI2_MDA_Chain_2_Sensor.map" -Wl,--gc-sections -static --specs=nano.specs -mfpu=fpv5-sp-d16 -mfloat-abi=hard -mthumb -Wl,--start-group -lc -lm -Wl,--end-group
C:/ST/STM32CubeIDE_1.19.0/STM32CubeIDE/plugins/com.st.stm32cube.ide.mcu.externaltools.gnu-tools-for-stm32.13.3.rel1.win32_1.0.0.202411081344/tools/bin/../lib/gcc/arm-none-eabi/13.3.1/../../../../arm-none-eabi/bin/ld.exe: ./Core/Src/main.o: in function `main':
C:/Users/kerem/STM32CubeIDE/workspace_1.19.0/WorkSpaceSteval/Steval_Anomaly/SPI2_MDA_Chain_2_Sensor/Debug/../Core/Src/main.c:233:(.text.main+0x32): undefined reference to `start_sensor_read_chain'
collect2.exe: error: ld returned 1 exit status
make: *** [makefile:64: SPI2_MDA_Chain_2_Sensor.elf] Error 1
"make -j8 all" terminated with exit code 2. Build might be incomplete.
09:31:40 **** Incremental Build of configuration Debug for project SPI2_MDA_Chain_2_Sensor ****
make -j8 all 
arm-none-eabi-gcc "../Core/Src/main.c" -mcpu=cortex-m33 -std=gnu11 -g3 -DDEBUG -DUSE_HAL_DRIVER -DSTM32U585xx -c -I../Core/Inc -I../Drivers/STM32U5xx_HAL_Driver/Inc -I../Drivers/STM32U5xx_HAL_Driver/Inc/Legacy -I../Drivers/CMSIS/Device/ST/STM32U5xx/Include -I../Drivers/CMSIS/Include -O0 -ffunction-sections -fdata-sections -Wall -fstack-usage -fcyclomatic-complexity -MMD -MP -MF"Core/Src/main.d" -MT"Core/Src/main.o" --specs=nano.specs -mfpu=fpv5-sp-d16 -mfloat-abi=hard -mthumb -o "Core/Src/main.o"
../Core/Src/main.c: In function 'main':
../Core/Src/main.c:234:59: warning: implicit declaration of function 'start_sensor_read_chain'; did you mean 'start_sensor_read'? [-Wimplicit-function-declaration]
  234 |                                                           start_sensor_read_chain();
      |                                                           ^~~~~~~~~~~~~~~~~~~~~~~
      |                                                           start_sensor_read
../Core/Src/main.c: At top level:
../Core/Src/main.c:470:13: warning: 'MX_SDMMC1_SD_Init' defined but not used [-Wunused-function]
  470 | static void MX_SDMMC1_SD_Init(void)
      |             ^~~~~~~~~~~~~~~~~
arm-none-eabi-gcc -o "SPI2_MDA_Chain_2_Sensor.elf" @"objects.list"   -mcpu=cortex-m33 -T"C:\Users\kerem\STM32CubeIDE\workspace_1.19.0\WorkSpaceSteval\Steval_Anomaly\SPI2_MDA_Chain_2_Sensor\STM32U585AIIXQ_FLASH.ld" --specs=nosys.specs -Wl,-Map="SPI2_MDA_Chain_2_Sensor.map" -Wl,--gc-sections -static --specs=nano.specs -mfpu=fpv5-sp-d16 -mfloat-abi=hard -mthumb -Wl,--start-group -lc -lm -Wl,--end-group
C:/ST/STM32CubeIDE_1.19.0/STM32CubeIDE/plugins/com.st.stm32cube.ide.mcu.externaltools.gnu-tools-for-stm32.13.3.rel1.win32_1.0.0.202411081344/tools/bin/../lib/gcc/arm-none-eabi/13.3.1/../../../../arm-none-eabi/bin/ld.exe: ./Core/Src/main.o: in function `main':
C:/Users/kerem/STM32CubeIDE/workspace_1.19.0/WorkSpaceSteval/Steval_Anomaly/SPI2_MDA_Chain_2_Sensor/Debug/../Core/Src/main.c:234:(.text.main+0x32): undefined reference to `start_sensor_read_chain'
collect2.exe: error: ld returned 1 exit status
make: *** [makefile:64: SPI2_MDA_Chain_2_Sensor.elf] Error 1
"make -j8 all" terminated with exit code 2. Build might be incomplete.
09:32:08 **** Incremental Build of configuration Debug for project SPI2_MDA_Chain_2_Sensor ****
make -j8 all 
arm-none-eabi-gcc "../Core/Src/main.c" -mcpu=cortex-m33 -std=gnu11 -g3 -DDEBUG -DUSE_HAL_DRIVER -DSTM32U585xx -c -I../Core/Inc -I../Drivers/STM32U5xx_HAL_Driver/Inc -I../Drivers/STM32U5xx_HAL_Driver/Inc/Legacy -I../Drivers/CMSIS/Device/ST/STM32U5xx/Include -I../Drivers/CMSIS/Include -O0 -ffunction-sections -fdata-sections -Wall -fstack-usage -fcyclomatic-complexity -MMD -MP -MF"Core/Src/main.d" -MT"Core/Src/main.o" --specs=nano.specs -mfpu=fpv5-sp-d16 -mfloat-abi=hard -mthumb -o "Core/Src/main.o"
../Core/Src/main.c:470:13: warning: 'MX_SDMMC1_SD_Init' defined but not used [-Wunused-function]
  470 | static void MX_SDMMC1_SD_Init(void)
      |             ^~~~~~~~~~~~~~~~~
arm-none-eabi-gcc -o "SPI2_MDA_Chain_2_Sensor.elf" @"objects.list"   -mcpu=cortex-m33 -T"C:\Users\kerem\STM32CubeIDE\workspace_1.19.0\WorkSpaceSteval\Steval_Anomaly\SPI2_MDA_Chain_2_Sensor\STM32U585AIIXQ_FLASH.ld" --specs=nosys.specs -Wl,-Map="SPI2_MDA_Chain_2_Sensor.map" -Wl,--gc-sections -static --specs=nano.specs -mfpu=fpv5-sp-d16 -mfloat-abi=hard -mthumb -Wl,--start-group -lc -lm -Wl,--end-group
Finished building target: SPI2_MDA_Chain_2_Sensor.elf
 
arm-none-eabi-size  SPI2_MDA_Chain_2_Sensor.elf 
arm-none-eabi-objdump -h -S SPI2_MDA_Chain_2_Sensor.elf  > "SPI2_MDA_Chain_2_Sensor.list"
   text	   data	    bss	    dec	    hex	filename
  43479	     92	   4620	  48191	   bc3f	SPI2_MDA_Chain_2_Sensor.elf
Finished building: default.size.stdout
 
Finished building: SPI2_MDA_Chain_2_Sensor.list
 
09:39:11 **** Incremental Build of configuration Debug for project SPI2_MDA_Chain_2_Sensor ****
make -j8 all 
arm-none-eabi-gcc "../Core/Src/main.c" -mcpu=cortex-m33 -std=gnu11 -g3 -DDEBUG -DUSE_HAL_DRIVER -DSTM32U585xx -c -I../Core/Inc -I../Drivers/STM32U5xx_HAL_Driver/Inc -I../Drivers/STM32U5xx_HAL_Driver/Inc/Legacy -I../Drivers/CMSIS/Device/ST/STM32U5xx/Include -I../Drivers/CMSIS/Include -O0 -ffunction-sections -fdata-sections -Wall -fstack-usage -fcyclomatic-complexity -MMD -MP -MF"Core/Src/main.d" -MT"Core/Src/main.o" --specs=nano.specs -mfpu=fpv5-sp-d16 -mfloat-abi=hard -mthumb -o "Core/Src/main.o"
arm-none-eabi-gcc -o "SPI2_MDA_Chain_2_Sensor.elf" @"objects.list"   -mcpu=cortex-m33 -T"C:\Users\kerem\STM32CubeIDE\workspace_1.19.0\WorkSpaceSteval\Steval_Anomaly\SPI2_MDA_Chain_2_Sensor\STM32U585AIIXQ_FLASH.ld" --specs=nosys.specs -Wl,-Map="SPI2_MDA_Chain_2_Sensor.map" -Wl,--gc-sections -static --specs=nano.specs -mfpu=fpv5-sp-d16 -mfloat-abi=hard -mthumb -Wl,--start-group -lc -lm -Wl,--end-group
Finished building target: SPI2_MDA_Chain_2_Sensor.elf
 
arm-none-eabi-size  SPI2_MDA_Chain_2_Sensor.elf 
arm-none-eabi-objdump -h -S SPI2_MDA_Chain_2_Sensor.elf  > "SPI2_MDA_Chain_2_Sensor.list"
   text	   data	    bss	    dec	    hex	filename
  50703	     92	   4740	  55535	   d8ef	SPI2_MDA_Chain_2_Sensor.elf
Finished building: default.size.stdout
 
Finished building: SPI2_MDA_Chain_2_Sensor.list
 
09:39:24 **** Incremental Build of configuration Debug for project SPI2_MDA_Chain_2_Sensor ****
make -j8 all 
arm-none-eabi-size  SPI2_MDA_Chain_2_Sensor.elf 
   text	   data	    bss	    dec	    hex	filename
  50703	     92	   4740	  55535	   d8ef	SPI2_MDA_Chain_2_Sensor.elf
Finished building: default.size.stdout
 
09:42:46 **** Incremental Build of configuration Debug for project SPI2_MDA_Chain_2_Sensor ****
make -j8 all 
arm-none-eabi-size  SPI2_MDA_Chain_2_Sensor.elf 
   text	   data	    bss	    dec	    hex	filename
  50703	     92	   4740	  55535	   d8ef	SPI2_MDA_Chain_2_Sensor.elf
Finished building: default.size.stdout
 
10:19:04 **** Clean-only build of configuration Debug for project SPI2_MDA_Chain_2_Sensor ****
make -j8 clean 
rm -rf ./Drivers/STM32U5xx_HAL_Driver/Src/stm32u5xx_hal.cyclo ./Drivers/STM32U5xx_HAL_Driver/Src/stm32u5xx_hal.d ./Drivers/STM32U5xx_HAL_Driver/Src/stm32u5xx_hal.o ./Drivers/STM32U5xx_HAL_Driver/Src/stm32u5xx_hal.su ./Drivers/STM32U5xx_HAL_Driver/Src/stm32u5xx_hal_adc.cyclo ./Drivers/STM32U5xx_HAL_Driver/Src/stm32u5xx_hal_adc.d ./Drivers/STM32U5xx_HAL_Driver/Src/stm32u5xx_hal_adc.o ./Drivers/STM32U5xx_HAL_Driver/Src/stm32u5xx_hal_adc.su ./Drivers/STM32U5xx_HAL_Driver/Src/stm32u5xx_hal_adc_ex.cyclo ./Drivers/STM32U5xx_HAL_Driver/Src/stm32u5xx_hal_adc_ex.d ./Drivers/STM32U5xx_HAL_Driver/Src/stm32u5xx_hal_adc_ex.o ./Drivers/STM32U5xx_HAL_Driver/Src/stm32u5xx_hal_adc_ex.su ./Drivers/STM32U5xx_HAL_Driver/Src/stm32u5xx_hal_cortex.cyclo ./Drivers/STM32U5xx_HAL_Driver/Src/stm32u5xx_hal_cortex.d ./Drivers/STM32U5xx_HAL_Driver/Src/stm32u5xx_hal_cortex.o ./Drivers/STM32U5xx_HAL_Driver/Src/stm32u5xx_hal_cortex.su ./Drivers/STM32U5xx_HAL_Driver/Src/stm32u5xx_hal_dac.cyclo ./Drivers/STM32U5xx_HAL_Driver/Src/stm32u5xx_hal_dac.d ./Drivers/STM32U5xx_HAL_Driver/Src/stm32u5xx_hal_dac.o ./Drivers/STM32U5xx_HAL_Driver/Src/stm32u5xx_hal_dac.su ./Drivers/STM32U5xx_HAL_Driver/Src/stm32u5xx_hal_dac_ex.cyclo ./Drivers/STM32U5xx_HAL_Driver/Src/stm32u5xx_hal_dac_ex.d ./Drivers/STM32U5xx_HAL_Driver/Src/stm32u5xx_hal_dac_ex.o ./Drivers/STM32U5xx_HAL_Driver/Src/stm32u5xx_hal_dac_ex.su ./Drivers/STM32U5xx_HAL_Driver/Src/stm32u5xx_hal_dma.cyclo ./Drivers/STM32U5xx_HAL_Driver/Src/stm32u5xx_hal_dma.d ./Drivers/STM32U5xx_HAL_Driver/Src/stm32u5xx_hal_dma.o ./Drivers/STM32U5xx_HAL_Driver/Src/stm32u5xx_hal_dma.su ./Drivers/STM32U5xx_HAL_Driver/Src/stm32u5xx_hal_dma_ex.cyclo ./Drivers/STM32U5xx_HAL_Driver/Src/stm32u5xx_hal_dma_ex.d ./Drivers/STM32U5xx_HAL_Driver/Src/stm32u5xx_hal_dma_ex.o ./Drivers/STM32U5xx_HAL_Driver/Src/stm32u5xx_hal_dma_ex.su ./Drivers/STM32U5xx_HAL_Driver/Src/stm32u5xx_hal_exti.cyclo ./Drivers/STM32U5xx_HAL_Driver/Src/stm32u5xx_hal_exti.d ./Drivers/STM32U5xx_HAL_Driver/Src/stm32u5xx_hal_exti.o ./Drivers/STM32U5xx_HAL_Driver/Src/stm32u5xx_hal_exti.su ./Drivers/STM32U5xx_HAL_Driver/Src/stm32u5xx_hal_flash.cyclo ./Drivers/STM32U5xx_HAL_Driver/Src/stm32u5xx_hal_flash.d ./Drivers/STM32U5xx_HAL_Driver/Src/stm32u5xx_hal_flash.o ./Drivers/STM32U5xx_HAL_Driver/Src/stm32u5xx_hal_flash.su ./Drivers/STM32U5xx_HAL_Driver/Src/stm32u5xx_hal_flash_ex.cyclo ./Drivers/STM32U5xx_HAL_Driver/Src/stm32u5xx_hal_flash_ex.d ./Drivers/STM32U5xx_HAL_Driver/Src/stm32u5xx_hal_flash_ex.o ./Drivers/STM32U5xx_HAL_Driver/Src/stm32u5xx_hal_flash_ex.su ./Drivers/STM32U5xx_HAL_Driver/Src/stm32u5xx_hal_gpio.cyclo ./Drivers/STM32U5xx_HAL_Driver/Src/stm32u5xx_hal_gpio.d ./Drivers/STM32U5xx_HAL_Driver/Src/stm32u5xx_hal_gpio.o ./Drivers/STM32U5xx_HAL_Driver/Src/stm32u5xx_hal_gpio.su ./Drivers/STM32U5xx_HAL_Driver/Src/stm32u5xx_hal_gtzc.cyclo ./Drivers/STM32U5xx_HAL_Driver/Src/stm32u5xx_hal_gtzc.d ./Drivers/STM32U5xx_HAL_Driver/Src/stm32u5xx_hal_gtzc.o ./Drivers/STM32U5xx_HAL_Driver/Src/stm32u5xx_hal_gtzc.su ./Drivers/STM32U5xx_HAL_Driver/Src/stm32u5xx_hal_i2c.cyclo ./Drivers/STM32U5xx_HAL_Driver/Src/stm32u5xx_hal_i2c.d ./Drivers/STM32U5xx_HAL_Driver/Src/stm32u5xx_hal_i2c.o ./Drivers/STM32U5xx_HAL_Driver/Src/stm32u5xx_hal_i2c.su ./Drivers/STM32U5xx_HAL_Driver/Src/stm32u5xx_hal_i2c_ex.cyclo ./Drivers/STM32U5xx_HAL_Driver/Src/stm32u5xx_hal_i2c_ex.d ./Drivers/STM32U5xx_HAL_Driver/Src/stm32u5xx_hal_i2c_ex.o ./Drivers/STM32U5xx_HAL_Driver/Src/stm32u5xx_hal_i2c_ex.su ./Drivers/STM32U5xx_HAL_Driver/Src/stm32u5xx_hal_icache.cyclo ./Drivers/STM32U5xx_HAL_Driver/Src/stm32u5xx_hal_icache.d ./Drivers/STM32U5xx_HAL_Driver/Src/stm32u5xx_hal_icache.o ./Drivers/STM32U5xx_HAL_Driver/Src/stm32u5xx_hal_icache.su ./Drivers/STM32U5xx_HAL_Driver/Src/stm32u5xx_hal_mdf.cyclo ./Drivers/STM32U5xx_HAL_Driver/Src/stm32u5xx_hal_mdf.d ./Drivers/STM32U5xx_HAL_Driver/Src/stm32u5xx_hal_mdf.o ./Drivers/STM32U5xx_HAL_Driver/Src/stm32u5xx_hal_mdf.su ./Drivers/STM32U5xx_HAL_Driver/Src/stm32u5xx_hal_mmc.cyclo ./Drivers/STM32U5xx_HAL_Driver/Src/stm32u5xx_hal_mmc.d ./Drivers/STM32U5xx_HAL_Driver/Src/stm32u5xx_hal_mmc.o ./Drivers/STM32U5xx_HAL_Driver/Src/stm32u5xx_hal_mmc.su ./Drivers/STM32U5xx_HAL_Driver/Src/stm32u5xx_hal_mmc_ex.cyclo ./Drivers/STM32U5xx_HAL_Driver/Src/stm32u5xx_hal_mmc_ex.d ./Drivers/STM32U5xx_HAL_Driver/Src/stm32u5xx_hal_mmc_ex.o ./Drivers/STM32U5xx_HAL_Driver/Src/stm32u5xx_hal_mmc_ex.su ./Drivers/STM32U5xx_HAL_Driver/Src/stm32u5xx_hal_pcd.cyclo ./Drivers/STM32U5xx_HAL_Driver/Src/stm32u5xx_hal_pcd.d ./Drivers/STM32U5xx_HAL_Driver/Src/stm32u5xx_hal_pcd.o ./Drivers/STM32U5xx_HAL_Driver/Src/stm32u5xx_hal_pcd.su ./Drivers/STM32U5xx_HAL_Driver/Src/stm32u5xx_hal_pcd_ex.cyclo ./Drivers/STM32U5xx_HAL_Driver/Src/stm32u5xx_hal_pcd_ex.d ./Drivers/STM32U5xx_HAL_Driver/Src/stm32u5xx_hal_pcd_ex.o ./Drivers/STM32U5xx_HAL_Driver/Src/stm32u5xx_hal_pcd_ex.su ./Drivers/STM32U5xx_HAL_Driver/Src/stm32u5xx_hal_pwr.cyclo ./Drivers/STM32U5xx_HAL_Driver/Src/stm32u5xx_hal_pwr.d ./Drivers/STM32U5xx_HAL_Driver/Src/stm32u5xx_hal_pwr.o ./Drivers/STM32U5xx_HAL_Driver/Src/stm32u5xx_hal_pwr.su ./Drivers/STM32U5xx_HAL_Driver/Src/stm32u5xx_hal_pwr_ex.cyclo ./Drivers/STM32U5xx_HAL_Driver/Src/stm32u5xx_hal_pwr_ex.d ./Drivers/STM32U5xx_HAL_Driver/Src/stm32u5xx_hal_pwr_ex.o ./Drivers/STM32U5xx_HAL_Driver/Src/stm32u5xx_hal_pwr_ex.su ./Drivers/STM32U5xx_HAL_Driver/Src/stm32u5xx_hal_rcc.cyclo ./Drivers/STM32U5xx_HAL_Driver/Src/stm32u5xx_hal_rcc.d ./Drivers/STM32U5xx_HAL_Driver/Src/stm32u5xx_hal_rcc.o ./Drivers/STM32U5xx_HAL_Driver/Src/stm32u5xx_hal_rcc.su ./Drivers/STM32U5xx_HAL_Driver/Src/stm32u5xx_hal_rcc_ex.cyclo ./Drivers/STM32U5xx_HAL_Driver/Src/stm32u5xx_hal_rcc_ex.d ./Drivers/STM32U5xx_HAL_Driver/Src/stm32u5xx_hal_rcc_ex.o ./Drivers/STM32U5xx_HAL_Driver/Src/stm32u5xx_hal_rcc_ex.su ./Drivers/STM32U5xx_HAL_Driver/Src/stm32u5xx_hal_rtc.cyclo ./Drivers/STM32U5xx_HAL_Driver/Src/stm32u5xx_hal_rtc.d ./Drivers/STM32U5xx_HAL_Driver/Src/stm32u5xx_hal_rtc.o ./Drivers/STM32U5xx_HAL_Driver/Src/stm32u5xx_hal_rtc.su
rm -rf ./Core/Startup/startup_stm32u585aiixq.d ./Core/Startup/startup_stm32u585aiixq.o
rm -rf ./Core/Src/main.cyclo ./Core/Src/main.d ./Core/Src/main.o ./Core/Src/main.su ./Core/Src/stm32u5xx_hal_msp.cyclo ./Core/Src/stm32u5xx_hal_msp.d ./Core/Src/stm32u5xx_hal_msp.o ./Core/Src/stm32u5xx_hal_msp.su ./Core/Src/stm32u5xx_it.cyclo ./Core/Src/stm32u5xx_it.d ./Core/Src/stm32u5xx_it.o ./Core/Src/stm32u5xx_it.su ./Core/Src/syscalls.cyclo ./Core/Src/syscalls.d ./Core/Src/syscalls.o ./Core/Src/syscalls.su ./Core/Src/sysmem.cyclo ./Core/Src/sysmem.d ./Core/Src/sysmem.o ./Core/Src/sysmem.su ./Core/Src/system_stm32u5xx.cyclo ./Core/Src/system_stm32u5xx.d ./Core/Src/system_stm32u5xx.o ./Core/Src/system_stm32u5xx.su
rm -rf ./Drivers/STM32U5xx_HAL_Driver/Src/stm32u5xx_hal_rtc_ex.cyclo ./Drivers/STM32U5xx_HAL_Driver/Src/stm32u5xx_hal_rtc_ex.d ./Drivers/STM32U5xx_HAL_Driver/Src/stm32u5xx_hal_rtc_ex.o ./Drivers/STM32U5xx_HAL_Driver/Src/stm32u5xx_hal_rtc_ex.su ./Drivers/STM32U5xx_HAL_Driver/Src/stm32u5xx_hal_sai.cyclo ./Drivers/STM32U5xx_HAL_Driver/Src/stm32u5xx_hal_sai.d ./Drivers/STM32U5xx_HAL_Driver/Src/stm32u5xx_hal_sai.o ./Drivers/STM32U5xx_HAL_Driver/Src/stm32u5xx_hal_sai.su ./Drivers/STM32U5xx_HAL_Driver/Src/stm32u5xx_hal_sai_ex.cyclo ./Drivers/STM32U5xx_HAL_Driver/Src/stm32u5xx_hal_sai_ex.d ./Drivers/STM32U5xx_HAL_Driver/Src/stm32u5xx_hal_sai_ex.o ./Drivers/STM32U5xx_HAL_Driver/Src/stm32u5xx_hal_sai_ex.su ./Drivers/STM32U5xx_HAL_Driver/Src/stm32u5xx_hal_sd.cyclo ./Drivers/STM32U5xx_HAL_Driver/Src/stm32u5xx_hal_sd.d ./Drivers/STM32U5xx_HAL_Driver/Src/stm32u5xx_hal_sd.o ./Drivers/STM32U5xx_HAL_Driver/Src/stm32u5xx_hal_sd.su ./Drivers/STM32U5xx_HAL_Driver/Src/stm32u5xx_hal_sd_ex.cyclo ./Drivers/STM32U5xx_HAL_Driver/Src/stm32u5xx_hal_sd_ex.d ./Drivers/STM32U5xx_HAL_Driver/Src/stm32u5xx_hal_sd_ex.o ./Drivers/STM32U5xx_HAL_Driver/Src/stm32u5xx_hal_sd_ex.su ./Drivers/STM32U5xx_HAL_Driver/Src/stm32u5xx_hal_sdio.cyclo ./Drivers/STM32U5xx_HAL_Driver/Src/stm32u5xx_hal_sdio.d ./Drivers/STM32U5xx_HAL_Driver/Src/stm32u5xx_hal_sdio.o ./Drivers/STM32U5xx_HAL_Driver/Src/stm32u5xx_hal_sdio.su ./Drivers/STM32U5xx_HAL_Driver/Src/stm32u5xx_hal_spi.cyclo ./Drivers/STM32U5xx_HAL_Driver/Src/stm32u5xx_hal_spi.d ./Drivers/STM32U5xx_HAL_Driver/Src/stm32u5xx_hal_spi.o ./Drivers/STM32U5xx_HAL_Driver/Src/stm32u5xx_hal_spi.su ./Drivers/STM32U5xx_HAL_Driver/Src/stm32u5xx_hal_spi_ex.cyclo ./Drivers/STM32U5xx_HAL_Driver/Src/stm32u5xx_hal_spi_ex.d ./Drivers/STM32U5xx_HAL_Driver/Src/stm32u5xx_hal_spi_ex.o ./Drivers/STM32U5xx_HAL_Driver/Src/stm32u5xx_hal_spi_ex.su ./Drivers/STM32U5xx_HAL_Driver/Src/stm32u5xx_hal_tim.cyclo ./Drivers/STM32U5xx_HAL_Driver/Src/stm32u5xx_hal_tim.d ./Drivers/STM32U5xx_HAL_Driver/Src/stm32u5xx_hal_tim.o ./Drivers/STM32U5xx_HAL_Driver/Src/stm32u5xx_hal_tim.su ./Drivers/STM32U5xx_HAL_Driver/Src/stm32u5xx_hal_tim_ex.cyclo ./Drivers/STM32U5xx_HAL_Driver/Src/stm32u5xx_hal_tim_ex.d ./Drivers/STM32U5xx_HAL_Driver/Src/stm32u5xx_hal_tim_ex.o ./Drivers/STM32U5xx_HAL_Driver/Src/stm32u5xx_hal_tim_ex.su ./Drivers/STM32U5xx_HAL_Driver/Src/stm32u5xx_hal_uart.cyclo ./Drivers/STM32U5xx_HAL_Driver/Src/stm32u5xx_hal_uart.d ./Drivers/STM32U5xx_HAL_Driver/Src/stm32u5xx_hal_uart.o ./Drivers/STM32U5xx_HAL_Driver/Src/stm32u5xx_hal_uart.su ./Drivers/STM32U5xx_HAL_Driver/Src/stm32u5xx_hal_uart_ex.cyclo ./Drivers/STM32U5xx_HAL_Driver/Src/stm32u5xx_hal_uart_ex.d ./Drivers/STM32U5xx_HAL_Driver/Src/stm32u5xx_hal_uart_ex.o ./Drivers/STM32U5xx_HAL_Driver/Src/stm32u5xx_hal_uart_ex.su ./Drivers/STM32U5xx_HAL_Driver/Src/stm32u5xx_ll_dlyb.cyclo ./Drivers/STM32U5xx_HAL_Driver/Src/stm32u5xx_ll_dlyb.d ./Drivers/STM32U5xx_HAL_Driver/Src/stm32u5xx_ll_dlyb.o ./Drivers/STM32U5xx_HAL_Driver/Src/stm32u5xx_ll_dlyb.su ./Drivers/STM32U5xx_HAL_Driver/Src/stm32u5xx_ll_sdmmc.cyclo ./Drivers/STM32U5xx_HAL_Driver/Src/stm32u5xx_ll_sdmmc.d ./Drivers/STM32U5xx_HAL_Driver/Src/stm32u5xx_ll_sdmmc.o ./Drivers/STM32U5xx_HAL_Driver/Src/stm32u5xx_ll_sdmmc.su ./Drivers/STM32U5xx_HAL_Driver/Src/stm32u5xx_ll_usb.cyclo ./Drivers/STM32U5xx_HAL_Driver/Src/stm32u5xx_ll_usb.d ./Drivers/STM32U5xx_HAL_Driver/Src/stm32u5xx_ll_usb.o ./Drivers/STM32U5xx_HAL_Driver/Src/stm32u5xx_ll_usb.su
rm -rf SPI2_MDA_Chain_2_Sensor.elf SPI2_MDA_Chain_2_Sensor.list SPI2_MDA_Chain_2_Sensor.map default.size.stdout
 
10:19:07 **** Incremental Build of configuration Debug for project SPI2_MDA_Chain_2_Sensor ****
make -j8 all 
arm-none-eabi-gcc "../Middlewares/ST/filex/common/src/fx_directory_attributes_read.c" -mcpu=cortex-m33 -std=gnu11 -g3 -DDEBUG -DUSE_HAL_DRIVER -DSTM32U585xx -DFX_INCLUDE_USER_DEFINE_FILE -c -I../Core/Inc -I../Drivers/STM32U5xx_HAL_Driver/Inc -I../Drivers/STM32U5xx_HAL_Driver/Inc/Legacy -I../Drivers/CMSIS/Device/ST/STM32U5xx/Include -I../Drivers/CMSIS/Include -I../FileX/App -I../FileX/Target -I../Middlewares/ST/filex/common/inc -I../Middlewares/ST/filex/ports/generic/inc -O0 -ffunction-sections -fdata-sections -Wall -fstack-usage -fcyclomatic-complexity -MMD -MP -MF"Middlewares/ST/filex/common/src/fx_directory_attributes_read.d" -MT"Middlewares/ST/filex/common/src/fx_directory_attributes_read.o" --specs=nano.specs -mfpu=fpv5-sp-d16 -mfloat-abi=hard -mthumb -o "Middlewares/ST/filex/common/src/fx_directory_attributes_read.o"
arm-none-eabi-gcc "../Middlewares/ST/filex/common/src/fx_directory_attributes_set.c" -mcpu=cortex-m33 -std=gnu11 -g3 -DDEBUG -DUSE_HAL_DRIVER -DSTM32U585xx -DFX_INCLUDE_USER_DEFINE_FILE -c -I../Core/Inc -I../Drivers/STM32U5xx_HAL_Driver/Inc -I../Drivers/STM32U5xx_HAL_Driver/Inc/Legacy -I../Drivers/CMSIS/Device/ST/STM32U5xx/Include -I../Drivers/CMSIS/Include -I../FileX/App -I../FileX/Target -I../Middlewares/ST/filex/common/inc -I../Middlewares/ST/filex/ports/generic/inc -O0 -ffunction-sections -fdata-sections -Wall -fstack-usage -fcyclomatic-complexity -MMD -MP -MF"Middlewares/ST/filex/common/src/fx_directory_attributes_set.d" -MT"Middlewares/ST/filex/common/src/fx_directory_attributes_set.o" --specs=nano.specs -mfpu=fpv5-sp-d16 -mfloat-abi=hard -mthumb -o "Middlewares/ST/filex/common/src/fx_directory_attributes_set.o"
arm-none-eabi-gcc "../Middlewares/ST/filex/common/src/fx_directory_create.c" -mcpu=cortex-m33 -std=gnu11 -g3 -DDEBUG -DUSE_HAL_DRIVER -DSTM32U585xx -DFX_INCLUDE_USER_DEFINE_FILE -c -I../Core/Inc -I../Drivers/STM32U5xx_HAL_Driver/Inc -I../Drivers/STM32U5xx_HAL_Driver/Inc/Legacy -I../Drivers/CMSIS/Device/ST/STM32U5xx/Include -I../Drivers/CMSIS/Include -I../FileX/App -I../FileX/Target -I../Middlewares/ST/filex/common/inc -I../Middlewares/ST/filex/ports/generic/inc -O0 -ffunction-sections -fdata-sections -Wall -fstack-usage -fcyclomatic-complexity -MMD -MP -MF"Middlewares/ST/filex/common/src/fx_directory_create.d" -MT"Middlewares/ST/filex/common/src/fx_directory_create.o" --specs=nano.specs -mfpu=fpv5-sp-d16 -mfloat-abi=hard -mthumb -o "Middlewares/ST/filex/common/src/fx_directory_create.o"
arm-none-eabi-gcc "../Middlewares/ST/filex/common/src/fx_directory_default_get.c" -mcpu=cortex-m33 -std=gnu11 -g3 -DDEBUG -DUSE_HAL_DRIVER -DSTM32U585xx -DFX_INCLUDE_USER_DEFINE_FILE -c -I../Core/Inc -I../Drivers/STM32U5xx_HAL_Driver/Inc -I../Drivers/STM32U5xx_HAL_Driver/Inc/Legacy -I../Drivers/CMSIS/Device/ST/STM32U5xx/Include -I../Drivers/CMSIS/Include -I../FileX/App -I../FileX/Target -I../Middlewares/ST/filex/common/inc -I../Middlewares/ST/filex/ports/generic/inc -O0 -ffunction-sections -fdata-sections -Wall -fstack-usage -fcyclomatic-complexity -MMD -MP -MF"Middlewares/ST/filex/common/src/fx_directory_default_get.d" -MT"Middlewares/ST/filex/common/src/fx_directory_default_get.o" --specs=nano.specs -mfpu=fpv5-sp-d16 -mfloat-abi=hard -mthumb -o "Middlewares/ST/filex/common/src/fx_directory_default_get.o"
arm-none-eabi-gcc "../Middlewares/ST/filex/common/src/fx_directory_default_get_copy.c" -mcpu=cortex-m33 -std=gnu11 -g3 -DDEBUG -DUSE_HAL_DRIVER -DSTM32U585xx -DFX_INCLUDE_USER_DEFINE_FILE -c -I../Core/Inc -I../Drivers/STM32U5xx_HAL_Driver/Inc -I../Drivers/STM32U5xx_HAL_Driver/Inc/Legacy -I../Drivers/CMSIS/Device/ST/STM32U5xx/Include -I../Drivers/CMSIS/Include -I../FileX/App -I../FileX/Target -I../Middlewares/ST/filex/common/inc -I../Middlewares/ST/filex/ports/generic/inc -O0 -ffunction-sections -fdata-sections -Wall -fstack-usage -fcyclomatic-complexity -MMD -MP -MF"Middlewares/ST/filex/common/src/fx_directory_default_get_copy.d" -MT"Middlewares/ST/filex/common/src/fx_directory_default_get_copy.o" --specs=nano.specs -mfpu=fpv5-sp-d16 -mfloat-abi=hard -mthumb -o "Middlewares/ST/filex/common/src/fx_directory_default_get_copy.o"
arm-none-eabi-gcc "../Middlewares/ST/filex/common/src/fx_directory_default_set.c" -mcpu=cortex-m33 -std=gnu11 -g3 -DDEBUG -DUSE_HAL_DRIVER -DSTM32U585xx -DFX_INCLUDE_USER_DEFINE_FILE -c -I../Core/Inc -I../Drivers/STM32U5xx_HAL_Driver/Inc -I../Drivers/STM32U5xx_HAL_Driver/Inc/Legacy -I../Drivers/CMSIS/Device/ST/STM32U5xx/Include -I../Drivers/CMSIS/Include -I../FileX/App -I../FileX/Target -I../Middlewares/ST/filex/common/inc -I../Middlewares/ST/filex/ports/generic/inc -O0 -ffunction-sections -fdata-sections -Wall -fstack-usage -fcyclomatic-complexity -MMD -MP -MF"Middlewares/ST/filex/common/src/fx_directory_default_set.d" -MT"Middlewares/ST/filex/common/src/fx_directory_default_set.o" --specs=nano.specs -mfpu=fpv5-sp-d16 -mfloat-abi=hard -mthumb -o "Middlewares/ST/filex/common/src/fx_directory_default_set.o"
arm-none-eabi-gcc "../Middlewares/ST/filex/common/src/fx_directory_delete.c" -mcpu=cortex-m33 -std=gnu11 -g3 -DDEBUG -DUSE_HAL_DRIVER -DSTM32U585xx -DFX_INCLUDE_USER_DEFINE_FILE -c -I../Core/Inc -I../Drivers/STM32U5xx_HAL_Driver/Inc -I../Drivers/STM32U5xx_HAL_Driver/Inc/Legacy -I../Drivers/CMSIS/Device/ST/STM32U5xx/Include -I../Drivers/CMSIS/Include -I../FileX/App -I../FileX/Target -I../Middlewares/ST/filex/common/inc -I../Middlewares/ST/filex/ports/generic/inc -O0 -ffunction-sections -fdata-sections -Wall -fstack-usage -fcyclomatic-complexity -MMD -MP -MF"Middlewares/ST/filex/common/src/fx_directory_delete.d" -MT"Middlewares/ST/filex/common/src/fx_directory_delete.o" --specs=nano.specs -mfpu=fpv5-sp-d16 -mfloat-abi=hard -mthumb -o "Middlewares/ST/filex/common/src/fx_directory_delete.o"
arm-none-eabi-gcc "../Middlewares/ST/filex/common/src/fx_directory_entry_read.c" -mcpu=cortex-m33 -std=gnu11 -g3 -DDEBUG -DUSE_HAL_DRIVER -DSTM32U585xx -DFX_INCLUDE_USER_DEFINE_FILE -c -I../Core/Inc -I../Drivers/STM32U5xx_HAL_Driver/Inc -I../Drivers/STM32U5xx_HAL_Driver/Inc/Legacy -I../Drivers/CMSIS/Device/ST/STM32U5xx/Include -I../Drivers/CMSIS/Include -I../FileX/App -I../FileX/Target -I../Middlewares/ST/filex/common/inc -I../Middlewares/ST/filex/ports/generic/inc -O0 -ffunction-sections -fdata-sections -Wall -fstack-usage -fcyclomatic-complexity -MMD -MP -MF"Middlewares/ST/filex/common/src/fx_directory_entry_read.d" -MT"Middlewares/ST/filex/common/src/fx_directory_entry_read.o" --specs=nano.specs -mfpu=fpv5-sp-d16 -mfloat-abi=hard -mthumb -o "Middlewares/ST/filex/common/src/fx_directory_entry_read.o"
arm-none-eabi-gcc "../Middlewares/ST/filex/common/src/fx_directory_entry_write.c" -mcpu=cortex-m33 -std=gnu11 -g3 -DDEBUG -DUSE_HAL_DRIVER -DSTM32U585xx -DFX_INCLUDE_USER_DEFINE_FILE -c -I../Core/Inc -I../Drivers/STM32U5xx_HAL_Driver/Inc -I../Drivers/STM32U5xx_HAL_Driver/Inc/Legacy -I../Drivers/CMSIS/Device/ST/STM32U5xx/Include -I../Drivers/CMSIS/Include -I../FileX/App -I../FileX/Target -I../Middlewares/ST/filex/common/inc -I../Middlewares/ST/filex/ports/generic/inc -O0 -ffunction-sections -fdata-sections -Wall -fstack-usage -fcyclomatic-complexity -MMD -MP -MF"Middlewares/ST/filex/common/src/fx_directory_entry_write.d" -MT"Middlewares/ST/filex/common/src/fx_directory_entry_write.o" --specs=nano.specs -mfpu=fpv5-sp-d16 -mfloat-abi=hard -mthumb -o "Middlewares/ST/filex/common/src/fx_directory_entry_write.o"
arm-none-eabi-gcc "../Middlewares/ST/filex/common/src/fx_directory_exFAT_entry_read.c" -mcpu=cortex-m33 -std=gnu11 -g3 -DDEBUG -DUSE_HAL_DRIVER -DSTM32U585xx -DFX_INCLUDE_USER_DEFINE_FILE -c -I../Core/Inc -I../Drivers/STM32U5xx_HAL_Driver/Inc -I../Drivers/STM32U5xx_HAL_Driver/Inc/Legacy -I../Drivers/CMSIS/Device/ST/STM32U5xx/Include -I../Drivers/CMSIS/Include -I../FileX/App -I../FileX/Target -I../Middlewares/ST/filex/common/inc -I../Middlewares/ST/filex/ports/generic/inc -O0 -ffunction-sections -fdata-sections -Wall -fstack-usage -fcyclomatic-complexity -MMD -MP -MF"Middlewares/ST/filex/common/src/fx_directory_exFAT_entry_read.d" -MT"Middlewares/ST/filex/common/src/fx_directory_exFAT_entry_read.o" --specs=nano.specs -mfpu=fpv5-sp-d16 -mfloat-abi=hard -mthumb -o "Middlewares/ST/filex/common/src/fx_directory_exFAT_entry_read.o"
arm-none-eabi-gcc "../Middlewares/ST/filex/common/src/fx_directory_exFAT_entry_write.c" -mcpu=cortex-m33 -std=gnu11 -g3 -DDEBUG -DUSE_HAL_DRIVER -DSTM32U585xx -DFX_INCLUDE_USER_DEFINE_FILE -c -I../Core/Inc -I../Drivers/STM32U5xx_HAL_Driver/Inc -I../Drivers/STM32U5xx_HAL_Driver/Inc/Legacy -I../Drivers/CMSIS/Device/ST/STM32U5xx/Include -I../Drivers/CMSIS/Include -I../FileX/App -I../FileX/Target -I../Middlewares/ST/filex/common/inc -I../Middlewares/ST/filex/ports/generic/inc -O0 -ffunction-sections -fdata-sections -Wall -fstack-usage -fcyclomatic-complexity -MMD -MP -MF"Middlewares/ST/filex/common/src/fx_directory_exFAT_entry_write.d" -MT"Middlewares/ST/filex/common/src/fx_directory_exFAT_entry_write.o" --specs=nano.specs -mfpu=fpv5-sp-d16 -mfloat-abi=hard -mthumb -o "Middlewares/ST/filex/common/src/fx_directory_exFAT_entry_write.o"
arm-none-eabi-gcc "../Middlewares/ST/filex/common/src/fx_directory_exFAT_free_search.c" -mcpu=cortex-m33 -std=gnu11 -g3 -DDEBUG -DUSE_HAL_DRIVER -DSTM32U585xx -DFX_INCLUDE_USER_DEFINE_FILE -c -I../Core/Inc -I../Drivers/STM32U5xx_HAL_Driver/Inc -I../Drivers/STM32U5xx_HAL_Driver/Inc/Legacy -I../Drivers/CMSIS/Device/ST/STM32U5xx/Include -I../Drivers/CMSIS/Include -I../FileX/App -I../FileX/Target -I../Middlewares/ST/filex/common/inc -I../Middlewares/ST/filex/ports/generic/inc -O0 -ffunction-sections -fdata-sections -Wall -fstack-usage -fcyclomatic-complexity -MMD -MP -MF"Middlewares/ST/filex/common/src/fx_directory_exFAT_free_search.d" -MT"Middlewares/ST/filex/common/src/fx_directory_exFAT_free_search.o" --specs=nano.specs -mfpu=fpv5-sp-d16 -mfloat-abi=hard -mthumb -o "Middlewares/ST/filex/common/src/fx_directory_exFAT_free_search.o"
arm-none-eabi-gcc "../Middlewares/ST/filex/common/src/fx_directory_exFAT_unicode_entry_write.c" -mcpu=cortex-m33 -std=gnu11 -g3 -DDEBUG -DUSE_HAL_DRIVER -DSTM32U585xx -DFX_INCLUDE_USER_DEFINE_FILE -c -I../Core/Inc -I../Drivers/STM32U5xx_HAL_Driver/Inc -I../Drivers/STM32U5xx_HAL_Driver/Inc/Legacy -I../Drivers/CMSIS/Device/ST/STM32U5xx/Include -I../Drivers/CMSIS/Include -I../FileX/App -I../FileX/Target -I../Middlewares/ST/filex/common/inc -I../Middlewares/ST/filex/ports/generic/inc -O0 -ffunction-sections -fdata-sections -Wall -fstack-usage -fcyclomatic-complexity -MMD -MP -MF"Middlewares/ST/filex/common/src/fx_directory_exFAT_unicode_entry_write.d" -MT"Middlewares/ST/filex/common/src/fx_directory_exFAT_unicode_entry_write.o" --specs=nano.specs -mfpu=fpv5-sp-d16 -mfloat-abi=hard -mthumb -o "Middlewares/ST/filex/common/src/fx_directory_exFAT_unicode_entry_write.o"
arm-none-eabi-gcc "../Middlewares/ST/filex/common/src/fx_directory_first_entry_find.c" -mcpu=cortex-m33 -std=gnu11 -g3 -DDEBUG -DUSE_HAL_DRIVER -DSTM32U585xx -DFX_INCLUDE_USER_DEFINE_FILE -c -I../Core/Inc -I../Drivers/STM32U5xx_HAL_Driver/Inc -I../Drivers/STM32U5xx_HAL_Driver/Inc/Legacy -I../Drivers/CMSIS/Device/ST/STM32U5xx/Include -I../Drivers/CMSIS/Include -I../FileX/App -I../FileX/Target -I../Middlewares/ST/filex/common/inc -I../Middlewares/ST/filex/ports/generic/inc -O0 -ffunction-sections -fdata-sections -Wall -fstack-usage -fcyclomatic-complexity -MMD -MP -MF"Middlewares/ST/filex/common/src/fx_directory_first_entry_find.d" -MT"Middlewares/ST/filex/common/src/fx_directory_first_entry_find.o" --specs=nano.specs -mfpu=fpv5-sp-d16 -mfloat-abi=hard -mthumb -o "Middlewares/ST/filex/common/src/fx_directory_first_entry_find.o"
arm-none-eabi-gcc "../Middlewares/ST/filex/common/src/fx_directory_first_full_entry_find.c" -mcpu=cortex-m33 -std=gnu11 -g3 -DDEBUG -DUSE_HAL_DRIVER -DSTM32U585xx -DFX_INCLUDE_USER_DEFINE_FILE -c -I../Core/Inc -I../Drivers/STM32U5xx_HAL_Driver/Inc -I../Drivers/STM32U5xx_HAL_Driver/Inc/Legacy -I../Drivers/CMSIS/Device/ST/STM32U5xx/Include -I../Drivers/CMSIS/Include -I../FileX/App -I../FileX/Target -I../Middlewares/ST/filex/common/inc -I../Middlewares/ST/filex/ports/generic/inc -O0 -ffunction-sections -fdata-sections -Wall -fstack-usage -fcyclomatic-complexity -MMD -MP -MF"Middlewares/ST/filex/common/src/fx_directory_first_full_entry_find.d" -MT"Middlewares/ST/filex/common/src/fx_directory_first_full_entry_find.o" --specs=nano.specs -mfpu=fpv5-sp-d16 -mfloat-abi=hard -mthumb -o "Middlewares/ST/filex/common/src/fx_directory_first_full_entry_find.o"
arm-none-eabi-gcc "../Middlewares/ST/filex/common/src/fx_directory_free_search.c" -mcpu=cortex-m33 -std=gnu11 -g3 -DDEBUG -DUSE_HAL_DRIVER -DSTM32U585xx -DFX_INCLUDE_USER_DEFINE_FILE -c -I../Core/Inc -I../Drivers/STM32U5xx_HAL_Driver/Inc -I../Drivers/STM32U5xx_HAL_Driver/Inc/Legacy -I../Drivers/CMSIS/Device/ST/STM32U5xx/Include -I../Drivers/CMSIS/Include -I../FileX/App -I../FileX/Target -I../Middlewares/ST/filex/common/inc -I../Middlewares/ST/filex/ports/generic/inc -O0 -ffunction-sections -fdata-sections -Wall -fstack-usage -fcyclomatic-complexity -MMD -MP -MF"Middlewares/ST/filex/common/src/fx_directory_free_search.d" -MT"Middlewares/ST/filex/common/src/fx_directory_free_search.o" --specs=nano.specs -mfpu=fpv5-sp-d16 -mfloat-abi=hard -mthumb -o "Middlewares/ST/filex/common/src/fx_directory_free_search.o"
arm-none-eabi-gcc "../Middlewares/ST/filex/common/src/fx_directory_information_get.c" -mcpu=cortex-m33 -std=gnu11 -g3 -DDEBUG -DUSE_HAL_DRIVER -DSTM32U585xx -DFX_INCLUDE_USER_DEFINE_FILE -c -I../Core/Inc -I../Drivers/STM32U5xx_HAL_Driver/Inc -I../Drivers/STM32U5xx_HAL_Driver/Inc/Legacy -I../Drivers/CMSIS/Device/ST/STM32U5xx/Include -I../Drivers/CMSIS/Include -I../FileX/App -I../FileX/Target -I../Middlewares/ST/filex/common/inc -I../Middlewares/ST/filex/ports/generic/inc -O0 -ffunction-sections -fdata-sections -Wall -fstack-usage -fcyclomatic-complexity -MMD -MP -MF"Middlewares/ST/filex/common/src/fx_directory_information_get.d" -MT"Middlewares/ST/filex/common/src/fx_directory_information_get.o" --specs=nano.specs -mfpu=fpv5-sp-d16 -mfloat-abi=hard -mthumb -o "Middlewares/ST/filex/common/src/fx_directory_information_get.o"
arm-none-eabi-gcc "../Middlewares/ST/filex/common/src/fx_directory_local_path_clear.c" -mcpu=cortex-m33 -std=gnu11 -g3 -DDEBUG -DUSE_HAL_DRIVER -DSTM32U585xx -DFX_INCLUDE_USER_DEFINE_FILE -c -I../Core/Inc -I../Drivers/STM32U5xx_HAL_Driver/Inc -I../Drivers/STM32U5xx_HAL_Driver/Inc/Legacy -I../Drivers/CMSIS/Device/ST/STM32U5xx/Include -I../Drivers/CMSIS/Include -I../FileX/App -I../FileX/Target -I../Middlewares/ST/filex/common/inc -I../Middlewares/ST/filex/ports/generic/inc -O0 -ffunction-sections -fdata-sections -Wall -fstack-usage -fcyclomatic-complexity -MMD -MP -MF"Middlewares/ST/filex/common/src/fx_directory_local_path_clear.d" -MT"Middlewares/ST/filex/common/src/fx_directory_local_path_clear.o" --specs=nano.specs -mfpu=fpv5-sp-d16 -mfloat-abi=hard -mthumb -o "Middlewares/ST/filex/common/src/fx_directory_local_path_clear.o"
arm-none-eabi-gcc "../Middlewares/ST/filex/common/src/fx_directory_local_path_get.c" -mcpu=cortex-m33 -std=gnu11 -g3 -DDEBUG -DUSE_HAL_DRIVER -DSTM32U585xx -DFX_INCLUDE_USER_DEFINE_FILE -c -I../Core/Inc -I../Drivers/STM32U5xx_HAL_Driver/Inc -I../Drivers/STM32U5xx_HAL_Driver/Inc/Legacy -I../Drivers/CMSIS/Device/ST/STM32U5xx/Include -I../Drivers/CMSIS/Include -I../FileX/App -I../FileX/Target -I../Middlewares/ST/filex/common/inc -I../Middlewares/ST/filex/ports/generic/inc -O0 -ffunction-sections -fdata-sections -Wall -fstack-usage -fcyclomatic-complexity -MMD -MP -MF"Middlewares/ST/filex/common/src/fx_directory_local_path_get.d" -MT"Middlewares/ST/filex/common/src/fx_directory_local_path_get.o" --specs=nano.specs -mfpu=fpv5-sp-d16 -mfloat-abi=hard -mthumb -o "Middlewares/ST/filex/common/src/fx_directory_local_path_get.o"
arm-none-eabi-gcc "../Middlewares/ST/filex/common/src/fx_directory_local_path_get_copy.c" -mcpu=cortex-m33 -std=gnu11 -g3 -DDEBUG -DUSE_HAL_DRIVER -DSTM32U585xx -DFX_INCLUDE_USER_DEFINE_FILE -c -I../Core/Inc -I../Drivers/STM32U5xx_HAL_Driver/Inc -I../Drivers/STM32U5xx_HAL_Driver/Inc/Legacy -I../Drivers/CMSIS/Device/ST/STM32U5xx/Include -I../Drivers/CMSIS/Include -I../FileX/App -I../FileX/Target -I../Middlewares/ST/filex/common/inc -I../Middlewares/ST/filex/ports/generic/inc -O0 -ffunction-sections -fdata-sections -Wall -fstack-usage -fcyclomatic-complexity -MMD -MP -MF"Middlewares/ST/filex/common/src/fx_directory_local_path_get_copy.d" -MT"Middlewares/ST/filex/common/src/fx_directory_local_path_get_copy.o" --specs=nano.specs -mfpu=fpv5-sp-d16 -mfloat-abi=hard -mthumb -o "Middlewares/ST/filex/common/src/fx_directory_local_path_get_copy.o"
arm-none-eabi-gcc "../Middlewares/ST/filex/common/src/fx_directory_local_path_restore.c" -mcpu=cortex-m33 -std=gnu11 -g3 -DDEBUG -DUSE_HAL_DRIVER -DSTM32U585xx -DFX_INCLUDE_USER_DEFINE_FILE -c -I../Core/Inc -I../Drivers/STM32U5xx_HAL_Driver/Inc -I../Drivers/STM32U5xx_HAL_Driver/Inc/Legacy -I../Drivers/CMSIS/Device/ST/STM32U5xx/Include -I../Drivers/CMSIS/Include -I../FileX/App -I../FileX/Target -I../Middlewares/ST/filex/common/inc -I../Middlewares/ST/filex/ports/generic/inc -O0 -ffunction-sections -fdata-sections -Wall -fstack-usage -fcyclomatic-complexity -MMD -MP -MF"Middlewares/ST/filex/common/src/fx_directory_local_path_restore.d" -MT"Middlewares/ST/filex/common/src/fx_directory_local_path_restore.o" --specs=nano.specs -mfpu=fpv5-sp-d16 -mfloat-abi=hard -mthumb -o "Middlewares/ST/filex/common/src/fx_directory_local_path_restore.o"
arm-none-eabi-gcc "../Middlewares/ST/filex/common/src/fx_directory_local_path_set.c" -mcpu=cortex-m33 -std=gnu11 -g3 -DDEBUG -DUSE_HAL_DRIVER -DSTM32U585xx -DFX_INCLUDE_USER_DEFINE_FILE -c -I../Core/Inc -I../Drivers/STM32U5xx_HAL_Driver/Inc -I../Drivers/STM32U5xx_HAL_Driver/Inc/Legacy -I../Drivers/CMSIS/Device/ST/STM32U5xx/Include -I../Drivers/CMSIS/Include -I../FileX/App -I../FileX/Target -I../Middlewares/ST/filex/common/inc -I../Middlewares/ST/filex/ports/generic/inc -O0 -ffunction-sections -fdata-sections -Wall -fstack-usage -fcyclomatic-complexity -MMD -MP -MF"Middlewares/ST/filex/common/src/fx_directory_local_path_set.d" -MT"Middlewares/ST/filex/common/src/fx_directory_local_path_set.o" --specs=nano.specs -mfpu=fpv5-sp-d16 -mfloat-abi=hard -mthumb -o "Middlewares/ST/filex/common/src/fx_directory_local_path_set.o"
arm-none-eabi-gcc "../Middlewares/ST/filex/common/src/fx_directory_long_name_get.c" -mcpu=cortex-m33 -std=gnu11 -g3 -DDEBUG -DUSE_HAL_DRIVER -DSTM32U585xx -DFX_INCLUDE_USER_DEFINE_FILE -c -I../Core/Inc -I../Drivers/STM32U5xx_HAL_Driver/Inc -I../Drivers/STM32U5xx_HAL_Driver/Inc/Legacy -I../Drivers/CMSIS/Device/ST/STM32U5xx/Include -I../Drivers/CMSIS/Include -I../FileX/App -I../FileX/Target -I../Middlewares/ST/filex/common/inc -I../Middlewares/ST/filex/ports/generic/inc -O0 -ffunction-sections -fdata-sections -Wall -fstack-usage -fcyclomatic-complexity -MMD -MP -MF"Middlewares/ST/filex/common/src/fx_directory_long_name_get.d" -MT"Middlewares/ST/filex/common/src/fx_directory_long_name_get.o" --specs=nano.specs -mfpu=fpv5-sp-d16 -mfloat-abi=hard -mthumb -o "Middlewares/ST/filex/common/src/fx_directory_long_name_get.o"
arm-none-eabi-gcc "../Middlewares/ST/filex/common/src/fx_directory_long_name_get_extended.c" -mcpu=cortex-m33 -std=gnu11 -g3 -DDEBUG -DUSE_HAL_DRIVER -DSTM32U585xx -DFX_INCLUDE_USER_DEFINE_FILE -c -I../Core/Inc -I../Drivers/STM32U5xx_HAL_Driver/Inc -I../Drivers/STM32U5xx_HAL_Driver/Inc/Legacy -I../Drivers/CMSIS/Device/ST/STM32U5xx/Include -I../Drivers/CMSIS/Include -I../FileX/App -I../FileX/Target -I../Middlewares/ST/filex/common/inc -I../Middlewares/ST/filex/ports/generic/inc -O0 -ffunction-sections -fdata-sections -Wall -fstack-usage -fcyclomatic-complexity -MMD -MP -MF"Middlewares/ST/filex/common/src/fx_directory_long_name_get_extended.d" -MT"Middlewares/ST/filex/common/src/fx_directory_long_name_get_extended.o" --specs=nano.specs -mfpu=fpv5-sp-d16 -mfloat-abi=hard -mthumb -o "Middlewares/ST/filex/common/src/fx_directory_long_name_get_extended.o"
arm-none-eabi-gcc "../Middlewares/ST/filex/common/src/fx_directory_name_extract.c" -mcpu=cortex-m33 -std=gnu11 -g3 -DDEBUG -DUSE_HAL_DRIVER -DSTM32U585xx -DFX_INCLUDE_USER_DEFINE_FILE -c -I../Core/Inc -I../Drivers/STM32U5xx_HAL_Driver/Inc -I../Drivers/STM32U5xx_HAL_Driver/Inc/Legacy -I../Drivers/CMSIS/Device/ST/STM32U5xx/Include -I../Drivers/CMSIS/Include -I../FileX/App -I../FileX/Target -I../Middlewares/ST/filex/common/inc -I../Middlewares/ST/filex/ports/generic/inc -O0 -ffunction-sections -fdata-sections -Wall -fstack-usage -fcyclomatic-complexity -MMD -MP -MF"Middlewares/ST/filex/common/src/fx_directory_name_extract.d" -MT"Middlewares/ST/filex/common/src/fx_directory_name_extract.o" --specs=nano.specs -mfpu=fpv5-sp-d16 -mfloat-abi=hard -mthumb -o "Middlewares/ST/filex/common/src/fx_directory_name_extract.o"
arm-none-eabi-gcc "../Middlewares/ST/filex/common/src/fx_directory_name_test.c" -mcpu=cortex-m33 -std=gnu11 -g3 -DDEBUG -DUSE_HAL_DRIVER -DSTM32U585xx -DFX_INCLUDE_USER_DEFINE_FILE -c -I../Core/Inc -I../Drivers/STM32U5xx_HAL_Driver/Inc -I../Drivers/STM32U5xx_HAL_Driver/Inc/Legacy -I../Drivers/CMSIS/Device/ST/STM32U5xx/Include -I../Drivers/CMSIS/Include -I../FileX/App -I../FileX/Target -I../Middlewares/ST/filex/common/inc -I../Middlewares/ST/filex/ports/generic/inc -O0 -ffunction-sections -fdata-sections -Wall -fstack-usage -fcyclomatic-complexity -MMD -MP -MF"Middlewares/ST/filex/common/src/fx_directory_name_test.d" -MT"Middlewares/ST/filex/common/src/fx_directory_name_test.o" --specs=nano.specs -mfpu=fpv5-sp-d16 -mfloat-abi=hard -mthumb -o "Middlewares/ST/filex/common/src/fx_directory_name_test.o"
arm-none-eabi-gcc "../Middlewares/ST/filex/common/src/fx_directory_next_entry_find.c" -mcpu=cortex-m33 -std=gnu11 -g3 -DDEBUG -DUSE_HAL_DRIVER -DSTM32U585xx -DFX_INCLUDE_USER_DEFINE_FILE -c -I../Core/Inc -I../Drivers/STM32U5xx_HAL_Driver/Inc -I../Drivers/STM32U5xx_HAL_Driver/Inc/Legacy -I../Drivers/CMSIS/Device/ST/STM32U5xx/Include -I../Drivers/CMSIS/Include -I../FileX/App -I../FileX/Target -I../Middlewares/ST/filex/common/inc -I../Middlewares/ST/filex/ports/generic/inc -O0 -ffunction-sections -fdata-sections -Wall -fstack-usage -fcyclomatic-complexity -MMD -MP -MF"Middlewares/ST/filex/common/src/fx_directory_next_entry_find.d" -MT"Middlewares/ST/filex/common/src/fx_directory_next_entry_find.o" --specs=nano.specs -mfpu=fpv5-sp-d16 -mfloat-abi=hard -mthumb -o "Middlewares/ST/filex/common/src/fx_directory_next_entry_find.o"
arm-none-eabi-gcc "../Middlewares/ST/filex/common/src/fx_directory_next_full_entry_find.c" -mcpu=cortex-m33 -std=gnu11 -g3 -DDEBUG -DUSE_HAL_DRIVER -DSTM32U585xx -DFX_INCLUDE_USER_DEFINE_FILE -c -I../Core/Inc -I../Drivers/STM32U5xx_HAL_Driver/Inc -I../Drivers/STM32U5xx_HAL_Driver/Inc/Legacy -I../Drivers/CMSIS/Device/ST/STM32U5xx/Include -I../Drivers/CMSIS/Include -I../FileX/App -I../FileX/Target -I../Middlewares/ST/filex/common/inc -I../Middlewares/ST/filex/ports/generic/inc -O0 -ffunction-sections -fdata-sections -Wall -fstack-usage -fcyclomatic-complexity -MMD -MP -MF"Middlewares/ST/filex/common/src/fx_directory_next_full_entry_find.d" -MT"Middlewares/ST/filex/common/src/fx_directory_next_full_entry_find.o" --specs=nano.specs -mfpu=fpv5-sp-d16 -mfloat-abi=hard -mthumb -o "Middlewares/ST/filex/common/src/fx_directory_next_full_entry_find.o"
arm-none-eabi-gcc "../Middlewares/ST/filex/common/src/fx_directory_rename.c" -mcpu=cortex-m33 -std=gnu11 -g3 -DDEBUG -DUSE_HAL_DRIVER -DSTM32U585xx -DFX_INCLUDE_USER_DEFINE_FILE -c -I../Core/Inc -I../Drivers/STM32U5xx_HAL_Driver/Inc -I../Drivers/STM32U5xx_HAL_Driver/Inc/Legacy -I../Drivers/CMSIS/Device/ST/STM32U5xx/Include -I../Drivers/CMSIS/Include -I../FileX/App -I../FileX/Target -I../Middlewares/ST/filex/common/inc -I../Middlewares/ST/filex/ports/generic/inc -O0 -ffunction-sections -fdata-sections -Wall -fstack-usage -fcyclomatic-complexity -MMD -MP -MF"Middlewares/ST/filex/common/src/fx_directory_rename.d" -MT"Middlewares/ST/filex/common/src/fx_directory_rename.o" --specs=nano.specs -mfpu=fpv5-sp-d16 -mfloat-abi=hard -mthumb -o "Middlewares/ST/filex/common/src/fx_directory_rename.o"
arm-none-eabi-gcc "../Middlewares/ST/filex/common/src/fx_directory_search.c" -mcpu=cortex-m33 -std=gnu11 -g3 -DDEBUG -DUSE_HAL_DRIVER -DSTM32U585xx -DFX_INCLUDE_USER_DEFINE_FILE -c -I../Core/Inc -I../Drivers/STM32U5xx_HAL_Driver/Inc -I../Drivers/STM32U5xx_HAL_Driver/Inc/Legacy -I../Drivers/CMSIS/Device/ST/STM32U5xx/Include -I../Drivers/CMSIS/Include -I../FileX/App -I../FileX/Target -I../Middlewares/ST/filex/common/inc -I../Middlewares/ST/filex/ports/generic/inc -O0 -ffunction-sections -fdata-sections -Wall -fstack-usage -fcyclomatic-complexity -MMD -MP -MF"Middlewares/ST/filex/common/src/fx_directory_search.d" -MT"Middlewares/ST/filex/common/src/fx_directory_search.o" --specs=nano.specs -mfpu=fpv5-sp-d16 -mfloat-abi=hard -mthumb -o "Middlewares/ST/filex/common/src/fx_directory_search.o"
arm-none-eabi-gcc "../Middlewares/ST/filex/common/src/fx_directory_short_name_get.c" -mcpu=cortex-m33 -std=gnu11 -g3 -DDEBUG -DUSE_HAL_DRIVER -DSTM32U585xx -DFX_INCLUDE_USER_DEFINE_FILE -c -I../Core/Inc -I../Drivers/STM32U5xx_HAL_Driver/Inc -I../Drivers/STM32U5xx_HAL_Driver/Inc/Legacy -I../Drivers/CMSIS/Device/ST/STM32U5xx/Include -I../Drivers/CMSIS/Include -I../FileX/App -I../FileX/Target -I../Middlewares/ST/filex/common/inc -I../Middlewares/ST/filex/ports/generic/inc -O0 -ffunction-sections -fdata-sections -Wall -fstack-usage -fcyclomatic-complexity -MMD -MP -MF"Middlewares/ST/filex/common/src/fx_directory_short_name_get.d" -MT"Middlewares/ST/filex/common/src/fx_directory_short_name_get.o" --specs=nano.specs -mfpu=fpv5-sp-d16 -mfloat-abi=hard -mthumb -o "Middlewares/ST/filex/common/src/fx_directory_short_name_get.o"
arm-none-eabi-gcc "../Middlewares/ST/filex/common/src/fx_directory_short_name_get_extended.c" -mcpu=cortex-m33 -std=gnu11 -g3 -DDEBUG -DUSE_HAL_DRIVER -DSTM32U585xx -DFX_INCLUDE_USER_DEFINE_FILE -c -I../Core/Inc -I../Drivers/STM32U5xx_HAL_Driver/Inc -I../Drivers/STM32U5xx_HAL_Driver/Inc/Legacy -I../Drivers/CMSIS/Device/ST/STM32U5xx/Include -I../Drivers/CMSIS/Include -I../FileX/App -I../FileX/Target -I../Middlewares/ST/filex/common/inc -I../Middlewares/ST/filex/ports/generic/inc -O0 -ffunction-sections -fdata-sections -Wall -fstack-usage -fcyclomatic-complexity -MMD -MP -MF"Middlewares/ST/filex/common/src/fx_directory_short_name_get_extended.d" -MT"Middlewares/ST/filex/common/src/fx_directory_short_name_get_extended.o" --specs=nano.specs -mfpu=fpv5-sp-d16 -mfloat-abi=hard -mthumb -o "Middlewares/ST/filex/common/src/fx_directory_short_name_get_extended.o"
arm-none-eabi-gcc "../Middlewares/ST/filex/common/src/fx_fault_tolerant_add_FAT_log.c" -mcpu=cortex-m33 -std=gnu11 -g3 -DDEBUG -DUSE_HAL_DRIVER -DSTM32U585xx -DFX_INCLUDE_USER_DEFINE_FILE -c -I../Core/Inc -I../Drivers/STM32U5xx_HAL_Driver/Inc -I../Drivers/STM32U5xx_HAL_Driver/Inc/Legacy -I../Drivers/CMSIS/Device/ST/STM32U5xx/Include -I../Drivers/CMSIS/Include -I../FileX/App -I../FileX/Target -I../Middlewares/ST/filex/common/inc -I../Middlewares/ST/filex/ports/generic/inc -O0 -ffunction-sections -fdata-sections -Wall -fstack-usage -fcyclomatic-complexity -MMD -MP -MF"Middlewares/ST/filex/common/src/fx_fault_tolerant_add_FAT_log.d" -MT"Middlewares/ST/filex/common/src/fx_fault_tolerant_add_FAT_log.o" --specs=nano.specs -mfpu=fpv5-sp-d16 -mfloat-abi=hard -mthumb -o "Middlewares/ST/filex/common/src/fx_fault_tolerant_add_FAT_log.o"
arm-none-eabi-gcc "../Middlewares/ST/filex/common/src/fx_fault_tolerant_add_bitmap_log.c" -mcpu=cortex-m33 -std=gnu11 -g3 -DDEBUG -DUSE_HAL_DRIVER -DSTM32U585xx -DFX_INCLUDE_USER_DEFINE_FILE -c -I../Core/Inc -I../Drivers/STM32U5xx_HAL_Driver/Inc -I../Drivers/STM32U5xx_HAL_Driver/Inc/Legacy -I../Drivers/CMSIS/Device/ST/STM32U5xx/Include -I../Drivers/CMSIS/Include -I../FileX/App -I../FileX/Target -I../Middlewares/ST/filex/common/inc -I../Middlewares/ST/filex/ports/generic/inc -O0 -ffunction-sections -fdata-sections -Wall -fstack-usage -fcyclomatic-complexity -MMD -MP -MF"Middlewares/ST/filex/common/src/fx_fault_tolerant_add_bitmap_log.d" -MT"Middlewares/ST/filex/common/src/fx_fault_tolerant_add_bitmap_log.o" --specs=nano.specs -mfpu=fpv5-sp-d16 -mfloat-abi=hard -mthumb -o "Middlewares/ST/filex/common/src/fx_fault_tolerant_add_bitmap_log.o"
arm-none-eabi-gcc "../Middlewares/ST/filex/common/src/fx_fault_tolerant_add_checksum_log.c" -mcpu=cortex-m33 -std=gnu11 -g3 -DDEBUG -DUSE_HAL_DRIVER -DSTM32U585xx -DFX_INCLUDE_USER_DEFINE_FILE -c -I../Core/Inc -I../Drivers/STM32U5xx_HAL_Driver/Inc -I../Drivers/STM32U5xx_HAL_Driver/Inc/Legacy -I../Drivers/CMSIS/Device/ST/STM32U5xx/Include -I../Drivers/CMSIS/Include -I../FileX/App -I../FileX/Target -I../Middlewares/ST/filex/common/inc -I../Middlewares/ST/filex/ports/generic/inc -O0 -ffunction-sections -fdata-sections -Wall -fstack-usage -fcyclomatic-complexity -MMD -MP -MF"Middlewares/ST/filex/common/src/fx_fault_tolerant_add_checksum_log.d" -MT"Middlewares/ST/filex/common/src/fx_fault_tolerant_add_checksum_log.o" --specs=nano.specs -mfpu=fpv5-sp-d16 -mfloat-abi=hard -mthumb -o "Middlewares/ST/filex/common/src/fx_fault_tolerant_add_checksum_log.o"
arm-none-eabi-gcc "../Middlewares/ST/filex/common/src/fx_fault_tolerant_add_dir_log.c" -mcpu=cortex-m33 -std=gnu11 -g3 -DDEBUG -DUSE_HAL_DRIVER -DSTM32U585xx -DFX_INCLUDE_USER_DEFINE_FILE -c -I../Core/Inc -I../Drivers/STM32U5xx_HAL_Driver/Inc -I../Drivers/STM32U5xx_HAL_Driver/Inc/Legacy -I../Drivers/CMSIS/Device/ST/STM32U5xx/Include -I../Drivers/CMSIS/Include -I../FileX/App -I../FileX/Target -I../Middlewares/ST/filex/common/inc -I../Middlewares/ST/filex/ports/generic/inc -O0 -ffunction-sections -fdata-sections -Wall -fstack-usage -fcyclomatic-complexity -MMD -MP -MF"Middlewares/ST/filex/common/src/fx_fault_tolerant_add_dir_log.d" -MT"Middlewares/ST/filex/common/src/fx_fault_tolerant_add_dir_log.o" --specs=nano.specs -mfpu=fpv5-sp-d16 -mfloat-abi=hard -mthumb -o "Middlewares/ST/filex/common/src/fx_fault_tolerant_add_dir_log.o"
arm-none-eabi-gcc "../Middlewares/ST/filex/common/src/fx_fault_tolerant_apply_logs.c" -mcpu=cortex-m33 -std=gnu11 -g3 -DDEBUG -DUSE_HAL_DRIVER -DSTM32U585xx -DFX_INCLUDE_USER_DEFINE_FILE -c -I../Core/Inc -I../Drivers/STM32U5xx_HAL_Driver/Inc -I../Drivers/STM32U5xx_HAL_Driver/Inc/Legacy -I../Drivers/CMSIS/Device/ST/STM32U5xx/Include -I../Drivers/CMSIS/Include -I../FileX/App -I../FileX/Target -I../Middlewares/ST/filex/common/inc -I../Middlewares/ST/filex/ports/generic/inc -O0 -ffunction-sections -fdata-sections -Wall -fstack-usage -fcyclomatic-complexity -MMD -MP -MF"Middlewares/ST/filex/common/src/fx_fault_tolerant_apply_logs.d" -MT"Middlewares/ST/filex/common/src/fx_fault_tolerant_apply_logs.o" --specs=nano.specs -mfpu=fpv5-sp-d16 -mfloat-abi=hard -mthumb -o "Middlewares/ST/filex/common/src/fx_fault_tolerant_apply_logs.o"
arm-none-eabi-gcc "../Middlewares/ST/filex/common/src/fx_fault_tolerant_calculate_checksum.c" -mcpu=cortex-m33 -std=gnu11 -g3 -DDEBUG -DUSE_HAL_DRIVER -DSTM32U585xx -DFX_INCLUDE_USER_DEFINE_FILE -c -I../Core/Inc -I../Drivers/STM32U5xx_HAL_Driver/Inc -I../Drivers/STM32U5xx_HAL_Driver/Inc/Legacy -I../Drivers/CMSIS/Device/ST/STM32U5xx/Include -I../Drivers/CMSIS/Include -I../FileX/App -I../FileX/Target -I../Middlewares/ST/filex/common/inc -I../Middlewares/ST/filex/ports/generic/inc -O0 -ffunction-sections -fdata-sections -Wall -fstack-usage -fcyclomatic-complexity -MMD -MP -MF"Middlewares/ST/filex/common/src/fx_fault_tolerant_calculate_checksum.d" -MT"Middlewares/ST/filex/common/src/fx_fault_tolerant_calculate_checksum.o" --specs=nano.specs -mfpu=fpv5-sp-d16 -mfloat-abi=hard -mthumb -o "Middlewares/ST/filex/common/src/fx_fault_tolerant_calculate_checksum.o"
arm-none-eabi-gcc "../Middlewares/ST/filex/common/src/fx_fault_tolerant_cleanup_FAT_chain.c" -mcpu=cortex-m33 -std=gnu11 -g3 -DDEBUG -DUSE_HAL_DRIVER -DSTM32U585xx -DFX_INCLUDE_USER_DEFINE_FILE -c -I../Core/Inc -I../Drivers/STM32U5xx_HAL_Driver/Inc -I../Drivers/STM32U5xx_HAL_Driver/Inc/Legacy -I../Drivers/CMSIS/Device/ST/STM32U5xx/Include -I../Drivers/CMSIS/Include -I../FileX/App -I../FileX/Target -I../Middlewares/ST/filex/common/inc -I../Middlewares/ST/filex/ports/generic/inc -O0 -ffunction-sections -fdata-sections -Wall -fstack-usage -fcyclomatic-complexity -MMD -MP -MF"Middlewares/ST/filex/common/src/fx_fault_tolerant_cleanup_FAT_chain.d" -MT"Middlewares/ST/filex/common/src/fx_fault_tolerant_cleanup_FAT_chain.o" --specs=nano.specs -mfpu=fpv5-sp-d16 -mfloat-abi=hard -mthumb -o "Middlewares/ST/filex/common/src/fx_fault_tolerant_cleanup_FAT_chain.o"
arm-none-eabi-gcc "../Middlewares/ST/filex/common/src/fx_fault_tolerant_create_log_file.c" -mcpu=cortex-m33 -std=gnu11 -g3 -DDEBUG -DUSE_HAL_DRIVER -DSTM32U585xx -DFX_INCLUDE_USER_DEFINE_FILE -c -I../Core/Inc -I../Drivers/STM32U5xx_HAL_Driver/Inc -I../Drivers/STM32U5xx_HAL_Driver/Inc/Legacy -I../Drivers/CMSIS/Device/ST/STM32U5xx/Include -I../Drivers/CMSIS/Include -I../FileX/App -I../FileX/Target -I../Middlewares/ST/filex/common/inc -I../Middlewares/ST/filex/ports/generic/inc -O0 -ffunction-sections -fdata-sections -Wall -fstack-usage -fcyclomatic-complexity -MMD -MP -MF"Middlewares/ST/filex/common/src/fx_fault_tolerant_create_log_file.d" -MT"Middlewares/ST/filex/common/src/fx_fault_tolerant_create_log_file.o" --specs=nano.specs -mfpu=fpv5-sp-d16 -mfloat-abi=hard -mthumb -o "Middlewares/ST/filex/common/src/fx_fault_tolerant_create_log_file.o"
arm-none-eabi-gcc "../Middlewares/ST/filex/common/src/fx_fault_tolerant_enable.c" -mcpu=cortex-m33 -std=gnu11 -g3 -DDEBUG -DUSE_HAL_DRIVER -DSTM32U585xx -DFX_INCLUDE_USER_DEFINE_FILE -c -I../Core/Inc -I../Drivers/STM32U5xx_HAL_Driver/Inc -I../Drivers/STM32U5xx_HAL_Driver/Inc/Legacy -I../Drivers/CMSIS/Device/ST/STM32U5xx/Include -I../Drivers/CMSIS/Include -I../FileX/App -I../FileX/Target -I../Middlewares/ST/filex/common/inc -I../Middlewares/ST/filex/ports/generic/inc -O0 -ffunction-sections -fdata-sections -Wall -fstack-usage -fcyclomatic-complexity -MMD -MP -MF"Middlewares/ST/filex/common/src/fx_fault_tolerant_enable.d" -MT"Middlewares/ST/filex/common/src/fx_fault_tolerant_enable.o" --specs=nano.specs -mfpu=fpv5-sp-d16 -mfloat-abi=hard -mthumb -o "Middlewares/ST/filex/common/src/fx_fault_tolerant_enable.o"
arm-none-eabi-gcc "../Middlewares/ST/filex/common/src/fx_fault_tolerant_read_FAT.c" -mcpu=cortex-m33 -std=gnu11 -g3 -DDEBUG -DUSE_HAL_DRIVER -DSTM32U585xx -DFX_INCLUDE_USER_DEFINE_FILE -c -I../Core/Inc -I../Drivers/STM32U5xx_HAL_Driver/Inc -I../Drivers/STM32U5xx_HAL_Driver/Inc/Legacy -I../Drivers/CMSIS/Device/ST/STM32U5xx/Include -I../Drivers/CMSIS/Include -I../FileX/App -I../FileX/Target -I../Middlewares/ST/filex/common/inc -I../Middlewares/ST/filex/ports/generic/inc -O0 -ffunction-sections -fdata-sections -Wall -fstack-usage -fcyclomatic-complexity -MMD -MP -MF"Middlewares/ST/filex/common/src/fx_fault_tolerant_read_FAT.d" -MT"Middlewares/ST/filex/common/src/fx_fault_tolerant_read_FAT.o" --specs=nano.specs -mfpu=fpv5-sp-d16 -mfloat-abi=hard -mthumb -o "Middlewares/ST/filex/common/src/fx_fault_tolerant_read_FAT.o"
arm-none-eabi-gcc "../Middlewares/ST/filex/common/src/fx_fault_tolerant_read_directory_sector.c" -mcpu=cortex-m33 -std=gnu11 -g3 -DDEBUG -DUSE_HAL_DRIVER -DSTM32U585xx -DFX_INCLUDE_USER_DEFINE_FILE -c -I../Core/Inc -I../Drivers/STM32U5xx_HAL_Driver/Inc -I../Drivers/STM32U5xx_HAL_Driver/Inc/Legacy -I../Drivers/CMSIS/Device/ST/STM32U5xx/Include -I../Drivers/CMSIS/Include -I../FileX/App -I../FileX/Target -I../Middlewares/ST/filex/common/inc -I../Middlewares/ST/filex/ports/generic/inc -O0 -ffunction-sections -fdata-sections -Wall -fstack-usage -fcyclomatic-complexity -MMD -MP -MF"Middlewares/ST/filex/common/src/fx_fault_tolerant_read_directory_sector.d" -MT"Middlewares/ST/filex/common/src/fx_fault_tolerant_read_directory_sector.o" --specs=nano.specs -mfpu=fpv5-sp-d16 -mfloat-abi=hard -mthumb -o "Middlewares/ST/filex/common/src/fx_fault_tolerant_read_directory_sector.o"
arm-none-eabi-gcc "../Middlewares/ST/filex/common/src/fx_fault_tolerant_read_log_file.c" -mcpu=cortex-m33 -std=gnu11 -g3 -DDEBUG -DUSE_HAL_DRIVER -DSTM32U585xx -DFX_INCLUDE_USER_DEFINE_FILE -c -I../Core/Inc -I../Drivers/STM32U5xx_HAL_Driver/Inc -I../Drivers/STM32U5xx_HAL_Driver/Inc/Legacy -I../Drivers/CMSIS/Device/ST/STM32U5xx/Include -I../Drivers/CMSIS/Include -I../FileX/App -I../FileX/Target -I../Middlewares/ST/filex/common/inc -I../Middlewares/ST/filex/ports/generic/inc -O0 -ffunction-sections -fdata-sections -Wall -fstack-usage -fcyclomatic-complexity -MMD -MP -MF"Middlewares/ST/filex/common/src/fx_fault_tolerant_read_log_file.d" -MT"Middlewares/ST/filex/common/src/fx_fault_tolerant_read_log_file.o" --specs=nano.specs -mfpu=fpv5-sp-d16 -mfloat-abi=hard -mthumb -o "Middlewares/ST/filex/common/src/fx_fault_tolerant_read_log_file.o"
arm-none-eabi-gcc "../Middlewares/ST/filex/common/src/fx_fault_tolerant_recover.c" -mcpu=cortex-m33 -std=gnu11 -g3 -DDEBUG -DUSE_HAL_DRIVER -DSTM32U585xx -DFX_INCLUDE_USER_DEFINE_FILE -c -I../Core/Inc -I../Drivers/STM32U5xx_HAL_Driver/Inc -I../Drivers/STM32U5xx_HAL_Driver/Inc/Legacy -I../Drivers/CMSIS/Device/ST/STM32U5xx/Include -I../Drivers/CMSIS/Include -I../FileX/App -I../FileX/Target -I../Middlewares/ST/filex/common/inc -I../Middlewares/ST/filex/ports/generic/inc -O0 -ffunction-sections -fdata-sections -Wall -fstack-usage -fcyclomatic-complexity -MMD -MP -MF"Middlewares/ST/filex/common/src/fx_fault_tolerant_recover.d" -MT"Middlewares/ST/filex/common/src/fx_fault_tolerant_recover.o" --specs=nano.specs -mfpu=fpv5-sp-d16 -mfloat-abi=hard -mthumb -o "Middlewares/ST/filex/common/src/fx_fault_tolerant_recover.o"
arm-none-eabi-gcc "../Middlewares/ST/filex/common/src/fx_fault_tolerant_reset_log_file.c" -mcpu=cortex-m33 -std=gnu11 -g3 -DDEBUG -DUSE_HAL_DRIVER -DSTM32U585xx -DFX_INCLUDE_USER_DEFINE_FILE -c -I../Core/Inc -I../Drivers/STM32U5xx_HAL_Driver/Inc -I../Drivers/STM32U5xx_HAL_Driver/Inc/Legacy -I../Drivers/CMSIS/Device/ST/STM32U5xx/Include -I../Drivers/CMSIS/Include -I../FileX/App -I../FileX/Target -I../Middlewares/ST/filex/common/inc -I../Middlewares/ST/filex/ports/generic/inc -O0 -ffunction-sections -fdata-sections -Wall -fstack-usage -fcyclomatic-complexity -MMD -MP -MF"Middlewares/ST/filex/common/src/fx_fault_tolerant_reset_log_file.d" -MT"Middlewares/ST/filex/common/src/fx_fault_tolerant_reset_log_file.o" --specs=nano.specs -mfpu=fpv5-sp-d16 -mfloat-abi=hard -mthumb -o "Middlewares/ST/filex/common/src/fx_fault_tolerant_reset_log_file.o"
arm-none-eabi-gcc "../Middlewares/ST/filex/common/src/fx_fault_tolerant_set_FAT_chain.c" -mcpu=cortex-m33 -std=gnu11 -g3 -DDEBUG -DUSE_HAL_DRIVER -DSTM32U585xx -DFX_INCLUDE_USER_DEFINE_FILE -c -I../Core/Inc -I../Drivers/STM32U5xx_HAL_Driver/Inc -I../Drivers/STM32U5xx_HAL_Driver/Inc/Legacy -I../Drivers/CMSIS/Device/ST/STM32U5xx/Include -I../Drivers/CMSIS/Include -I../FileX/App -I../FileX/Target -I../Middlewares/ST/filex/common/inc -I../Middlewares/ST/filex/ports/generic/inc -O0 -ffunction-sections -fdata-sections -Wall -fstack-usage -fcyclomatic-complexity -MMD -MP -MF"Middlewares/ST/filex/common/src/fx_fault_tolerant_set_FAT_chain.d" -MT"Middlewares/ST/filex/common/src/fx_fault_tolerant_set_FAT_chain.o" --specs=nano.specs -mfpu=fpv5-sp-d16 -mfloat-abi=hard -mthumb -o "Middlewares/ST/filex/common/src/fx_fault_tolerant_set_FAT_chain.o"
arm-none-eabi-gcc "../Middlewares/ST/filex/common/src/fx_fault_tolerant_transaction_end.c" -mcpu=cortex-m33 -std=gnu11 -g3 -DDEBUG -DUSE_HAL_DRIVER -DSTM32U585xx -DFX_INCLUDE_USER_DEFINE_FILE -c -I../Core/Inc -I../Drivers/STM32U5xx_HAL_Driver/Inc -I../Drivers/STM32U5xx_HAL_Driver/Inc/Legacy -I../Drivers/CMSIS/Device/ST/STM32U5xx/Include -I../Drivers/CMSIS/Include -I../FileX/App -I../FileX/Target -I../Middlewares/ST/filex/common/inc -I../Middlewares/ST/filex/ports/generic/inc -O0 -ffunction-sections -fdata-sections -Wall -fstack-usage -fcyclomatic-complexity -MMD -MP -MF"Middlewares/ST/filex/common/src/fx_fault_tolerant_transaction_end.d" -MT"Middlewares/ST/filex/common/src/fx_fault_tolerant_transaction_end.o" --specs=nano.specs -mfpu=fpv5-sp-d16 -mfloat-abi=hard -mthumb -o "Middlewares/ST/filex/common/src/fx_fault_tolerant_transaction_end.o"
arm-none-eabi-gcc "../Middlewares/ST/filex/common/src/fx_fault_tolerant_transaction_fail.c" -mcpu=cortex-m33 -std=gnu11 -g3 -DDEBUG -DUSE_HAL_DRIVER -DSTM32U585xx -DFX_INCLUDE_USER_DEFINE_FILE -c -I../Core/Inc -I../Drivers/STM32U5xx_HAL_Driver/Inc -I../Drivers/STM32U5xx_HAL_Driver/Inc/Legacy -I../Drivers/CMSIS/Device/ST/STM32U5xx/Include -I../Drivers/CMSIS/Include -I../FileX/App -I../FileX/Target -I../Middlewares/ST/filex/common/inc -I../Middlewares/ST/filex/ports/generic/inc -O0 -ffunction-sections -fdata-sections -Wall -fstack-usage -fcyclomatic-complexity -MMD -MP -MF"Middlewares/ST/filex/common/src/fx_fault_tolerant_transaction_fail.d" -MT"Middlewares/ST/filex/common/src/fx_fault_tolerant_transaction_fail.o" --specs=nano.specs -mfpu=fpv5-sp-d16 -mfloat-abi=hard -mthumb -o "Middlewares/ST/filex/common/src/fx_fault_tolerant_transaction_fail.o"
arm-none-eabi-gcc "../Middlewares/ST/filex/common/src/fx_fault_tolerant_transaction_start.c" -mcpu=cortex-m33 -std=gnu11 -g3 -DDEBUG -DUSE_HAL_DRIVER -DSTM32U585xx -DFX_INCLUDE_USER_DEFINE_FILE -c -I../Core/Inc -I../Drivers/STM32U5xx_HAL_Driver/Inc -I../Drivers/STM32U5xx_HAL_Driver/Inc/Legacy -I../Drivers/CMSIS/Device/ST/STM32U5xx/Include -I../Drivers/CMSIS/Include -I../FileX/App -I../FileX/Target -I../Middlewares/ST/filex/common/inc -I../Middlewares/ST/filex/ports/generic/inc -O0 -ffunction-sections -fdata-sections -Wall -fstack-usage -fcyclomatic-complexity -MMD -MP -MF"Middlewares/ST/filex/common/src/fx_fault_tolerant_transaction_start.d" -MT"Middlewares/ST/filex/common/src/fx_fault_tolerant_transaction_start.o" --specs=nano.specs -mfpu=fpv5-sp-d16 -mfloat-abi=hard -mthumb -o "Middlewares/ST/filex/common/src/fx_fault_tolerant_transaction_start.o"
arm-none-eabi-gcc "../Middlewares/ST/filex/common/src/fx_fault_tolerant_write_log_file.c" -mcpu=cortex-m33 -std=gnu11 -g3 -DDEBUG -DUSE_HAL_DRIVER -DSTM32U585xx -DFX_INCLUDE_USER_DEFINE_FILE -c -I../Core/Inc -I../Drivers/STM32U5xx_HAL_Driver/Inc -I../Drivers/STM32U5xx_HAL_Driver/Inc/Legacy -I../Drivers/CMSIS/Device/ST/STM32U5xx/Include -I../Drivers/CMSIS/Include -I../FileX/App -I../FileX/Target -I../Middlewares/ST/filex/common/inc -I../Middlewares/ST/filex/ports/generic/inc -O0 -ffunction-sections -fdata-sections -Wall -fstack-usage -fcyclomatic-complexity -MMD -MP -MF"Middlewares/ST/filex/common/src/fx_fault_tolerant_write_log_file.d" -MT"Middlewares/ST/filex/common/src/fx_fault_tolerant_write_log_file.o" --specs=nano.specs -mfpu=fpv5-sp-d16 -mfloat-abi=hard -mthumb -o "Middlewares/ST/filex/common/src/fx_fault_tolerant_write_log_file.o"
arm-none-eabi-gcc "../Middlewares/ST/filex/common/src/fx_file_allocate.c" -mcpu=cortex-m33 -std=gnu11 -g3 -DDEBUG -DUSE_HAL_DRIVER -DSTM32U585xx -DFX_INCLUDE_USER_DEFINE_FILE -c -I../Core/Inc -I../Drivers/STM32U5xx_HAL_Driver/Inc -I../Drivers/STM32U5xx_HAL_Driver/Inc/Legacy -I../Drivers/CMSIS/Device/ST/STM32U5xx/Include -I../Drivers/CMSIS/Include -I../FileX/App -I../FileX/Target -I../Middlewares/ST/filex/common/inc -I../Middlewares/ST/filex/ports/generic/inc -O0 -ffunction-sections -fdata-sections -Wall -fstack-usage -fcyclomatic-complexity -MMD -MP -MF"Middlewares/ST/filex/common/src/fx_file_allocate.d" -MT"Middlewares/ST/filex/common/src/fx_file_allocate.o" --specs=nano.specs -mfpu=fpv5-sp-d16 -mfloat-abi=hard -mthumb -o "Middlewares/ST/filex/common/src/fx_file_allocate.o"
arm-none-eabi-gcc "../Middlewares/ST/filex/common/src/fx_file_attributes_read.c" -mcpu=cortex-m33 -std=gnu11 -g3 -DDEBUG -DUSE_HAL_DRIVER -DSTM32U585xx -DFX_INCLUDE_USER_DEFINE_FILE -c -I../Core/Inc -I../Drivers/STM32U5xx_HAL_Driver/Inc -I../Drivers/STM32U5xx_HAL_Driver/Inc/Legacy -I../Drivers/CMSIS/Device/ST/STM32U5xx/Include -I../Drivers/CMSIS/Include -I../FileX/App -I../FileX/Target -I../Middlewares/ST/filex/common/inc -I../Middlewares/ST/filex/ports/generic/inc -O0 -ffunction-sections -fdata-sections -Wall -fstack-usage -fcyclomatic-complexity -MMD -MP -MF"Middlewares/ST/filex/common/src/fx_file_attributes_read.d" -MT"Middlewares/ST/filex/common/src/fx_file_attributes_read.o" --specs=nano.specs -mfpu=fpv5-sp-d16 -mfloat-abi=hard -mthumb -o "Middlewares/ST/filex/common/src/fx_file_attributes_read.o"
arm-none-eabi-gcc "../Middlewares/ST/filex/common/src/fx_file_attributes_set.c" -mcpu=cortex-m33 -std=gnu11 -g3 -DDEBUG -DUSE_HAL_DRIVER -DSTM32U585xx -DFX_INCLUDE_USER_DEFINE_FILE -c -I../Core/Inc -I../Drivers/STM32U5xx_HAL_Driver/Inc -I../Drivers/STM32U5xx_HAL_Driver/Inc/Legacy -I../Drivers/CMSIS/Device/ST/STM32U5xx/Include -I../Drivers/CMSIS/Include -I../FileX/App -I../FileX/Target -I../Middlewares/ST/filex/common/inc -I../Middlewares/ST/filex/ports/generic/inc -O0 -ffunction-sections -fdata-sections -Wall -fstack-usage -fcyclomatic-complexity -MMD -MP -MF"Middlewares/ST/filex/common/src/fx_file_attributes_set.d" -MT"Middlewares/ST/filex/common/src/fx_file_attributes_set.o" --specs=nano.specs -mfpu=fpv5-sp-d16 -mfloat-abi=hard -mthumb -o "Middlewares/ST/filex/common/src/fx_file_attributes_set.o"
arm-none-eabi-gcc "../Middlewares/ST/filex/common/src/fx_file_best_effort_allocate.c" -mcpu=cortex-m33 -std=gnu11 -g3 -DDEBUG -DUSE_HAL_DRIVER -DSTM32U585xx -DFX_INCLUDE_USER_DEFINE_FILE -c -I../Core/Inc -I../Drivers/STM32U5xx_HAL_Driver/Inc -I../Drivers/STM32U5xx_HAL_Driver/Inc/Legacy -I../Drivers/CMSIS/Device/ST/STM32U5xx/Include -I../Drivers/CMSIS/Include -I../FileX/App -I../FileX/Target -I../Middlewares/ST/filex/common/inc -I../Middlewares/ST/filex/ports/generic/inc -O0 -ffunction-sections -fdata-sections -Wall -fstack-usage -fcyclomatic-complexity -MMD -MP -MF"Middlewares/ST/filex/common/src/fx_file_best_effort_allocate.d" -MT"Middlewares/ST/filex/common/src/fx_file_best_effort_allocate.o" --specs=nano.specs -mfpu=fpv5-sp-d16 -mfloat-abi=hard -mthumb -o "Middlewares/ST/filex/common/src/fx_file_best_effort_allocate.o"
arm-none-eabi-gcc "../Middlewares/ST/filex/common/src/fx_file_close.c" -mcpu=cortex-m33 -std=gnu11 -g3 -DDEBUG -DUSE_HAL_DRIVER -DSTM32U585xx -DFX_INCLUDE_USER_DEFINE_FILE -c -I../Core/Inc -I../Drivers/STM32U5xx_HAL_Driver/Inc -I../Drivers/STM32U5xx_HAL_Driver/Inc/Legacy -I../Drivers/CMSIS/Device/ST/STM32U5xx/Include -I../Drivers/CMSIS/Include -I../FileX/App -I../FileX/Target -I../Middlewares/ST/filex/common/inc -I../Middlewares/ST/filex/ports/generic/inc -O0 -ffunction-sections -fdata-sections -Wall -fstack-usage -fcyclomatic-complexity -MMD -MP -MF"Middlewares/ST/filex/common/src/fx_file_close.d" -MT"Middlewares/ST/filex/common/src/fx_file_close.o" --specs=nano.specs -mfpu=fpv5-sp-d16 -mfloat-abi=hard -mthumb -o "Middlewares/ST/filex/common/src/fx_file_close.o"
arm-none-eabi-gcc "../Middlewares/ST/filex/common/src/fx_file_create.c" -mcpu=cortex-m33 -std=gnu11 -g3 -DDEBUG -DUSE_HAL_DRIVER -DSTM32U585xx -DFX_INCLUDE_USER_DEFINE_FILE -c -I../Core/Inc -I../Drivers/STM32U5xx_HAL_Driver/Inc -I../Drivers/STM32U5xx_HAL_Driver/Inc/Legacy -I../Drivers/CMSIS/Device/ST/STM32U5xx/Include -I../Drivers/CMSIS/Include -I../FileX/App -I../FileX/Target -I../Middlewares/ST/filex/common/inc -I../Middlewares/ST/filex/ports/generic/inc -O0 -ffunction-sections -fdata-sections -Wall -fstack-usage -fcyclomatic-complexity -MMD -MP -MF"Middlewares/ST/filex/common/src/fx_file_create.d" -MT"Middlewares/ST/filex/common/src/fx_file_create.o" --specs=nano.specs -mfpu=fpv5-sp-d16 -mfloat-abi=hard -mthumb -o "Middlewares/ST/filex/common/src/fx_file_create.o"
arm-none-eabi-gcc "../Middlewares/ST/filex/common/src/fx_file_date_time_set.c" -mcpu=cortex-m33 -std=gnu11 -g3 -DDEBUG -DUSE_HAL_DRIVER -DSTM32U585xx -DFX_INCLUDE_USER_DEFINE_FILE -c -I../Core/Inc -I../Drivers/STM32U5xx_HAL_Driver/Inc -I../Drivers/STM32U5xx_HAL_Driver/Inc/Legacy -I../Drivers/CMSIS/Device/ST/STM32U5xx/Include -I../Drivers/CMSIS/Include -I../FileX/App -I../FileX/Target -I../Middlewares/ST/filex/common/inc -I../Middlewares/ST/filex/ports/generic/inc -O0 -ffunction-sections -fdata-sections -Wall -fstack-usage -fcyclomatic-complexity -MMD -MP -MF"Middlewares/ST/filex/common/src/fx_file_date_time_set.d" -MT"Middlewares/ST/filex/common/src/fx_file_date_time_set.o" --specs=nano.specs -mfpu=fpv5-sp-d16 -mfloat-abi=hard -mthumb -o "Middlewares/ST/filex/common/src/fx_file_date_time_set.o"
arm-none-eabi-gcc "../Middlewares/ST/filex/common/src/fx_file_delete.c" -mcpu=cortex-m33 -std=gnu11 -g3 -DDEBUG -DUSE_HAL_DRIVER -DSTM32U585xx -DFX_INCLUDE_USER_DEFINE_FILE -c -I../Core/Inc -I../Drivers/STM32U5xx_HAL_Driver/Inc -I../Drivers/STM32U5xx_HAL_Driver/Inc/Legacy -I../Drivers/CMSIS/Device/ST/STM32U5xx/Include -I../Drivers/CMSIS/Include -I../FileX/App -I../FileX/Target -I../Middlewares/ST/filex/common/inc -I../Middlewares/ST/filex/ports/generic/inc -O0 -ffunction-sections -fdata-sections -Wall -fstack-usage -fcyclomatic-complexity -MMD -MP -MF"Middlewares/ST/filex/common/src/fx_file_delete.d" -MT"Middlewares/ST/filex/common/src/fx_file_delete.o" --specs=nano.specs -mfpu=fpv5-sp-d16 -mfloat-abi=hard -mthumb -o "Middlewares/ST/filex/common/src/fx_file_delete.o"
arm-none-eabi-gcc "../Middlewares/ST/filex/common/src/fx_file_extended_allocate.c" -mcpu=cortex-m33 -std=gnu11 -g3 -DDEBUG -DUSE_HAL_DRIVER -DSTM32U585xx -DFX_INCLUDE_USER_DEFINE_FILE -c -I../Core/Inc -I../Drivers/STM32U5xx_HAL_Driver/Inc -I../Drivers/STM32U5xx_HAL_Driver/Inc/Legacy -I../Drivers/CMSIS/Device/ST/STM32U5xx/Include -I../Drivers/CMSIS/Include -I../FileX/App -I../FileX/Target -I../Middlewares/ST/filex/common/inc -I../Middlewares/ST/filex/ports/generic/inc -O0 -ffunction-sections -fdata-sections -Wall -fstack-usage -fcyclomatic-complexity -MMD -MP -MF"Middlewares/ST/filex/common/src/fx_file_extended_allocate.d" -MT"Middlewares/ST/filex/common/src/fx_file_extended_allocate.o" --specs=nano.specs -mfpu=fpv5-sp-d16 -mfloat-abi=hard -mthumb -o "Middlewares/ST/filex/common/src/fx_file_extended_allocate.o"
arm-none-eabi-gcc "../Middlewares/ST/filex/common/src/fx_file_extended_best_effort_allocate.c" -mcpu=cortex-m33 -std=gnu11 -g3 -DDEBUG -DUSE_HAL_DRIVER -DSTM32U585xx -DFX_INCLUDE_USER_DEFINE_FILE -c -I../Core/Inc -I../Drivers/STM32U5xx_HAL_Driver/Inc -I../Drivers/STM32U5xx_HAL_Driver/Inc/Legacy -I../Drivers/CMSIS/Device/ST/STM32U5xx/Include -I../Drivers/CMSIS/Include -I../FileX/App -I../FileX/Target -I../Middlewares/ST/filex/common/inc -I../Middlewares/ST/filex/ports/generic/inc -O0 -ffunction-sections -fdata-sections -Wall -fstack-usage -fcyclomatic-complexity -MMD -MP -MF"Middlewares/ST/filex/common/src/fx_file_extended_best_effort_allocate.d" -MT"Middlewares/ST/filex/common/src/fx_file_extended_best_effort_allocate.o" --specs=nano.specs -mfpu=fpv5-sp-d16 -mfloat-abi=hard -mthumb -o "Middlewares/ST/filex/common/src/fx_file_extended_best_effort_allocate.o"
arm-none-eabi-gcc "../Middlewares/ST/filex/common/src/fx_file_extended_relative_seek.c" -mcpu=cortex-m33 -std=gnu11 -g3 -DDEBUG -DUSE_HAL_DRIVER -DSTM32U585xx -DFX_INCLUDE_USER_DEFINE_FILE -c -I../Core/Inc -I../Drivers/STM32U5xx_HAL_Driver/Inc -I../Drivers/STM32U5xx_HAL_Driver/Inc/Legacy -I../Drivers/CMSIS/Device/ST/STM32U5xx/Include -I../Drivers/CMSIS/Include -I../FileX/App -I../FileX/Target -I../Middlewares/ST/filex/common/inc -I../Middlewares/ST/filex/ports/generic/inc -O0 -ffunction-sections -fdata-sections -Wall -fstack-usage -fcyclomatic-complexity -MMD -MP -MF"Middlewares/ST/filex/common/src/fx_file_extended_relative_seek.d" -MT"Middlewares/ST/filex/common/src/fx_file_extended_relative_seek.o" --specs=nano.specs -mfpu=fpv5-sp-d16 -mfloat-abi=hard -mthumb -o "Middlewares/ST/filex/common/src/fx_file_extended_relative_seek.o"
arm-none-eabi-gcc "../Middlewares/ST/filex/common/src/fx_file_extended_seek.c" -mcpu=cortex-m33 -std=gnu11 -g3 -DDEBUG -DUSE_HAL_DRIVER -DSTM32U585xx -DFX_INCLUDE_USER_DEFINE_FILE -c -I../Core/Inc -I../Drivers/STM32U5xx_HAL_Driver/Inc -I../Drivers/STM32U5xx_HAL_Driver/Inc/Legacy -I../Drivers/CMSIS/Device/ST/STM32U5xx/Include -I../Drivers/CMSIS/Include -I../FileX/App -I../FileX/Target -I../Middlewares/ST/filex/common/inc -I../Middlewares/ST/filex/ports/generic/inc -O0 -ffunction-sections -fdata-sections -Wall -fstack-usage -fcyclomatic-complexity -MMD -MP -MF"Middlewares/ST/filex/common/src/fx_file_extended_seek.d" -MT"Middlewares/ST/filex/common/src/fx_file_extended_seek.o" --specs=nano.specs -mfpu=fpv5-sp-d16 -mfloat-abi=hard -mthumb -o "Middlewares/ST/filex/common/src/fx_file_extended_seek.o"
arm-none-eabi-gcc "../Middlewares/ST/filex/common/src/fx_file_extended_truncate.c" -mcpu=cortex-m33 -std=gnu11 -g3 -DDEBUG -DUSE_HAL_DRIVER -DSTM32U585xx -DFX_INCLUDE_USER_DEFINE_FILE -c -I../Core/Inc -I../Drivers/STM32U5xx_HAL_Driver/Inc -I../Drivers/STM32U5xx_HAL_Driver/Inc/Legacy -I../Drivers/CMSIS/Device/ST/STM32U5xx/Include -I../Drivers/CMSIS/Include -I../FileX/App -I../FileX/Target -I../Middlewares/ST/filex/common/inc -I../Middlewares/ST/filex/ports/generic/inc -O0 -ffunction-sections -fdata-sections -Wall -fstack-usage -fcyclomatic-complexity -MMD -MP -MF"Middlewares/ST/filex/common/src/fx_file_extended_truncate.d" -MT"Middlewares/ST/filex/common/src/fx_file_extended_truncate.o" --specs=nano.specs -mfpu=fpv5-sp-d16 -mfloat-abi=hard -mthumb -o "Middlewares/ST/filex/common/src/fx_file_extended_truncate.o"
arm-none-eabi-gcc "../Middlewares/ST/filex/common/src/fx_file_extended_truncate_release.c" -mcpu=cortex-m33 -std=gnu11 -g3 -DDEBUG -DUSE_HAL_DRIVER -DSTM32U585xx -DFX_INCLUDE_USER_DEFINE_FILE -c -I../Core/Inc -I../Drivers/STM32U5xx_HAL_Driver/Inc -I../Drivers/STM32U5xx_HAL_Driver/Inc/Legacy -I../Drivers/CMSIS/Device/ST/STM32U5xx/Include -I../Drivers/CMSIS/Include -I../FileX/App -I../FileX/Target -I../Middlewares/ST/filex/common/inc -I../Middlewares/ST/filex/ports/generic/inc -O0 -ffunction-sections -fdata-sections -Wall -fstack-usage -fcyclomatic-complexity -MMD -MP -MF"Middlewares/ST/filex/common/src/fx_file_extended_truncate_release.d" -MT"Middlewares/ST/filex/common/src/fx_file_extended_truncate_release.o" --specs=nano.specs -mfpu=fpv5-sp-d16 -mfloat-abi=hard -mthumb -o "Middlewares/ST/filex/common/src/fx_file_extended_truncate_release.o"
arm-none-eabi-gcc "../Middlewares/ST/filex/common/src/fx_file_open.c" -mcpu=cortex-m33 -std=gnu11 -g3 -DDEBUG -DUSE_HAL_DRIVER -DSTM32U585xx -DFX_INCLUDE_USER_DEFINE_FILE -c -I../Core/Inc -I../Drivers/STM32U5xx_HAL_Driver/Inc -I../Drivers/STM32U5xx_HAL_Driver/Inc/Legacy -I../Drivers/CMSIS/Device/ST/STM32U5xx/Include -I../Drivers/CMSIS/Include -I../FileX/App -I../FileX/Target -I../Middlewares/ST/filex/common/inc -I../Middlewares/ST/filex/ports/generic/inc -O0 -ffunction-sections -fdata-sections -Wall -fstack-usage -fcyclomatic-complexity -MMD -MP -MF"Middlewares/ST/filex/common/src/fx_file_open.d" -MT"Middlewares/ST/filex/common/src/fx_file_open.o" --specs=nano.specs -mfpu=fpv5-sp-d16 -mfloat-abi=hard -mthumb -o "Middlewares/ST/filex/common/src/fx_file_open.o"
arm-none-eabi-gcc "../Middlewares/ST/filex/common/src/fx_file_read.c" -mcpu=cortex-m33 -std=gnu11 -g3 -DDEBUG -DUSE_HAL_DRIVER -DSTM32U585xx -DFX_INCLUDE_USER_DEFINE_FILE -c -I../Core/Inc -I../Drivers/STM32U5xx_HAL_Driver/Inc -I../Drivers/STM32U5xx_HAL_Driver/Inc/Legacy -I../Drivers/CMSIS/Device/ST/STM32U5xx/Include -I../Drivers/CMSIS/Include -I../FileX/App -I../FileX/Target -I../Middlewares/ST/filex/common/inc -I../Middlewares/ST/filex/ports/generic/inc -O0 -ffunction-sections -fdata-sections -Wall -fstack-usage -fcyclomatic-complexity -MMD -MP -MF"Middlewares/ST/filex/common/src/fx_file_read.d" -MT"Middlewares/ST/filex/common/src/fx_file_read.o" --specs=nano.specs -mfpu=fpv5-sp-d16 -mfloat-abi=hard -mthumb -o "Middlewares/ST/filex/common/src/fx_file_read.o"
arm-none-eabi-gcc "../Middlewares/ST/filex/common/src/fx_file_relative_seek.c" -mcpu=cortex-m33 -std=gnu11 -g3 -DDEBUG -DUSE_HAL_DRIVER -DSTM32U585xx -DFX_INCLUDE_USER_DEFINE_FILE -c -I../Core/Inc -I../Drivers/STM32U5xx_HAL_Driver/Inc -I../Drivers/STM32U5xx_HAL_Driver/Inc/Legacy -I../Drivers/CMSIS/Device/ST/STM32U5xx/Include -I../Drivers/CMSIS/Include -I../FileX/App -I../FileX/Target -I../Middlewares/ST/filex/common/inc -I../Middlewares/ST/filex/ports/generic/inc -O0 -ffunction-sections -fdata-sections -Wall -fstack-usage -fcyclomatic-complexity -MMD -MP -MF"Middlewares/ST/filex/common/src/fx_file_relative_seek.d" -MT"Middlewares/ST/filex/common/src/fx_file_relative_seek.o" --specs=nano.specs -mfpu=fpv5-sp-d16 -mfloat-abi=hard -mthumb -o "Middlewares/ST/filex/common/src/fx_file_relative_seek.o"
arm-none-eabi-gcc "../Middlewares/ST/filex/common/src/fx_file_rename.c" -mcpu=cortex-m33 -std=gnu11 -g3 -DDEBUG -DUSE_HAL_DRIVER -DSTM32U585xx -DFX_INCLUDE_USER_DEFINE_FILE -c -I../Core/Inc -I../Drivers/STM32U5xx_HAL_Driver/Inc -I../Drivers/STM32U5xx_HAL_Driver/Inc/Legacy -I../Drivers/CMSIS/Device/ST/STM32U5xx/Include -I../Drivers/CMSIS/Include -I../FileX/App -I../FileX/Target -I../Middlewares/ST/filex/common/inc -I../Middlewares/ST/filex/ports/generic/inc -O0 -ffunction-sections -fdata-sections -Wall -fstack-usage -fcyclomatic-complexity -MMD -MP -MF"Middlewares/ST/filex/common/src/fx_file_rename.d" -MT"Middlewares/ST/filex/common/src/fx_file_rename.o" --specs=nano.specs -mfpu=fpv5-sp-d16 -mfloat-abi=hard -mthumb -o "Middlewares/ST/filex/common/src/fx_file_rename.o"
arm-none-eabi-gcc "../Middlewares/ST/filex/common/src/fx_file_seek.c" -mcpu=cortex-m33 -std=gnu11 -g3 -DDEBUG -DUSE_HAL_DRIVER -DSTM32U585xx -DFX_INCLUDE_USER_DEFINE_FILE -c -I../Core/Inc -I../Drivers/STM32U5xx_HAL_Driver/Inc -I../Drivers/STM32U5xx_HAL_Driver/Inc/Legacy -I../Drivers/CMSIS/Device/ST/STM32U5xx/Include -I../Drivers/CMSIS/Include -I../FileX/App -I../FileX/Target -I../Middlewares/ST/filex/common/inc -I../Middlewares/ST/filex/ports/generic/inc -O0 -ffunction-sections -fdata-sections -Wall -fstack-usage -fcyclomatic-complexity -MMD -MP -MF"Middlewares/ST/filex/common/src/fx_file_seek.d" -MT"Middlewares/ST/filex/common/src/fx_file_seek.o" --specs=nano.specs -mfpu=fpv5-sp-d16 -mfloat-abi=hard -mthumb -o "Middlewares/ST/filex/common/src/fx_file_seek.o"
arm-none-eabi-gcc "../Middlewares/ST/filex/common/src/fx_file_truncate.c" -mcpu=cortex-m33 -std=gnu11 -g3 -DDEBUG -DUSE_HAL_DRIVER -DSTM32U585xx -DFX_INCLUDE_USER_DEFINE_FILE -c -I../Core/Inc -I../Drivers/STM32U5xx_HAL_Driver/Inc -I../Drivers/STM32U5xx_HAL_Driver/Inc/Legacy -I../Drivers/CMSIS/Device/ST/STM32U5xx/Include -I../Drivers/CMSIS/Include -I../FileX/App -I../FileX/Target -I../Middlewares/ST/filex/common/inc -I../Middlewares/ST/filex/ports/generic/inc -O0 -ffunction-sections -fdata-sections -Wall -fstack-usage -fcyclomatic-complexity -MMD -MP -MF"Middlewares/ST/filex/common/src/fx_file_truncate.d" -MT"Middlewares/ST/filex/common/src/fx_file_truncate.o" --specs=nano.specs -mfpu=fpv5-sp-d16 -mfloat-abi=hard -mthumb -o "Middlewares/ST/filex/common/src/fx_file_truncate.o"
arm-none-eabi-gcc "../Middlewares/ST/filex/common/src/fx_file_truncate_release.c" -mcpu=cortex-m33 -std=gnu11 -g3 -DDEBUG -DUSE_HAL_DRIVER -DSTM32U585xx -DFX_INCLUDE_USER_DEFINE_FILE -c -I../Core/Inc -I../Drivers/STM32U5xx_HAL_Driver/Inc -I../Drivers/STM32U5xx_HAL_Driver/Inc/Legacy -I../Drivers/CMSIS/Device/ST/STM32U5xx/Include -I../Drivers/CMSIS/Include -I../FileX/App -I../FileX/Target -I../Middlewares/ST/filex/common/inc -I../Middlewares/ST/filex/ports/generic/inc -O0 -ffunction-sections -fdata-sections -Wall -fstack-usage -fcyclomatic-complexity -MMD -MP -MF"Middlewares/ST/filex/common/src/fx_file_truncate_release.d" -MT"Middlewares/ST/filex/common/src/fx_file_truncate_release.o" --specs=nano.specs -mfpu=fpv5-sp-d16 -mfloat-abi=hard -mthumb -o "Middlewares/ST/filex/common/src/fx_file_truncate_release.o"
arm-none-eabi-gcc "../Middlewares/ST/filex/common/src/fx_file_write.c" -mcpu=cortex-m33 -std=gnu11 -g3 -DDEBUG -DUSE_HAL_DRIVER -DSTM32U585xx -DFX_INCLUDE_USER_DEFINE_FILE -c -I../Core/Inc -I../Drivers/STM32U5xx_HAL_Driver/Inc -I../Drivers/STM32U5xx_HAL_Driver/Inc/Legacy -I../Drivers/CMSIS/Device/ST/STM32U5xx/Include -I../Drivers/CMSIS/Include -I../FileX/App -I../FileX/Target -I../Middlewares/ST/filex/common/inc -I../Middlewares/ST/filex/ports/generic/inc -O0 -ffunction-sections -fdata-sections -Wall -fstack-usage -fcyclomatic-complexity -MMD -MP -MF"Middlewares/ST/filex/common/src/fx_file_write.d" -MT"Middlewares/ST/filex/common/src/fx_file_write.o" --specs=nano.specs -mfpu=fpv5-sp-d16 -mfloat-abi=hard -mthumb -o "Middlewares/ST/filex/common/src/fx_file_write.o"
arm-none-eabi-gcc "../Middlewares/ST/filex/common/src/fx_file_write_notify_set.c" -mcpu=cortex-m33 -std=gnu11 -g3 -DDEBUG -DUSE_HAL_DRIVER -DSTM32U585xx -DFX_INCLUDE_USER_DEFINE_FILE -c -I../Core/Inc -I../Drivers/STM32U5xx_HAL_Driver/Inc -I../Drivers/STM32U5xx_HAL_Driver/Inc/Legacy -I../Drivers/CMSIS/Device/ST/STM32U5xx/Include -I../Drivers/CMSIS/Include -I../FileX/App -I../FileX/Target -I../Middlewares/ST/filex/common/inc -I../Middlewares/ST/filex/ports/generic/inc -O0 -ffunction-sections -fdata-sections -Wall -fstack-usage -fcyclomatic-complexity -MMD -MP -MF"Middlewares/ST/filex/common/src/fx_file_write_notify_set.d" -MT"Middlewares/ST/filex/common/src/fx_file_write_notify_set.o" --specs=nano.specs -mfpu=fpv5-sp-d16 -mfloat-abi=hard -mthumb -o "Middlewares/ST/filex/common/src/fx_file_write_notify_set.o"
arm-none-eabi-gcc "../Middlewares/ST/filex/common/src/fx_media_abort.c" -mcpu=cortex-m33 -std=gnu11 -g3 -DDEBUG -DUSE_HAL_DRIVER -DSTM32U585xx -DFX_INCLUDE_USER_DEFINE_FILE -c -I../Core/Inc -I../Drivers/STM32U5xx_HAL_Driver/Inc -I../Drivers/STM32U5xx_HAL_Driver/Inc/Legacy -I../Drivers/CMSIS/Device/ST/STM32U5xx/Include -I../Drivers/CMSIS/Include -I../FileX/App -I../FileX/Target -I../Middlewares/ST/filex/common/inc -I../Middlewares/ST/filex/ports/generic/inc -O0 -ffunction-sections -fdata-sections -Wall -fstack-usage -fcyclomatic-complexity -MMD -MP -MF"Middlewares/ST/filex/common/src/fx_media_abort.d" -MT"Middlewares/ST/filex/common/src/fx_media_abort.o" --specs=nano.specs -mfpu=fpv5-sp-d16 -mfloat-abi=hard -mthumb -o "Middlewares/ST/filex/common/src/fx_media_abort.o"
arm-none-eabi-gcc "../Middlewares/ST/filex/common/src/fx_media_boot_info_extract.c" -mcpu=cortex-m33 -std=gnu11 -g3 -DDEBUG -DUSE_HAL_DRIVER -DSTM32U585xx -DFX_INCLUDE_USER_DEFINE_FILE -c -I../Core/Inc -I../Drivers/STM32U5xx_HAL_Driver/Inc -I../Drivers/STM32U5xx_HAL_Driver/Inc/Legacy -I../Drivers/CMSIS/Device/ST/STM32U5xx/Include -I../Drivers/CMSIS/Include -I../FileX/App -I../FileX/Target -I../Middlewares/ST/filex/common/inc -I../Middlewares/ST/filex/ports/generic/inc -O0 -ffunction-sections -fdata-sections -Wall -fstack-usage -fcyclomatic-complexity -MMD -MP -MF"Middlewares/ST/filex/common/src/fx_media_boot_info_extract.d" -MT"Middlewares/ST/filex/common/src/fx_media_boot_info_extract.o" --specs=nano.specs -mfpu=fpv5-sp-d16 -mfloat-abi=hard -mthumb -o "Middlewares/ST/filex/common/src/fx_media_boot_info_extract.o"
arm-none-eabi-gcc "../Middlewares/ST/filex/common/src/fx_media_cache_invalidate.c" -mcpu=cortex-m33 -std=gnu11 -g3 -DDEBUG -DUSE_HAL_DRIVER -DSTM32U585xx -DFX_INCLUDE_USER_DEFINE_FILE -c -I../Core/Inc -I../Drivers/STM32U5xx_HAL_Driver/Inc -I../Drivers/STM32U5xx_HAL_Driver/Inc/Legacy -I../Drivers/CMSIS/Device/ST/STM32U5xx/Include -I../Drivers/CMSIS/Include -I../FileX/App -I../FileX/Target -I../Middlewares/ST/filex/common/inc -I../Middlewares/ST/filex/ports/generic/inc -O0 -ffunction-sections -fdata-sections -Wall -fstack-usage -fcyclomatic-complexity -MMD -MP -MF"Middlewares/ST/filex/common/src/fx_media_cache_invalidate.d" -MT"Middlewares/ST/filex/common/src/fx_media_cache_invalidate.o" --specs=nano.specs -mfpu=fpv5-sp-d16 -mfloat-abi=hard -mthumb -o "Middlewares/ST/filex/common/src/fx_media_cache_invalidate.o"
arm-none-eabi-gcc "../Middlewares/ST/filex/common/src/fx_media_check.c" -mcpu=cortex-m33 -std=gnu11 -g3 -DDEBUG -DUSE_HAL_DRIVER -DSTM32U585xx -DFX_INCLUDE_USER_DEFINE_FILE -c -I../Core/Inc -I../Drivers/STM32U5xx_HAL_Driver/Inc -I../Drivers/STM32U5xx_HAL_Driver/Inc/Legacy -I../Drivers/CMSIS/Device/ST/STM32U5xx/Include -I../Drivers/CMSIS/Include -I../FileX/App -I../FileX/Target -I../Middlewares/ST/filex/common/inc -I../Middlewares/ST/filex/ports/generic/inc -O0 -ffunction-sections -fdata-sections -Wall -fstack-usage -fcyclomatic-complexity -MMD -MP -MF"Middlewares/ST/filex/common/src/fx_media_check.d" -MT"Middlewares/ST/filex/common/src/fx_media_check.o" --specs=nano.specs -mfpu=fpv5-sp-d16 -mfloat-abi=hard -mthumb -o "Middlewares/ST/filex/common/src/fx_media_check.o"
arm-none-eabi-gcc "../Middlewares/ST/filex/common/src/fx_media_check_FAT_chain_check.c" -mcpu=cortex-m33 -std=gnu11 -g3 -DDEBUG -DUSE_HAL_DRIVER -DSTM32U585xx -DFX_INCLUDE_USER_DEFINE_FILE -c -I../Core/Inc -I../Drivers/STM32U5xx_HAL_Driver/Inc -I../Drivers/STM32U5xx_HAL_Driver/Inc/Legacy -I../Drivers/CMSIS/Device/ST/STM32U5xx/Include -I../Drivers/CMSIS/Include -I../FileX/App -I../FileX/Target -I../Middlewares/ST/filex/common/inc -I../Middlewares/ST/filex/ports/generic/inc -O0 -ffunction-sections -fdata-sections -Wall -fstack-usage -fcyclomatic-complexity -MMD -MP -MF"Middlewares/ST/filex/common/src/fx_media_check_FAT_chain_check.d" -MT"Middlewares/ST/filex/common/src/fx_media_check_FAT_chain_check.o" --specs=nano.specs -mfpu=fpv5-sp-d16 -mfloat-abi=hard -mthumb -o "Middlewares/ST/filex/common/src/fx_media_check_FAT_chain_check.o"
arm-none-eabi-gcc "../Middlewares/ST/filex/common/src/fx_media_check_lost_cluster_check.c" -mcpu=cortex-m33 -std=gnu11 -g3 -DDEBUG -DUSE_HAL_DRIVER -DSTM32U585xx -DFX_INCLUDE_USER_DEFINE_FILE -c -I../Core/Inc -I../Drivers/STM32U5xx_HAL_Driver/Inc -I../Drivers/STM32U5xx_HAL_Driver/Inc/Legacy -I../Drivers/CMSIS/Device/ST/STM32U5xx/Include -I../Drivers/CMSIS/Include -I../FileX/App -I../FileX/Target -I../Middlewares/ST/filex/common/inc -I../Middlewares/ST/filex/ports/generic/inc -O0 -ffunction-sections -fdata-sections -Wall -fstack-usage -fcyclomatic-complexity -MMD -MP -MF"Middlewares/ST/filex/common/src/fx_media_check_lost_cluster_check.d" -MT"Middlewares/ST/filex/common/src/fx_media_check_lost_cluster_check.o" --specs=nano.specs -mfpu=fpv5-sp-d16 -mfloat-abi=hard -mthumb -o "Middlewares/ST/filex/common/src/fx_media_check_lost_cluster_check.o"
arm-none-eabi-gcc "../Middlewares/ST/filex/common/src/fx_media_close.c" -mcpu=cortex-m33 -std=gnu11 -g3 -DDEBUG -DUSE_HAL_DRIVER -DSTM32U585xx -DFX_INCLUDE_USER_DEFINE_FILE -c -I../Core/Inc -I../Drivers/STM32U5xx_HAL_Driver/Inc -I../Drivers/STM32U5xx_HAL_Driver/Inc/Legacy -I../Drivers/CMSIS/Device/ST/STM32U5xx/Include -I../Drivers/CMSIS/Include -I../FileX/App -I../FileX/Target -I../Middlewares/ST/filex/common/inc -I../Middlewares/ST/filex/ports/generic/inc -O0 -ffunction-sections -fdata-sections -Wall -fstack-usage -fcyclomatic-complexity -MMD -MP -MF"Middlewares/ST/filex/common/src/fx_media_close.d" -MT"Middlewares/ST/filex/common/src/fx_media_close.o" --specs=nano.specs -mfpu=fpv5-sp-d16 -mfloat-abi=hard -mthumb -o "Middlewares/ST/filex/common/src/fx_media_close.o"
arm-none-eabi-gcc "../Middlewares/ST/filex/common/src/fx_media_close_notify_set.c" -mcpu=cortex-m33 -std=gnu11 -g3 -DDEBUG -DUSE_HAL_DRIVER -DSTM32U585xx -DFX_INCLUDE_USER_DEFINE_FILE -c -I../Core/Inc -I../Drivers/STM32U5xx_HAL_Driver/Inc -I../Drivers/STM32U5xx_HAL_Driver/Inc/Legacy -I../Drivers/CMSIS/Device/ST/STM32U5xx/Include -I../Drivers/CMSIS/Include -I../FileX/App -I../FileX/Target -I../Middlewares/ST/filex/common/inc -I../Middlewares/ST/filex/ports/generic/inc -O0 -ffunction-sections -fdata-sections -Wall -fstack-usage -fcyclomatic-complexity -MMD -MP -MF"Middlewares/ST/filex/common/src/fx_media_close_notify_set.d" -MT"Middlewares/ST/filex/common/src/fx_media_close_notify_set.o" --specs=nano.specs -mfpu=fpv5-sp-d16 -mfloat-abi=hard -mthumb -o "Middlewares/ST/filex/common/src/fx_media_close_notify_set.o"
arm-none-eabi-gcc "../Middlewares/ST/filex/common/src/fx_media_exFAT_format.c" -mcpu=cortex-m33 -std=gnu11 -g3 -DDEBUG -DUSE_HAL_DRIVER -DSTM32U585xx -DFX_INCLUDE_USER_DEFINE_FILE -c -I../Core/Inc -I../Drivers/STM32U5xx_HAL_Driver/Inc -I../Drivers/STM32U5xx_HAL_Driver/Inc/Legacy -I../Drivers/CMSIS/Device/ST/STM32U5xx/Include -I../Drivers/CMSIS/Include -I../FileX/App -I../FileX/Target -I../Middlewares/ST/filex/common/inc -I../Middlewares/ST/filex/ports/generic/inc -O0 -ffunction-sections -fdata-sections -Wall -fstack-usage -fcyclomatic-complexity -MMD -MP -MF"Middlewares/ST/filex/common/src/fx_media_exFAT_format.d" -MT"Middlewares/ST/filex/common/src/fx_media_exFAT_format.o" --specs=nano.specs -mfpu=fpv5-sp-d16 -mfloat-abi=hard -mthumb -o "Middlewares/ST/filex/common/src/fx_media_exFAT_format.o"
arm-none-eabi-gcc "../Middlewares/ST/filex/common/src/fx_media_extended_space_available.c" -mcpu=cortex-m33 -std=gnu11 -g3 -DDEBUG -DUSE_HAL_DRIVER -DSTM32U585xx -DFX_INCLUDE_USER_DEFINE_FILE -c -I../Core/Inc -I../Drivers/STM32U5xx_HAL_Driver/Inc -I../Drivers/STM32U5xx_HAL_Driver/Inc/Legacy -I../Drivers/CMSIS/Device/ST/STM32U5xx/Include -I../Drivers/CMSIS/Include -I../FileX/App -I../FileX/Target -I../Middlewares/ST/filex/common/inc -I../Middlewares/ST/filex/ports/generic/inc -O0 -ffunction-sections -fdata-sections -Wall -fstack-usage -fcyclomatic-complexity -MMD -MP -MF"Middlewares/ST/filex/common/src/fx_media_extended_space_available.d" -MT"Middlewares/ST/filex/common/src/fx_media_extended_space_available.o" --specs=nano.specs -mfpu=fpv5-sp-d16 -mfloat-abi=hard -mthumb -o "Middlewares/ST/filex/common/src/fx_media_extended_space_available.o"
arm-none-eabi-gcc "../Middlewares/ST/filex/common/src/fx_media_flush.c" -mcpu=cortex-m33 -std=gnu11 -g3 -DDEBUG -DUSE_HAL_DRIVER -DSTM32U585xx -DFX_INCLUDE_USER_DEFINE_FILE -c -I../Core/Inc -I../Drivers/STM32U5xx_HAL_Driver/Inc -I../Drivers/STM32U5xx_HAL_Driver/Inc/Legacy -I../Drivers/CMSIS/Device/ST/STM32U5xx/Include -I../Drivers/CMSIS/Include -I../FileX/App -I../FileX/Target -I../Middlewares/ST/filex/common/inc -I../Middlewares/ST/filex/ports/generic/inc -O0 -ffunction-sections -fdata-sections -Wall -fstack-usage -fcyclomatic-complexity -MMD -MP -MF"Middlewares/ST/filex/common/src/fx_media_flush.d" -MT"Middlewares/ST/filex/common/src/fx_media_flush.o" --specs=nano.specs -mfpu=fpv5-sp-d16 -mfloat-abi=hard -mthumb -o "Middlewares/ST/filex/common/src/fx_media_flush.o"
arm-none-eabi-gcc "../Middlewares/ST/filex/common/src/fx_media_format.c" -mcpu=cortex-m33 -std=gnu11 -g3 -DDEBUG -DUSE_HAL_DRIVER -DSTM32U585xx -DFX_INCLUDE_USER_DEFINE_FILE -c -I../Core/Inc -I../Drivers/STM32U5xx_HAL_Driver/Inc -I../Drivers/STM32U5xx_HAL_Driver/Inc/Legacy -I../Drivers/CMSIS/Device/ST/STM32U5xx/Include -I../Drivers/CMSIS/Include -I../FileX/App -I../FileX/Target -I../Middlewares/ST/filex/common/inc -I../Middlewares/ST/filex/ports/generic/inc -O0 -ffunction-sections -fdata-sections -Wall -fstack-usage -fcyclomatic-complexity -MMD -MP -MF"Middlewares/ST/filex/common/src/fx_media_format.d" -MT"Middlewares/ST/filex/common/src/fx_media_format.o" --specs=nano.specs -mfpu=fpv5-sp-d16 -mfloat-abi=hard -mthumb -o "Middlewares/ST/filex/common/src/fx_media_format.o"
arm-none-eabi-gcc "../Middlewares/ST/filex/common/src/fx_media_format_oem_name_set.c" -mcpu=cortex-m33 -std=gnu11 -g3 -DDEBUG -DUSE_HAL_DRIVER -DSTM32U585xx -DFX_INCLUDE_USER_DEFINE_FILE -c -I../Core/Inc -I../Drivers/STM32U5xx_HAL_Driver/Inc -I../Drivers/STM32U5xx_HAL_Driver/Inc/Legacy -I../Drivers/CMSIS/Device/ST/STM32U5xx/Include -I../Drivers/CMSIS/Include -I../FileX/App -I../FileX/Target -I../Middlewares/ST/filex/common/inc -I../Middlewares/ST/filex/ports/generic/inc -O0 -ffunction-sections -fdata-sections -Wall -fstack-usage -fcyclomatic-complexity -MMD -MP -MF"Middlewares/ST/filex/common/src/fx_media_format_oem_name_set.d" -MT"Middlewares/ST/filex/common/src/fx_media_format_oem_name_set.o" --specs=nano.specs -mfpu=fpv5-sp-d16 -mfloat-abi=hard -mthumb -o "Middlewares/ST/filex/common/src/fx_media_format_oem_name_set.o"
arm-none-eabi-gcc "../Middlewares/ST/filex/common/src/fx_media_format_type_set.c" -mcpu=cortex-m33 -std=gnu11 -g3 -DDEBUG -DUSE_HAL_DRIVER -DSTM32U585xx -DFX_INCLUDE_USER_DEFINE_FILE -c -I../Core/Inc -I../Drivers/STM32U5xx_HAL_Driver/Inc -I../Drivers/STM32U5xx_HAL_Driver/Inc/Legacy -I../Drivers/CMSIS/Device/ST/STM32U5xx/Include -I../Drivers/CMSIS/Include -I../FileX/App -I../FileX/Target -I../Middlewares/ST/filex/common/inc -I../Middlewares/ST/filex/ports/generic/inc -O0 -ffunction-sections -fdata-sections -Wall -fstack-usage -fcyclomatic-complexity -MMD -MP -MF"Middlewares/ST/filex/common/src/fx_media_format_type_set.d" -MT"Middlewares/ST/filex/common/src/fx_media_format_type_set.o" --specs=nano.specs -mfpu=fpv5-sp-d16 -mfloat-abi=hard -mthumb -o "Middlewares/ST/filex/common/src/fx_media_format_type_set.o"
arm-none-eabi-gcc "../Middlewares/ST/filex/common/src/fx_media_format_volume_id_set.c" -mcpu=cortex-m33 -std=gnu11 -g3 -DDEBUG -DUSE_HAL_DRIVER -DSTM32U585xx -DFX_INCLUDE_USER_DEFINE_FILE -c -I../Core/Inc -I../Drivers/STM32U5xx_HAL_Driver/Inc -I../Drivers/STM32U5xx_HAL_Driver/Inc/Legacy -I../Drivers/CMSIS/Device/ST/STM32U5xx/Include -I../Drivers/CMSIS/Include -I../FileX/App -I../FileX/Target -I../Middlewares/ST/filex/common/inc -I../Middlewares/ST/filex/ports/generic/inc -O0 -ffunction-sections -fdata-sections -Wall -fstack-usage -fcyclomatic-complexity -MMD -MP -MF"Middlewares/ST/filex/common/src/fx_media_format_volume_id_set.d" -MT"Middlewares/ST/filex/common/src/fx_media_format_volume_id_set.o" --specs=nano.specs -mfpu=fpv5-sp-d16 -mfloat-abi=hard -mthumb -o "Middlewares/ST/filex/common/src/fx_media_format_volume_id_set.o"
arm-none-eabi-gcc "../Middlewares/ST/filex/common/src/fx_media_open.c" -mcpu=cortex-m33 -std=gnu11 -g3 -DDEBUG -DUSE_HAL_DRIVER -DSTM32U585xx -DFX_INCLUDE_USER_DEFINE_FILE -c -I../Core/Inc -I../Drivers/STM32U5xx_HAL_Driver/Inc -I../Drivers/STM32U5xx_HAL_Driver/Inc/Legacy -I../Drivers/CMSIS/Device/ST/STM32U5xx/Include -I../Drivers/CMSIS/Include -I../FileX/App -I../FileX/Target -I../Middlewares/ST/filex/common/inc -I../Middlewares/ST/filex/ports/generic/inc -O0 -ffunction-sections -fdata-sections -Wall -fstack-usage -fcyclomatic-complexity -MMD -MP -MF"Middlewares/ST/filex/common/src/fx_media_open.d" -MT"Middlewares/ST/filex/common/src/fx_media_open.o" --specs=nano.specs -mfpu=fpv5-sp-d16 -mfloat-abi=hard -mthumb -o "Middlewares/ST/filex/common/src/fx_media_open.o"
arm-none-eabi-gcc "../Middlewares/ST/filex/common/src/fx_media_open_notify_set.c" -mcpu=cortex-m33 -std=gnu11 -g3 -DDEBUG -DUSE_HAL_DRIVER -DSTM32U585xx -DFX_INCLUDE_USER_DEFINE_FILE -c -I../Core/Inc -I../Drivers/STM32U5xx_HAL_Driver/Inc -I../Drivers/STM32U5xx_HAL_Driver/Inc/Legacy -I../Drivers/CMSIS/Device/ST/STM32U5xx/Include -I../Drivers/CMSIS/Include -I../FileX/App -I../FileX/Target -I../Middlewares/ST/filex/common/inc -I../Middlewares/ST/filex/ports/generic/inc -O0 -ffunction-sections -fdata-sections -Wall -fstack-usage -fcyclomatic-complexity -MMD -MP -MF"Middlewares/ST/filex/common/src/fx_media_open_notify_set.d" -MT"Middlewares/ST/filex/common/src/fx_media_open_notify_set.o" --specs=nano.specs -mfpu=fpv5-sp-d16 -mfloat-abi=hard -mthumb -o "Middlewares/ST/filex/common/src/fx_media_open_notify_set.o"
arm-none-eabi-gcc "../Middlewares/ST/filex/common/src/fx_media_read.c" -mcpu=cortex-m33 -std=gnu11 -g3 -DDEBUG -DUSE_HAL_DRIVER -DSTM32U585xx -DFX_INCLUDE_USER_DEFINE_FILE -c -I../Core/Inc -I../Drivers/STM32U5xx_HAL_Driver/Inc -I../Drivers/STM32U5xx_HAL_Driver/Inc/Legacy -I../Drivers/CMSIS/Device/ST/STM32U5xx/Include -I../Drivers/CMSIS/Include -I../FileX/App -I../FileX/Target -I../Middlewares/ST/filex/common/inc -I../Middlewares/ST/filex/ports/generic/inc -O0 -ffunction-sections -fdata-sections -Wall -fstack-usage -fcyclomatic-complexity -MMD -MP -MF"Middlewares/ST/filex/common/src/fx_media_read.d" -MT"Middlewares/ST/filex/common/src/fx_media_read.o" --specs=nano.specs -mfpu=fpv5-sp-d16 -mfloat-abi=hard -mthumb -o "Middlewares/ST/filex/common/src/fx_media_read.o"
arm-none-eabi-gcc "../Middlewares/ST/filex/common/src/fx_media_space_available.c" -mcpu=cortex-m33 -std=gnu11 -g3 -DDEBUG -DUSE_HAL_DRIVER -DSTM32U585xx -DFX_INCLUDE_USER_DEFINE_FILE -c -I../Core/Inc -I../Drivers/STM32U5xx_HAL_Driver/Inc -I../Drivers/STM32U5xx_HAL_Driver/Inc/Legacy -I../Drivers/CMSIS/Device/ST/STM32U5xx/Include -I../Drivers/CMSIS/Include -I../FileX/App -I../FileX/Target -I../Middlewares/ST/filex/common/inc -I../Middlewares/ST/filex/ports/generic/inc -O0 -ffunction-sections -fdata-sections -Wall -fstack-usage -fcyclomatic-complexity -MMD -MP -MF"Middlewares/ST/filex/common/src/fx_media_space_available.d" -MT"Middlewares/ST/filex/common/src/fx_media_space_available.o" --specs=nano.specs -mfpu=fpv5-sp-d16 -mfloat-abi=hard -mthumb -o "Middlewares/ST/filex/common/src/fx_media_space_available.o"
arm-none-eabi-gcc "../Middlewares/ST/filex/common/src/fx_media_volume_get.c" -mcpu=cortex-m33 -std=gnu11 -g3 -DDEBUG -DUSE_HAL_DRIVER -DSTM32U585xx -DFX_INCLUDE_USER_DEFINE_FILE -c -I../Core/Inc -I../Drivers/STM32U5xx_HAL_Driver/Inc -I../Drivers/STM32U5xx_HAL_Driver/Inc/Legacy -I../Drivers/CMSIS/Device/ST/STM32U5xx/Include -I../Drivers/CMSIS/Include -I../FileX/App -I../FileX/Target -I../Middlewares/ST/filex/common/inc -I../Middlewares/ST/filex/ports/generic/inc -O0 -ffunction-sections -fdata-sections -Wall -fstack-usage -fcyclomatic-complexity -MMD -MP -MF"Middlewares/ST/filex/common/src/fx_media_volume_get.d" -MT"Middlewares/ST/filex/common/src/fx_media_volume_get.o" --specs=nano.specs -mfpu=fpv5-sp-d16 -mfloat-abi=hard -mthumb -o "Middlewares/ST/filex/common/src/fx_media_volume_get.o"
arm-none-eabi-gcc "../Middlewares/ST/filex/common/src/fx_media_volume_get_extended.c" -mcpu=cortex-m33 -std=gnu11 -g3 -DDEBUG -DUSE_HAL_DRIVER -DSTM32U585xx -DFX_INCLUDE_USER_DEFINE_FILE -c -I../Core/Inc -I../Drivers/STM32U5xx_HAL_Driver/Inc -I../Drivers/STM32U5xx_HAL_Driver/Inc/Legacy -I../Drivers/CMSIS/Device/ST/STM32U5xx/Include -I../Drivers/CMSIS/Include -I../FileX/App -I../FileX/Target -I../Middlewares/ST/filex/common/inc -I../Middlewares/ST/filex/ports/generic/inc -O0 -ffunction-sections -fdata-sections -Wall -fstack-usage -fcyclomatic-complexity -MMD -MP -MF"Middlewares/ST/filex/common/src/fx_media_volume_get_extended.d" -MT"Middlewares/ST/filex/common/src/fx_media_volume_get_extended.o" --specs=nano.specs -mfpu=fpv5-sp-d16 -mfloat-abi=hard -mthumb -o "Middlewares/ST/filex/common/src/fx_media_volume_get_extended.o"
arm-none-eabi-gcc "../Middlewares/ST/filex/common/src/fx_media_volume_set.c" -mcpu=cortex-m33 -std=gnu11 -g3 -DDEBUG -DUSE_HAL_DRIVER -DSTM32U585xx -DFX_INCLUDE_USER_DEFINE_FILE -c -I../Core/Inc -I../Drivers/STM32U5xx_HAL_Driver/Inc -I../Drivers/STM32U5xx_HAL_Driver/Inc/Legacy -I../Drivers/CMSIS/Device/ST/STM32U5xx/Include -I../Drivers/CMSIS/Include -I../FileX/App -I../FileX/Target -I../Middlewares/ST/filex/common/inc -I../Middlewares/ST/filex/ports/generic/inc -O0 -ffunction-sections -fdata-sections -Wall -fstack-usage -fcyclomatic-complexity -MMD -MP -MF"Middlewares/ST/filex/common/src/fx_media_volume_set.d" -MT"Middlewares/ST/filex/common/src/fx_media_volume_set.o" --specs=nano.specs -mfpu=fpv5-sp-d16 -mfloat-abi=hard -mthumb -o "Middlewares/ST/filex/common/src/fx_media_volume_set.o"
arm-none-eabi-gcc "../Middlewares/ST/filex/common/src/fx_media_write.c" -mcpu=cortex-m33 -std=gnu11 -g3 -DDEBUG -DUSE_HAL_DRIVER -DSTM32U585xx -DFX_INCLUDE_USER_DEFINE_FILE -c -I../Core/Inc -I../Drivers/STM32U5xx_HAL_Driver/Inc -I../Drivers/STM32U5xx_HAL_Driver/Inc/Legacy -I../Drivers/CMSIS/Device/ST/STM32U5xx/Include -I../Drivers/CMSIS/Include -I../FileX/App -I../FileX/Target -I../Middlewares/ST/filex/common/inc -I../Middlewares/ST/filex/ports/generic/inc -O0 -ffunction-sections -fdata-sections -Wall -fstack-usage -fcyclomatic-complexity -MMD -MP -MF"Middlewares/ST/filex/common/src/fx_media_write.d" -MT"Middlewares/ST/filex/common/src/fx_media_write.o" --specs=nano.specs -mfpu=fpv5-sp-d16 -mfloat-abi=hard -mthumb -o "Middlewares/ST/filex/common/src/fx_media_write.o"
arm-none-eabi-gcc "../Middlewares/ST/filex/common/src/fx_partition_offset_calculate.c" -mcpu=cortex-m33 -std=gnu11 -g3 -DDEBUG -DUSE_HAL_DRIVER -DSTM32U585xx -DFX_INCLUDE_USER_DEFINE_FILE -c -I../Core/Inc -I../Drivers/STM32U5xx_HAL_Driver/Inc -I../Drivers/STM32U5xx_HAL_Driver/Inc/Legacy -I../Drivers/CMSIS/Device/ST/STM32U5xx/Include -I../Drivers/CMSIS/Include -I../FileX/App -I../FileX/Target -I../Middlewares/ST/filex/common/inc -I../Middlewares/ST/filex/ports/generic/inc -O0 -ffunction-sections -fdata-sections -Wall -fstack-usage -fcyclomatic-complexity -MMD -MP -MF"Middlewares/ST/filex/common/src/fx_partition_offset_calculate.d" -MT"Middlewares/ST/filex/common/src/fx_partition_offset_calculate.o" --specs=nano.specs -mfpu=fpv5-sp-d16 -mfloat-abi=hard -mthumb -o "Middlewares/ST/filex/common/src/fx_partition_offset_calculate.o"
arm-none-eabi-gcc "../Middlewares/ST/filex/common/src/fx_system_date_get.c" -mcpu=cortex-m33 -std=gnu11 -g3 -DDEBUG -DUSE_HAL_DRIVER -DSTM32U585xx -DFX_INCLUDE_USER_DEFINE_FILE -c -I../Core/Inc -I../Drivers/STM32U5xx_HAL_Driver/Inc -I../Drivers/STM32U5xx_HAL_Driver/Inc/Legacy -I../Drivers/CMSIS/Device/ST/STM32U5xx/Include -I../Drivers/CMSIS/Include -I../FileX/App -I../FileX/Target -I../Middlewares/ST/filex/common/inc -I../Middlewares/ST/filex/ports/generic/inc -O0 -ffunction-sections -fdata-sections -Wall -fstack-usage -fcyclomatic-complexity -MMD -MP -MF"Middlewares/ST/filex/common/src/fx_system_date_get.d" -MT"Middlewares/ST/filex/common/src/fx_system_date_get.o" --specs=nano.specs -mfpu=fpv5-sp-d16 -mfloat-abi=hard -mthumb -o "Middlewares/ST/filex/common/src/fx_system_date_get.o"
arm-none-eabi-gcc "../Middlewares/ST/filex/common/src/fx_system_date_set.c" -mcpu=cortex-m33 -std=gnu11 -g3 -DDEBUG -DUSE_HAL_DRIVER -DSTM32U585xx -DFX_INCLUDE_USER_DEFINE_FILE -c -I../Core/Inc -I../Drivers/STM32U5xx_HAL_Driver/Inc -I../Drivers/STM32U5xx_HAL_Driver/Inc/Legacy -I../Drivers/CMSIS/Device/ST/STM32U5xx/Include -I../Drivers/CMSIS/Include -I../FileX/App -I../FileX/Target -I../Middlewares/ST/filex/common/inc -I../Middlewares/ST/filex/ports/generic/inc -O0 -ffunction-sections -fdata-sections -Wall -fstack-usage -fcyclomatic-complexity -MMD -MP -MF"Middlewares/ST/filex/common/src/fx_system_date_set.d" -MT"Middlewares/ST/filex/common/src/fx_system_date_set.o" --specs=nano.specs -mfpu=fpv5-sp-d16 -mfloat-abi=hard -mthumb -o "Middlewares/ST/filex/common/src/fx_system_date_set.o"
arm-none-eabi-gcc "../Middlewares/ST/filex/common/src/fx_system_initialize.c" -mcpu=cortex-m33 -std=gnu11 -g3 -DDEBUG -DUSE_HAL_DRIVER -DSTM32U585xx -DFX_INCLUDE_USER_DEFINE_FILE -c -I../Core/Inc -I../Drivers/STM32U5xx_HAL_Driver/Inc -I../Drivers/STM32U5xx_HAL_Driver/Inc/Legacy -I../Drivers/CMSIS/Device/ST/STM32U5xx/Include -I../Drivers/CMSIS/Include -I../FileX/App -I../FileX/Target -I../Middlewares/ST/filex/common/inc -I../Middlewares/ST/filex/ports/generic/inc -O0 -ffunction-sections -fdata-sections -Wall -fstack-usage -fcyclomatic-complexity -MMD -MP -MF"Middlewares/ST/filex/common/src/fx_system_initialize.d" -MT"Middlewares/ST/filex/common/src/fx_system_initialize.o" --specs=nano.specs -mfpu=fpv5-sp-d16 -mfloat-abi=hard -mthumb -o "Middlewares/ST/filex/common/src/fx_system_initialize.o"
arm-none-eabi-gcc "../Middlewares/ST/filex/common/src/fx_system_time_get.c" -mcpu=cortex-m33 -std=gnu11 -g3 -DDEBUG -DUSE_HAL_DRIVER -DSTM32U585xx -DFX_INCLUDE_USER_DEFINE_FILE -c -I../Core/Inc -I../Drivers/STM32U5xx_HAL_Driver/Inc -I../Drivers/STM32U5xx_HAL_Driver/Inc/Legacy -I../Drivers/CMSIS/Device/ST/STM32U5xx/Include -I../Drivers/CMSIS/Include -I../FileX/App -I../FileX/Target -I../Middlewares/ST/filex/common/inc -I../Middlewares/ST/filex/ports/generic/inc -O0 -ffunction-sections -fdata-sections -Wall -fstack-usage -fcyclomatic-complexity -MMD -MP -MF"Middlewares/ST/filex/common/src/fx_system_time_get.d" -MT"Middlewares/ST/filex/common/src/fx_system_time_get.o" --specs=nano.specs -mfpu=fpv5-sp-d16 -mfloat-abi=hard -mthumb -o "Middlewares/ST/filex/common/src/fx_system_time_get.o"
arm-none-eabi-gcc "../Middlewares/ST/filex/common/src/fx_system_time_set.c" -mcpu=cortex-m33 -std=gnu11 -g3 -DDEBUG -DUSE_HAL_DRIVER -DSTM32U585xx -DFX_INCLUDE_USER_DEFINE_FILE -c -I../Core/Inc -I../Drivers/STM32U5xx_HAL_Driver/Inc -I../Drivers/STM32U5xx_HAL_Driver/Inc/Legacy -I../Drivers/CMSIS/Device/ST/STM32U5xx/Include -I../Drivers/CMSIS/Include -I../FileX/App -I../FileX/Target -I../Middlewares/ST/filex/common/inc -I../Middlewares/ST/filex/ports/generic/inc -O0 -ffunction-sections -fdata-sections -Wall -fstack-usage -fcyclomatic-complexity -MMD -MP -MF"Middlewares/ST/filex/common/src/fx_system_time_set.d" -MT"Middlewares/ST/filex/common/src/fx_system_time_set.o" --specs=nano.specs -mfpu=fpv5-sp-d16 -mfloat-abi=hard -mthumb -o "Middlewares/ST/filex/common/src/fx_system_time_set.o"
arm-none-eabi-gcc "../Middlewares/ST/filex/common/src/fx_system_timer_entry.c" -mcpu=cortex-m33 -std=gnu11 -g3 -DDEBUG -DUSE_HAL_DRIVER -DSTM32U585xx -DFX_INCLUDE_USER_DEFINE_FILE -c -I../Core/Inc -I../Drivers/STM32U5xx_HAL_Driver/Inc -I../Drivers/STM32U5xx_HAL_Driver/Inc/Legacy -I../Drivers/CMSIS/Device/ST/STM32U5xx/Include -I../Drivers/CMSIS/Include -I../FileX/App -I../FileX/Target -I../Middlewares/ST/filex/common/inc -I../Middlewares/ST/filex/ports/generic/inc -O0 -ffunction-sections -fdata-sections -Wall -fstack-usage -fcyclomatic-complexity -MMD -MP -MF"Middlewares/ST/filex/common/src/fx_system_timer_entry.d" -MT"Middlewares/ST/filex/common/src/fx_system_timer_entry.o" --specs=nano.specs -mfpu=fpv5-sp-d16 -mfloat-abi=hard -mthumb -o "Middlewares/ST/filex/common/src/fx_system_timer_entry.o"
arm-none-eabi-gcc "../Middlewares/ST/filex/common/src/fx_unicode_directory_create.c" -mcpu=cortex-m33 -std=gnu11 -g3 -DDEBUG -DUSE_HAL_DRIVER -DSTM32U585xx -DFX_INCLUDE_USER_DEFINE_FILE -c -I../Core/Inc -I../Drivers/STM32U5xx_HAL_Driver/Inc -I../Drivers/STM32U5xx_HAL_Driver/Inc/Legacy -I../Drivers/CMSIS/Device/ST/STM32U5xx/Include -I../Drivers/CMSIS/Include -I../FileX/App -I../FileX/Target -I../Middlewares/ST/filex/common/inc -I../Middlewares/ST/filex/ports/generic/inc -O0 -ffunction-sections -fdata-sections -Wall -fstack-usage -fcyclomatic-complexity -MMD -MP -MF"Middlewares/ST/filex/common/src/fx_unicode_directory_create.d" -MT"Middlewares/ST/filex/common/src/fx_unicode_directory_create.o" --specs=nano.specs -mfpu=fpv5-sp-d16 -mfloat-abi=hard -mthumb -o "Middlewares/ST/filex/common/src/fx_unicode_directory_create.o"
arm-none-eabi-gcc "../Middlewares/ST/filex/common/src/fx_unicode_directory_entry_change.c" -mcpu=cortex-m33 -std=gnu11 -g3 -DDEBUG -DUSE_HAL_DRIVER -DSTM32U585xx -DFX_INCLUDE_USER_DEFINE_FILE -c -I../Core/Inc -I../Drivers/STM32U5xx_HAL_Driver/Inc -I../Drivers/STM32U5xx_HAL_Driver/Inc/Legacy -I../Drivers/CMSIS/Device/ST/STM32U5xx/Include -I../Drivers/CMSIS/Include -I../FileX/App -I../FileX/Target -I../Middlewares/ST/filex/common/inc -I../Middlewares/ST/filex/ports/generic/inc -O0 -ffunction-sections -fdata-sections -Wall -fstack-usage -fcyclomatic-complexity -MMD -MP -MF"Middlewares/ST/filex/common/src/fx_unicode_directory_entry_change.d" -MT"Middlewares/ST/filex/common/src/fx_unicode_directory_entry_change.o" --specs=nano.specs -mfpu=fpv5-sp-d16 -mfloat-abi=hard -mthumb -o "Middlewares/ST/filex/common/src/fx_unicode_directory_entry_change.o"
arm-none-eabi-gcc "../Middlewares/ST/filex/common/src/fx_unicode_directory_entry_read.c" -mcpu=cortex-m33 -std=gnu11 -g3 -DDEBUG -DUSE_HAL_DRIVER -DSTM32U585xx -DFX_INCLUDE_USER_DEFINE_FILE -c -I../Core/Inc -I../Drivers/STM32U5xx_HAL_Driver/Inc -I../Drivers/STM32U5xx_HAL_Driver/Inc/Legacy -I../Drivers/CMSIS/Device/ST/STM32U5xx/Include -I../Drivers/CMSIS/Include -I../FileX/App -I../FileX/Target -I../Middlewares/ST/filex/common/inc -I../Middlewares/ST/filex/ports/generic/inc -O0 -ffunction-sections -fdata-sections -Wall -fstack-usage -fcyclomatic-complexity -MMD -MP -MF"Middlewares/ST/filex/common/src/fx_unicode_directory_entry_read.d" -MT"Middlewares/ST/filex/common/src/fx_unicode_directory_entry_read.o" --specs=nano.specs -mfpu=fpv5-sp-d16 -mfloat-abi=hard -mthumb -o "Middlewares/ST/filex/common/src/fx_unicode_directory_entry_read.o"
arm-none-eabi-gcc "../Middlewares/ST/filex/common/src/fx_unicode_directory_rename.c" -mcpu=cortex-m33 -std=gnu11 -g3 -DDEBUG -DUSE_HAL_DRIVER -DSTM32U585xx -DFX_INCLUDE_USER_DEFINE_FILE -c -I../Core/Inc -I../Drivers/STM32U5xx_HAL_Driver/Inc -I../Drivers/STM32U5xx_HAL_Driver/Inc/Legacy -I../Drivers/CMSIS/Device/ST/STM32U5xx/Include -I../Drivers/CMSIS/Include -I../FileX/App -I../FileX/Target -I../Middlewares/ST/filex/common/inc -I../Middlewares/ST/filex/ports/generic/inc -O0 -ffunction-sections -fdata-sections -Wall -fstack-usage -fcyclomatic-complexity -MMD -MP -MF"Middlewares/ST/filex/common/src/fx_unicode_directory_rename.d" -MT"Middlewares/ST/filex/common/src/fx_unicode_directory_rename.o" --specs=nano.specs -mfpu=fpv5-sp-d16 -mfloat-abi=hard -mthumb -o "Middlewares/ST/filex/common/src/fx_unicode_directory_rename.o"
arm-none-eabi-gcc "../Middlewares/ST/filex/common/src/fx_unicode_directory_search.c" -mcpu=cortex-m33 -std=gnu11 -g3 -DDEBUG -DUSE_HAL_DRIVER -DSTM32U585xx -DFX_INCLUDE_USER_DEFINE_FILE -c -I../Core/Inc -I../Drivers/STM32U5xx_HAL_Driver/Inc -I../Drivers/STM32U5xx_HAL_Driver/Inc/Legacy -I../Drivers/CMSIS/Device/ST/STM32U5xx/Include -I../Drivers/CMSIS/Include -I../FileX/App -I../FileX/Target -I../Middlewares/ST/filex/common/inc -I../Middlewares/ST/filex/ports/generic/inc -O0 -ffunction-sections -fdata-sections -Wall -fstack-usage -fcyclomatic-complexity -MMD -MP -MF"Middlewares/ST/filex/common/src/fx_unicode_directory_search.d" -MT"Middlewares/ST/filex/common/src/fx_unicode_directory_search.o" --specs=nano.specs -mfpu=fpv5-sp-d16 -mfloat-abi=hard -mthumb -o "Middlewares/ST/filex/common/src/fx_unicode_directory_search.o"
arm-none-eabi-gcc "../Middlewares/ST/filex/common/src/fx_unicode_file_create.c" -mcpu=cortex-m33 -std=gnu11 -g3 -DDEBUG -DUSE_HAL_DRIVER -DSTM32U585xx -DFX_INCLUDE_USER_DEFINE_FILE -c -I../Core/Inc -I../Drivers/STM32U5xx_HAL_Driver/Inc -I../Drivers/STM32U5xx_HAL_Driver/Inc/Legacy -I../Drivers/CMSIS/Device/ST/STM32U5xx/Include -I../Drivers/CMSIS/Include -I../FileX/App -I../FileX/Target -I../Middlewares/ST/filex/common/inc -I../Middlewares/ST/filex/ports/generic/inc -O0 -ffunction-sections -fdata-sections -Wall -fstack-usage -fcyclomatic-complexity -MMD -MP -MF"Middlewares/ST/filex/common/src/fx_unicode_file_create.d" -MT"Middlewares/ST/filex/common/src/fx_unicode_file_create.o" --specs=nano.specs -mfpu=fpv5-sp-d16 -mfloat-abi=hard -mthumb -o "Middlewares/ST/filex/common/src/fx_unicode_file_create.o"
arm-none-eabi-gcc "../Middlewares/ST/filex/common/src/fx_unicode_file_rename.c" -mcpu=cortex-m33 -std=gnu11 -g3 -DDEBUG -DUSE_HAL_DRIVER -DSTM32U585xx -DFX_INCLUDE_USER_DEFINE_FILE -c -I../Core/Inc -I../Drivers/STM32U5xx_HAL_Driver/Inc -I../Drivers/STM32U5xx_HAL_Driver/Inc/Legacy -I../Drivers/CMSIS/Device/ST/STM32U5xx/Include -I../Drivers/CMSIS/Include -I../FileX/App -I../FileX/Target -I../Middlewares/ST/filex/common/inc -I../Middlewares/ST/filex/ports/generic/inc -O0 -ffunction-sections -fdata-sections -Wall -fstack-usage -fcyclomatic-complexity -MMD -MP -MF"Middlewares/ST/filex/common/src/fx_unicode_file_rename.d" -MT"Middlewares/ST/filex/common/src/fx_unicode_file_rename.o" --specs=nano.specs -mfpu=fpv5-sp-d16 -mfloat-abi=hard -mthumb -o "Middlewares/ST/filex/common/src/fx_unicode_file_rename.o"
arm-none-eabi-gcc "../Middlewares/ST/filex/common/src/fx_unicode_length_get.c" -mcpu=cortex-m33 -std=gnu11 -g3 -DDEBUG -DUSE_HAL_DRIVER -DSTM32U585xx -DFX_INCLUDE_USER_DEFINE_FILE -c -I../Core/Inc -I../Drivers/STM32U5xx_HAL_Driver/Inc -I../Drivers/STM32U5xx_HAL_Driver/Inc/Legacy -I../Drivers/CMSIS/Device/ST/STM32U5xx/Include -I../Drivers/CMSIS/Include -I../FileX/App -I../FileX/Target -I../Middlewares/ST/filex/common/inc -I../Middlewares/ST/filex/ports/generic/inc -O0 -ffunction-sections -fdata-sections -Wall -fstack-usage -fcyclomatic-complexity -MMD -MP -MF"Middlewares/ST/filex/common/src/fx_unicode_length_get.d" -MT"Middlewares/ST/filex/common/src/fx_unicode_length_get.o" --specs=nano.specs -mfpu=fpv5-sp-d16 -mfloat-abi=hard -mthumb -o "Middlewares/ST/filex/common/src/fx_unicode_length_get.o"
arm-none-eabi-gcc "../Middlewares/ST/filex/common/src/fx_unicode_length_get_extended.c" -mcpu=cortex-m33 -std=gnu11 -g3 -DDEBUG -DUSE_HAL_DRIVER -DSTM32U585xx -DFX_INCLUDE_USER_DEFINE_FILE -c -I../Core/Inc -I../Drivers/STM32U5xx_HAL_Driver/Inc -I../Drivers/STM32U5xx_HAL_Driver/Inc/Legacy -I../Drivers/CMSIS/Device/ST/STM32U5xx/Include -I../Drivers/CMSIS/Include -I../FileX/App -I../FileX/Target -I../Middlewares/ST/filex/common/inc -I../Middlewares/ST/filex/ports/generic/inc -O0 -ffunction-sections -fdata-sections -Wall -fstack-usage -fcyclomatic-complexity -MMD -MP -MF"Middlewares/ST/filex/common/src/fx_unicode_length_get_extended.d" -MT"Middlewares/ST/filex/common/src/fx_unicode_length_get_extended.o" --specs=nano.specs -mfpu=fpv5-sp-d16 -mfloat-abi=hard -mthumb -o "Middlewares/ST/filex/common/src/fx_unicode_length_get_extended.o"
arm-none-eabi-gcc "../Middlewares/ST/filex/common/src/fx_unicode_name_get.c" -mcpu=cortex-m33 -std=gnu11 -g3 -DDEBUG -DUSE_HAL_DRIVER -DSTM32U585xx -DFX_INCLUDE_USER_DEFINE_FILE -c -I../Core/Inc -I../Drivers/STM32U5xx_HAL_Driver/Inc -I../Drivers/STM32U5xx_HAL_Driver/Inc/Legacy -I../Drivers/CMSIS/Device/ST/STM32U5xx/Include -I../Drivers/CMSIS/Include -I../FileX/App -I../FileX/Target -I../Middlewares/ST/filex/common/inc -I../Middlewares/ST/filex/ports/generic/inc -O0 -ffunction-sections -fdata-sections -Wall -fstack-usage -fcyclomatic-complexity -MMD -MP -MF"Middlewares/ST/filex/common/src/fx_unicode_name_get.d" -MT"Middlewares/ST/filex/common/src/fx_unicode_name_get.o" --specs=nano.specs -mfpu=fpv5-sp-d16 -mfloat-abi=hard -mthumb -o "Middlewares/ST/filex/common/src/fx_unicode_name_get.o"
arm-none-eabi-gcc "../Middlewares/ST/filex/common/src/fx_unicode_name_get_extended.c" -mcpu=cortex-m33 -std=gnu11 -g3 -DDEBUG -DUSE_HAL_DRIVER -DSTM32U585xx -DFX_INCLUDE_USER_DEFINE_FILE -c -I../Core/Inc -I../Drivers/STM32U5xx_HAL_Driver/Inc -I../Drivers/STM32U5xx_HAL_Driver/Inc/Legacy -I../Drivers/CMSIS/Device/ST/STM32U5xx/Include -I../Drivers/CMSIS/Include -I../FileX/App -I../FileX/Target -I../Middlewares/ST/filex/common/inc -I../Middlewares/ST/filex/ports/generic/inc -O0 -ffunction-sections -fdata-sections -Wall -fstack-usage -fcyclomatic-complexity -MMD -MP -MF"Middlewares/ST/filex/common/src/fx_unicode_name_get_extended.d" -MT"Middlewares/ST/filex/common/src/fx_unicode_name_get_extended.o" --specs=nano.specs -mfpu=fpv5-sp-d16 -mfloat-abi=hard -mthumb -o "Middlewares/ST/filex/common/src/fx_unicode_name_get_extended.o"
arm-none-eabi-gcc "../Middlewares/ST/filex/common/src/fx_unicode_short_name_get.c" -mcpu=cortex-m33 -std=gnu11 -g3 -DDEBUG -DUSE_HAL_DRIVER -DSTM32U585xx -DFX_INCLUDE_USER_DEFINE_FILE -c -I../Core/Inc -I../Drivers/STM32U5xx_HAL_Driver/Inc -I../Drivers/STM32U5xx_HAL_Driver/Inc/Legacy -I../Drivers/CMSIS/Device/ST/STM32U5xx/Include -I../Drivers/CMSIS/Include -I../FileX/App -I../FileX/Target -I../Middlewares/ST/filex/common/inc -I../Middlewares/ST/filex/ports/generic/inc -O0 -ffunction-sections -fdata-sections -Wall -fstack-usage -fcyclomatic-complexity -MMD -MP -MF"Middlewares/ST/filex/common/src/fx_unicode_short_name_get.d" -MT"Middlewares/ST/filex/common/src/fx_unicode_short_name_get.o" --specs=nano.specs -mfpu=fpv5-sp-d16 -mfloat-abi=hard -mthumb -o "Middlewares/ST/filex/common/src/fx_unicode_short_name_get.o"
arm-none-eabi-gcc "../Middlewares/ST/filex/common/src/fx_unicode_short_name_get_extended.c" -mcpu=cortex-m33 -std=gnu11 -g3 -DDEBUG -DUSE_HAL_DRIVER -DSTM32U585xx -DFX_INCLUDE_USER_DEFINE_FILE -c -I../Core/Inc -I../Drivers/STM32U5xx_HAL_Driver/Inc -I../Drivers/STM32U5xx_HAL_Driver/Inc/Legacy -I../Drivers/CMSIS/Device/ST/STM32U5xx/Include -I../Drivers/CMSIS/Include -I../FileX/App -I../FileX/Target -I../Middlewares/ST/filex/common/inc -I../Middlewares/ST/filex/ports/generic/inc -O0 -ffunction-sections -fdata-sections -Wall -fstack-usage -fcyclomatic-complexity -MMD -MP -MF"Middlewares/ST/filex/common/src/fx_unicode_short_name_get_extended.d" -MT"Middlewares/ST/filex/common/src/fx_unicode_short_name_get_extended.o" --specs=nano.specs -mfpu=fpv5-sp-d16 -mfloat-abi=hard -mthumb -o "Middlewares/ST/filex/common/src/fx_unicode_short_name_get_extended.o"
arm-none-eabi-gcc "../Middlewares/ST/filex/common/src/fx_utility_16_unsigned_read.c" -mcpu=cortex-m33 -std=gnu11 -g3 -DDEBUG -DUSE_HAL_DRIVER -DSTM32U585xx -DFX_INCLUDE_USER_DEFINE_FILE -c -I../Core/Inc -I../Drivers/STM32U5xx_HAL_Driver/Inc -I../Drivers/STM32U5xx_HAL_Driver/Inc/Legacy -I../Drivers/CMSIS/Device/ST/STM32U5xx/Include -I../Drivers/CMSIS/Include -I../FileX/App -I../FileX/Target -I../Middlewares/ST/filex/common/inc -I../Middlewares/ST/filex/ports/generic/inc -O0 -ffunction-sections -fdata-sections -Wall -fstack-usage -fcyclomatic-complexity -MMD -MP -MF"Middlewares/ST/filex/common/src/fx_utility_16_unsigned_read.d" -MT"Middlewares/ST/filex/common/src/fx_utility_16_unsigned_read.o" --specs=nano.specs -mfpu=fpv5-sp-d16 -mfloat-abi=hard -mthumb -o "Middlewares/ST/filex/common/src/fx_utility_16_unsigned_read.o"
arm-none-eabi-gcc "../Middlewares/ST/filex/common/src/fx_utility_16_unsigned_write.c" -mcpu=cortex-m33 -std=gnu11 -g3 -DDEBUG -DUSE_HAL_DRIVER -DSTM32U585xx -DFX_INCLUDE_USER_DEFINE_FILE -c -I../Core/Inc -I../Drivers/STM32U5xx_HAL_Driver/Inc -I../Drivers/STM32U5xx_HAL_Driver/Inc/Legacy -I../Drivers/CMSIS/Device/ST/STM32U5xx/Include -I../Drivers/CMSIS/Include -I../FileX/App -I../FileX/Target -I../Middlewares/ST/filex/common/inc -I../Middlewares/ST/filex/ports/generic/inc -O0 -ffunction-sections -fdata-sections -Wall -fstack-usage -fcyclomatic-complexity -MMD -MP -MF"Middlewares/ST/filex/common/src/fx_utility_16_unsigned_write.d" -MT"Middlewares/ST/filex/common/src/fx_utility_16_unsigned_write.o" --specs=nano.specs -mfpu=fpv5-sp-d16 -mfloat-abi=hard -mthumb -o "Middlewares/ST/filex/common/src/fx_utility_16_unsigned_write.o"
arm-none-eabi-gcc "../Middlewares/ST/filex/common/src/fx_utility_32_unsigned_read.c" -mcpu=cortex-m33 -std=gnu11 -g3 -DDEBUG -DUSE_HAL_DRIVER -DSTM32U585xx -DFX_INCLUDE_USER_DEFINE_FILE -c -I../Core/Inc -I../Drivers/STM32U5xx_HAL_Driver/Inc -I../Drivers/STM32U5xx_HAL_Driver/Inc/Legacy -I../Drivers/CMSIS/Device/ST/STM32U5xx/Include -I../Drivers/CMSIS/Include -I../FileX/App -I../FileX/Target -I../Middlewares/ST/filex/common/inc -I../Middlewares/ST/filex/ports/generic/inc -O0 -ffunction-sections -fdata-sections -Wall -fstack-usage -fcyclomatic-complexity -MMD -MP -MF"Middlewares/ST/filex/common/src/fx_utility_32_unsigned_read.d" -MT"Middlewares/ST/filex/common/src/fx_utility_32_unsigned_read.o" --specs=nano.specs -mfpu=fpv5-sp-d16 -mfloat-abi=hard -mthumb -o "Middlewares/ST/filex/common/src/fx_utility_32_unsigned_read.o"
arm-none-eabi-gcc "../Middlewares/ST/filex/common/src/fx_utility_32_unsigned_write.c" -mcpu=cortex-m33 -std=gnu11 -g3 -DDEBUG -DUSE_HAL_DRIVER -DSTM32U585xx -DFX_INCLUDE_USER_DEFINE_FILE -c -I../Core/Inc -I../Drivers/STM32U5xx_HAL_Driver/Inc -I../Drivers/STM32U5xx_HAL_Driver/Inc/Legacy -I../Drivers/CMSIS/Device/ST/STM32U5xx/Include -I../Drivers/CMSIS/Include -I../FileX/App -I../FileX/Target -I../Middlewares/ST/filex/common/inc -I../Middlewares/ST/filex/ports/generic/inc -O0 -ffunction-sections -fdata-sections -Wall -fstack-usage -fcyclomatic-complexity -MMD -MP -MF"Middlewares/ST/filex/common/src/fx_utility_32_unsigned_write.d" -MT"Middlewares/ST/filex/common/src/fx_utility_32_unsigned_write.o" --specs=nano.specs -mfpu=fpv5-sp-d16 -mfloat-abi=hard -mthumb -o "Middlewares/ST/filex/common/src/fx_utility_32_unsigned_write.o"
arm-none-eabi-gcc "../Middlewares/ST/filex/common/src/fx_utility_64_unsigned_read.c" -mcpu=cortex-m33 -std=gnu11 -g3 -DDEBUG -DUSE_HAL_DRIVER -DSTM32U585xx -DFX_INCLUDE_USER_DEFINE_FILE -c -I../Core/Inc -I../Drivers/STM32U5xx_HAL_Driver/Inc -I../Drivers/STM32U5xx_HAL_Driver/Inc/Legacy -I../Drivers/CMSIS/Device/ST/STM32U5xx/Include -I../Drivers/CMSIS/Include -I../FileX/App -I../FileX/Target -I../Middlewares/ST/filex/common/inc -I../Middlewares/ST/filex/ports/generic/inc -O0 -ffunction-sections -fdata-sections -Wall -fstack-usage -fcyclomatic-complexity -MMD -MP -MF"Middlewares/ST/filex/common/src/fx_utility_64_unsigned_read.d" -MT"Middlewares/ST/filex/common/src/fx_utility_64_unsigned_read.o" --specs=nano.specs -mfpu=fpv5-sp-d16 -mfloat-abi=hard -mthumb -o "Middlewares/ST/filex/common/src/fx_utility_64_unsigned_read.o"
arm-none-eabi-gcc "../Middlewares/ST/filex/common/src/fx_utility_64_unsigned_write.c" -mcpu=cortex-m33 -std=gnu11 -g3 -DDEBUG -DUSE_HAL_DRIVER -DSTM32U585xx -DFX_INCLUDE_USER_DEFINE_FILE -c -I../Core/Inc -I../Drivers/STM32U5xx_HAL_Driver/Inc -I../Drivers/STM32U5xx_HAL_Driver/Inc/Legacy -I../Drivers/CMSIS/Device/ST/STM32U5xx/Include -I../Drivers/CMSIS/Include -I../FileX/App -I../FileX/Target -I../Middlewares/ST/filex/common/inc -I../Middlewares/ST/filex/ports/generic/inc -O0 -ffunction-sections -fdata-sections -Wall -fstack-usage -fcyclomatic-complexity -MMD -MP -MF"Middlewares/ST/filex/common/src/fx_utility_64_unsigned_write.d" -MT"Middlewares/ST/filex/common/src/fx_utility_64_unsigned_write.o" --specs=nano.specs -mfpu=fpv5-sp-d16 -mfloat-abi=hard -mthumb -o "Middlewares/ST/filex/common/src/fx_utility_64_unsigned_write.o"
arm-none-eabi-gcc "../Middlewares/ST/filex/common/src/fx_utility_FAT_entry_read.c" -mcpu=cortex-m33 -std=gnu11 -g3 -DDEBUG -DUSE_HAL_DRIVER -DSTM32U585xx -DFX_INCLUDE_USER_DEFINE_FILE -c -I../Core/Inc -I../Drivers/STM32U5xx_HAL_Driver/Inc -I../Drivers/STM32U5xx_HAL_Driver/Inc/Legacy -I../Drivers/CMSIS/Device/ST/STM32U5xx/Include -I../Drivers/CMSIS/Include -I../FileX/App -I../FileX/Target -I../Middlewares/ST/filex/common/inc -I../Middlewares/ST/filex/ports/generic/inc -O0 -ffunction-sections -fdata-sections -Wall -fstack-usage -fcyclomatic-complexity -MMD -MP -MF"Middlewares/ST/filex/common/src/fx_utility_FAT_entry_read.d" -MT"Middlewares/ST/filex/common/src/fx_utility_FAT_entry_read.o" --specs=nano.specs -mfpu=fpv5-sp-d16 -mfloat-abi=hard -mthumb -o "Middlewares/ST/filex/common/src/fx_utility_FAT_entry_read.o"
arm-none-eabi-gcc "../Middlewares/ST/filex/common/src/fx_utility_FAT_entry_write.c" -mcpu=cortex-m33 -std=gnu11 -g3 -DDEBUG -DUSE_HAL_DRIVER -DSTM32U585xx -DFX_INCLUDE_USER_DEFINE_FILE -c -I../Core/Inc -I../Drivers/STM32U5xx_HAL_Driver/Inc -I../Drivers/STM32U5xx_HAL_Driver/Inc/Legacy -I../Drivers/CMSIS/Device/ST/STM32U5xx/Include -I../Drivers/CMSIS/Include -I../FileX/App -I../FileX/Target -I../Middlewares/ST/filex/common/inc -I../Middlewares/ST/filex/ports/generic/inc -O0 -ffunction-sections -fdata-sections -Wall -fstack-usage -fcyclomatic-complexity -MMD -MP -MF"Middlewares/ST/filex/common/src/fx_utility_FAT_entry_write.d" -MT"Middlewares/ST/filex/common/src/fx_utility_FAT_entry_write.o" --specs=nano.specs -mfpu=fpv5-sp-d16 -mfloat-abi=hard -mthumb -o "Middlewares/ST/filex/common/src/fx_utility_FAT_entry_write.o"
arm-none-eabi-gcc "../Middlewares/ST/filex/common/src/fx_utility_FAT_flush.c" -mcpu=cortex-m33 -std=gnu11 -g3 -DDEBUG -DUSE_HAL_DRIVER -DSTM32U585xx -DFX_INCLUDE_USER_DEFINE_FILE -c -I../Core/Inc -I../Drivers/STM32U5xx_HAL_Driver/Inc -I../Drivers/STM32U5xx_HAL_Driver/Inc/Legacy -I../Drivers/CMSIS/Device/ST/STM32U5xx/Include -I../Drivers/CMSIS/Include -I../FileX/App -I../FileX/Target -I../Middlewares/ST/filex/common/inc -I../Middlewares/ST/filex/ports/generic/inc -O0 -ffunction-sections -fdata-sections -Wall -fstack-usage -fcyclomatic-complexity -MMD -MP -MF"Middlewares/ST/filex/common/src/fx_utility_FAT_flush.d" -MT"Middlewares/ST/filex/common/src/fx_utility_FAT_flush.o" --specs=nano.specs -mfpu=fpv5-sp-d16 -mfloat-abi=hard -mthumb -o "Middlewares/ST/filex/common/src/fx_utility_FAT_flush.o"
arm-none-eabi-gcc "../Middlewares/ST/filex/common/src/fx_utility_FAT_map_flush.c" -mcpu=cortex-m33 -std=gnu11 -g3 -DDEBUG -DUSE_HAL_DRIVER -DSTM32U585xx -DFX_INCLUDE_USER_DEFINE_FILE -c -I../Core/Inc -I../Drivers/STM32U5xx_HAL_Driver/Inc -I../Drivers/STM32U5xx_HAL_Driver/Inc/Legacy -I../Drivers/CMSIS/Device/ST/STM32U5xx/Include -I../Drivers/CMSIS/Include -I../FileX/App -I../FileX/Target -I../Middlewares/ST/filex/common/inc -I../Middlewares/ST/filex/ports/generic/inc -O0 -ffunction-sections -fdata-sections -Wall -fstack-usage -fcyclomatic-complexity -MMD -MP -MF"Middlewares/ST/filex/common/src/fx_utility_FAT_map_flush.d" -MT"Middlewares/ST/filex/common/src/fx_utility_FAT_map_flush.o" --specs=nano.specs -mfpu=fpv5-sp-d16 -mfloat-abi=hard -mthumb -o "Middlewares/ST/filex/common/src/fx_utility_FAT_map_flush.o"
arm-none-eabi-gcc "../Middlewares/ST/filex/common/src/fx_utility_FAT_sector_get.c" -mcpu=cortex-m33 -std=gnu11 -g3 -DDEBUG -DUSE_HAL_DRIVER -DSTM32U585xx -DFX_INCLUDE_USER_DEFINE_FILE -c -I../Core/Inc -I../Drivers/STM32U5xx_HAL_Driver/Inc -I../Drivers/STM32U5xx_HAL_Driver/Inc/Legacy -I../Drivers/CMSIS/Device/ST/STM32U5xx/Include -I../Drivers/CMSIS/Include -I../FileX/App -I../FileX/Target -I../Middlewares/ST/filex/common/inc -I../Middlewares/ST/filex/ports/generic/inc -O0 -ffunction-sections -fdata-sections -Wall -fstack-usage -fcyclomatic-complexity -MMD -MP -MF"Middlewares/ST/filex/common/src/fx_utility_FAT_sector_get.d" -MT"Middlewares/ST/filex/common/src/fx_utility_FAT_sector_get.o" --specs=nano.specs -mfpu=fpv5-sp-d16 -mfloat-abi=hard -mthumb -o "Middlewares/ST/filex/common/src/fx_utility_FAT_sector_get.o"
arm-none-eabi-gcc "../Middlewares/ST/filex/common/src/fx_utility_absolute_path_get.c" -mcpu=cortex-m33 -std=gnu11 -g3 -DDEBUG -DUSE_HAL_DRIVER -DSTM32U585xx -DFX_INCLUDE_USER_DEFINE_FILE -c -I../Core/Inc -I../Drivers/STM32U5xx_HAL_Driver/Inc -I../Drivers/STM32U5xx_HAL_Driver/Inc/Legacy -I../Drivers/CMSIS/Device/ST/STM32U5xx/Include -I../Drivers/CMSIS/Include -I../FileX/App -I../FileX/Target -I../Middlewares/ST/filex/common/inc -I../Middlewares/ST/filex/ports/generic/inc -O0 -ffunction-sections -fdata-sections -Wall -fstack-usage -fcyclomatic-complexity -MMD -MP -MF"Middlewares/ST/filex/common/src/fx_utility_absolute_path_get.d" -MT"Middlewares/ST/filex/common/src/fx_utility_absolute_path_get.o" --specs=nano.specs -mfpu=fpv5-sp-d16 -mfloat-abi=hard -mthumb -o "Middlewares/ST/filex/common/src/fx_utility_absolute_path_get.o"
arm-none-eabi-gcc "../Middlewares/ST/filex/common/src/fx_utility_exFAT_allocate_new_cluster.c" -mcpu=cortex-m33 -std=gnu11 -g3 -DDEBUG -DUSE_HAL_DRIVER -DSTM32U585xx -DFX_INCLUDE_USER_DEFINE_FILE -c -I../Core/Inc -I../Drivers/STM32U5xx_HAL_Driver/Inc -I../Drivers/STM32U5xx_HAL_Driver/Inc/Legacy -I../Drivers/CMSIS/Device/ST/STM32U5xx/Include -I../Drivers/CMSIS/Include -I../FileX/App -I../FileX/Target -I../Middlewares/ST/filex/common/inc -I../Middlewares/ST/filex/ports/generic/inc -O0 -ffunction-sections -fdata-sections -Wall -fstack-usage -fcyclomatic-complexity -MMD -MP -MF"Middlewares/ST/filex/common/src/fx_utility_exFAT_allocate_new_cluster.d" -MT"Middlewares/ST/filex/common/src/fx_utility_exFAT_allocate_new_cluster.o" --specs=nano.specs -mfpu=fpv5-sp-d16 -mfloat-abi=hard -mthumb -o "Middlewares/ST/filex/common/src/fx_utility_exFAT_allocate_new_cluster.o"
arm-none-eabi-gcc "../Middlewares/ST/filex/common/src/fx_utility_exFAT_bitmap_cache_prepare.c" -mcpu=cortex-m33 -std=gnu11 -g3 -DDEBUG -DUSE_HAL_DRIVER -DSTM32U585xx -DFX_INCLUDE_USER_DEFINE_FILE -c -I../Core/Inc -I../Drivers/STM32U5xx_HAL_Driver/Inc -I../Drivers/STM32U5xx_HAL_Driver/Inc/Legacy -I../Drivers/CMSIS/Device/ST/STM32U5xx/Include -I../Drivers/CMSIS/Include -I../FileX/App -I../FileX/Target -I../Middlewares/ST/filex/common/inc -I../Middlewares/ST/filex/ports/generic/inc -O0 -ffunction-sections -fdata-sections -Wall -fstack-usage -fcyclomatic-complexity -MMD -MP -MF"Middlewares/ST/filex/common/src/fx_utility_exFAT_bitmap_cache_prepare.d" -MT"Middlewares/ST/filex/common/src/fx_utility_exFAT_bitmap_cache_prepare.o" --specs=nano.specs -mfpu=fpv5-sp-d16 -mfloat-abi=hard -mthumb -o "Middlewares/ST/filex/common/src/fx_utility_exFAT_bitmap_cache_prepare.o"
arm-none-eabi-gcc "../Middlewares/ST/filex/common/src/fx_utility_exFAT_bitmap_cache_update.c" -mcpu=cortex-m33 -std=gnu11 -g3 -DDEBUG -DUSE_HAL_DRIVER -DSTM32U585xx -DFX_INCLUDE_USER_DEFINE_FILE -c -I../Core/Inc -I../Drivers/STM32U5xx_HAL_Driver/Inc -I../Drivers/STM32U5xx_HAL_Driver/Inc/Legacy -I../Drivers/CMSIS/Device/ST/STM32U5xx/Include -I../Drivers/CMSIS/Include -I../FileX/App -I../FileX/Target -I../Middlewares/ST/filex/common/inc -I../Middlewares/ST/filex/ports/generic/inc -O0 -ffunction-sections -fdata-sections -Wall -fstack-usage -fcyclomatic-complexity -MMD -MP -MF"Middlewares/ST/filex/common/src/fx_utility_exFAT_bitmap_cache_update.d" -MT"Middlewares/ST/filex/common/src/fx_utility_exFAT_bitmap_cache_update.o" --specs=nano.specs -mfpu=fpv5-sp-d16 -mfloat-abi=hard -mthumb -o "Middlewares/ST/filex/common/src/fx_utility_exFAT_bitmap_cache_update.o"
arm-none-eabi-gcc "../Middlewares/ST/filex/common/src/fx_utility_exFAT_bitmap_flush.c" -mcpu=cortex-m33 -std=gnu11 -g3 -DDEBUG -DUSE_HAL_DRIVER -DSTM32U585xx -DFX_INCLUDE_USER_DEFINE_FILE -c -I../Core/Inc -I../Drivers/STM32U5xx_HAL_Driver/Inc -I../Drivers/STM32U5xx_HAL_Driver/Inc/Legacy -I../Drivers/CMSIS/Device/ST/STM32U5xx/Include -I../Drivers/CMSIS/Include -I../FileX/App -I../FileX/Target -I../Middlewares/ST/filex/common/inc -I../Middlewares/ST/filex/ports/generic/inc -O0 -ffunction-sections -fdata-sections -Wall -fstack-usage -fcyclomatic-complexity -MMD -MP -MF"Middlewares/ST/filex/common/src/fx_utility_exFAT_bitmap_flush.d" -MT"Middlewares/ST/filex/common/src/fx_utility_exFAT_bitmap_flush.o" --specs=nano.specs -mfpu=fpv5-sp-d16 -mfloat-abi=hard -mthumb -o "Middlewares/ST/filex/common/src/fx_utility_exFAT_bitmap_flush.o"
arm-none-eabi-gcc "../Middlewares/ST/filex/common/src/fx_utility_exFAT_bitmap_free_cluster_find.c" -mcpu=cortex-m33 -std=gnu11 -g3 -DDEBUG -DUSE_HAL_DRIVER -DSTM32U585xx -DFX_INCLUDE_USER_DEFINE_FILE -c -I../Core/Inc -I../Drivers/STM32U5xx_HAL_Driver/Inc -I../Drivers/STM32U5xx_HAL_Driver/Inc/Legacy -I../Drivers/CMSIS/Device/ST/STM32U5xx/Include -I../Drivers/CMSIS/Include -I../FileX/App -I../FileX/Target -I../Middlewares/ST/filex/common/inc -I../Middlewares/ST/filex/ports/generic/inc -O0 -ffunction-sections -fdata-sections -Wall -fstack-usage -fcyclomatic-complexity -MMD -MP -MF"Middlewares/ST/filex/common/src/fx_utility_exFAT_bitmap_free_cluster_find.d" -MT"Middlewares/ST/filex/common/src/fx_utility_exFAT_bitmap_free_cluster_find.o" --specs=nano.specs -mfpu=fpv5-sp-d16 -mfloat-abi=hard -mthumb -o "Middlewares/ST/filex/common/src/fx_utility_exFAT_bitmap_free_cluster_find.o"
arm-none-eabi-gcc "../Middlewares/ST/filex/common/src/fx_utility_exFAT_bitmap_initialize.c" -mcpu=cortex-m33 -std=gnu11 -g3 -DDEBUG -DUSE_HAL_DRIVER -DSTM32U585xx -DFX_INCLUDE_USER_DEFINE_FILE -c -I../Core/Inc -I../Drivers/STM32U5xx_HAL_Driver/Inc -I../Drivers/STM32U5xx_HAL_Driver/Inc/Legacy -I../Drivers/CMSIS/Device/ST/STM32U5xx/Include -I../Drivers/CMSIS/Include -I../FileX/App -I../FileX/Target -I../Middlewares/ST/filex/common/inc -I../Middlewares/ST/filex/ports/generic/inc -O0 -ffunction-sections -fdata-sections -Wall -fstack-usage -fcyclomatic-complexity -MMD -MP -MF"Middlewares/ST/filex/common/src/fx_utility_exFAT_bitmap_initialize.d" -MT"Middlewares/ST/filex/common/src/fx_utility_exFAT_bitmap_initialize.o" --specs=nano.specs -mfpu=fpv5-sp-d16 -mfloat-abi=hard -mthumb -o "Middlewares/ST/filex/common/src/fx_utility_exFAT_bitmap_initialize.o"
arm-none-eabi-gcc "../Middlewares/ST/filex/common/src/fx_utility_exFAT_bitmap_start_sector_get.c" -mcpu=cortex-m33 -std=gnu11 -g3 -DDEBUG -DUSE_HAL_DRIVER -DSTM32U585xx -DFX_INCLUDE_USER_DEFINE_FILE -c -I../Core/Inc -I../Drivers/STM32U5xx_HAL_Driver/Inc -I../Drivers/STM32U5xx_HAL_Driver/Inc/Legacy -I../Drivers/CMSIS/Device/ST/STM32U5xx/Include -I../Drivers/CMSIS/Include -I../FileX/App -I../FileX/Target -I../Middlewares/ST/filex/common/inc -I../Middlewares/ST/filex/ports/generic/inc -O0 -ffunction-sections -fdata-sections -Wall -fstack-usage -fcyclomatic-complexity -MMD -MP -MF"Middlewares/ST/filex/common/src/fx_utility_exFAT_bitmap_start_sector_get.d" -MT"Middlewares/ST/filex/common/src/fx_utility_exFAT_bitmap_start_sector_get.o" --specs=nano.specs -mfpu=fpv5-sp-d16 -mfloat-abi=hard -mthumb -o "Middlewares/ST/filex/common/src/fx_utility_exFAT_bitmap_start_sector_get.o"
arm-none-eabi-gcc "../Middlewares/ST/filex/common/src/fx_utility_exFAT_cluster_free.c" -mcpu=cortex-m33 -std=gnu11 -g3 -DDEBUG -DUSE_HAL_DRIVER -DSTM32U585xx -DFX_INCLUDE_USER_DEFINE_FILE -c -I../Core/Inc -I../Drivers/STM32U5xx_HAL_Driver/Inc -I../Drivers/STM32U5xx_HAL_Driver/Inc/Legacy -I../Drivers/CMSIS/Device/ST/STM32U5xx/Include -I../Drivers/CMSIS/Include -I../FileX/App -I../FileX/Target -I../Middlewares/ST/filex/common/inc -I../Middlewares/ST/filex/ports/generic/inc -O0 -ffunction-sections -fdata-sections -Wall -fstack-usage -fcyclomatic-complexity -MMD -MP -MF"Middlewares/ST/filex/common/src/fx_utility_exFAT_cluster_free.d" -MT"Middlewares/ST/filex/common/src/fx_utility_exFAT_cluster_free.o" --specs=nano.specs -mfpu=fpv5-sp-d16 -mfloat-abi=hard -mthumb -o "Middlewares/ST/filex/common/src/fx_utility_exFAT_cluster_free.o"
arm-none-eabi-gcc "../Middlewares/ST/filex/common/src/fx_utility_exFAT_cluster_state_get.c" -mcpu=cortex-m33 -std=gnu11 -g3 -DDEBUG -DUSE_HAL_DRIVER -DSTM32U585xx -DFX_INCLUDE_USER_DEFINE_FILE -c -I../Core/Inc -I../Drivers/STM32U5xx_HAL_Driver/Inc -I../Drivers/STM32U5xx_HAL_Driver/Inc/Legacy -I../Drivers/CMSIS/Device/ST/STM32U5xx/Include -I../Drivers/CMSIS/Include -I../FileX/App -I../FileX/Target -I../Middlewares/ST/filex/common/inc -I../Middlewares/ST/filex/ports/generic/inc -O0 -ffunction-sections -fdata-sections -Wall -fstack-usage -fcyclomatic-complexity -MMD -MP -MF"Middlewares/ST/filex/common/src/fx_utility_exFAT_cluster_state_get.d" -MT"Middlewares/ST/filex/common/src/fx_utility_exFAT_cluster_state_get.o" --specs=nano.specs -mfpu=fpv5-sp-d16 -mfloat-abi=hard -mthumb -o "Middlewares/ST/filex/common/src/fx_utility_exFAT_cluster_state_get.o"
arm-none-eabi-gcc "../Middlewares/ST/filex/common/src/fx_utility_exFAT_cluster_state_set.c" -mcpu=cortex-m33 -std=gnu11 -g3 -DDEBUG -DUSE_HAL_DRIVER -DSTM32U585xx -DFX_INCLUDE_USER_DEFINE_FILE -c -I../Core/Inc -I../Drivers/STM32U5xx_HAL_Driver/Inc -I../Drivers/STM32U5xx_HAL_Driver/Inc/Legacy -I../Drivers/CMSIS/Device/ST/STM32U5xx/Include -I../Drivers/CMSIS/Include -I../FileX/App -I../FileX/Target -I../Middlewares/ST/filex/common/inc -I../Middlewares/ST/filex/ports/generic/inc -O0 -ffunction-sections -fdata-sections -Wall -fstack-usage -fcyclomatic-complexity -MMD -MP -MF"Middlewares/ST/filex/common/src/fx_utility_exFAT_cluster_state_set.d" -MT"Middlewares/ST/filex/common/src/fx_utility_exFAT_cluster_state_set.o" --specs=nano.specs -mfpu=fpv5-sp-d16 -mfloat-abi=hard -mthumb -o "Middlewares/ST/filex/common/src/fx_utility_exFAT_cluster_state_set.o"
arm-none-eabi-gcc "../Middlewares/ST/filex/common/src/fx_utility_exFAT_geometry_check.c" -mcpu=cortex-m33 -std=gnu11 -g3 -DDEBUG -DUSE_HAL_DRIVER -DSTM32U585xx -DFX_INCLUDE_USER_DEFINE_FILE -c -I../Core/Inc -I../Drivers/STM32U5xx_HAL_Driver/Inc -I../Drivers/STM32U5xx_HAL_Driver/Inc/Legacy -I../Drivers/CMSIS/Device/ST/STM32U5xx/Include -I../Drivers/CMSIS/Include -I../FileX/App -I../FileX/Target -I../Middlewares/ST/filex/common/inc -I../Middlewares/ST/filex/ports/generic/inc -O0 -ffunction-sections -fdata-sections -Wall -fstack-usage -fcyclomatic-complexity -MMD -MP -MF"Middlewares/ST/filex/common/src/fx_utility_exFAT_geometry_check.d" -MT"Middlewares/ST/filex/common/src/fx_utility_exFAT_geometry_check.o" --specs=nano.specs -mfpu=fpv5-sp-d16 -mfloat-abi=hard -mthumb -o "Middlewares/ST/filex/common/src/fx_utility_exFAT_geometry_check.o"
arm-none-eabi-gcc "../Middlewares/ST/filex/common/src/fx_utility_exFAT_name_hash_get.c" -mcpu=cortex-m33 -std=gnu11 -g3 -DDEBUG -DUSE_HAL_DRIVER -DSTM32U585xx -DFX_INCLUDE_USER_DEFINE_FILE -c -I../Core/Inc -I../Drivers/STM32U5xx_HAL_Driver/Inc -I../Drivers/STM32U5xx_HAL_Driver/Inc/Legacy -I../Drivers/CMSIS/Device/ST/STM32U5xx/Include -I../Drivers/CMSIS/Include -I../FileX/App -I../FileX/Target -I../Middlewares/ST/filex/common/inc -I../Middlewares/ST/filex/ports/generic/inc -O0 -ffunction-sections -fdata-sections -Wall -fstack-usage -fcyclomatic-complexity -MMD -MP -MF"Middlewares/ST/filex/common/src/fx_utility_exFAT_name_hash_get.d" -MT"Middlewares/ST/filex/common/src/fx_utility_exFAT_name_hash_get.o" --specs=nano.specs -mfpu=fpv5-sp-d16 -mfloat-abi=hard -mthumb -o "Middlewares/ST/filex/common/src/fx_utility_exFAT_name_hash_get.o"
arm-none-eabi-gcc "../Middlewares/ST/filex/common/src/fx_utility_exFAT_size_calculate.c" -mcpu=cortex-m33 -std=gnu11 -g3 -DDEBUG -DUSE_HAL_DRIVER -DSTM32U585xx -DFX_INCLUDE_USER_DEFINE_FILE -c -I../Core/Inc -I../Drivers/STM32U5xx_HAL_Driver/Inc -I../Drivers/STM32U5xx_HAL_Driver/Inc/Legacy -I../Drivers/CMSIS/Device/ST/STM32U5xx/Include -I../Drivers/CMSIS/Include -I../FileX/App -I../FileX/Target -I../Middlewares/ST/filex/common/inc -I../Middlewares/ST/filex/ports/generic/inc -O0 -ffunction-sections -fdata-sections -Wall -fstack-usage -fcyclomatic-complexity -MMD -MP -MF"Middlewares/ST/filex/common/src/fx_utility_exFAT_size_calculate.d" -MT"Middlewares/ST/filex/common/src/fx_utility_exFAT_size_calculate.o" --specs=nano.specs -mfpu=fpv5-sp-d16 -mfloat-abi=hard -mthumb -o "Middlewares/ST/filex/common/src/fx_utility_exFAT_size_calculate.o"
arm-none-eabi-gcc "../Middlewares/ST/filex/common/src/fx_utility_exFAT_system_area_checksum_verify.c" -mcpu=cortex-m33 -std=gnu11 -g3 -DDEBUG -DUSE_HAL_DRIVER -DSTM32U585xx -DFX_INCLUDE_USER_DEFINE_FILE -c -I../Core/Inc -I../Drivers/STM32U5xx_HAL_Driver/Inc -I../Drivers/STM32U5xx_HAL_Driver/Inc/Legacy -I../Drivers/CMSIS/Device/ST/STM32U5xx/Include -I../Drivers/CMSIS/Include -I../FileX/App -I../FileX/Target -I../Middlewares/ST/filex/common/inc -I../Middlewares/ST/filex/ports/generic/inc -O0 -ffunction-sections -fdata-sections -Wall -fstack-usage -fcyclomatic-complexity -MMD -MP -MF"Middlewares/ST/filex/common/src/fx_utility_exFAT_system_area_checksum_verify.d" -MT"Middlewares/ST/filex/common/src/fx_utility_exFAT_system_area_checksum_verify.o" --specs=nano.specs -mfpu=fpv5-sp-d16 -mfloat-abi=hard -mthumb -o "Middlewares/ST/filex/common/src/fx_utility_exFAT_system_area_checksum_verify.o"
arm-none-eabi-gcc "../Middlewares/ST/filex/common/src/fx_utility_exFAT_system_area_checksum_write.c" -mcpu=cortex-m33 -std=gnu11 -g3 -DDEBUG -DUSE_HAL_DRIVER -DSTM32U585xx -DFX_INCLUDE_USER_DEFINE_FILE -c -I../Core/Inc -I../Drivers/STM32U5xx_HAL_Driver/Inc -I../Drivers/STM32U5xx_HAL_Driver/Inc/Legacy -I../Drivers/CMSIS/Device/ST/STM32U5xx/Include -I../Drivers/CMSIS/Include -I../FileX/App -I../FileX/Target -I../Middlewares/ST/filex/common/inc -I../Middlewares/ST/filex/ports/generic/inc -O0 -ffunction-sections -fdata-sections -Wall -fstack-usage -fcyclomatic-complexity -MMD -MP -MF"Middlewares/ST/filex/common/src/fx_utility_exFAT_system_area_checksum_write.d" -MT"Middlewares/ST/filex/common/src/fx_utility_exFAT_system_area_checksum_write.o" --specs=nano.specs -mfpu=fpv5-sp-d16 -mfloat-abi=hard -mthumb -o "Middlewares/ST/filex/common/src/fx_utility_exFAT_system_area_checksum_write.o"
arm-none-eabi-gcc "../Middlewares/ST/filex/common/src/fx_utility_exFAT_system_area_format.c" -mcpu=cortex-m33 -std=gnu11 -g3 -DDEBUG -DUSE_HAL_DRIVER -DSTM32U585xx -DFX_INCLUDE_USER_DEFINE_FILE -c -I../Core/Inc -I../Drivers/STM32U5xx_HAL_Driver/Inc -I../Drivers/STM32U5xx_HAL_Driver/Inc/Legacy -I../Drivers/CMSIS/Device/ST/STM32U5xx/Include -I../Drivers/CMSIS/Include -I../FileX/App -I../FileX/Target -I../Middlewares/ST/filex/common/inc -I../Middlewares/ST/filex/ports/generic/inc -O0 -ffunction-sections -fdata-sections -Wall -fstack-usage -fcyclomatic-complexity -MMD -MP -MF"Middlewares/ST/filex/common/src/fx_utility_exFAT_system_area_format.d" -MT"Middlewares/ST/filex/common/src/fx_utility_exFAT_system_area_format.o" --specs=nano.specs -mfpu=fpv5-sp-d16 -mfloat-abi=hard -mthumb -o "Middlewares/ST/filex/common/src/fx_utility_exFAT_system_area_format.o"
arm-none-eabi-gcc "../Middlewares/ST/filex/common/src/fx_utility_exFAT_system_sector_write.c" -mcpu=cortex-m33 -std=gnu11 -g3 -DDEBUG -DUSE_HAL_DRIVER -DSTM32U585xx -DFX_INCLUDE_USER_DEFINE_FILE -c -I../Core/Inc -I../Drivers/STM32U5xx_HAL_Driver/Inc -I../Drivers/STM32U5xx_HAL_Driver/Inc/Legacy -I../Drivers/CMSIS/Device/ST/STM32U5xx/Include -I../Drivers/CMSIS/Include -I../FileX/App -I../FileX/Target -I../Middlewares/ST/filex/common/inc -I../Middlewares/ST/filex/ports/generic/inc -O0 -ffunction-sections -fdata-sections -Wall -fstack-usage -fcyclomatic-complexity -MMD -MP -MF"Middlewares/ST/filex/common/src/fx_utility_exFAT_system_sector_write.d" -MT"Middlewares/ST/filex/common/src/fx_utility_exFAT_system_sector_write.o" --specs=nano.specs -mfpu=fpv5-sp-d16 -mfloat-abi=hard -mthumb -o "Middlewares/ST/filex/common/src/fx_utility_exFAT_system_sector_write.o"
arm-none-eabi-gcc "../Middlewares/ST/filex/common/src/fx_utility_exFAT_unicode_name_hash_get.c" -mcpu=cortex-m33 -std=gnu11 -g3 -DDEBUG -DUSE_HAL_DRIVER -DSTM32U585xx -DFX_INCLUDE_USER_DEFINE_FILE -c -I../Core/Inc -I../Drivers/STM32U5xx_HAL_Driver/Inc -I../Drivers/STM32U5xx_HAL_Driver/Inc/Legacy -I../Drivers/CMSIS/Device/ST/STM32U5xx/Include -I../Drivers/CMSIS/Include -I../FileX/App -I../FileX/Target -I../Middlewares/ST/filex/common/inc -I../Middlewares/ST/filex/ports/generic/inc -O0 -ffunction-sections -fdata-sections -Wall -fstack-usage -fcyclomatic-complexity -MMD -MP -MF"Middlewares/ST/filex/common/src/fx_utility_exFAT_unicode_name_hash_get.d" -MT"Middlewares/ST/filex/common/src/fx_utility_exFAT_unicode_name_hash_get.o" --specs=nano.specs -mfpu=fpv5-sp-d16 -mfloat-abi=hard -mthumb -o "Middlewares/ST/filex/common/src/fx_utility_exFAT_unicode_name_hash_get.o"
arm-none-eabi-gcc "../Middlewares/ST/filex/common/src/fx_utility_exFAT_upcase_table.c" -mcpu=cortex-m33 -std=gnu11 -g3 -DDEBUG -DUSE_HAL_DRIVER -DSTM32U585xx -DFX_INCLUDE_USER_DEFINE_FILE -c -I../Core/Inc -I../Drivers/STM32U5xx_HAL_Driver/Inc -I../Drivers/STM32U5xx_HAL_Driver/Inc/Legacy -I../Drivers/CMSIS/Device/ST/STM32U5xx/Include -I../Drivers/CMSIS/Include -I../FileX/App -I../FileX/Target -I../Middlewares/ST/filex/common/inc -I../Middlewares/ST/filex/ports/generic/inc -O0 -ffunction-sections -fdata-sections -Wall -fstack-usage -fcyclomatic-complexity -MMD -MP -MF"Middlewares/ST/filex/common/src/fx_utility_exFAT_upcase_table.d" -MT"Middlewares/ST/filex/common/src/fx_utility_exFAT_upcase_table.o" --specs=nano.specs -mfpu=fpv5-sp-d16 -mfloat-abi=hard -mthumb -o "Middlewares/ST/filex/common/src/fx_utility_exFAT_upcase_table.o"
arm-none-eabi-gcc "../Middlewares/ST/filex/common/src/fx_utility_logical_sector_cache_entry_read.c" -mcpu=cortex-m33 -std=gnu11 -g3 -DDEBUG -DUSE_HAL_DRIVER -DSTM32U585xx -DFX_INCLUDE_USER_DEFINE_FILE -c -I../Core/Inc -I../Drivers/STM32U5xx_HAL_Driver/Inc -I../Drivers/STM32U5xx_HAL_Driver/Inc/Legacy -I../Drivers/CMSIS/Device/ST/STM32U5xx/Include -I../Drivers/CMSIS/Include -I../FileX/App -I../FileX/Target -I../Middlewares/ST/filex/common/inc -I../Middlewares/ST/filex/ports/generic/inc -O0 -ffunction-sections -fdata-sections -Wall -fstack-usage -fcyclomatic-complexity -MMD -MP -MF"Middlewares/ST/filex/common/src/fx_utility_logical_sector_cache_entry_read.d" -MT"Middlewares/ST/filex/common/src/fx_utility_logical_sector_cache_entry_read.o" --specs=nano.specs -mfpu=fpv5-sp-d16 -mfloat-abi=hard -mthumb -o "Middlewares/ST/filex/common/src/fx_utility_logical_sector_cache_entry_read.o"
arm-none-eabi-gcc "../Middlewares/ST/filex/common/src/fx_utility_logical_sector_flush.c" -mcpu=cortex-m33 -std=gnu11 -g3 -DDEBUG -DUSE_HAL_DRIVER -DSTM32U585xx -DFX_INCLUDE_USER_DEFINE_FILE -c -I../Core/Inc -I../Drivers/STM32U5xx_HAL_Driver/Inc -I../Drivers/STM32U5xx_HAL_Driver/Inc/Legacy -I../Drivers/CMSIS/Device/ST/STM32U5xx/Include -I../Drivers/CMSIS/Include -I../FileX/App -I../FileX/Target -I../Middlewares/ST/filex/common/inc -I../Middlewares/ST/filex/ports/generic/inc -O0 -ffunction-sections -fdata-sections -Wall -fstack-usage -fcyclomatic-complexity -MMD -MP -MF"Middlewares/ST/filex/common/src/fx_utility_logical_sector_flush.d" -MT"Middlewares/ST/filex/common/src/fx_utility_logical_sector_flush.o" --specs=nano.specs -mfpu=fpv5-sp-d16 -mfloat-abi=hard -mthumb -o "Middlewares/ST/filex/common/src/fx_utility_logical_sector_flush.o"
arm-none-eabi-gcc "../Middlewares/ST/filex/common/src/fx_utility_logical_sector_read.c" -mcpu=cortex-m33 -std=gnu11 -g3 -DDEBUG -DUSE_HAL_DRIVER -DSTM32U585xx -DFX_INCLUDE_USER_DEFINE_FILE -c -I../Core/Inc -I../Drivers/STM32U5xx_HAL_Driver/Inc -I../Drivers/STM32U5xx_HAL_Driver/Inc/Legacy -I../Drivers/CMSIS/Device/ST/STM32U5xx/Include -I../Drivers/CMSIS/Include -I../FileX/App -I../FileX/Target -I../Middlewares/ST/filex/common/inc -I../Middlewares/ST/filex/ports/generic/inc -O0 -ffunction-sections -fdata-sections -Wall -fstack-usage -fcyclomatic-complexity -MMD -MP -MF"Middlewares/ST/filex/common/src/fx_utility_logical_sector_read.d" -MT"Middlewares/ST/filex/common/src/fx_utility_logical_sector_read.o" --specs=nano.specs -mfpu=fpv5-sp-d16 -mfloat-abi=hard -mthumb -o "Middlewares/ST/filex/common/src/fx_utility_logical_sector_read.o"
arm-none-eabi-gcc "../Middlewares/ST/filex/common/src/fx_utility_logical_sector_write.c" -mcpu=cortex-m33 -std=gnu11 -g3 -DDEBUG -DUSE_HAL_DRIVER -DSTM32U585xx -DFX_INCLUDE_USER_DEFINE_FILE -c -I../Core/Inc -I../Drivers/STM32U5xx_HAL_Driver/Inc -I../Drivers/STM32U5xx_HAL_Driver/Inc/Legacy -I../Drivers/CMSIS/Device/ST/STM32U5xx/Include -I../Drivers/CMSIS/Include -I../FileX/App -I../FileX/Target -I../Middlewares/ST/filex/common/inc -I../Middlewares/ST/filex/ports/generic/inc -O0 -ffunction-sections -fdata-sections -Wall -fstack-usage -fcyclomatic-complexity -MMD -MP -MF"Middlewares/ST/filex/common/src/fx_utility_logical_sector_write.d" -MT"Middlewares/ST/filex/common/src/fx_utility_logical_sector_write.o" --specs=nano.specs -mfpu=fpv5-sp-d16 -mfloat-abi=hard -mthumb -o "Middlewares/ST/filex/common/src/fx_utility_logical_sector_write.o"
arm-none-eabi-gcc "../Middlewares/ST/filex/common/src/fx_utility_memory_copy.c" -mcpu=cortex-m33 -std=gnu11 -g3 -DDEBUG -DUSE_HAL_DRIVER -DSTM32U585xx -DFX_INCLUDE_USER_DEFINE_FILE -c -I../Core/Inc -I../Drivers/STM32U5xx_HAL_Driver/Inc -I../Drivers/STM32U5xx_HAL_Driver/Inc/Legacy -I../Drivers/CMSIS/Device/ST/STM32U5xx/Include -I../Drivers/CMSIS/Include -I../FileX/App -I../FileX/Target -I../Middlewares/ST/filex/common/inc -I../Middlewares/ST/filex/ports/generic/inc -O0 -ffunction-sections -fdata-sections -Wall -fstack-usage -fcyclomatic-complexity -MMD -MP -MF"Middlewares/ST/filex/common/src/fx_utility_memory_copy.d" -MT"Middlewares/ST/filex/common/src/fx_utility_memory_copy.o" --specs=nano.specs -mfpu=fpv5-sp-d16 -mfloat-abi=hard -mthumb -o "Middlewares/ST/filex/common/src/fx_utility_memory_copy.o"
arm-none-eabi-gcc "../Middlewares/ST/filex/common/src/fx_utility_memory_set.c" -mcpu=cortex-m33 -std=gnu11 -g3 -DDEBUG -DUSE_HAL_DRIVER -DSTM32U585xx -DFX_INCLUDE_USER_DEFINE_FILE -c -I../Core/Inc -I../Drivers/STM32U5xx_HAL_Driver/Inc -I../Drivers/STM32U5xx_HAL_Driver/Inc/Legacy -I../Drivers/CMSIS/Device/ST/STM32U5xx/Include -I../Drivers/CMSIS/Include -I../FileX/App -I../FileX/Target -I../Middlewares/ST/filex/common/inc -I../Middlewares/ST/filex/ports/generic/inc -O0 -ffunction-sections -fdata-sections -Wall -fstack-usage -fcyclomatic-complexity -MMD -MP -MF"Middlewares/ST/filex/common/src/fx_utility_memory_set.d" -MT"Middlewares/ST/filex/common/src/fx_utility_memory_set.o" --specs=nano.specs -mfpu=fpv5-sp-d16 -mfloat-abi=hard -mthumb -o "Middlewares/ST/filex/common/src/fx_utility_memory_set.o"
arm-none-eabi-gcc "../Middlewares/ST/filex/common/src/fx_utility_string_length_get.c" -mcpu=cortex-m33 -std=gnu11 -g3 -DDEBUG -DUSE_HAL_DRIVER -DSTM32U585xx -DFX_INCLUDE_USER_DEFINE_FILE -c -I../Core/Inc -I../Drivers/STM32U5xx_HAL_Driver/Inc -I../Drivers/STM32U5xx_HAL_Driver/Inc/Legacy -I../Drivers/CMSIS/Device/ST/STM32U5xx/Include -I../Drivers/CMSIS/Include -I../FileX/App -I../FileX/Target -I../Middlewares/ST/filex/common/inc -I../Middlewares/ST/filex/ports/generic/inc -O0 -ffunction-sections -fdata-sections -Wall -fstack-usage -fcyclomatic-complexity -MMD -MP -MF"Middlewares/ST/filex/common/src/fx_utility_string_length_get.d" -MT"Middlewares/ST/filex/common/src/fx_utility_string_length_get.o" --specs=nano.specs -mfpu=fpv5-sp-d16 -mfloat-abi=hard -mthumb -o "Middlewares/ST/filex/common/src/fx_utility_string_length_get.o"
arm-none-eabi-gcc "../Middlewares/ST/filex/common/src/fx_utility_token_length_get.c" -mcpu=cortex-m33 -std=gnu11 -g3 -DDEBUG -DUSE_HAL_DRIVER -DSTM32U585xx -DFX_INCLUDE_USER_DEFINE_FILE -c -I../Core/Inc -I../Drivers/STM32U5xx_HAL_Driver/Inc -I../Drivers/STM32U5xx_HAL_Driver/Inc/Legacy -I../Drivers/CMSIS/Device/ST/STM32U5xx/Include -I../Drivers/CMSIS/Include -I../FileX/App -I../FileX/Target -I../Middlewares/ST/filex/common/inc -I../Middlewares/ST/filex/ports/generic/inc -O0 -ffunction-sections -fdata-sections -Wall -fstack-usage -fcyclomatic-complexity -MMD -MP -MF"Middlewares/ST/filex/common/src/fx_utility_token_length_get.d" -MT"Middlewares/ST/filex/common/src/fx_utility_token_length_get.o" --specs=nano.specs -mfpu=fpv5-sp-d16 -mfloat-abi=hard -mthumb -o "Middlewares/ST/filex/common/src/fx_utility_token_length_get.o"
arm-none-eabi-gcc "../Middlewares/ST/filex/common/src/fxe_directory_attributes_read.c" -mcpu=cortex-m33 -std=gnu11 -g3 -DDEBUG -DUSE_HAL_DRIVER -DSTM32U585xx -DFX_INCLUDE_USER_DEFINE_FILE -c -I../Core/Inc -I../Drivers/STM32U5xx_HAL_Driver/Inc -I../Drivers/STM32U5xx_HAL_Driver/Inc/Legacy -I../Drivers/CMSIS/Device/ST/STM32U5xx/Include -I../Drivers/CMSIS/Include -I../FileX/App -I../FileX/Target -I../Middlewares/ST/filex/common/inc -I../Middlewares/ST/filex/ports/generic/inc -O0 -ffunction-sections -fdata-sections -Wall -fstack-usage -fcyclomatic-complexity -MMD -MP -MF"Middlewares/ST/filex/common/src/fxe_directory_attributes_read.d" -MT"Middlewares/ST/filex/common/src/fxe_directory_attributes_read.o" --specs=nano.specs -mfpu=fpv5-sp-d16 -mfloat-abi=hard -mthumb -o "Middlewares/ST/filex/common/src/fxe_directory_attributes_read.o"
arm-none-eabi-gcc "../Middlewares/ST/filex/common/src/fxe_directory_attributes_set.c" -mcpu=cortex-m33 -std=gnu11 -g3 -DDEBUG -DUSE_HAL_DRIVER -DSTM32U585xx -DFX_INCLUDE_USER_DEFINE_FILE -c -I../Core/Inc -I../Drivers/STM32U5xx_HAL_Driver/Inc -I../Drivers/STM32U5xx_HAL_Driver/Inc/Legacy -I../Drivers/CMSIS/Device/ST/STM32U5xx/Include -I../Drivers/CMSIS/Include -I../FileX/App -I../FileX/Target -I../Middlewares/ST/filex/common/inc -I../Middlewares/ST/filex/ports/generic/inc -O0 -ffunction-sections -fdata-sections -Wall -fstack-usage -fcyclomatic-complexity -MMD -MP -MF"Middlewares/ST/filex/common/src/fxe_directory_attributes_set.d" -MT"Middlewares/ST/filex/common/src/fxe_directory_attributes_set.o" --specs=nano.specs -mfpu=fpv5-sp-d16 -mfloat-abi=hard -mthumb -o "Middlewares/ST/filex/common/src/fxe_directory_attributes_set.o"
arm-none-eabi-gcc "../Middlewares/ST/filex/common/src/fxe_directory_create.c" -mcpu=cortex-m33 -std=gnu11 -g3 -DDEBUG -DUSE_HAL_DRIVER -DSTM32U585xx -DFX_INCLUDE_USER_DEFINE_FILE -c -I../Core/Inc -I../Drivers/STM32U5xx_HAL_Driver/Inc -I../Drivers/STM32U5xx_HAL_Driver/Inc/Legacy -I../Drivers/CMSIS/Device/ST/STM32U5xx/Include -I../Drivers/CMSIS/Include -I../FileX/App -I../FileX/Target -I../Middlewares/ST/filex/common/inc -I../Middlewares/ST/filex/ports/generic/inc -O0 -ffunction-sections -fdata-sections -Wall -fstack-usage -fcyclomatic-complexity -MMD -MP -MF"Middlewares/ST/filex/common/src/fxe_directory_create.d" -MT"Middlewares/ST/filex/common/src/fxe_directory_create.o" --specs=nano.specs -mfpu=fpv5-sp-d16 -mfloat-abi=hard -mthumb -o "Middlewares/ST/filex/common/src/fxe_directory_create.o"
arm-none-eabi-gcc "../Middlewares/ST/filex/common/src/fxe_directory_default_get.c" -mcpu=cortex-m33 -std=gnu11 -g3 -DDEBUG -DUSE_HAL_DRIVER -DSTM32U585xx -DFX_INCLUDE_USER_DEFINE_FILE -c -I../Core/Inc -I../Drivers/STM32U5xx_HAL_Driver/Inc -I../Drivers/STM32U5xx_HAL_Driver/Inc/Legacy -I../Drivers/CMSIS/Device/ST/STM32U5xx/Include -I../Drivers/CMSIS/Include -I../FileX/App -I../FileX/Target -I../Middlewares/ST/filex/common/inc -I../Middlewares/ST/filex/ports/generic/inc -O0 -ffunction-sections -fdata-sections -Wall -fstack-usage -fcyclomatic-complexity -MMD -MP -MF"Middlewares/ST/filex/common/src/fxe_directory_default_get.d" -MT"Middlewares/ST/filex/common/src/fxe_directory_default_get.o" --specs=nano.specs -mfpu=fpv5-sp-d16 -mfloat-abi=hard -mthumb -o "Middlewares/ST/filex/common/src/fxe_directory_default_get.o"
arm-none-eabi-gcc "../Middlewares/ST/filex/common/src/fxe_directory_default_get_copy.c" -mcpu=cortex-m33 -std=gnu11 -g3 -DDEBUG -DUSE_HAL_DRIVER -DSTM32U585xx -DFX_INCLUDE_USER_DEFINE_FILE -c -I../Core/Inc -I../Drivers/STM32U5xx_HAL_Driver/Inc -I../Drivers/STM32U5xx_HAL_Driver/Inc/Legacy -I../Drivers/CMSIS/Device/ST/STM32U5xx/Include -I../Drivers/CMSIS/Include -I../FileX/App -I../FileX/Target -I../Middlewares/ST/filex/common/inc -I../Middlewares/ST/filex/ports/generic/inc -O0 -ffunction-sections -fdata-sections -Wall -fstack-usage -fcyclomatic-complexity -MMD -MP -MF"Middlewares/ST/filex/common/src/fxe_directory_default_get_copy.d" -MT"Middlewares/ST/filex/common/src/fxe_directory_default_get_copy.o" --specs=nano.specs -mfpu=fpv5-sp-d16 -mfloat-abi=hard -mthumb -o "Middlewares/ST/filex/common/src/fxe_directory_default_get_copy.o"
arm-none-eabi-gcc "../Middlewares/ST/filex/common/src/fxe_directory_default_set.c" -mcpu=cortex-m33 -std=gnu11 -g3 -DDEBUG -DUSE_HAL_DRIVER -DSTM32U585xx -DFX_INCLUDE_USER_DEFINE_FILE -c -I../Core/Inc -I../Drivers/STM32U5xx_HAL_Driver/Inc -I../Drivers/STM32U5xx_HAL_Driver/Inc/Legacy -I../Drivers/CMSIS/Device/ST/STM32U5xx/Include -I../Drivers/CMSIS/Include -I../FileX/App -I../FileX/Target -I../Middlewares/ST/filex/common/inc -I../Middlewares/ST/filex/ports/generic/inc -O0 -ffunction-sections -fdata-sections -Wall -fstack-usage -fcyclomatic-complexity -MMD -MP -MF"Middlewares/ST/filex/common/src/fxe_directory_default_set.d" -MT"Middlewares/ST/filex/common/src/fxe_directory_default_set.o" --specs=nano.specs -mfpu=fpv5-sp-d16 -mfloat-abi=hard -mthumb -o "Middlewares/ST/filex/common/src/fxe_directory_default_set.o"
arm-none-eabi-gcc "../Middlewares/ST/filex/common/src/fxe_directory_delete.c" -mcpu=cortex-m33 -std=gnu11 -g3 -DDEBUG -DUSE_HAL_DRIVER -DSTM32U585xx -DFX_INCLUDE_USER_DEFINE_FILE -c -I../Core/Inc -I../Drivers/STM32U5xx_HAL_Driver/Inc -I../Drivers/STM32U5xx_HAL_Driver/Inc/Legacy -I../Drivers/CMSIS/Device/ST/STM32U5xx/Include -I../Drivers/CMSIS/Include -I../FileX/App -I../FileX/Target -I../Middlewares/ST/filex/common/inc -I../Middlewares/ST/filex/ports/generic/inc -O0 -ffunction-sections -fdata-sections -Wall -fstack-usage -fcyclomatic-complexity -MMD -MP -MF"Middlewares/ST/filex/common/src/fxe_directory_delete.d" -MT"Middlewares/ST/filex/common/src/fxe_directory_delete.o" --specs=nano.specs -mfpu=fpv5-sp-d16 -mfloat-abi=hard -mthumb -o "Middlewares/ST/filex/common/src/fxe_directory_delete.o"
arm-none-eabi-gcc "../Middlewares/ST/filex/common/src/fxe_directory_first_entry_find.c" -mcpu=cortex-m33 -std=gnu11 -g3 -DDEBUG -DUSE_HAL_DRIVER -DSTM32U585xx -DFX_INCLUDE_USER_DEFINE_FILE -c -I../Core/Inc -I../Drivers/STM32U5xx_HAL_Driver/Inc -I../Drivers/STM32U5xx_HAL_Driver/Inc/Legacy -I../Drivers/CMSIS/Device/ST/STM32U5xx/Include -I../Drivers/CMSIS/Include -I../FileX/App -I../FileX/Target -I../Middlewares/ST/filex/common/inc -I../Middlewares/ST/filex/ports/generic/inc -O0 -ffunction-sections -fdata-sections -Wall -fstack-usage -fcyclomatic-complexity -MMD -MP -MF"Middlewares/ST/filex/common/src/fxe_directory_first_entry_find.d" -MT"Middlewares/ST/filex/common/src/fxe_directory_first_entry_find.o" --specs=nano.specs -mfpu=fpv5-sp-d16 -mfloat-abi=hard -mthumb -o "Middlewares/ST/filex/common/src/fxe_directory_first_entry_find.o"
arm-none-eabi-gcc "../Middlewares/ST/filex/common/src/fxe_directory_first_full_entry_find.c" -mcpu=cortex-m33 -std=gnu11 -g3 -DDEBUG -DUSE_HAL_DRIVER -DSTM32U585xx -DFX_INCLUDE_USER_DEFINE_FILE -c -I../Core/Inc -I../Drivers/STM32U5xx_HAL_Driver/Inc -I../Drivers/STM32U5xx_HAL_Driver/Inc/Legacy -I../Drivers/CMSIS/Device/ST/STM32U5xx/Include -I../Drivers/CMSIS/Include -I../FileX/App -I../FileX/Target -I../Middlewares/ST/filex/common/inc -I../Middlewares/ST/filex/ports/generic/inc -O0 -ffunction-sections -fdata-sections -Wall -fstack-usage -fcyclomatic-complexity -MMD -MP -MF"Middlewares/ST/filex/common/src/fxe_directory_first_full_entry_find.d" -MT"Middlewares/ST/filex/common/src/fxe_directory_first_full_entry_find.o" --specs=nano.specs -mfpu=fpv5-sp-d16 -mfloat-abi=hard -mthumb -o "Middlewares/ST/filex/common/src/fxe_directory_first_full_entry_find.o"
arm-none-eabi-gcc "../Middlewares/ST/filex/common/src/fxe_directory_information_get.c" -mcpu=cortex-m33 -std=gnu11 -g3 -DDEBUG -DUSE_HAL_DRIVER -DSTM32U585xx -DFX_INCLUDE_USER_DEFINE_FILE -c -I../Core/Inc -I../Drivers/STM32U5xx_HAL_Driver/Inc -I../Drivers/STM32U5xx_HAL_Driver/Inc/Legacy -I../Drivers/CMSIS/Device/ST/STM32U5xx/Include -I../Drivers/CMSIS/Include -I../FileX/App -I../FileX/Target -I../Middlewares/ST/filex/common/inc -I../Middlewares/ST/filex/ports/generic/inc -O0 -ffunction-sections -fdata-sections -Wall -fstack-usage -fcyclomatic-complexity -MMD -MP -MF"Middlewares/ST/filex/common/src/fxe_directory_information_get.d" -MT"Middlewares/ST/filex/common/src/fxe_directory_information_get.o" --specs=nano.specs -mfpu=fpv5-sp-d16 -mfloat-abi=hard -mthumb -o "Middlewares/ST/filex/common/src/fxe_directory_information_get.o"
arm-none-eabi-gcc "../Middlewares/ST/filex/common/src/fxe_directory_local_path_clear.c" -mcpu=cortex-m33 -std=gnu11 -g3 -DDEBUG -DUSE_HAL_DRIVER -DSTM32U585xx -DFX_INCLUDE_USER_DEFINE_FILE -c -I../Core/Inc -I../Drivers/STM32U5xx_HAL_Driver/Inc -I../Drivers/STM32U5xx_HAL_Driver/Inc/Legacy -I../Drivers/CMSIS/Device/ST/STM32U5xx/Include -I../Drivers/CMSIS/Include -I../FileX/App -I../FileX/Target -I../Middlewares/ST/filex/common/inc -I../Middlewares/ST/filex/ports/generic/inc -O0 -ffunction-sections -fdata-sections -Wall -fstack-usage -fcyclomatic-complexity -MMD -MP -MF"Middlewares/ST/filex/common/src/fxe_directory_local_path_clear.d" -MT"Middlewares/ST/filex/common/src/fxe_directory_local_path_clear.o" --specs=nano.specs -mfpu=fpv5-sp-d16 -mfloat-abi=hard -mthumb -o "Middlewares/ST/filex/common/src/fxe_directory_local_path_clear.o"
arm-none-eabi-gcc "../Middlewares/ST/filex/common/src/fxe_directory_local_path_get.c" -mcpu=cortex-m33 -std=gnu11 -g3 -DDEBUG -DUSE_HAL_DRIVER -DSTM32U585xx -DFX_INCLUDE_USER_DEFINE_FILE -c -I../Core/Inc -I../Drivers/STM32U5xx_HAL_Driver/Inc -I../Drivers/STM32U5xx_HAL_Driver/Inc/Legacy -I../Drivers/CMSIS/Device/ST/STM32U5xx/Include -I../Drivers/CMSIS/Include -I../FileX/App -I../FileX/Target -I../Middlewares/ST/filex/common/inc -I../Middlewares/ST/filex/ports/generic/inc -O0 -ffunction-sections -fdata-sections -Wall -fstack-usage -fcyclomatic-complexity -MMD -MP -MF"Middlewares/ST/filex/common/src/fxe_directory_local_path_get.d" -MT"Middlewares/ST/filex/common/src/fxe_directory_local_path_get.o" --specs=nano.specs -mfpu=fpv5-sp-d16 -mfloat-abi=hard -mthumb -o "Middlewares/ST/filex/common/src/fxe_directory_local_path_get.o"
arm-none-eabi-gcc "../Middlewares/ST/filex/common/src/fxe_directory_local_path_get_copy.c" -mcpu=cortex-m33 -std=gnu11 -g3 -DDEBUG -DUSE_HAL_DRIVER -DSTM32U585xx -DFX_INCLUDE_USER_DEFINE_FILE -c -I../Core/Inc -I../Drivers/STM32U5xx_HAL_Driver/Inc -I../Drivers/STM32U5xx_HAL_Driver/Inc/Legacy -I../Drivers/CMSIS/Device/ST/STM32U5xx/Include -I../Drivers/CMSIS/Include -I../FileX/App -I../FileX/Target -I../Middlewares/ST/filex/common/inc -I../Middlewares/ST/filex/ports/generic/inc -O0 -ffunction-sections -fdata-sections -Wall -fstack-usage -fcyclomatic-complexity -MMD -MP -MF"Middlewares/ST/filex/common/src/fxe_directory_local_path_get_copy.d" -MT"Middlewares/ST/filex/common/src/fxe_directory_local_path_get_copy.o" --specs=nano.specs -mfpu=fpv5-sp-d16 -mfloat-abi=hard -mthumb -o "Middlewares/ST/filex/common/src/fxe_directory_local_path_get_copy.o"
arm-none-eabi-gcc "../Middlewares/ST/filex/common/src/fxe_directory_local_path_restore.c" -mcpu=cortex-m33 -std=gnu11 -g3 -DDEBUG -DUSE_HAL_DRIVER -DSTM32U585xx -DFX_INCLUDE_USER_DEFINE_FILE -c -I../Core/Inc -I../Drivers/STM32U5xx_HAL_Driver/Inc -I../Drivers/STM32U5xx_HAL_Driver/Inc/Legacy -I../Drivers/CMSIS/Device/ST/STM32U5xx/Include -I../Drivers/CMSIS/Include -I../FileX/App -I../FileX/Target -I../Middlewares/ST/filex/common/inc -I../Middlewares/ST/filex/ports/generic/inc -O0 -ffunction-sections -fdata-sections -Wall -fstack-usage -fcyclomatic-complexity -MMD -MP -MF"Middlewares/ST/filex/common/src/fxe_directory_local_path_restore.d" -MT"Middlewares/ST/filex/common/src/fxe_directory_local_path_restore.o" --specs=nano.specs -mfpu=fpv5-sp-d16 -mfloat-abi=hard -mthumb -o "Middlewares/ST/filex/common/src/fxe_directory_local_path_restore.o"
arm-none-eabi-gcc "../Middlewares/ST/filex/common/src/fxe_directory_local_path_set.c" -mcpu=cortex-m33 -std=gnu11 -g3 -DDEBUG -DUSE_HAL_DRIVER -DSTM32U585xx -DFX_INCLUDE_USER_DEFINE_FILE -c -I../Core/Inc -I../Drivers/STM32U5xx_HAL_Driver/Inc -I../Drivers/STM32U5xx_HAL_Driver/Inc/Legacy -I../Drivers/CMSIS/Device/ST/STM32U5xx/Include -I../Drivers/CMSIS/Include -I../FileX/App -I../FileX/Target -I../Middlewares/ST/filex/common/inc -I../Middlewares/ST/filex/ports/generic/inc -O0 -ffunction-sections -fdata-sections -Wall -fstack-usage -fcyclomatic-complexity -MMD -MP -MF"Middlewares/ST/filex/common/src/fxe_directory_local_path_set.d" -MT"Middlewares/ST/filex/common/src/fxe_directory_local_path_set.o" --specs=nano.specs -mfpu=fpv5-sp-d16 -mfloat-abi=hard -mthumb -o "Middlewares/ST/filex/common/src/fxe_directory_local_path_set.o"
arm-none-eabi-gcc "../Middlewares/ST/filex/common/src/fxe_directory_long_name_get.c" -mcpu=cortex-m33 -std=gnu11 -g3 -DDEBUG -DUSE_HAL_DRIVER -DSTM32U585xx -DFX_INCLUDE_USER_DEFINE_FILE -c -I../Core/Inc -I../Drivers/STM32U5xx_HAL_Driver/Inc -I../Drivers/STM32U5xx_HAL_Driver/Inc/Legacy -I../Drivers/CMSIS/Device/ST/STM32U5xx/Include -I../Drivers/CMSIS/Include -I../FileX/App -I../FileX/Target -I../Middlewares/ST/filex/common/inc -I../Middlewares/ST/filex/ports/generic/inc -O0 -ffunction-sections -fdata-sections -Wall -fstack-usage -fcyclomatic-complexity -MMD -MP -MF"Middlewares/ST/filex/common/src/fxe_directory_long_name_get.d" -MT"Middlewares/ST/filex/common/src/fxe_directory_long_name_get.o" --specs=nano.specs -mfpu=fpv5-sp-d16 -mfloat-abi=hard -mthumb -o "Middlewares/ST/filex/common/src/fxe_directory_long_name_get.o"
arm-none-eabi-gcc "../Middlewares/ST/filex/common/src/fxe_directory_long_name_get_extended.c" -mcpu=cortex-m33 -std=gnu11 -g3 -DDEBUG -DUSE_HAL_DRIVER -DSTM32U585xx -DFX_INCLUDE_USER_DEFINE_FILE -c -I../Core/Inc -I../Drivers/STM32U5xx_HAL_Driver/Inc -I../Drivers/STM32U5xx_HAL_Driver/Inc/Legacy -I../Drivers/CMSIS/Device/ST/STM32U5xx/Include -I../Drivers/CMSIS/Include -I../FileX/App -I../FileX/Target -I../Middlewares/ST/filex/common/inc -I../Middlewares/ST/filex/ports/generic/inc -O0 -ffunction-sections -fdata-sections -Wall -fstack-usage -fcyclomatic-complexity -MMD -MP -MF"Middlewares/ST/filex/common/src/fxe_directory_long_name_get_extended.d" -MT"Middlewares/ST/filex/common/src/fxe_directory_long_name_get_extended.o" --specs=nano.specs -mfpu=fpv5-sp-d16 -mfloat-abi=hard -mthumb -o "Middlewares/ST/filex/common/src/fxe_directory_long_name_get_extended.o"
arm-none-eabi-gcc "../Middlewares/ST/filex/common/src/fxe_directory_name_test.c" -mcpu=cortex-m33 -std=gnu11 -g3 -DDEBUG -DUSE_HAL_DRIVER -DSTM32U585xx -DFX_INCLUDE_USER_DEFINE_FILE -c -I../Core/Inc -I../Drivers/STM32U5xx_HAL_Driver/Inc -I../Drivers/STM32U5xx_HAL_Driver/Inc/Legacy -I../Drivers/CMSIS/Device/ST/STM32U5xx/Include -I../Drivers/CMSIS/Include -I../FileX/App -I../FileX/Target -I../Middlewares/ST/filex/common/inc -I../Middlewares/ST/filex/ports/generic/inc -O0 -ffunction-sections -fdata-sections -Wall -fstack-usage -fcyclomatic-complexity -MMD -MP -MF"Middlewares/ST/filex/common/src/fxe_directory_name_test.d" -MT"Middlewares/ST/filex/common/src/fxe_directory_name_test.o" --specs=nano.specs -mfpu=fpv5-sp-d16 -mfloat-abi=hard -mthumb -o "Middlewares/ST/filex/common/src/fxe_directory_name_test.o"
arm-none-eabi-gcc "../Middlewares/ST/filex/common/src/fxe_directory_next_entry_find.c" -mcpu=cortex-m33 -std=gnu11 -g3 -DDEBUG -DUSE_HAL_DRIVER -DSTM32U585xx -DFX_INCLUDE_USER_DEFINE_FILE -c -I../Core/Inc -I../Drivers/STM32U5xx_HAL_Driver/Inc -I../Drivers/STM32U5xx_HAL_Driver/Inc/Legacy -I../Drivers/CMSIS/Device/ST/STM32U5xx/Include -I../Drivers/CMSIS/Include -I../FileX/App -I../FileX/Target -I../Middlewares/ST/filex/common/inc -I../Middlewares/ST/filex/ports/generic/inc -O0 -ffunction-sections -fdata-sections -Wall -fstack-usage -fcyclomatic-complexity -MMD -MP -MF"Middlewares/ST/filex/common/src/fxe_directory_next_entry_find.d" -MT"Middlewares/ST/filex/common/src/fxe_directory_next_entry_find.o" --specs=nano.specs -mfpu=fpv5-sp-d16 -mfloat-abi=hard -mthumb -o "Middlewares/ST/filex/common/src/fxe_directory_next_entry_find.o"
arm-none-eabi-gcc "../Middlewares/ST/filex/common/src/fxe_directory_next_full_entry_find.c" -mcpu=cortex-m33 -std=gnu11 -g3 -DDEBUG -DUSE_HAL_DRIVER -DSTM32U585xx -DFX_INCLUDE_USER_DEFINE_FILE -c -I../Core/Inc -I../Drivers/STM32U5xx_HAL_Driver/Inc -I../Drivers/STM32U5xx_HAL_Driver/Inc/Legacy -I../Drivers/CMSIS/Device/ST/STM32U5xx/Include -I../Drivers/CMSIS/Include -I../FileX/App -I../FileX/Target -I../Middlewares/ST/filex/common/inc -I../Middlewares/ST/filex/ports/generic/inc -O0 -ffunction-sections -fdata-sections -Wall -fstack-usage -fcyclomatic-complexity -MMD -MP -MF"Middlewares/ST/filex/common/src/fxe_directory_next_full_entry_find.d" -MT"Middlewares/ST/filex/common/src/fxe_directory_next_full_entry_find.o" --specs=nano.specs -mfpu=fpv5-sp-d16 -mfloat-abi=hard -mthumb -o "Middlewares/ST/filex/common/src/fxe_directory_next_full_entry_find.o"
arm-none-eabi-gcc "../Middlewares/ST/filex/common/src/fxe_directory_rename.c" -mcpu=cortex-m33 -std=gnu11 -g3 -DDEBUG -DUSE_HAL_DRIVER -DSTM32U585xx -DFX_INCLUDE_USER_DEFINE_FILE -c -I../Core/Inc -I../Drivers/STM32U5xx_HAL_Driver/Inc -I../Drivers/STM32U5xx_HAL_Driver/Inc/Legacy -I../Drivers/CMSIS/Device/ST/STM32U5xx/Include -I../Drivers/CMSIS/Include -I../FileX/App -I../FileX/Target -I../Middlewares/ST/filex/common/inc -I../Middlewares/ST/filex/ports/generic/inc -O0 -ffunction-sections -fdata-sections -Wall -fstack-usage -fcyclomatic-complexity -MMD -MP -MF"Middlewares/ST/filex/common/src/fxe_directory_rename.d" -MT"Middlewares/ST/filex/common/src/fxe_directory_rename.o" --specs=nano.specs -mfpu=fpv5-sp-d16 -mfloat-abi=hard -mthumb -o "Middlewares/ST/filex/common/src/fxe_directory_rename.o"
arm-none-eabi-gcc "../Middlewares/ST/filex/common/src/fxe_directory_short_name_get.c" -mcpu=cortex-m33 -std=gnu11 -g3 -DDEBUG -DUSE_HAL_DRIVER -DSTM32U585xx -DFX_INCLUDE_USER_DEFINE_FILE -c -I../Core/Inc -I../Drivers/STM32U5xx_HAL_Driver/Inc -I../Drivers/STM32U5xx_HAL_Driver/Inc/Legacy -I../Drivers/CMSIS/Device/ST/STM32U5xx/Include -I../Drivers/CMSIS/Include -I../FileX/App -I../FileX/Target -I../Middlewares/ST/filex/common/inc -I../Middlewares/ST/filex/ports/generic/inc -O0 -ffunction-sections -fdata-sections -Wall -fstack-usage -fcyclomatic-complexity -MMD -MP -MF"Middlewares/ST/filex/common/src/fxe_directory_short_name_get.d" -MT"Middlewares/ST/filex/common/src/fxe_directory_short_name_get.o" --specs=nano.specs -mfpu=fpv5-sp-d16 -mfloat-abi=hard -mthumb -o "Middlewares/ST/filex/common/src/fxe_directory_short_name_get.o"
arm-none-eabi-gcc "../Middlewares/ST/filex/common/src/fxe_directory_short_name_get_extended.c" -mcpu=cortex-m33 -std=gnu11 -g3 -DDEBUG -DUSE_HAL_DRIVER -DSTM32U585xx -DFX_INCLUDE_USER_DEFINE_FILE -c -I../Core/Inc -I../Drivers/STM32U5xx_HAL_Driver/Inc -I../Drivers/STM32U5xx_HAL_Driver/Inc/Legacy -I../Drivers/CMSIS/Device/ST/STM32U5xx/Include -I../Drivers/CMSIS/Include -I../FileX/App -I../FileX/Target -I../Middlewares/ST/filex/common/inc -I../Middlewares/ST/filex/ports/generic/inc -O0 -ffunction-sections -fdata-sections -Wall -fstack-usage -fcyclomatic-complexity -MMD -MP -MF"Middlewares/ST/filex/common/src/fxe_directory_short_name_get_extended.d" -MT"Middlewares/ST/filex/common/src/fxe_directory_short_name_get_extended.o" --specs=nano.specs -mfpu=fpv5-sp-d16 -mfloat-abi=hard -mthumb -o "Middlewares/ST/filex/common/src/fxe_directory_short_name_get_extended.o"
arm-none-eabi-gcc "../Middlewares/ST/filex/common/src/fxe_fault_tolerant_enable.c" -mcpu=cortex-m33 -std=gnu11 -g3 -DDEBUG -DUSE_HAL_DRIVER -DSTM32U585xx -DFX_INCLUDE_USER_DEFINE_FILE -c -I../Core/Inc -I../Drivers/STM32U5xx_HAL_Driver/Inc -I../Drivers/STM32U5xx_HAL_Driver/Inc/Legacy -I../Drivers/CMSIS/Device/ST/STM32U5xx/Include -I../Drivers/CMSIS/Include -I../FileX/App -I../FileX/Target -I../Middlewares/ST/filex/common/inc -I../Middlewares/ST/filex/ports/generic/inc -O0 -ffunction-sections -fdata-sections -Wall -fstack-usage -fcyclomatic-complexity -MMD -MP -MF"Middlewares/ST/filex/common/src/fxe_fault_tolerant_enable.d" -MT"Middlewares/ST/filex/common/src/fxe_fault_tolerant_enable.o" --specs=nano.specs -mfpu=fpv5-sp-d16 -mfloat-abi=hard -mthumb -o "Middlewares/ST/filex/common/src/fxe_fault_tolerant_enable.o"
arm-none-eabi-gcc "../Middlewares/ST/filex/common/src/fxe_file_allocate.c" -mcpu=cortex-m33 -std=gnu11 -g3 -DDEBUG -DUSE_HAL_DRIVER -DSTM32U585xx -DFX_INCLUDE_USER_DEFINE_FILE -c -I../Core/Inc -I../Drivers/STM32U5xx_HAL_Driver/Inc -I../Drivers/STM32U5xx_HAL_Driver/Inc/Legacy -I../Drivers/CMSIS/Device/ST/STM32U5xx/Include -I../Drivers/CMSIS/Include -I../FileX/App -I../FileX/Target -I../Middlewares/ST/filex/common/inc -I../Middlewares/ST/filex/ports/generic/inc -O0 -ffunction-sections -fdata-sections -Wall -fstack-usage -fcyclomatic-complexity -MMD -MP -MF"Middlewares/ST/filex/common/src/fxe_file_allocate.d" -MT"Middlewares/ST/filex/common/src/fxe_file_allocate.o" --specs=nano.specs -mfpu=fpv5-sp-d16 -mfloat-abi=hard -mthumb -o "Middlewares/ST/filex/common/src/fxe_file_allocate.o"
arm-none-eabi-gcc "../Middlewares/ST/filex/common/src/fxe_file_attributes_read.c" -mcpu=cortex-m33 -std=gnu11 -g3 -DDEBUG -DUSE_HAL_DRIVER -DSTM32U585xx -DFX_INCLUDE_USER_DEFINE_FILE -c -I../Core/Inc -I../Drivers/STM32U5xx_HAL_Driver/Inc -I../Drivers/STM32U5xx_HAL_Driver/Inc/Legacy -I../Drivers/CMSIS/Device/ST/STM32U5xx/Include -I../Drivers/CMSIS/Include -I../FileX/App -I../FileX/Target -I../Middlewares/ST/filex/common/inc -I../Middlewares/ST/filex/ports/generic/inc -O0 -ffunction-sections -fdata-sections -Wall -fstack-usage -fcyclomatic-complexity -MMD -MP -MF"Middlewares/ST/filex/common/src/fxe_file_attributes_read.d" -MT"Middlewares/ST/filex/common/src/fxe_file_attributes_read.o" --specs=nano.specs -mfpu=fpv5-sp-d16 -mfloat-abi=hard -mthumb -o "Middlewares/ST/filex/common/src/fxe_file_attributes_read.o"
arm-none-eabi-gcc "../Middlewares/ST/filex/common/src/fxe_file_attributes_set.c" -mcpu=cortex-m33 -std=gnu11 -g3 -DDEBUG -DUSE_HAL_DRIVER -DSTM32U585xx -DFX_INCLUDE_USER_DEFINE_FILE -c -I../Core/Inc -I../Drivers/STM32U5xx_HAL_Driver/Inc -I../Drivers/STM32U5xx_HAL_Driver/Inc/Legacy -I../Drivers/CMSIS/Device/ST/STM32U5xx/Include -I../Drivers/CMSIS/Include -I../FileX/App -I../FileX/Target -I../Middlewares/ST/filex/common/inc -I../Middlewares/ST/filex/ports/generic/inc -O0 -ffunction-sections -fdata-sections -Wall -fstack-usage -fcyclomatic-complexity -MMD -MP -MF"Middlewares/ST/filex/common/src/fxe_file_attributes_set.d" -MT"Middlewares/ST/filex/common/src/fxe_file_attributes_set.o" --specs=nano.specs -mfpu=fpv5-sp-d16 -mfloat-abi=hard -mthumb -o "Middlewares/ST/filex/common/src/fxe_file_attributes_set.o"
arm-none-eabi-gcc "../Middlewares/ST/filex/common/src/fxe_file_best_effort_allocate.c" -mcpu=cortex-m33 -std=gnu11 -g3 -DDEBUG -DUSE_HAL_DRIVER -DSTM32U585xx -DFX_INCLUDE_USER_DEFINE_FILE -c -I../Core/Inc -I../Drivers/STM32U5xx_HAL_Driver/Inc -I../Drivers/STM32U5xx_HAL_Driver/Inc/Legacy -I../Drivers/CMSIS/Device/ST/STM32U5xx/Include -I../Drivers/CMSIS/Include -I../FileX/App -I../FileX/Target -I../Middlewares/ST/filex/common/inc -I../Middlewares/ST/filex/ports/generic/inc -O0 -ffunction-sections -fdata-sections -Wall -fstack-usage -fcyclomatic-complexity -MMD -MP -MF"Middlewares/ST/filex/common/src/fxe_file_best_effort_allocate.d" -MT"Middlewares/ST/filex/common/src/fxe_file_best_effort_allocate.o" --specs=nano.specs -mfpu=fpv5-sp-d16 -mfloat-abi=hard -mthumb -o "Middlewares/ST/filex/common/src/fxe_file_best_effort_allocate.o"
arm-none-eabi-gcc "../Middlewares/ST/filex/common/src/fxe_file_close.c" -mcpu=cortex-m33 -std=gnu11 -g3 -DDEBUG -DUSE_HAL_DRIVER -DSTM32U585xx -DFX_INCLUDE_USER_DEFINE_FILE -c -I../Core/Inc -I../Drivers/STM32U5xx_HAL_Driver/Inc -I../Drivers/STM32U5xx_HAL_Driver/Inc/Legacy -I../Drivers/CMSIS/Device/ST/STM32U5xx/Include -I../Drivers/CMSIS/Include -I../FileX/App -I../FileX/Target -I../Middlewares/ST/filex/common/inc -I../Middlewares/ST/filex/ports/generic/inc -O0 -ffunction-sections -fdata-sections -Wall -fstack-usage -fcyclomatic-complexity -MMD -MP -MF"Middlewares/ST/filex/common/src/fxe_file_close.d" -MT"Middlewares/ST/filex/common/src/fxe_file_close.o" --specs=nano.specs -mfpu=fpv5-sp-d16 -mfloat-abi=hard -mthumb -o "Middlewares/ST/filex/common/src/fxe_file_close.o"
arm-none-eabi-gcc "../Middlewares/ST/filex/common/src/fxe_file_create.c" -mcpu=cortex-m33 -std=gnu11 -g3 -DDEBUG -DUSE_HAL_DRIVER -DSTM32U585xx -DFX_INCLUDE_USER_DEFINE_FILE -c -I../Core/Inc -I../Drivers/STM32U5xx_HAL_Driver/Inc -I../Drivers/STM32U5xx_HAL_Driver/Inc/Legacy -I../Drivers/CMSIS/Device/ST/STM32U5xx/Include -I../Drivers/CMSIS/Include -I../FileX/App -I../FileX/Target -I../Middlewares/ST/filex/common/inc -I../Middlewares/ST/filex/ports/generic/inc -O0 -ffunction-sections -fdata-sections -Wall -fstack-usage -fcyclomatic-complexity -MMD -MP -MF"Middlewares/ST/filex/common/src/fxe_file_create.d" -MT"Middlewares/ST/filex/common/src/fxe_file_create.o" --specs=nano.specs -mfpu=fpv5-sp-d16 -mfloat-abi=hard -mthumb -o "Middlewares/ST/filex/common/src/fxe_file_create.o"
arm-none-eabi-gcc "../Middlewares/ST/filex/common/src/fxe_file_date_time_set.c" -mcpu=cortex-m33 -std=gnu11 -g3 -DDEBUG -DUSE_HAL_DRIVER -DSTM32U585xx -DFX_INCLUDE_USER_DEFINE_FILE -c -I../Core/Inc -I../Drivers/STM32U5xx_HAL_Driver/Inc -I../Drivers/STM32U5xx_HAL_Driver/Inc/Legacy -I../Drivers/CMSIS/Device/ST/STM32U5xx/Include -I../Drivers/CMSIS/Include -I../FileX/App -I../FileX/Target -I../Middlewares/ST/filex/common/inc -I../Middlewares/ST/filex/ports/generic/inc -O0 -ffunction-sections -fdata-sections -Wall -fstack-usage -fcyclomatic-complexity -MMD -MP -MF"Middlewares/ST/filex/common/src/fxe_file_date_time_set.d" -MT"Middlewares/ST/filex/common/src/fxe_file_date_time_set.o" --specs=nano.specs -mfpu=fpv5-sp-d16 -mfloat-abi=hard -mthumb -o "Middlewares/ST/filex/common/src/fxe_file_date_time_set.o"
arm-none-eabi-gcc "../Middlewares/ST/filex/common/src/fxe_file_delete.c" -mcpu=cortex-m33 -std=gnu11 -g3 -DDEBUG -DUSE_HAL_DRIVER -DSTM32U585xx -DFX_INCLUDE_USER_DEFINE_FILE -c -I../Core/Inc -I../Drivers/STM32U5xx_HAL_Driver/Inc -I../Drivers/STM32U5xx_HAL_Driver/Inc/Legacy -I../Drivers/CMSIS/Device/ST/STM32U5xx/Include -I../Drivers/CMSIS/Include -I../FileX/App -I../FileX/Target -I../Middlewares/ST/filex/common/inc -I../Middlewares/ST/filex/ports/generic/inc -O0 -ffunction-sections -fdata-sections -Wall -fstack-usage -fcyclomatic-complexity -MMD -MP -MF"Middlewares/ST/filex/common/src/fxe_file_delete.d" -MT"Middlewares/ST/filex/common/src/fxe_file_delete.o" --specs=nano.specs -mfpu=fpv5-sp-d16 -mfloat-abi=hard -mthumb -o "Middlewares/ST/filex/common/src/fxe_file_delete.o"
arm-none-eabi-gcc "../Middlewares/ST/filex/common/src/fxe_file_extended_allocate.c" -mcpu=cortex-m33 -std=gnu11 -g3 -DDEBUG -DUSE_HAL_DRIVER -DSTM32U585xx -DFX_INCLUDE_USER_DEFINE_FILE -c -I../Core/Inc -I../Drivers/STM32U5xx_HAL_Driver/Inc -I../Drivers/STM32U5xx_HAL_Driver/Inc/Legacy -I../Drivers/CMSIS/Device/ST/STM32U5xx/Include -I../Drivers/CMSIS/Include -I../FileX/App -I../FileX/Target -I../Middlewares/ST/filex/common/inc -I../Middlewares/ST/filex/ports/generic/inc -O0 -ffunction-sections -fdata-sections -Wall -fstack-usage -fcyclomatic-complexity -MMD -MP -MF"Middlewares/ST/filex/common/src/fxe_file_extended_allocate.d" -MT"Middlewares/ST/filex/common/src/fxe_file_extended_allocate.o" --specs=nano.specs -mfpu=fpv5-sp-d16 -mfloat-abi=hard -mthumb -o "Middlewares/ST/filex/common/src/fxe_file_extended_allocate.o"
arm-none-eabi-gcc "../Middlewares/ST/filex/common/src/fxe_file_extended_best_effort_allocate.c" -mcpu=cortex-m33 -std=gnu11 -g3 -DDEBUG -DUSE_HAL_DRIVER -DSTM32U585xx -DFX_INCLUDE_USER_DEFINE_FILE -c -I../Core/Inc -I../Drivers/STM32U5xx_HAL_Driver/Inc -I../Drivers/STM32U5xx_HAL_Driver/Inc/Legacy -I../Drivers/CMSIS/Device/ST/STM32U5xx/Include -I../Drivers/CMSIS/Include -I../FileX/App -I../FileX/Target -I../Middlewares/ST/filex/common/inc -I../Middlewares/ST/filex/ports/generic/inc -O0 -ffunction-sections -fdata-sections -Wall -fstack-usage -fcyclomatic-complexity -MMD -MP -MF"Middlewares/ST/filex/common/src/fxe_file_extended_best_effort_allocate.d" -MT"Middlewares/ST/filex/common/src/fxe_file_extended_best_effort_allocate.o" --specs=nano.specs -mfpu=fpv5-sp-d16 -mfloat-abi=hard -mthumb -o "Middlewares/ST/filex/common/src/fxe_file_extended_best_effort_allocate.o"
arm-none-eabi-gcc "../Middlewares/ST/filex/common/src/fxe_file_extended_relative_seek.c" -mcpu=cortex-m33 -std=gnu11 -g3 -DDEBUG -DUSE_HAL_DRIVER -DSTM32U585xx -DFX_INCLUDE_USER_DEFINE_FILE -c -I../Core/Inc -I../Drivers/STM32U5xx_HAL_Driver/Inc -I../Drivers/STM32U5xx_HAL_Driver/Inc/Legacy -I../Drivers/CMSIS/Device/ST/STM32U5xx/Include -I../Drivers/CMSIS/Include -I../FileX/App -I../FileX/Target -I../Middlewares/ST/filex/common/inc -I../Middlewares/ST/filex/ports/generic/inc -O0 -ffunction-sections -fdata-sections -Wall -fstack-usage -fcyclomatic-complexity -MMD -MP -MF"Middlewares/ST/filex/common/src/fxe_file_extended_relative_seek.d" -MT"Middlewares/ST/filex/common/src/fxe_file_extended_relative_seek.o" --specs=nano.specs -mfpu=fpv5-sp-d16 -mfloat-abi=hard -mthumb -o "Middlewares/ST/filex/common/src/fxe_file_extended_relative_seek.o"
arm-none-eabi-gcc "../Middlewares/ST/filex/common/src/fxe_file_extended_seek.c" -mcpu=cortex-m33 -std=gnu11 -g3 -DDEBUG -DUSE_HAL_DRIVER -DSTM32U585xx -DFX_INCLUDE_USER_DEFINE_FILE -c -I../Core/Inc -I../Drivers/STM32U5xx_HAL_Driver/Inc -I../Drivers/STM32U5xx_HAL_Driver/Inc/Legacy -I../Drivers/CMSIS/Device/ST/STM32U5xx/Include -I../Drivers/CMSIS/Include -I../FileX/App -I../FileX/Target -I../Middlewares/ST/filex/common/inc -I../Middlewares/ST/filex/ports/generic/inc -O0 -ffunction-sections -fdata-sections -Wall -fstack-usage -fcyclomatic-complexity -MMD -MP -MF"Middlewares/ST/filex/common/src/fxe_file_extended_seek.d" -MT"Middlewares/ST/filex/common/src/fxe_file_extended_seek.o" --specs=nano.specs -mfpu=fpv5-sp-d16 -mfloat-abi=hard -mthumb -o "Middlewares/ST/filex/common/src/fxe_file_extended_seek.o"
arm-none-eabi-gcc "../Middlewares/ST/filex/common/src/fxe_file_extended_truncate.c" -mcpu=cortex-m33 -std=gnu11 -g3 -DDEBUG -DUSE_HAL_DRIVER -DSTM32U585xx -DFX_INCLUDE_USER_DEFINE_FILE -c -I../Core/Inc -I../Drivers/STM32U5xx_HAL_Driver/Inc -I../Drivers/STM32U5xx_HAL_Driver/Inc/Legacy -I../Drivers/CMSIS/Device/ST/STM32U5xx/Include -I../Drivers/CMSIS/Include -I../FileX/App -I../FileX/Target -I../Middlewares/ST/filex/common/inc -I../Middlewares/ST/filex/ports/generic/inc -O0 -ffunction-sections -fdata-sections -Wall -fstack-usage -fcyclomatic-complexity -MMD -MP -MF"Middlewares/ST/filex/common/src/fxe_file_extended_truncate.d" -MT"Middlewares/ST/filex/common/src/fxe_file_extended_truncate.o" --specs=nano.specs -mfpu=fpv5-sp-d16 -mfloat-abi=hard -mthumb -o "Middlewares/ST/filex/common/src/fxe_file_extended_truncate.o"
arm-none-eabi-gcc "../Middlewares/ST/filex/common/src/fxe_file_extended_truncate_release.c" -mcpu=cortex-m33 -std=gnu11 -g3 -DDEBUG -DUSE_HAL_DRIVER -DSTM32U585xx -DFX_INCLUDE_USER_DEFINE_FILE -c -I../Core/Inc -I../Drivers/STM32U5xx_HAL_Driver/Inc -I../Drivers/STM32U5xx_HAL_Driver/Inc/Legacy -I../Drivers/CMSIS/Device/ST/STM32U5xx/Include -I../Drivers/CMSIS/Include -I../FileX/App -I../FileX/Target -I../Middlewares/ST/filex/common/inc -I../Middlewares/ST/filex/ports/generic/inc -O0 -ffunction-sections -fdata-sections -Wall -fstack-usage -fcyclomatic-complexity -MMD -MP -MF"Middlewares/ST/filex/common/src/fxe_file_extended_truncate_release.d" -MT"Middlewares/ST/filex/common/src/fxe_file_extended_truncate_release.o" --specs=nano.specs -mfpu=fpv5-sp-d16 -mfloat-abi=hard -mthumb -o "Middlewares/ST/filex/common/src/fxe_file_extended_truncate_release.o"
arm-none-eabi-gcc "../Middlewares/ST/filex/common/src/fxe_file_open.c" -mcpu=cortex-m33 -std=gnu11 -g3 -DDEBUG -DUSE_HAL_DRIVER -DSTM32U585xx -DFX_INCLUDE_USER_DEFINE_FILE -c -I../Core/Inc -I../Drivers/STM32U5xx_HAL_Driver/Inc -I../Drivers/STM32U5xx_HAL_Driver/Inc/Legacy -I../Drivers/CMSIS/Device/ST/STM32U5xx/Include -I../Drivers/CMSIS/Include -I../FileX/App -I../FileX/Target -I../Middlewares/ST/filex/common/inc -I../Middlewares/ST/filex/ports/generic/inc -O0 -ffunction-sections -fdata-sections -Wall -fstack-usage -fcyclomatic-complexity -MMD -MP -MF"Middlewares/ST/filex/common/src/fxe_file_open.d" -MT"Middlewares/ST/filex/common/src/fxe_file_open.o" --specs=nano.specs -mfpu=fpv5-sp-d16 -mfloat-abi=hard -mthumb -o "Middlewares/ST/filex/common/src/fxe_file_open.o"
arm-none-eabi-gcc "../Middlewares/ST/filex/common/src/fxe_file_read.c" -mcpu=cortex-m33 -std=gnu11 -g3 -DDEBUG -DUSE_HAL_DRIVER -DSTM32U585xx -DFX_INCLUDE_USER_DEFINE_FILE -c -I../Core/Inc -I../Drivers/STM32U5xx_HAL_Driver/Inc -I../Drivers/STM32U5xx_HAL_Driver/Inc/Legacy -I../Drivers/CMSIS/Device/ST/STM32U5xx/Include -I../Drivers/CMSIS/Include -I../FileX/App -I../FileX/Target -I../Middlewares/ST/filex/common/inc -I../Middlewares/ST/filex/ports/generic/inc -O0 -ffunction-sections -fdata-sections -Wall -fstack-usage -fcyclomatic-complexity -MMD -MP -MF"Middlewares/ST/filex/common/src/fxe_file_read.d" -MT"Middlewares/ST/filex/common/src/fxe_file_read.o" --specs=nano.specs -mfpu=fpv5-sp-d16 -mfloat-abi=hard -mthumb -o "Middlewares/ST/filex/common/src/fxe_file_read.o"
arm-none-eabi-gcc "../Middlewares/ST/filex/common/src/fxe_file_relative_seek.c" -mcpu=cortex-m33 -std=gnu11 -g3 -DDEBUG -DUSE_HAL_DRIVER -DSTM32U585xx -DFX_INCLUDE_USER_DEFINE_FILE -c -I../Core/Inc -I../Drivers/STM32U5xx_HAL_Driver/Inc -I../Drivers/STM32U5xx_HAL_Driver/Inc/Legacy -I../Drivers/CMSIS/Device/ST/STM32U5xx/Include -I../Drivers/CMSIS/Include -I../FileX/App -I../FileX/Target -I../Middlewares/ST/filex/common/inc -I../Middlewares/ST/filex/ports/generic/inc -O0 -ffunction-sections -fdata-sections -Wall -fstack-usage -fcyclomatic-complexity -MMD -MP -MF"Middlewares/ST/filex/common/src/fxe_file_relative_seek.d" -MT"Middlewares/ST/filex/common/src/fxe_file_relative_seek.o" --specs=nano.specs -mfpu=fpv5-sp-d16 -mfloat-abi=hard -mthumb -o "Middlewares/ST/filex/common/src/fxe_file_relative_seek.o"
arm-none-eabi-gcc "../Middlewares/ST/filex/common/src/fxe_file_rename.c" -mcpu=cortex-m33 -std=gnu11 -g3 -DDEBUG -DUSE_HAL_DRIVER -DSTM32U585xx -DFX_INCLUDE_USER_DEFINE_FILE -c -I../Core/Inc -I../Drivers/STM32U5xx_HAL_Driver/Inc -I../Drivers/STM32U5xx_HAL_Driver/Inc/Legacy -I../Drivers/CMSIS/Device/ST/STM32U5xx/Include -I../Drivers/CMSIS/Include -I../FileX/App -I../FileX/Target -I../Middlewares/ST/filex/common/inc -I../Middlewares/ST/filex/ports/generic/inc -O0 -ffunction-sections -fdata-sections -Wall -fstack-usage -fcyclomatic-complexity -MMD -MP -MF"Middlewares/ST/filex/common/src/fxe_file_rename.d" -MT"Middlewares/ST/filex/common/src/fxe_file_rename.o" --specs=nano.specs -mfpu=fpv5-sp-d16 -mfloat-abi=hard -mthumb -o "Middlewares/ST/filex/common/src/fxe_file_rename.o"
arm-none-eabi-gcc "../Middlewares/ST/filex/common/src/fxe_file_seek.c" -mcpu=cortex-m33 -std=gnu11 -g3 -DDEBUG -DUSE_HAL_DRIVER -DSTM32U585xx -DFX_INCLUDE_USER_DEFINE_FILE -c -I../Core/Inc -I../Drivers/STM32U5xx_HAL_Driver/Inc -I../Drivers/STM32U5xx_HAL_Driver/Inc/Legacy -I../Drivers/CMSIS/Device/ST/STM32U5xx/Include -I../Drivers/CMSIS/Include -I../FileX/App -I../FileX/Target -I../Middlewares/ST/filex/common/inc -I../Middlewares/ST/filex/ports/generic/inc -O0 -ffunction-sections -fdata-sections -Wall -fstack-usage -fcyclomatic-complexity -MMD -MP -MF"Middlewares/ST/filex/common/src/fxe_file_seek.d" -MT"Middlewares/ST/filex/common/src/fxe_file_seek.o" --specs=nano.specs -mfpu=fpv5-sp-d16 -mfloat-abi=hard -mthumb -o "Middlewares/ST/filex/common/src/fxe_file_seek.o"
arm-none-eabi-gcc "../Middlewares/ST/filex/common/src/fxe_file_truncate.c" -mcpu=cortex-m33 -std=gnu11 -g3 -DDEBUG -DUSE_HAL_DRIVER -DSTM32U585xx -DFX_INCLUDE_USER_DEFINE_FILE -c -I../Core/Inc -I../Drivers/STM32U5xx_HAL_Driver/Inc -I../Drivers/STM32U5xx_HAL_Driver/Inc/Legacy -I../Drivers/CMSIS/Device/ST/STM32U5xx/Include -I../Drivers/CMSIS/Include -I../FileX/App -I../FileX/Target -I../Middlewares/ST/filex/common/inc -I../Middlewares/ST/filex/ports/generic/inc -O0 -ffunction-sections -fdata-sections -Wall -fstack-usage -fcyclomatic-complexity -MMD -MP -MF"Middlewares/ST/filex/common/src/fxe_file_truncate.d" -MT"Middlewares/ST/filex/common/src/fxe_file_truncate.o" --specs=nano.specs -mfpu=fpv5-sp-d16 -mfloat-abi=hard -mthumb -o "Middlewares/ST/filex/common/src/fxe_file_truncate.o"
arm-none-eabi-gcc "../Middlewares/ST/filex/common/src/fxe_file_truncate_release.c" -mcpu=cortex-m33 -std=gnu11 -g3 -DDEBUG -DUSE_HAL_DRIVER -DSTM32U585xx -DFX_INCLUDE_USER_DEFINE_FILE -c -I../Core/Inc -I../Drivers/STM32U5xx_HAL_Driver/Inc -I../Drivers/STM32U5xx_HAL_Driver/Inc/Legacy -I../Drivers/CMSIS/Device/ST/STM32U5xx/Include -I../Drivers/CMSIS/Include -I../FileX/App -I../FileX/Target -I../Middlewares/ST/filex/common/inc -I../Middlewares/ST/filex/ports/generic/inc -O0 -ffunction-sections -fdata-sections -Wall -fstack-usage -fcyclomatic-complexity -MMD -MP -MF"Middlewares/ST/filex/common/src/fxe_file_truncate_release.d" -MT"Middlewares/ST/filex/common/src/fxe_file_truncate_release.o" --specs=nano.specs -mfpu=fpv5-sp-d16 -mfloat-abi=hard -mthumb -o "Middlewares/ST/filex/common/src/fxe_file_truncate_release.o"
arm-none-eabi-gcc "../Middlewares/ST/filex/common/src/fxe_file_write.c" -mcpu=cortex-m33 -std=gnu11 -g3 -DDEBUG -DUSE_HAL_DRIVER -DSTM32U585xx -DFX_INCLUDE_USER_DEFINE_FILE -c -I../Core/Inc -I../Drivers/STM32U5xx_HAL_Driver/Inc -I../Drivers/STM32U5xx_HAL_Driver/Inc/Legacy -I../Drivers/CMSIS/Device/ST/STM32U5xx/Include -I../Drivers/CMSIS/Include -I../FileX/App -I../FileX/Target -I../Middlewares/ST/filex/common/inc -I../Middlewares/ST/filex/ports/generic/inc -O0 -ffunction-sections -fdata-sections -Wall -fstack-usage -fcyclomatic-complexity -MMD -MP -MF"Middlewares/ST/filex/common/src/fxe_file_write.d" -MT"Middlewares/ST/filex/common/src/fxe_file_write.o" --specs=nano.specs -mfpu=fpv5-sp-d16 -mfloat-abi=hard -mthumb -o "Middlewares/ST/filex/common/src/fxe_file_write.o"
arm-none-eabi-gcc "../Middlewares/ST/filex/common/src/fxe_file_write_notify_set.c" -mcpu=cortex-m33 -std=gnu11 -g3 -DDEBUG -DUSE_HAL_DRIVER -DSTM32U585xx -DFX_INCLUDE_USER_DEFINE_FILE -c -I../Core/Inc -I../Drivers/STM32U5xx_HAL_Driver/Inc -I../Drivers/STM32U5xx_HAL_Driver/Inc/Legacy -I../Drivers/CMSIS/Device/ST/STM32U5xx/Include -I../Drivers/CMSIS/Include -I../FileX/App -I../FileX/Target -I../Middlewares/ST/filex/common/inc -I../Middlewares/ST/filex/ports/generic/inc -O0 -ffunction-sections -fdata-sections -Wall -fstack-usage -fcyclomatic-complexity -MMD -MP -MF"Middlewares/ST/filex/common/src/fxe_file_write_notify_set.d" -MT"Middlewares/ST/filex/common/src/fxe_file_write_notify_set.o" --specs=nano.specs -mfpu=fpv5-sp-d16 -mfloat-abi=hard -mthumb -o "Middlewares/ST/filex/common/src/fxe_file_write_notify_set.o"
arm-none-eabi-gcc "../Middlewares/ST/filex/common/src/fxe_media_abort.c" -mcpu=cortex-m33 -std=gnu11 -g3 -DDEBUG -DUSE_HAL_DRIVER -DSTM32U585xx -DFX_INCLUDE_USER_DEFINE_FILE -c -I../Core/Inc -I../Drivers/STM32U5xx_HAL_Driver/Inc -I../Drivers/STM32U5xx_HAL_Driver/Inc/Legacy -I../Drivers/CMSIS/Device/ST/STM32U5xx/Include -I../Drivers/CMSIS/Include -I../FileX/App -I../FileX/Target -I../Middlewares/ST/filex/common/inc -I../Middlewares/ST/filex/ports/generic/inc -O0 -ffunction-sections -fdata-sections -Wall -fstack-usage -fcyclomatic-complexity -MMD -MP -MF"Middlewares/ST/filex/common/src/fxe_media_abort.d" -MT"Middlewares/ST/filex/common/src/fxe_media_abort.o" --specs=nano.specs -mfpu=fpv5-sp-d16 -mfloat-abi=hard -mthumb -o "Middlewares/ST/filex/common/src/fxe_media_abort.o"
arm-none-eabi-gcc "../Middlewares/ST/filex/common/src/fxe_media_cache_invalidate.c" -mcpu=cortex-m33 -std=gnu11 -g3 -DDEBUG -DUSE_HAL_DRIVER -DSTM32U585xx -DFX_INCLUDE_USER_DEFINE_FILE -c -I../Core/Inc -I../Drivers/STM32U5xx_HAL_Driver/Inc -I../Drivers/STM32U5xx_HAL_Driver/Inc/Legacy -I../Drivers/CMSIS/Device/ST/STM32U5xx/Include -I../Drivers/CMSIS/Include -I../FileX/App -I../FileX/Target -I../Middlewares/ST/filex/common/inc -I../Middlewares/ST/filex/ports/generic/inc -O0 -ffunction-sections -fdata-sections -Wall -fstack-usage -fcyclomatic-complexity -MMD -MP -MF"Middlewares/ST/filex/common/src/fxe_media_cache_invalidate.d" -MT"Middlewares/ST/filex/common/src/fxe_media_cache_invalidate.o" --specs=nano.specs -mfpu=fpv5-sp-d16 -mfloat-abi=hard -mthumb -o "Middlewares/ST/filex/common/src/fxe_media_cache_invalidate.o"
arm-none-eabi-gcc "../Middlewares/ST/filex/common/src/fxe_media_check.c" -mcpu=cortex-m33 -std=gnu11 -g3 -DDEBUG -DUSE_HAL_DRIVER -DSTM32U585xx -DFX_INCLUDE_USER_DEFINE_FILE -c -I../Core/Inc -I../Drivers/STM32U5xx_HAL_Driver/Inc -I../Drivers/STM32U5xx_HAL_Driver/Inc/Legacy -I../Drivers/CMSIS/Device/ST/STM32U5xx/Include -I../Drivers/CMSIS/Include -I../FileX/App -I../FileX/Target -I../Middlewares/ST/filex/common/inc -I../Middlewares/ST/filex/ports/generic/inc -O0 -ffunction-sections -fdata-sections -Wall -fstack-usage -fcyclomatic-complexity -MMD -MP -MF"Middlewares/ST/filex/common/src/fxe_media_check.d" -MT"Middlewares/ST/filex/common/src/fxe_media_check.o" --specs=nano.specs -mfpu=fpv5-sp-d16 -mfloat-abi=hard -mthumb -o "Middlewares/ST/filex/common/src/fxe_media_check.o"
arm-none-eabi-gcc "../Middlewares/ST/filex/common/src/fxe_media_close.c" -mcpu=cortex-m33 -std=gnu11 -g3 -DDEBUG -DUSE_HAL_DRIVER -DSTM32U585xx -DFX_INCLUDE_USER_DEFINE_FILE -c -I../Core/Inc -I../Drivers/STM32U5xx_HAL_Driver/Inc -I../Drivers/STM32U5xx_HAL_Driver/Inc/Legacy -I../Drivers/CMSIS/Device/ST/STM32U5xx/Include -I../Drivers/CMSIS/Include -I../FileX/App -I../FileX/Target -I../Middlewares/ST/filex/common/inc -I../Middlewares/ST/filex/ports/generic/inc -O0 -ffunction-sections -fdata-sections -Wall -fstack-usage -fcyclomatic-complexity -MMD -MP -MF"Middlewares/ST/filex/common/src/fxe_media_close.d" -MT"Middlewares/ST/filex/common/src/fxe_media_close.o" --specs=nano.specs -mfpu=fpv5-sp-d16 -mfloat-abi=hard -mthumb -o "Middlewares/ST/filex/common/src/fxe_media_close.o"
arm-none-eabi-gcc "../Middlewares/ST/filex/common/src/fxe_media_close_notify_set.c" -mcpu=cortex-m33 -std=gnu11 -g3 -DDEBUG -DUSE_HAL_DRIVER -DSTM32U585xx -DFX_INCLUDE_USER_DEFINE_FILE -c -I../Core/Inc -I../Drivers/STM32U5xx_HAL_Driver/Inc -I../Drivers/STM32U5xx_HAL_Driver/Inc/Legacy -I../Drivers/CMSIS/Device/ST/STM32U5xx/Include -I../Drivers/CMSIS/Include -I../FileX/App -I../FileX/Target -I../Middlewares/ST/filex/common/inc -I../Middlewares/ST/filex/ports/generic/inc -O0 -ffunction-sections -fdata-sections -Wall -fstack-usage -fcyclomatic-complexity -MMD -MP -MF"Middlewares/ST/filex/common/src/fxe_media_close_notify_set.d" -MT"Middlewares/ST/filex/common/src/fxe_media_close_notify_set.o" --specs=nano.specs -mfpu=fpv5-sp-d16 -mfloat-abi=hard -mthumb -o "Middlewares/ST/filex/common/src/fxe_media_close_notify_set.o"
arm-none-eabi-gcc "../Middlewares/ST/filex/common/src/fxe_media_exFAT_format.c" -mcpu=cortex-m33 -std=gnu11 -g3 -DDEBUG -DUSE_HAL_DRIVER -DSTM32U585xx -DFX_INCLUDE_USER_DEFINE_FILE -c -I../Core/Inc -I../Drivers/STM32U5xx_HAL_Driver/Inc -I../Drivers/STM32U5xx_HAL_Driver/Inc/Legacy -I../Drivers/CMSIS/Device/ST/STM32U5xx/Include -I../Drivers/CMSIS/Include -I../FileX/App -I../FileX/Target -I../Middlewares/ST/filex/common/inc -I../Middlewares/ST/filex/ports/generic/inc -O0 -ffunction-sections -fdata-sections -Wall -fstack-usage -fcyclomatic-complexity -MMD -MP -MF"Middlewares/ST/filex/common/src/fxe_media_exFAT_format.d" -MT"Middlewares/ST/filex/common/src/fxe_media_exFAT_format.o" --specs=nano.specs -mfpu=fpv5-sp-d16 -mfloat-abi=hard -mthumb -o "Middlewares/ST/filex/common/src/fxe_media_exFAT_format.o"
arm-none-eabi-gcc "../Middlewares/ST/filex/common/src/fxe_media_extended_space_available.c" -mcpu=cortex-m33 -std=gnu11 -g3 -DDEBUG -DUSE_HAL_DRIVER -DSTM32U585xx -DFX_INCLUDE_USER_DEFINE_FILE -c -I../Core/Inc -I../Drivers/STM32U5xx_HAL_Driver/Inc -I../Drivers/STM32U5xx_HAL_Driver/Inc/Legacy -I../Drivers/CMSIS/Device/ST/STM32U5xx/Include -I../Drivers/CMSIS/Include -I../FileX/App -I../FileX/Target -I../Middlewares/ST/filex/common/inc -I../Middlewares/ST/filex/ports/generic/inc -O0 -ffunction-sections -fdata-sections -Wall -fstack-usage -fcyclomatic-complexity -MMD -MP -MF"Middlewares/ST/filex/common/src/fxe_media_extended_space_available.d" -MT"Middlewares/ST/filex/common/src/fxe_media_extended_space_available.o" --specs=nano.specs -mfpu=fpv5-sp-d16 -mfloat-abi=hard -mthumb -o "Middlewares/ST/filex/common/src/fxe_media_extended_space_available.o"
arm-none-eabi-gcc "../Middlewares/ST/filex/common/src/fxe_media_flush.c" -mcpu=cortex-m33 -std=gnu11 -g3 -DDEBUG -DUSE_HAL_DRIVER -DSTM32U585xx -DFX_INCLUDE_USER_DEFINE_FILE -c -I../Core/Inc -I../Drivers/STM32U5xx_HAL_Driver/Inc -I../Drivers/STM32U5xx_HAL_Driver/Inc/Legacy -I../Drivers/CMSIS/Device/ST/STM32U5xx/Include -I../Drivers/CMSIS/Include -I../FileX/App -I../FileX/Target -I../Middlewares/ST/filex/common/inc -I../Middlewares/ST/filex/ports/generic/inc -O0 -ffunction-sections -fdata-sections -Wall -fstack-usage -fcyclomatic-complexity -MMD -MP -MF"Middlewares/ST/filex/common/src/fxe_media_flush.d" -MT"Middlewares/ST/filex/common/src/fxe_media_flush.o" --specs=nano.specs -mfpu=fpv5-sp-d16 -mfloat-abi=hard -mthumb -o "Middlewares/ST/filex/common/src/fxe_media_flush.o"
arm-none-eabi-gcc "../Middlewares/ST/filex/common/src/fxe_media_format.c" -mcpu=cortex-m33 -std=gnu11 -g3 -DDEBUG -DUSE_HAL_DRIVER -DSTM32U585xx -DFX_INCLUDE_USER_DEFINE_FILE -c -I../Core/Inc -I../Drivers/STM32U5xx_HAL_Driver/Inc -I../Drivers/STM32U5xx_HAL_Driver/Inc/Legacy -I../Drivers/CMSIS/Device/ST/STM32U5xx/Include -I../Drivers/CMSIS/Include -I../FileX/App -I../FileX/Target -I../Middlewares/ST/filex/common/inc -I../Middlewares/ST/filex/ports/generic/inc -O0 -ffunction-sections -fdata-sections -Wall -fstack-usage -fcyclomatic-complexity -MMD -MP -MF"Middlewares/ST/filex/common/src/fxe_media_format.d" -MT"Middlewares/ST/filex/common/src/fxe_media_format.o" --specs=nano.specs -mfpu=fpv5-sp-d16 -mfloat-abi=hard -mthumb -o "Middlewares/ST/filex/common/src/fxe_media_format.o"
arm-none-eabi-gcc "../Middlewares/ST/filex/common/src/fxe_media_open.c" -mcpu=cortex-m33 -std=gnu11 -g3 -DDEBUG -DUSE_HAL_DRIVER -DSTM32U585xx -DFX_INCLUDE_USER_DEFINE_FILE -c -I../Core/Inc -I../Drivers/STM32U5xx_HAL_Driver/Inc -I../Drivers/STM32U5xx_HAL_Driver/Inc/Legacy -I../Drivers/CMSIS/Device/ST/STM32U5xx/Include -I../Drivers/CMSIS/Include -I../FileX/App -I../FileX/Target -I../Middlewares/ST/filex/common/inc -I../Middlewares/ST/filex/ports/generic/inc -O0 -ffunction-sections -fdata-sections -Wall -fstack-usage -fcyclomatic-complexity -MMD -MP -MF"Middlewares/ST/filex/common/src/fxe_media_open.d" -MT"Middlewares/ST/filex/common/src/fxe_media_open.o" --specs=nano.specs -mfpu=fpv5-sp-d16 -mfloat-abi=hard -mthumb -o "Middlewares/ST/filex/common/src/fxe_media_open.o"
arm-none-eabi-gcc "../Middlewares/ST/filex/common/src/fxe_media_open_notify_set.c" -mcpu=cortex-m33 -std=gnu11 -g3 -DDEBUG -DUSE_HAL_DRIVER -DSTM32U585xx -DFX_INCLUDE_USER_DEFINE_FILE -c -I../Core/Inc -I../Drivers/STM32U5xx_HAL_Driver/Inc -I../Drivers/STM32U5xx_HAL_Driver/Inc/Legacy -I../Drivers/CMSIS/Device/ST/STM32U5xx/Include -I../Drivers/CMSIS/Include -I../FileX/App -I../FileX/Target -I../Middlewares/ST/filex/common/inc -I../Middlewares/ST/filex/ports/generic/inc -O0 -ffunction-sections -fdata-sections -Wall -fstack-usage -fcyclomatic-complexity -MMD -MP -MF"Middlewares/ST/filex/common/src/fxe_media_open_notify_set.d" -MT"Middlewares/ST/filex/common/src/fxe_media_open_notify_set.o" --specs=nano.specs -mfpu=fpv5-sp-d16 -mfloat-abi=hard -mthumb -o "Middlewares/ST/filex/common/src/fxe_media_open_notify_set.o"
arm-none-eabi-gcc "../Middlewares/ST/filex/common/src/fxe_media_read.c" -mcpu=cortex-m33 -std=gnu11 -g3 -DDEBUG -DUSE_HAL_DRIVER -DSTM32U585xx -DFX_INCLUDE_USER_DEFINE_FILE -c -I../Core/Inc -I../Drivers/STM32U5xx_HAL_Driver/Inc -I../Drivers/STM32U5xx_HAL_Driver/Inc/Legacy -I../Drivers/CMSIS/Device/ST/STM32U5xx/Include -I../Drivers/CMSIS/Include -I../FileX/App -I../FileX/Target -I../Middlewares/ST/filex/common/inc -I../Middlewares/ST/filex/ports/generic/inc -O0 -ffunction-sections -fdata-sections -Wall -fstack-usage -fcyclomatic-complexity -MMD -MP -MF"Middlewares/ST/filex/common/src/fxe_media_read.d" -MT"Middlewares/ST/filex/common/src/fxe_media_read.o" --specs=nano.specs -mfpu=fpv5-sp-d16 -mfloat-abi=hard -mthumb -o "Middlewares/ST/filex/common/src/fxe_media_read.o"
arm-none-eabi-gcc "../Middlewares/ST/filex/common/src/fxe_media_space_available.c" -mcpu=cortex-m33 -std=gnu11 -g3 -DDEBUG -DUSE_HAL_DRIVER -DSTM32U585xx -DFX_INCLUDE_USER_DEFINE_FILE -c -I../Core/Inc -I../Drivers/STM32U5xx_HAL_Driver/Inc -I../Drivers/STM32U5xx_HAL_Driver/Inc/Legacy -I../Drivers/CMSIS/Device/ST/STM32U5xx/Include -I../Drivers/CMSIS/Include -I../FileX/App -I../FileX/Target -I../Middlewares/ST/filex/common/inc -I../Middlewares/ST/filex/ports/generic/inc -O0 -ffunction-sections -fdata-sections -Wall -fstack-usage -fcyclomatic-complexity -MMD -MP -MF"Middlewares/ST/filex/common/src/fxe_media_space_available.d" -MT"Middlewares/ST/filex/common/src/fxe_media_space_available.o" --specs=nano.specs -mfpu=fpv5-sp-d16 -mfloat-abi=hard -mthumb -o "Middlewares/ST/filex/common/src/fxe_media_space_available.o"
arm-none-eabi-gcc "../Middlewares/ST/filex/common/src/fxe_media_volume_get.c" -mcpu=cortex-m33 -std=gnu11 -g3 -DDEBUG -DUSE_HAL_DRIVER -DSTM32U585xx -DFX_INCLUDE_USER_DEFINE_FILE -c -I../Core/Inc -I../Drivers/STM32U5xx_HAL_Driver/Inc -I../Drivers/STM32U5xx_HAL_Driver/Inc/Legacy -I../Drivers/CMSIS/Device/ST/STM32U5xx/Include -I../Drivers/CMSIS/Include -I../FileX/App -I../FileX/Target -I../Middlewares/ST/filex/common/inc -I../Middlewares/ST/filex/ports/generic/inc -O0 -ffunction-sections -fdata-sections -Wall -fstack-usage -fcyclomatic-complexity -MMD -MP -MF"Middlewares/ST/filex/common/src/fxe_media_volume_get.d" -MT"Middlewares/ST/filex/common/src/fxe_media_volume_get.o" --specs=nano.specs -mfpu=fpv5-sp-d16 -mfloat-abi=hard -mthumb -o "Middlewares/ST/filex/common/src/fxe_media_volume_get.o"
arm-none-eabi-gcc "../Middlewares/ST/filex/common/src/fxe_media_volume_get_extended.c" -mcpu=cortex-m33 -std=gnu11 -g3 -DDEBUG -DUSE_HAL_DRIVER -DSTM32U585xx -DFX_INCLUDE_USER_DEFINE_FILE -c -I../Core/Inc -I../Drivers/STM32U5xx_HAL_Driver/Inc -I../Drivers/STM32U5xx_HAL_Driver/Inc/Legacy -I../Drivers/CMSIS/Device/ST/STM32U5xx/Include -I../Drivers/CMSIS/Include -I../FileX/App -I../FileX/Target -I../Middlewares/ST/filex/common/inc -I../Middlewares/ST/filex/ports/generic/inc -O0 -ffunction-sections -fdata-sections -Wall -fstack-usage -fcyclomatic-complexity -MMD -MP -MF"Middlewares/ST/filex/common/src/fxe_media_volume_get_extended.d" -MT"Middlewares/ST/filex/common/src/fxe_media_volume_get_extended.o" --specs=nano.specs -mfpu=fpv5-sp-d16 -mfloat-abi=hard -mthumb -o "Middlewares/ST/filex/common/src/fxe_media_volume_get_extended.o"
arm-none-eabi-gcc "../Middlewares/ST/filex/common/src/fxe_media_volume_set.c" -mcpu=cortex-m33 -std=gnu11 -g3 -DDEBUG -DUSE_HAL_DRIVER -DSTM32U585xx -DFX_INCLUDE_USER_DEFINE_FILE -c -I../Core/Inc -I../Drivers/STM32U5xx_HAL_Driver/Inc -I../Drivers/STM32U5xx_HAL_Driver/Inc/Legacy -I../Drivers/CMSIS/Device/ST/STM32U5xx/Include -I../Drivers/CMSIS/Include -I../FileX/App -I../FileX/Target -I../Middlewares/ST/filex/common/inc -I../Middlewares/ST/filex/ports/generic/inc -O0 -ffunction-sections -fdata-sections -Wall -fstack-usage -fcyclomatic-complexity -MMD -MP -MF"Middlewares/ST/filex/common/src/fxe_media_volume_set.d" -MT"Middlewares/ST/filex/common/src/fxe_media_volume_set.o" --specs=nano.specs -mfpu=fpv5-sp-d16 -mfloat-abi=hard -mthumb -o "Middlewares/ST/filex/common/src/fxe_media_volume_set.o"
arm-none-eabi-gcc "../Middlewares/ST/filex/common/src/fxe_media_write.c" -mcpu=cortex-m33 -std=gnu11 -g3 -DDEBUG -DUSE_HAL_DRIVER -DSTM32U585xx -DFX_INCLUDE_USER_DEFINE_FILE -c -I../Core/Inc -I../Drivers/STM32U5xx_HAL_Driver/Inc -I../Drivers/STM32U5xx_HAL_Driver/Inc/Legacy -I../Drivers/CMSIS/Device/ST/STM32U5xx/Include -I../Drivers/CMSIS/Include -I../FileX/App -I../FileX/Target -I../Middlewares/ST/filex/common/inc -I../Middlewares/ST/filex/ports/generic/inc -O0 -ffunction-sections -fdata-sections -Wall -fstack-usage -fcyclomatic-complexity -MMD -MP -MF"Middlewares/ST/filex/common/src/fxe_media_write.d" -MT"Middlewares/ST/filex/common/src/fxe_media_write.o" --specs=nano.specs -mfpu=fpv5-sp-d16 -mfloat-abi=hard -mthumb -o "Middlewares/ST/filex/common/src/fxe_media_write.o"
arm-none-eabi-gcc "../Middlewares/ST/filex/common/src/fxe_system_date_get.c" -mcpu=cortex-m33 -std=gnu11 -g3 -DDEBUG -DUSE_HAL_DRIVER -DSTM32U585xx -DFX_INCLUDE_USER_DEFINE_FILE -c -I../Core/Inc -I../Drivers/STM32U5xx_HAL_Driver/Inc -I../Drivers/STM32U5xx_HAL_Driver/Inc/Legacy -I../Drivers/CMSIS/Device/ST/STM32U5xx/Include -I../Drivers/CMSIS/Include -I../FileX/App -I../FileX/Target -I../Middlewares/ST/filex/common/inc -I../Middlewares/ST/filex/ports/generic/inc -O0 -ffunction-sections -fdata-sections -Wall -fstack-usage -fcyclomatic-complexity -MMD -MP -MF"Middlewares/ST/filex/common/src/fxe_system_date_get.d" -MT"Middlewares/ST/filex/common/src/fxe_system_date_get.o" --specs=nano.specs -mfpu=fpv5-sp-d16 -mfloat-abi=hard -mthumb -o "Middlewares/ST/filex/common/src/fxe_system_date_get.o"
arm-none-eabi-gcc "../Middlewares/ST/filex/common/src/fxe_system_date_set.c" -mcpu=cortex-m33 -std=gnu11 -g3 -DDEBUG -DUSE_HAL_DRIVER -DSTM32U585xx -DFX_INCLUDE_USER_DEFINE_FILE -c -I../Core/Inc -I../Drivers/STM32U5xx_HAL_Driver/Inc -I../Drivers/STM32U5xx_HAL_Driver/Inc/Legacy -I../Drivers/CMSIS/Device/ST/STM32U5xx/Include -I../Drivers/CMSIS/Include -I../FileX/App -I../FileX/Target -I../Middlewares/ST/filex/common/inc -I../Middlewares/ST/filex/ports/generic/inc -O0 -ffunction-sections -fdata-sections -Wall -fstack-usage -fcyclomatic-complexity -MMD -MP -MF"Middlewares/ST/filex/common/src/fxe_system_date_set.d" -MT"Middlewares/ST/filex/common/src/fxe_system_date_set.o" --specs=nano.specs -mfpu=fpv5-sp-d16 -mfloat-abi=hard -mthumb -o "Middlewares/ST/filex/common/src/fxe_system_date_set.o"
arm-none-eabi-gcc "../Middlewares/ST/filex/common/src/fxe_system_time_get.c" -mcpu=cortex-m33 -std=gnu11 -g3 -DDEBUG -DUSE_HAL_DRIVER -DSTM32U585xx -DFX_INCLUDE_USER_DEFINE_FILE -c -I../Core/Inc -I../Drivers/STM32U5xx_HAL_Driver/Inc -I../Drivers/STM32U5xx_HAL_Driver/Inc/Legacy -I../Drivers/CMSIS/Device/ST/STM32U5xx/Include -I../Drivers/CMSIS/Include -I../FileX/App -I../FileX/Target -I../Middlewares/ST/filex/common/inc -I../Middlewares/ST/filex/ports/generic/inc -O0 -ffunction-sections -fdata-sections -Wall -fstack-usage -fcyclomatic-complexity -MMD -MP -MF"Middlewares/ST/filex/common/src/fxe_system_time_get.d" -MT"Middlewares/ST/filex/common/src/fxe_system_time_get.o" --specs=nano.specs -mfpu=fpv5-sp-d16 -mfloat-abi=hard -mthumb -o "Middlewares/ST/filex/common/src/fxe_system_time_get.o"
arm-none-eabi-gcc "../Middlewares/ST/filex/common/src/fxe_system_time_set.c" -mcpu=cortex-m33 -std=gnu11 -g3 -DDEBUG -DUSE_HAL_DRIVER -DSTM32U585xx -DFX_INCLUDE_USER_DEFINE_FILE -c -I../Core/Inc -I../Drivers/STM32U5xx_HAL_Driver/Inc -I../Drivers/STM32U5xx_HAL_Driver/Inc/Legacy -I../Drivers/CMSIS/Device/ST/STM32U5xx/Include -I../Drivers/CMSIS/Include -I../FileX/App -I../FileX/Target -I../Middlewares/ST/filex/common/inc -I../Middlewares/ST/filex/ports/generic/inc -O0 -ffunction-sections -fdata-sections -Wall -fstack-usage -fcyclomatic-complexity -MMD -MP -MF"Middlewares/ST/filex/common/src/fxe_system_time_set.d" -MT"Middlewares/ST/filex/common/src/fxe_system_time_set.o" --specs=nano.specs -mfpu=fpv5-sp-d16 -mfloat-abi=hard -mthumb -o "Middlewares/ST/filex/common/src/fxe_system_time_set.o"
arm-none-eabi-gcc "../Middlewares/ST/filex/common/src/fxe_unicode_directory_create.c" -mcpu=cortex-m33 -std=gnu11 -g3 -DDEBUG -DUSE_HAL_DRIVER -DSTM32U585xx -DFX_INCLUDE_USER_DEFINE_FILE -c -I../Core/Inc -I../Drivers/STM32U5xx_HAL_Driver/Inc -I../Drivers/STM32U5xx_HAL_Driver/Inc/Legacy -I../Drivers/CMSIS/Device/ST/STM32U5xx/Include -I../Drivers/CMSIS/Include -I../FileX/App -I../FileX/Target -I../Middlewares/ST/filex/common/inc -I../Middlewares/ST/filex/ports/generic/inc -O0 -ffunction-sections -fdata-sections -Wall -fstack-usage -fcyclomatic-complexity -MMD -MP -MF"Middlewares/ST/filex/common/src/fxe_unicode_directory_create.d" -MT"Middlewares/ST/filex/common/src/fxe_unicode_directory_create.o" --specs=nano.specs -mfpu=fpv5-sp-d16 -mfloat-abi=hard -mthumb -o "Middlewares/ST/filex/common/src/fxe_unicode_directory_create.o"
arm-none-eabi-gcc "../Middlewares/ST/filex/common/src/fxe_unicode_directory_rename.c" -mcpu=cortex-m33 -std=gnu11 -g3 -DDEBUG -DUSE_HAL_DRIVER -DSTM32U585xx -DFX_INCLUDE_USER_DEFINE_FILE -c -I../Core/Inc -I../Drivers/STM32U5xx_HAL_Driver/Inc -I../Drivers/STM32U5xx_HAL_Driver/Inc/Legacy -I../Drivers/CMSIS/Device/ST/STM32U5xx/Include -I../Drivers/CMSIS/Include -I../FileX/App -I../FileX/Target -I../Middlewares/ST/filex/common/inc -I../Middlewares/ST/filex/ports/generic/inc -O0 -ffunction-sections -fdata-sections -Wall -fstack-usage -fcyclomatic-complexity -MMD -MP -MF"Middlewares/ST/filex/common/src/fxe_unicode_directory_rename.d" -MT"Middlewares/ST/filex/common/src/fxe_unicode_directory_rename.o" --specs=nano.specs -mfpu=fpv5-sp-d16 -mfloat-abi=hard -mthumb -o "Middlewares/ST/filex/common/src/fxe_unicode_directory_rename.o"
arm-none-eabi-gcc "../Middlewares/ST/filex/common/src/fxe_unicode_file_create.c" -mcpu=cortex-m33 -std=gnu11 -g3 -DDEBUG -DUSE_HAL_DRIVER -DSTM32U585xx -DFX_INCLUDE_USER_DEFINE_FILE -c -I../Core/Inc -I../Drivers/STM32U5xx_HAL_Driver/Inc -I../Drivers/STM32U5xx_HAL_Driver/Inc/Legacy -I../Drivers/CMSIS/Device/ST/STM32U5xx/Include -I../Drivers/CMSIS/Include -I../FileX/App -I../FileX/Target -I../Middlewares/ST/filex/common/inc -I../Middlewares/ST/filex/ports/generic/inc -O0 -ffunction-sections -fdata-sections -Wall -fstack-usage -fcyclomatic-complexity -MMD -MP -MF"Middlewares/ST/filex/common/src/fxe_unicode_file_create.d" -MT"Middlewares/ST/filex/common/src/fxe_unicode_file_create.o" --specs=nano.specs -mfpu=fpv5-sp-d16 -mfloat-abi=hard -mthumb -o "Middlewares/ST/filex/common/src/fxe_unicode_file_create.o"
arm-none-eabi-gcc "../Middlewares/ST/filex/common/src/fxe_unicode_file_rename.c" -mcpu=cortex-m33 -std=gnu11 -g3 -DDEBUG -DUSE_HAL_DRIVER -DSTM32U585xx -DFX_INCLUDE_USER_DEFINE_FILE -c -I../Core/Inc -I../Drivers/STM32U5xx_HAL_Driver/Inc -I../Drivers/STM32U5xx_HAL_Driver/Inc/Legacy -I../Drivers/CMSIS/Device/ST/STM32U5xx/Include -I../Drivers/CMSIS/Include -I../FileX/App -I../FileX/Target -I../Middlewares/ST/filex/common/inc -I../Middlewares/ST/filex/ports/generic/inc -O0 -ffunction-sections -fdata-sections -Wall -fstack-usage -fcyclomatic-complexity -MMD -MP -MF"Middlewares/ST/filex/common/src/fxe_unicode_file_rename.d" -MT"Middlewares/ST/filex/common/src/fxe_unicode_file_rename.o" --specs=nano.specs -mfpu=fpv5-sp-d16 -mfloat-abi=hard -mthumb -o "Middlewares/ST/filex/common/src/fxe_unicode_file_rename.o"
arm-none-eabi-gcc "../Middlewares/ST/filex/common/src/fxe_unicode_name_get.c" -mcpu=cortex-m33 -std=gnu11 -g3 -DDEBUG -DUSE_HAL_DRIVER -DSTM32U585xx -DFX_INCLUDE_USER_DEFINE_FILE -c -I../Core/Inc -I../Drivers/STM32U5xx_HAL_Driver/Inc -I../Drivers/STM32U5xx_HAL_Driver/Inc/Legacy -I../Drivers/CMSIS/Device/ST/STM32U5xx/Include -I../Drivers/CMSIS/Include -I../FileX/App -I../FileX/Target -I../Middlewares/ST/filex/common/inc -I../Middlewares/ST/filex/ports/generic/inc -O0 -ffunction-sections -fdata-sections -Wall -fstack-usage -fcyclomatic-complexity -MMD -MP -MF"Middlewares/ST/filex/common/src/fxe_unicode_name_get.d" -MT"Middlewares/ST/filex/common/src/fxe_unicode_name_get.o" --specs=nano.specs -mfpu=fpv5-sp-d16 -mfloat-abi=hard -mthumb -o "Middlewares/ST/filex/common/src/fxe_unicode_name_get.o"
arm-none-eabi-gcc "../Middlewares/ST/filex/common/src/fxe_unicode_name_get_extended.c" -mcpu=cortex-m33 -std=gnu11 -g3 -DDEBUG -DUSE_HAL_DRIVER -DSTM32U585xx -DFX_INCLUDE_USER_DEFINE_FILE -c -I../Core/Inc -I../Drivers/STM32U5xx_HAL_Driver/Inc -I../Drivers/STM32U5xx_HAL_Driver/Inc/Legacy -I../Drivers/CMSIS/Device/ST/STM32U5xx/Include -I../Drivers/CMSIS/Include -I../FileX/App -I../FileX/Target -I../Middlewares/ST/filex/common/inc -I../Middlewares/ST/filex/ports/generic/inc -O0 -ffunction-sections -fdata-sections -Wall -fstack-usage -fcyclomatic-complexity -MMD -MP -MF"Middlewares/ST/filex/common/src/fxe_unicode_name_get_extended.d" -MT"Middlewares/ST/filex/common/src/fxe_unicode_name_get_extended.o" --specs=nano.specs -mfpu=fpv5-sp-d16 -mfloat-abi=hard -mthumb -o "Middlewares/ST/filex/common/src/fxe_unicode_name_get_extended.o"
arm-none-eabi-gcc "../Middlewares/ST/filex/common/src/fxe_unicode_short_name_get.c" -mcpu=cortex-m33 -std=gnu11 -g3 -DDEBUG -DUSE_HAL_DRIVER -DSTM32U585xx -DFX_INCLUDE_USER_DEFINE_FILE -c -I../Core/Inc -I../Drivers/STM32U5xx_HAL_Driver/Inc -I../Drivers/STM32U5xx_HAL_Driver/Inc/Legacy -I../Drivers/CMSIS/Device/ST/STM32U5xx/Include -I../Drivers/CMSIS/Include -I../FileX/App -I../FileX/Target -I../Middlewares/ST/filex/common/inc -I../Middlewares/ST/filex/ports/generic/inc -O0 -ffunction-sections -fdata-sections -Wall -fstack-usage -fcyclomatic-complexity -MMD -MP -MF"Middlewares/ST/filex/common/src/fxe_unicode_short_name_get.d" -MT"Middlewares/ST/filex/common/src/fxe_unicode_short_name_get.o" --specs=nano.specs -mfpu=fpv5-sp-d16 -mfloat-abi=hard -mthumb -o "Middlewares/ST/filex/common/src/fxe_unicode_short_name_get.o"
arm-none-eabi-gcc "../Middlewares/ST/filex/common/src/fxe_unicode_short_name_get_extended.c" -mcpu=cortex-m33 -std=gnu11 -g3 -DDEBUG -DUSE_HAL_DRIVER -DSTM32U585xx -DFX_INCLUDE_USER_DEFINE_FILE -c -I../Core/Inc -I../Drivers/STM32U5xx_HAL_Driver/Inc -I../Drivers/STM32U5xx_HAL_Driver/Inc/Legacy -I../Drivers/CMSIS/Device/ST/STM32U5xx/Include -I../Drivers/CMSIS/Include -I../FileX/App -I../FileX/Target -I../Middlewares/ST/filex/common/inc -I../Middlewares/ST/filex/ports/generic/inc -O0 -ffunction-sections -fdata-sections -Wall -fstack-usage -fcyclomatic-complexity -MMD -MP -MF"Middlewares/ST/filex/common/src/fxe_unicode_short_name_get_extended.d" -MT"Middlewares/ST/filex/common/src/fxe_unicode_short_name_get_extended.o" --specs=nano.specs -mfpu=fpv5-sp-d16 -mfloat-abi=hard -mthumb -o "Middlewares/ST/filex/common/src/fxe_unicode_short_name_get_extended.o"
arm-none-eabi-gcc "../Middlewares/ST/filex/common/drivers/fx_stm32_sd_driver.c" -mcpu=cortex-m33 -std=gnu11 -g3 -DDEBUG -DUSE_HAL_DRIVER -DSTM32U585xx -DFX_INCLUDE_USER_DEFINE_FILE -c -I../Core/Inc -I../Drivers/STM32U5xx_HAL_Driver/Inc -I../Drivers/STM32U5xx_HAL_Driver/Inc/Legacy -I../Drivers/CMSIS/Device/ST/STM32U5xx/Include -I../Drivers/CMSIS/Include -I../FileX/App -I../FileX/Target -I../Middlewares/ST/filex/common/inc -I../Middlewares/ST/filex/ports/generic/inc -O0 -ffunction-sections -fdata-sections -Wall -fstack-usage -fcyclomatic-complexity -MMD -MP -MF"Middlewares/ST/filex/common/drivers/fx_stm32_sd_driver.d" -MT"Middlewares/ST/filex/common/drivers/fx_stm32_sd_driver.o" --specs=nano.specs -mfpu=fpv5-sp-d16 -mfloat-abi=hard -mthumb -o "Middlewares/ST/filex/common/drivers/fx_stm32_sd_driver.o"
arm-none-eabi-gcc "../FileX/Target/fx_stm32_sd_driver_glue.c" -mcpu=cortex-m33 -std=gnu11 -g3 -DDEBUG -DUSE_HAL_DRIVER -DSTM32U585xx -DFX_INCLUDE_USER_DEFINE_FILE -c -I../Core/Inc -I../Drivers/STM32U5xx_HAL_Driver/Inc -I../Drivers/STM32U5xx_HAL_Driver/Inc/Legacy -I../Drivers/CMSIS/Device/ST/STM32U5xx/Include -I../Drivers/CMSIS/Include -I../FileX/App -I../FileX/Target -I../Middlewares/ST/filex/common/inc -I../Middlewares/ST/filex/ports/generic/inc -O0 -ffunction-sections -fdata-sections -Wall -fstack-usage -fcyclomatic-complexity -MMD -MP -MF"FileX/Target/fx_stm32_sd_driver_glue.d" -MT"FileX/Target/fx_stm32_sd_driver_glue.o" --specs=nano.specs -mfpu=fpv5-sp-d16 -mfloat-abi=hard -mthumb -o "FileX/Target/fx_stm32_sd_driver_glue.o"
arm-none-eabi-gcc "../FileX/App/app_filex.c" -mcpu=cortex-m33 -std=gnu11 -g3 -DDEBUG -DUSE_HAL_DRIVER -DSTM32U585xx -DFX_INCLUDE_USER_DEFINE_FILE -c -I../Core/Inc -I../Drivers/STM32U5xx_HAL_Driver/Inc -I../Drivers/STM32U5xx_HAL_Driver/Inc/Legacy -I../Drivers/CMSIS/Device/ST/STM32U5xx/Include -I../Drivers/CMSIS/Include -I../FileX/App -I../FileX/Target -I../Middlewares/ST/filex/common/inc -I../Middlewares/ST/filex/ports/generic/inc -O0 -ffunction-sections -fdata-sections -Wall -fstack-usage -fcyclomatic-complexity -MMD -MP -MF"FileX/App/app_filex.d" -MT"FileX/App/app_filex.o" --specs=nano.specs -mfpu=fpv5-sp-d16 -mfloat-abi=hard -mthumb -o "FileX/App/app_filex.o"
arm-none-eabi-gcc "../Drivers/STM32U5xx_HAL_Driver/Src/stm32u5xx_hal.c" -mcpu=cortex-m33 -std=gnu11 -g3 -DDEBUG -DUSE_HAL_DRIVER -DSTM32U585xx -DFX_INCLUDE_USER_DEFINE_FILE -c -I../Core/Inc -I../Drivers/STM32U5xx_HAL_Driver/Inc -I../Drivers/STM32U5xx_HAL_Driver/Inc/Legacy -I../Drivers/CMSIS/Device/ST/STM32U5xx/Include -I../Drivers/CMSIS/Include -I../FileX/App -I../FileX/Target -I../Middlewares/ST/filex/common/inc -I../Middlewares/ST/filex/ports/generic/inc -O0 -ffunction-sections -fdata-sections -Wall -fstack-usage -fcyclomatic-complexity -MMD -MP -MF"Drivers/STM32U5xx_HAL_Driver/Src/stm32u5xx_hal.d" -MT"Drivers/STM32U5xx_HAL_Driver/Src/stm32u5xx_hal.o" --specs=nano.specs -mfpu=fpv5-sp-d16 -mfloat-abi=hard -mthumb -o "Drivers/STM32U5xx_HAL_Driver/Src/stm32u5xx_hal.o"
arm-none-eabi-gcc "../Drivers/STM32U5xx_HAL_Driver/Src/stm32u5xx_hal_adc.c" -mcpu=cortex-m33 -std=gnu11 -g3 -DDEBUG -DUSE_HAL_DRIVER -DSTM32U585xx -DFX_INCLUDE_USER_DEFINE_FILE -c -I../Core/Inc -I../Drivers/STM32U5xx_HAL_Driver/Inc -I../Drivers/STM32U5xx_HAL_Driver/Inc/Legacy -I../Drivers/CMSIS/Device/ST/STM32U5xx/Include -I../Drivers/CMSIS/Include -I../FileX/App -I../FileX/Target -I../Middlewares/ST/filex/common/inc -I../Middlewares/ST/filex/ports/generic/inc -O0 -ffunction-sections -fdata-sections -Wall -fstack-usage -fcyclomatic-complexity -MMD -MP -MF"Drivers/STM32U5xx_HAL_Driver/Src/stm32u5xx_hal_adc.d" -MT"Drivers/STM32U5xx_HAL_Driver/Src/stm32u5xx_hal_adc.o" --specs=nano.specs -mfpu=fpv5-sp-d16 -mfloat-abi=hard -mthumb -o "Drivers/STM32U5xx_HAL_Driver/Src/stm32u5xx_hal_adc.o"
arm-none-eabi-gcc "../Drivers/STM32U5xx_HAL_Driver/Src/stm32u5xx_hal_adc_ex.c" -mcpu=cortex-m33 -std=gnu11 -g3 -DDEBUG -DUSE_HAL_DRIVER -DSTM32U585xx -DFX_INCLUDE_USER_DEFINE_FILE -c -I../Core/Inc -I../Drivers/STM32U5xx_HAL_Driver/Inc -I../Drivers/STM32U5xx_HAL_Driver/Inc/Legacy -I../Drivers/CMSIS/Device/ST/STM32U5xx/Include -I../Drivers/CMSIS/Include -I../FileX/App -I../FileX/Target -I../Middlewares/ST/filex/common/inc -I../Middlewares/ST/filex/ports/generic/inc -O0 -ffunction-sections -fdata-sections -Wall -fstack-usage -fcyclomatic-complexity -MMD -MP -MF"Drivers/STM32U5xx_HAL_Driver/Src/stm32u5xx_hal_adc_ex.d" -MT"Drivers/STM32U5xx_HAL_Driver/Src/stm32u5xx_hal_adc_ex.o" --specs=nano.specs -mfpu=fpv5-sp-d16 -mfloat-abi=hard -mthumb -o "Drivers/STM32U5xx_HAL_Driver/Src/stm32u5xx_hal_adc_ex.o"
arm-none-eabi-gcc "../Drivers/STM32U5xx_HAL_Driver/Src/stm32u5xx_hal_cortex.c" -mcpu=cortex-m33 -std=gnu11 -g3 -DDEBUG -DUSE_HAL_DRIVER -DSTM32U585xx -DFX_INCLUDE_USER_DEFINE_FILE -c -I../Core/Inc -I../Drivers/STM32U5xx_HAL_Driver/Inc -I../Drivers/STM32U5xx_HAL_Driver/Inc/Legacy -I../Drivers/CMSIS/Device/ST/STM32U5xx/Include -I../Drivers/CMSIS/Include -I../FileX/App -I../FileX/Target -I../Middlewares/ST/filex/common/inc -I../Middlewares/ST/filex/ports/generic/inc -O0 -ffunction-sections -fdata-sections -Wall -fstack-usage -fcyclomatic-complexity -MMD -MP -MF"Drivers/STM32U5xx_HAL_Driver/Src/stm32u5xx_hal_cortex.d" -MT"Drivers/STM32U5xx_HAL_Driver/Src/stm32u5xx_hal_cortex.o" --specs=nano.specs -mfpu=fpv5-sp-d16 -mfloat-abi=hard -mthumb -o "Drivers/STM32U5xx_HAL_Driver/Src/stm32u5xx_hal_cortex.o"
arm-none-eabi-gcc "../Drivers/STM32U5xx_HAL_Driver/Src/stm32u5xx_hal_dac.c" -mcpu=cortex-m33 -std=gnu11 -g3 -DDEBUG -DUSE_HAL_DRIVER -DSTM32U585xx -DFX_INCLUDE_USER_DEFINE_FILE -c -I../Core/Inc -I../Drivers/STM32U5xx_HAL_Driver/Inc -I../Drivers/STM32U5xx_HAL_Driver/Inc/Legacy -I../Drivers/CMSIS/Device/ST/STM32U5xx/Include -I../Drivers/CMSIS/Include -I../FileX/App -I../FileX/Target -I../Middlewares/ST/filex/common/inc -I../Middlewares/ST/filex/ports/generic/inc -O0 -ffunction-sections -fdata-sections -Wall -fstack-usage -fcyclomatic-complexity -MMD -MP -MF"Drivers/STM32U5xx_HAL_Driver/Src/stm32u5xx_hal_dac.d" -MT"Drivers/STM32U5xx_HAL_Driver/Src/stm32u5xx_hal_dac.o" --specs=nano.specs -mfpu=fpv5-sp-d16 -mfloat-abi=hard -mthumb -o "Drivers/STM32U5xx_HAL_Driver/Src/stm32u5xx_hal_dac.o"
arm-none-eabi-gcc "../Drivers/STM32U5xx_HAL_Driver/Src/stm32u5xx_hal_dac_ex.c" -mcpu=cortex-m33 -std=gnu11 -g3 -DDEBUG -DUSE_HAL_DRIVER -DSTM32U585xx -DFX_INCLUDE_USER_DEFINE_FILE -c -I../Core/Inc -I../Drivers/STM32U5xx_HAL_Driver/Inc -I../Drivers/STM32U5xx_HAL_Driver/Inc/Legacy -I../Drivers/CMSIS/Device/ST/STM32U5xx/Include -I../Drivers/CMSIS/Include -I../FileX/App -I../FileX/Target -I../Middlewares/ST/filex/common/inc -I../Middlewares/ST/filex/ports/generic/inc -O0 -ffunction-sections -fdata-sections -Wall -fstack-usage -fcyclomatic-complexity -MMD -MP -MF"Drivers/STM32U5xx_HAL_Driver/Src/stm32u5xx_hal_dac_ex.d" -MT"Drivers/STM32U5xx_HAL_Driver/Src/stm32u5xx_hal_dac_ex.o" --specs=nano.specs -mfpu=fpv5-sp-d16 -mfloat-abi=hard -mthumb -o "Drivers/STM32U5xx_HAL_Driver/Src/stm32u5xx_hal_dac_ex.o"
arm-none-eabi-gcc "../Drivers/STM32U5xx_HAL_Driver/Src/stm32u5xx_hal_dma.c" -mcpu=cortex-m33 -std=gnu11 -g3 -DDEBUG -DUSE_HAL_DRIVER -DSTM32U585xx -DFX_INCLUDE_USER_DEFINE_FILE -c -I../Core/Inc -I../Drivers/STM32U5xx_HAL_Driver/Inc -I../Drivers/STM32U5xx_HAL_Driver/Inc/Legacy -I../Drivers/CMSIS/Device/ST/STM32U5xx/Include -I../Drivers/CMSIS/Include -I../FileX/App -I../FileX/Target -I../Middlewares/ST/filex/common/inc -I../Middlewares/ST/filex/ports/generic/inc -O0 -ffunction-sections -fdata-sections -Wall -fstack-usage -fcyclomatic-complexity -MMD -MP -MF"Drivers/STM32U5xx_HAL_Driver/Src/stm32u5xx_hal_dma.d" -MT"Drivers/STM32U5xx_HAL_Driver/Src/stm32u5xx_hal_dma.o" --specs=nano.specs -mfpu=fpv5-sp-d16 -mfloat-abi=hard -mthumb -o "Drivers/STM32U5xx_HAL_Driver/Src/stm32u5xx_hal_dma.o"
arm-none-eabi-gcc "../Drivers/STM32U5xx_HAL_Driver/Src/stm32u5xx_hal_dma_ex.c" -mcpu=cortex-m33 -std=gnu11 -g3 -DDEBUG -DUSE_HAL_DRIVER -DSTM32U585xx -DFX_INCLUDE_USER_DEFINE_FILE -c -I../Core/Inc -I../Drivers/STM32U5xx_HAL_Driver/Inc -I../Drivers/STM32U5xx_HAL_Driver/Inc/Legacy -I../Drivers/CMSIS/Device/ST/STM32U5xx/Include -I../Drivers/CMSIS/Include -I../FileX/App -I../FileX/Target -I../Middlewares/ST/filex/common/inc -I../Middlewares/ST/filex/ports/generic/inc -O0 -ffunction-sections -fdata-sections -Wall -fstack-usage -fcyclomatic-complexity -MMD -MP -MF"Drivers/STM32U5xx_HAL_Driver/Src/stm32u5xx_hal_dma_ex.d" -MT"Drivers/STM32U5xx_HAL_Driver/Src/stm32u5xx_hal_dma_ex.o" --specs=nano.specs -mfpu=fpv5-sp-d16 -mfloat-abi=hard -mthumb -o "Drivers/STM32U5xx_HAL_Driver/Src/stm32u5xx_hal_dma_ex.o"
arm-none-eabi-gcc "../Drivers/STM32U5xx_HAL_Driver/Src/stm32u5xx_hal_exti.c" -mcpu=cortex-m33 -std=gnu11 -g3 -DDEBUG -DUSE_HAL_DRIVER -DSTM32U585xx -DFX_INCLUDE_USER_DEFINE_FILE -c -I../Core/Inc -I../Drivers/STM32U5xx_HAL_Driver/Inc -I../Drivers/STM32U5xx_HAL_Driver/Inc/Legacy -I../Drivers/CMSIS/Device/ST/STM32U5xx/Include -I../Drivers/CMSIS/Include -I../FileX/App -I../FileX/Target -I../Middlewares/ST/filex/common/inc -I../Middlewares/ST/filex/ports/generic/inc -O0 -ffunction-sections -fdata-sections -Wall -fstack-usage -fcyclomatic-complexity -MMD -MP -MF"Drivers/STM32U5xx_HAL_Driver/Src/stm32u5xx_hal_exti.d" -MT"Drivers/STM32U5xx_HAL_Driver/Src/stm32u5xx_hal_exti.o" --specs=nano.specs -mfpu=fpv5-sp-d16 -mfloat-abi=hard -mthumb -o "Drivers/STM32U5xx_HAL_Driver/Src/stm32u5xx_hal_exti.o"
arm-none-eabi-gcc "../Drivers/STM32U5xx_HAL_Driver/Src/stm32u5xx_hal_flash.c" -mcpu=cortex-m33 -std=gnu11 -g3 -DDEBUG -DUSE_HAL_DRIVER -DSTM32U585xx -DFX_INCLUDE_USER_DEFINE_FILE -c -I../Core/Inc -I../Drivers/STM32U5xx_HAL_Driver/Inc -I../Drivers/STM32U5xx_HAL_Driver/Inc/Legacy -I../Drivers/CMSIS/Device/ST/STM32U5xx/Include -I../Drivers/CMSIS/Include -I../FileX/App -I../FileX/Target -I../Middlewares/ST/filex/common/inc -I../Middlewares/ST/filex/ports/generic/inc -O0 -ffunction-sections -fdata-sections -Wall -fstack-usage -fcyclomatic-complexity -MMD -MP -MF"Drivers/STM32U5xx_HAL_Driver/Src/stm32u5xx_hal_flash.d" -MT"Drivers/STM32U5xx_HAL_Driver/Src/stm32u5xx_hal_flash.o" --specs=nano.specs -mfpu=fpv5-sp-d16 -mfloat-abi=hard -mthumb -o "Drivers/STM32U5xx_HAL_Driver/Src/stm32u5xx_hal_flash.o"
arm-none-eabi-gcc "../Drivers/STM32U5xx_HAL_Driver/Src/stm32u5xx_hal_flash_ex.c" -mcpu=cortex-m33 -std=gnu11 -g3 -DDEBUG -DUSE_HAL_DRIVER -DSTM32U585xx -DFX_INCLUDE_USER_DEFINE_FILE -c -I../Core/Inc -I../Drivers/STM32U5xx_HAL_Driver/Inc -I../Drivers/STM32U5xx_HAL_Driver/Inc/Legacy -I../Drivers/CMSIS/Device/ST/STM32U5xx/Include -I../Drivers/CMSIS/Include -I../FileX/App -I../FileX/Target -I../Middlewares/ST/filex/common/inc -I../Middlewares/ST/filex/ports/generic/inc -O0 -ffunction-sections -fdata-sections -Wall -fstack-usage -fcyclomatic-complexity -MMD -MP -MF"Drivers/STM32U5xx_HAL_Driver/Src/stm32u5xx_hal_flash_ex.d" -MT"Drivers/STM32U5xx_HAL_Driver/Src/stm32u5xx_hal_flash_ex.o" --specs=nano.specs -mfpu=fpv5-sp-d16 -mfloat-abi=hard -mthumb -o "Drivers/STM32U5xx_HAL_Driver/Src/stm32u5xx_hal_flash_ex.o"
arm-none-eabi-gcc "../Drivers/STM32U5xx_HAL_Driver/Src/stm32u5xx_hal_gpio.c" -mcpu=cortex-m33 -std=gnu11 -g3 -DDEBUG -DUSE_HAL_DRIVER -DSTM32U585xx -DFX_INCLUDE_USER_DEFINE_FILE -c -I../Core/Inc -I../Drivers/STM32U5xx_HAL_Driver/Inc -I../Drivers/STM32U5xx_HAL_Driver/Inc/Legacy -I../Drivers/CMSIS/Device/ST/STM32U5xx/Include -I../Drivers/CMSIS/Include -I../FileX/App -I../FileX/Target -I../Middlewares/ST/filex/common/inc -I../Middlewares/ST/filex/ports/generic/inc -O0 -ffunction-sections -fdata-sections -Wall -fstack-usage -fcyclomatic-complexity -MMD -MP -MF"Drivers/STM32U5xx_HAL_Driver/Src/stm32u5xx_hal_gpio.d" -MT"Drivers/STM32U5xx_HAL_Driver/Src/stm32u5xx_hal_gpio.o" --specs=nano.specs -mfpu=fpv5-sp-d16 -mfloat-abi=hard -mthumb -o "Drivers/STM32U5xx_HAL_Driver/Src/stm32u5xx_hal_gpio.o"
arm-none-eabi-gcc "../Drivers/STM32U5xx_HAL_Driver/Src/stm32u5xx_hal_gtzc.c" -mcpu=cortex-m33 -std=gnu11 -g3 -DDEBUG -DUSE_HAL_DRIVER -DSTM32U585xx -DFX_INCLUDE_USER_DEFINE_FILE -c -I../Core/Inc -I../Drivers/STM32U5xx_HAL_Driver/Inc -I../Drivers/STM32U5xx_HAL_Driver/Inc/Legacy -I../Drivers/CMSIS/Device/ST/STM32U5xx/Include -I../Drivers/CMSIS/Include -I../FileX/App -I../FileX/Target -I../Middlewares/ST/filex/common/inc -I../Middlewares/ST/filex/ports/generic/inc -O0 -ffunction-sections -fdata-sections -Wall -fstack-usage -fcyclomatic-complexity -MMD -MP -MF"Drivers/STM32U5xx_HAL_Driver/Src/stm32u5xx_hal_gtzc.d" -MT"Drivers/STM32U5xx_HAL_Driver/Src/stm32u5xx_hal_gtzc.o" --specs=nano.specs -mfpu=fpv5-sp-d16 -mfloat-abi=hard -mthumb -o "Drivers/STM32U5xx_HAL_Driver/Src/stm32u5xx_hal_gtzc.o"
arm-none-eabi-gcc "../Drivers/STM32U5xx_HAL_Driver/Src/stm32u5xx_hal_i2c.c" -mcpu=cortex-m33 -std=gnu11 -g3 -DDEBUG -DUSE_HAL_DRIVER -DSTM32U585xx -DFX_INCLUDE_USER_DEFINE_FILE -c -I../Core/Inc -I../Drivers/STM32U5xx_HAL_Driver/Inc -I../Drivers/STM32U5xx_HAL_Driver/Inc/Legacy -I../Drivers/CMSIS/Device/ST/STM32U5xx/Include -I../Drivers/CMSIS/Include -I../FileX/App -I../FileX/Target -I../Middlewares/ST/filex/common/inc -I../Middlewares/ST/filex/ports/generic/inc -O0 -ffunction-sections -fdata-sections -Wall -fstack-usage -fcyclomatic-complexity -MMD -MP -MF"Drivers/STM32U5xx_HAL_Driver/Src/stm32u5xx_hal_i2c.d" -MT"Drivers/STM32U5xx_HAL_Driver/Src/stm32u5xx_hal_i2c.o" --specs=nano.specs -mfpu=fpv5-sp-d16 -mfloat-abi=hard -mthumb -o "Drivers/STM32U5xx_HAL_Driver/Src/stm32u5xx_hal_i2c.o"
arm-none-eabi-gcc "../Drivers/STM32U5xx_HAL_Driver/Src/stm32u5xx_hal_i2c_ex.c" -mcpu=cortex-m33 -std=gnu11 -g3 -DDEBUG -DUSE_HAL_DRIVER -DSTM32U585xx -DFX_INCLUDE_USER_DEFINE_FILE -c -I../Core/Inc -I../Drivers/STM32U5xx_HAL_Driver/Inc -I../Drivers/STM32U5xx_HAL_Driver/Inc/Legacy -I../Drivers/CMSIS/Device/ST/STM32U5xx/Include -I../Drivers/CMSIS/Include -I../FileX/App -I../FileX/Target -I../Middlewares/ST/filex/common/inc -I../Middlewares/ST/filex/ports/generic/inc -O0 -ffunction-sections -fdata-sections -Wall -fstack-usage -fcyclomatic-complexity -MMD -MP -MF"Drivers/STM32U5xx_HAL_Driver/Src/stm32u5xx_hal_i2c_ex.d" -MT"Drivers/STM32U5xx_HAL_Driver/Src/stm32u5xx_hal_i2c_ex.o" --specs=nano.specs -mfpu=fpv5-sp-d16 -mfloat-abi=hard -mthumb -o "Drivers/STM32U5xx_HAL_Driver/Src/stm32u5xx_hal_i2c_ex.o"
arm-none-eabi-gcc "../Drivers/STM32U5xx_HAL_Driver/Src/stm32u5xx_hal_icache.c" -mcpu=cortex-m33 -std=gnu11 -g3 -DDEBUG -DUSE_HAL_DRIVER -DSTM32U585xx -DFX_INCLUDE_USER_DEFINE_FILE -c -I../Core/Inc -I../Drivers/STM32U5xx_HAL_Driver/Inc -I../Drivers/STM32U5xx_HAL_Driver/Inc/Legacy -I../Drivers/CMSIS/Device/ST/STM32U5xx/Include -I../Drivers/CMSIS/Include -I../FileX/App -I../FileX/Target -I../Middlewares/ST/filex/common/inc -I../Middlewares/ST/filex/ports/generic/inc -O0 -ffunction-sections -fdata-sections -Wall -fstack-usage -fcyclomatic-complexity -MMD -MP -MF"Drivers/STM32U5xx_HAL_Driver/Src/stm32u5xx_hal_icache.d" -MT"Drivers/STM32U5xx_HAL_Driver/Src/stm32u5xx_hal_icache.o" --specs=nano.specs -mfpu=fpv5-sp-d16 -mfloat-abi=hard -mthumb -o "Drivers/STM32U5xx_HAL_Driver/Src/stm32u5xx_hal_icache.o"
arm-none-eabi-gcc "../Drivers/STM32U5xx_HAL_Driver/Src/stm32u5xx_hal_mdf.c" -mcpu=cortex-m33 -std=gnu11 -g3 -DDEBUG -DUSE_HAL_DRIVER -DSTM32U585xx -DFX_INCLUDE_USER_DEFINE_FILE -c -I../Core/Inc -I../Drivers/STM32U5xx_HAL_Driver/Inc -I../Drivers/STM32U5xx_HAL_Driver/Inc/Legacy -I../Drivers/CMSIS/Device/ST/STM32U5xx/Include -I../Drivers/CMSIS/Include -I../FileX/App -I../FileX/Target -I../Middlewares/ST/filex/common/inc -I../Middlewares/ST/filex/ports/generic/inc -O0 -ffunction-sections -fdata-sections -Wall -fstack-usage -fcyclomatic-complexity -MMD -MP -MF"Drivers/STM32U5xx_HAL_Driver/Src/stm32u5xx_hal_mdf.d" -MT"Drivers/STM32U5xx_HAL_Driver/Src/stm32u5xx_hal_mdf.o" --specs=nano.specs -mfpu=fpv5-sp-d16 -mfloat-abi=hard -mthumb -o "Drivers/STM32U5xx_HAL_Driver/Src/stm32u5xx_hal_mdf.o"
arm-none-eabi-gcc "../Drivers/STM32U5xx_HAL_Driver/Src/stm32u5xx_hal_mmc.c" -mcpu=cortex-m33 -std=gnu11 -g3 -DDEBUG -DUSE_HAL_DRIVER -DSTM32U585xx -DFX_INCLUDE_USER_DEFINE_FILE -c -I../Core/Inc -I../Drivers/STM32U5xx_HAL_Driver/Inc -I../Drivers/STM32U5xx_HAL_Driver/Inc/Legacy -I../Drivers/CMSIS/Device/ST/STM32U5xx/Include -I../Drivers/CMSIS/Include -I../FileX/App -I../FileX/Target -I../Middlewares/ST/filex/common/inc -I../Middlewares/ST/filex/ports/generic/inc -O0 -ffunction-sections -fdata-sections -Wall -fstack-usage -fcyclomatic-complexity -MMD -MP -MF"Drivers/STM32U5xx_HAL_Driver/Src/stm32u5xx_hal_mmc.d" -MT"Drivers/STM32U5xx_HAL_Driver/Src/stm32u5xx_hal_mmc.o" --specs=nano.specs -mfpu=fpv5-sp-d16 -mfloat-abi=hard -mthumb -o "Drivers/STM32U5xx_HAL_Driver/Src/stm32u5xx_hal_mmc.o"
arm-none-eabi-gcc "../Drivers/STM32U5xx_HAL_Driver/Src/stm32u5xx_hal_mmc_ex.c" -mcpu=cortex-m33 -std=gnu11 -g3 -DDEBUG -DUSE_HAL_DRIVER -DSTM32U585xx -DFX_INCLUDE_USER_DEFINE_FILE -c -I../Core/Inc -I../Drivers/STM32U5xx_HAL_Driver/Inc -I../Drivers/STM32U5xx_HAL_Driver/Inc/Legacy -I../Drivers/CMSIS/Device/ST/STM32U5xx/Include -I../Drivers/CMSIS/Include -I../FileX/App -I../FileX/Target -I../Middlewares/ST/filex/common/inc -I../Middlewares/ST/filex/ports/generic/inc -O0 -ffunction-sections -fdata-sections -Wall -fstack-usage -fcyclomatic-complexity -MMD -MP -MF"Drivers/STM32U5xx_HAL_Driver/Src/stm32u5xx_hal_mmc_ex.d" -MT"Drivers/STM32U5xx_HAL_Driver/Src/stm32u5xx_hal_mmc_ex.o" --specs=nano.specs -mfpu=fpv5-sp-d16 -mfloat-abi=hard -mthumb -o "Drivers/STM32U5xx_HAL_Driver/Src/stm32u5xx_hal_mmc_ex.o"
arm-none-eabi-gcc "../Drivers/STM32U5xx_HAL_Driver/Src/stm32u5xx_hal_pcd.c" -mcpu=cortex-m33 -std=gnu11 -g3 -DDEBUG -DUSE_HAL_DRIVER -DSTM32U585xx -DFX_INCLUDE_USER_DEFINE_FILE -c -I../Core/Inc -I../Drivers/STM32U5xx_HAL_Driver/Inc -I../Drivers/STM32U5xx_HAL_Driver/Inc/Legacy -I../Drivers/CMSIS/Device/ST/STM32U5xx/Include -I../Drivers/CMSIS/Include -I../FileX/App -I../FileX/Target -I../Middlewares/ST/filex/common/inc -I../Middlewares/ST/filex/ports/generic/inc -O0 -ffunction-sections -fdata-sections -Wall -fstack-usage -fcyclomatic-complexity -MMD -MP -MF"Drivers/STM32U5xx_HAL_Driver/Src/stm32u5xx_hal_pcd.d" -MT"Drivers/STM32U5xx_HAL_Driver/Src/stm32u5xx_hal_pcd.o" --specs=nano.specs -mfpu=fpv5-sp-d16 -mfloat-abi=hard -mthumb -o "Drivers/STM32U5xx_HAL_Driver/Src/stm32u5xx_hal_pcd.o"
arm-none-eabi-gcc "../Drivers/STM32U5xx_HAL_Driver/Src/stm32u5xx_hal_pcd_ex.c" -mcpu=cortex-m33 -std=gnu11 -g3 -DDEBUG -DUSE_HAL_DRIVER -DSTM32U585xx -DFX_INCLUDE_USER_DEFINE_FILE -c -I../Core/Inc -I../Drivers/STM32U5xx_HAL_Driver/Inc -I../Drivers/STM32U5xx_HAL_Driver/Inc/Legacy -I../Drivers/CMSIS/Device/ST/STM32U5xx/Include -I../Drivers/CMSIS/Include -I../FileX/App -I../FileX/Target -I../Middlewares/ST/filex/common/inc -I../Middlewares/ST/filex/ports/generic/inc -O0 -ffunction-sections -fdata-sections -Wall -fstack-usage -fcyclomatic-complexity -MMD -MP -MF"Drivers/STM32U5xx_HAL_Driver/Src/stm32u5xx_hal_pcd_ex.d" -MT"Drivers/STM32U5xx_HAL_Driver/Src/stm32u5xx_hal_pcd_ex.o" --specs=nano.specs -mfpu=fpv5-sp-d16 -mfloat-abi=hard -mthumb -o "Drivers/STM32U5xx_HAL_Driver/Src/stm32u5xx_hal_pcd_ex.o"
arm-none-eabi-gcc "../Drivers/STM32U5xx_HAL_Driver/Src/stm32u5xx_hal_pwr.c" -mcpu=cortex-m33 -std=gnu11 -g3 -DDEBUG -DUSE_HAL_DRIVER -DSTM32U585xx -DFX_INCLUDE_USER_DEFINE_FILE -c -I../Core/Inc -I../Drivers/STM32U5xx_HAL_Driver/Inc -I../Drivers/STM32U5xx_HAL_Driver/Inc/Legacy -I../Drivers/CMSIS/Device/ST/STM32U5xx/Include -I../Drivers/CMSIS/Include -I../FileX/App -I../FileX/Target -I../Middlewares/ST/filex/common/inc -I../Middlewares/ST/filex/ports/generic/inc -O0 -ffunction-sections -fdata-sections -Wall -fstack-usage -fcyclomatic-complexity -MMD -MP -MF"Drivers/STM32U5xx_HAL_Driver/Src/stm32u5xx_hal_pwr.d" -MT"Drivers/STM32U5xx_HAL_Driver/Src/stm32u5xx_hal_pwr.o" --specs=nano.specs -mfpu=fpv5-sp-d16 -mfloat-abi=hard -mthumb -o "Drivers/STM32U5xx_HAL_Driver/Src/stm32u5xx_hal_pwr.o"
arm-none-eabi-gcc "../Drivers/STM32U5xx_HAL_Driver/Src/stm32u5xx_hal_pwr_ex.c" -mcpu=cortex-m33 -std=gnu11 -g3 -DDEBUG -DUSE_HAL_DRIVER -DSTM32U585xx -DFX_INCLUDE_USER_DEFINE_FILE -c -I../Core/Inc -I../Drivers/STM32U5xx_HAL_Driver/Inc -I../Drivers/STM32U5xx_HAL_Driver/Inc/Legacy -I../Drivers/CMSIS/Device/ST/STM32U5xx/Include -I../Drivers/CMSIS/Include -I../FileX/App -I../FileX/Target -I../Middlewares/ST/filex/common/inc -I../Middlewares/ST/filex/ports/generic/inc -O0 -ffunction-sections -fdata-sections -Wall -fstack-usage -fcyclomatic-complexity -MMD -MP -MF"Drivers/STM32U5xx_HAL_Driver/Src/stm32u5xx_hal_pwr_ex.d" -MT"Drivers/STM32U5xx_HAL_Driver/Src/stm32u5xx_hal_pwr_ex.o" --specs=nano.specs -mfpu=fpv5-sp-d16 -mfloat-abi=hard -mthumb -o "Drivers/STM32U5xx_HAL_Driver/Src/stm32u5xx_hal_pwr_ex.o"
arm-none-eabi-gcc "../Drivers/STM32U5xx_HAL_Driver/Src/stm32u5xx_hal_rcc.c" -mcpu=cortex-m33 -std=gnu11 -g3 -DDEBUG -DUSE_HAL_DRIVER -DSTM32U585xx -DFX_INCLUDE_USER_DEFINE_FILE -c -I../Core/Inc -I../Drivers/STM32U5xx_HAL_Driver/Inc -I../Drivers/STM32U5xx_HAL_Driver/Inc/Legacy -I../Drivers/CMSIS/Device/ST/STM32U5xx/Include -I../Drivers/CMSIS/Include -I../FileX/App -I../FileX/Target -I../Middlewares/ST/filex/common/inc -I../Middlewares/ST/filex/ports/generic/inc -O0 -ffunction-sections -fdata-sections -Wall -fstack-usage -fcyclomatic-complexity -MMD -MP -MF"Drivers/STM32U5xx_HAL_Driver/Src/stm32u5xx_hal_rcc.d" -MT"Drivers/STM32U5xx_HAL_Driver/Src/stm32u5xx_hal_rcc.o" --specs=nano.specs -mfpu=fpv5-sp-d16 -mfloat-abi=hard -mthumb -o "Drivers/STM32U5xx_HAL_Driver/Src/stm32u5xx_hal_rcc.o"
arm-none-eabi-gcc "../Drivers/STM32U5xx_HAL_Driver/Src/stm32u5xx_hal_rcc_ex.c" -mcpu=cortex-m33 -std=gnu11 -g3 -DDEBUG -DUSE_HAL_DRIVER -DSTM32U585xx -DFX_INCLUDE_USER_DEFINE_FILE -c -I../Core/Inc -I../Drivers/STM32U5xx_HAL_Driver/Inc -I../Drivers/STM32U5xx_HAL_Driver/Inc/Legacy -I../Drivers/CMSIS/Device/ST/STM32U5xx/Include -I../Drivers/CMSIS/Include -I../FileX/App -I../FileX/Target -I../Middlewares/ST/filex/common/inc -I../Middlewares/ST/filex/ports/generic/inc -O0 -ffunction-sections -fdata-sections -Wall -fstack-usage -fcyclomatic-complexity -MMD -MP -MF"Drivers/STM32U5xx_HAL_Driver/Src/stm32u5xx_hal_rcc_ex.d" -MT"Drivers/STM32U5xx_HAL_Driver/Src/stm32u5xx_hal_rcc_ex.o" --specs=nano.specs -mfpu=fpv5-sp-d16 -mfloat-abi=hard -mthumb -o "Drivers/STM32U5xx_HAL_Driver/Src/stm32u5xx_hal_rcc_ex.o"
arm-none-eabi-gcc "../Drivers/STM32U5xx_HAL_Driver/Src/stm32u5xx_hal_rtc.c" -mcpu=cortex-m33 -std=gnu11 -g3 -DDEBUG -DUSE_HAL_DRIVER -DSTM32U585xx -DFX_INCLUDE_USER_DEFINE_FILE -c -I../Core/Inc -I../Drivers/STM32U5xx_HAL_Driver/Inc -I../Drivers/STM32U5xx_HAL_Driver/Inc/Legacy -I../Drivers/CMSIS/Device/ST/STM32U5xx/Include -I../Drivers/CMSIS/Include -I../FileX/App -I../FileX/Target -I../Middlewares/ST/filex/common/inc -I../Middlewares/ST/filex/ports/generic/inc -O0 -ffunction-sections -fdata-sections -Wall -fstack-usage -fcyclomatic-complexity -MMD -MP -MF"Drivers/STM32U5xx_HAL_Driver/Src/stm32u5xx_hal_rtc.d" -MT"Drivers/STM32U5xx_HAL_Driver/Src/stm32u5xx_hal_rtc.o" --specs=nano.specs -mfpu=fpv5-sp-d16 -mfloat-abi=hard -mthumb -o "Drivers/STM32U5xx_HAL_Driver/Src/stm32u5xx_hal_rtc.o"
arm-none-eabi-gcc "../Drivers/STM32U5xx_HAL_Driver/Src/stm32u5xx_hal_rtc_ex.c" -mcpu=cortex-m33 -std=gnu11 -g3 -DDEBUG -DUSE_HAL_DRIVER -DSTM32U585xx -DFX_INCLUDE_USER_DEFINE_FILE -c -I../Core/Inc -I../Drivers/STM32U5xx_HAL_Driver/Inc -I../Drivers/STM32U5xx_HAL_Driver/Inc/Legacy -I../Drivers/CMSIS/Device/ST/STM32U5xx/Include -I../Drivers/CMSIS/Include -I../FileX/App -I../FileX/Target -I../Middlewares/ST/filex/common/inc -I../Middlewares/ST/filex/ports/generic/inc -O0 -ffunction-sections -fdata-sections -Wall -fstack-usage -fcyclomatic-complexity -MMD -MP -MF"Drivers/STM32U5xx_HAL_Driver/Src/stm32u5xx_hal_rtc_ex.d" -MT"Drivers/STM32U5xx_HAL_Driver/Src/stm32u5xx_hal_rtc_ex.o" --specs=nano.specs -mfpu=fpv5-sp-d16 -mfloat-abi=hard -mthumb -o "Drivers/STM32U5xx_HAL_Driver/Src/stm32u5xx_hal_rtc_ex.o"
arm-none-eabi-gcc "../Drivers/STM32U5xx_HAL_Driver/Src/stm32u5xx_hal_sai.c" -mcpu=cortex-m33 -std=gnu11 -g3 -DDEBUG -DUSE_HAL_DRIVER -DSTM32U585xx -DFX_INCLUDE_USER_DEFINE_FILE -c -I../Core/Inc -I../Drivers/STM32U5xx_HAL_Driver/Inc -I../Drivers/STM32U5xx_HAL_Driver/Inc/Legacy -I../Drivers/CMSIS/Device/ST/STM32U5xx/Include -I../Drivers/CMSIS/Include -I../FileX/App -I../FileX/Target -I../Middlewares/ST/filex/common/inc -I../Middlewares/ST/filex/ports/generic/inc -O0 -ffunction-sections -fdata-sections -Wall -fstack-usage -fcyclomatic-complexity -MMD -MP -MF"Drivers/STM32U5xx_HAL_Driver/Src/stm32u5xx_hal_sai.d" -MT"Drivers/STM32U5xx_HAL_Driver/Src/stm32u5xx_hal_sai.o" --specs=nano.specs -mfpu=fpv5-sp-d16 -mfloat-abi=hard -mthumb -o "Drivers/STM32U5xx_HAL_Driver/Src/stm32u5xx_hal_sai.o"
arm-none-eabi-gcc "../Drivers/STM32U5xx_HAL_Driver/Src/stm32u5xx_hal_sai_ex.c" -mcpu=cortex-m33 -std=gnu11 -g3 -DDEBUG -DUSE_HAL_DRIVER -DSTM32U585xx -DFX_INCLUDE_USER_DEFINE_FILE -c -I../Core/Inc -I../Drivers/STM32U5xx_HAL_Driver/Inc -I../Drivers/STM32U5xx_HAL_Driver/Inc/Legacy -I../Drivers/CMSIS/Device/ST/STM32U5xx/Include -I../Drivers/CMSIS/Include -I../FileX/App -I../FileX/Target -I../Middlewares/ST/filex/common/inc -I../Middlewares/ST/filex/ports/generic/inc -O0 -ffunction-sections -fdata-sections -Wall -fstack-usage -fcyclomatic-complexity -MMD -MP -MF"Drivers/STM32U5xx_HAL_Driver/Src/stm32u5xx_hal_sai_ex.d" -MT"Drivers/STM32U5xx_HAL_Driver/Src/stm32u5xx_hal_sai_ex.o" --specs=nano.specs -mfpu=fpv5-sp-d16 -mfloat-abi=hard -mthumb -o "Drivers/STM32U5xx_HAL_Driver/Src/stm32u5xx_hal_sai_ex.o"
arm-none-eabi-gcc "../Drivers/STM32U5xx_HAL_Driver/Src/stm32u5xx_hal_sd.c" -mcpu=cortex-m33 -std=gnu11 -g3 -DDEBUG -DUSE_HAL_DRIVER -DSTM32U585xx -DFX_INCLUDE_USER_DEFINE_FILE -c -I../Core/Inc -I../Drivers/STM32U5xx_HAL_Driver/Inc -I../Drivers/STM32U5xx_HAL_Driver/Inc/Legacy -I../Drivers/CMSIS/Device/ST/STM32U5xx/Include -I../Drivers/CMSIS/Include -I../FileX/App -I../FileX/Target -I../Middlewares/ST/filex/common/inc -I../Middlewares/ST/filex/ports/generic/inc -O0 -ffunction-sections -fdata-sections -Wall -fstack-usage -fcyclomatic-complexity -MMD -MP -MF"Drivers/STM32U5xx_HAL_Driver/Src/stm32u5xx_hal_sd.d" -MT"Drivers/STM32U5xx_HAL_Driver/Src/stm32u5xx_hal_sd.o" --specs=nano.specs -mfpu=fpv5-sp-d16 -mfloat-abi=hard -mthumb -o "Drivers/STM32U5xx_HAL_Driver/Src/stm32u5xx_hal_sd.o"
arm-none-eabi-gcc "../Drivers/STM32U5xx_HAL_Driver/Src/stm32u5xx_hal_sd_ex.c" -mcpu=cortex-m33 -std=gnu11 -g3 -DDEBUG -DUSE_HAL_DRIVER -DSTM32U585xx -DFX_INCLUDE_USER_DEFINE_FILE -c -I../Core/Inc -I../Drivers/STM32U5xx_HAL_Driver/Inc -I../Drivers/STM32U5xx_HAL_Driver/Inc/Legacy -I../Drivers/CMSIS/Device/ST/STM32U5xx/Include -I../Drivers/CMSIS/Include -I../FileX/App -I../FileX/Target -I../Middlewares/ST/filex/common/inc -I../Middlewares/ST/filex/ports/generic/inc -O0 -ffunction-sections -fdata-sections -Wall -fstack-usage -fcyclomatic-complexity -MMD -MP -MF"Drivers/STM32U5xx_HAL_Driver/Src/stm32u5xx_hal_sd_ex.d" -MT"Drivers/STM32U5xx_HAL_Driver/Src/stm32u5xx_hal_sd_ex.o" --specs=nano.specs -mfpu=fpv5-sp-d16 -mfloat-abi=hard -mthumb -o "Drivers/STM32U5xx_HAL_Driver/Src/stm32u5xx_hal_sd_ex.o"
arm-none-eabi-gcc "../Drivers/STM32U5xx_HAL_Driver/Src/stm32u5xx_hal_sdio.c" -mcpu=cortex-m33 -std=gnu11 -g3 -DDEBUG -DUSE_HAL_DRIVER -DSTM32U585xx -DFX_INCLUDE_USER_DEFINE_FILE -c -I../Core/Inc -I../Drivers/STM32U5xx_HAL_Driver/Inc -I../Drivers/STM32U5xx_HAL_Driver/Inc/Legacy -I../Drivers/CMSIS/Device/ST/STM32U5xx/Include -I../Drivers/CMSIS/Include -I../FileX/App -I../FileX/Target -I../Middlewares/ST/filex/common/inc -I../Middlewares/ST/filex/ports/generic/inc -O0 -ffunction-sections -fdata-sections -Wall -fstack-usage -fcyclomatic-complexity -MMD -MP -MF"Drivers/STM32U5xx_HAL_Driver/Src/stm32u5xx_hal_sdio.d" -MT"Drivers/STM32U5xx_HAL_Driver/Src/stm32u5xx_hal_sdio.o" --specs=nano.specs -mfpu=fpv5-sp-d16 -mfloat-abi=hard -mthumb -o "Drivers/STM32U5xx_HAL_Driver/Src/stm32u5xx_hal_sdio.o"
arm-none-eabi-gcc "../Drivers/STM32U5xx_HAL_Driver/Src/stm32u5xx_hal_spi.c" -mcpu=cortex-m33 -std=gnu11 -g3 -DDEBUG -DUSE_HAL_DRIVER -DSTM32U585xx -DFX_INCLUDE_USER_DEFINE_FILE -c -I../Core/Inc -I../Drivers/STM32U5xx_HAL_Driver/Inc -I../Drivers/STM32U5xx_HAL_Driver/Inc/Legacy -I../Drivers/CMSIS/Device/ST/STM32U5xx/Include -I../Drivers/CMSIS/Include -I../FileX/App -I../FileX/Target -I../Middlewares/ST/filex/common/inc -I../Middlewares/ST/filex/ports/generic/inc -O0 -ffunction-sections -fdata-sections -Wall -fstack-usage -fcyclomatic-complexity -MMD -MP -MF"Drivers/STM32U5xx_HAL_Driver/Src/stm32u5xx_hal_spi.d" -MT"Drivers/STM32U5xx_HAL_Driver/Src/stm32u5xx_hal_spi.o" --specs=nano.specs -mfpu=fpv5-sp-d16 -mfloat-abi=hard -mthumb -o "Drivers/STM32U5xx_HAL_Driver/Src/stm32u5xx_hal_spi.o"
arm-none-eabi-gcc "../Drivers/STM32U5xx_HAL_Driver/Src/stm32u5xx_hal_spi_ex.c" -mcpu=cortex-m33 -std=gnu11 -g3 -DDEBUG -DUSE_HAL_DRIVER -DSTM32U585xx -DFX_INCLUDE_USER_DEFINE_FILE -c -I../Core/Inc -I../Drivers/STM32U5xx_HAL_Driver/Inc -I../Drivers/STM32U5xx_HAL_Driver/Inc/Legacy -I../Drivers/CMSIS/Device/ST/STM32U5xx/Include -I../Drivers/CMSIS/Include -I../FileX/App -I../FileX/Target -I../Middlewares/ST/filex/common/inc -I../Middlewares/ST/filex/ports/generic/inc -O0 -ffunction-sections -fdata-sections -Wall -fstack-usage -fcyclomatic-complexity -MMD -MP -MF"Drivers/STM32U5xx_HAL_Driver/Src/stm32u5xx_hal_spi_ex.d" -MT"Drivers/STM32U5xx_HAL_Driver/Src/stm32u5xx_hal_spi_ex.o" --specs=nano.specs -mfpu=fpv5-sp-d16 -mfloat-abi=hard -mthumb -o "Drivers/STM32U5xx_HAL_Driver/Src/stm32u5xx_hal_spi_ex.o"
arm-none-eabi-gcc "../Drivers/STM32U5xx_HAL_Driver/Src/stm32u5xx_hal_tim.c" -mcpu=cortex-m33 -std=gnu11 -g3 -DDEBUG -DUSE_HAL_DRIVER -DSTM32U585xx -DFX_INCLUDE_USER_DEFINE_FILE -c -I../Core/Inc -I../Drivers/STM32U5xx_HAL_Driver/Inc -I../Drivers/STM32U5xx_HAL_Driver/Inc/Legacy -I../Drivers/CMSIS/Device/ST/STM32U5xx/Include -I../Drivers/CMSIS/Include -I../FileX/App -I../FileX/Target -I../Middlewares/ST/filex/common/inc -I../Middlewares/ST/filex/ports/generic/inc -O0 -ffunction-sections -fdata-sections -Wall -fstack-usage -fcyclomatic-complexity -MMD -MP -MF"Drivers/STM32U5xx_HAL_Driver/Src/stm32u5xx_hal_tim.d" -MT"Drivers/STM32U5xx_HAL_Driver/Src/stm32u5xx_hal_tim.o" --specs=nano.specs -mfpu=fpv5-sp-d16 -mfloat-abi=hard -mthumb -o "Drivers/STM32U5xx_HAL_Driver/Src/stm32u5xx_hal_tim.o"
arm-none-eabi-gcc "../Drivers/STM32U5xx_HAL_Driver/Src/stm32u5xx_hal_tim_ex.c" -mcpu=cortex-m33 -std=gnu11 -g3 -DDEBUG -DUSE_HAL_DRIVER -DSTM32U585xx -DFX_INCLUDE_USER_DEFINE_FILE -c -I../Core/Inc -I../Drivers/STM32U5xx_HAL_Driver/Inc -I../Drivers/STM32U5xx_HAL_Driver/Inc/Legacy -I../Drivers/CMSIS/Device/ST/STM32U5xx/Include -I../Drivers/CMSIS/Include -I../FileX/App -I../FileX/Target -I../Middlewares/ST/filex/common/inc -I../Middlewares/ST/filex/ports/generic/inc -O0 -ffunction-sections -fdata-sections -Wall -fstack-usage -fcyclomatic-complexity -MMD -MP -MF"Drivers/STM32U5xx_HAL_Driver/Src/stm32u5xx_hal_tim_ex.d" -MT"Drivers/STM32U5xx_HAL_Driver/Src/stm32u5xx_hal_tim_ex.o" --specs=nano.specs -mfpu=fpv5-sp-d16 -mfloat-abi=hard -mthumb -o "Drivers/STM32U5xx_HAL_Driver/Src/stm32u5xx_hal_tim_ex.o"
arm-none-eabi-gcc "../Drivers/STM32U5xx_HAL_Driver/Src/stm32u5xx_hal_uart.c" -mcpu=cortex-m33 -std=gnu11 -g3 -DDEBUG -DUSE_HAL_DRIVER -DSTM32U585xx -DFX_INCLUDE_USER_DEFINE_FILE -c -I../Core/Inc -I../Drivers/STM32U5xx_HAL_Driver/Inc -I../Drivers/STM32U5xx_HAL_Driver/Inc/Legacy -I../Drivers/CMSIS/Device/ST/STM32U5xx/Include -I../Drivers/CMSIS/Include -I../FileX/App -I../FileX/Target -I../Middlewares/ST/filex/common/inc -I../Middlewares/ST/filex/ports/generic/inc -O0 -ffunction-sections -fdata-sections -Wall -fstack-usage -fcyclomatic-complexity -MMD -MP -MF"Drivers/STM32U5xx_HAL_Driver/Src/stm32u5xx_hal_uart.d" -MT"Drivers/STM32U5xx_HAL_Driver/Src/stm32u5xx_hal_uart.o" --specs=nano.specs -mfpu=fpv5-sp-d16 -mfloat-abi=hard -mthumb -o "Drivers/STM32U5xx_HAL_Driver/Src/stm32u5xx_hal_uart.o"
arm-none-eabi-gcc "../Drivers/STM32U5xx_HAL_Driver/Src/stm32u5xx_hal_uart_ex.c" -mcpu=cortex-m33 -std=gnu11 -g3 -DDEBUG -DUSE_HAL_DRIVER -DSTM32U585xx -DFX_INCLUDE_USER_DEFINE_FILE -c -I../Core/Inc -I../Drivers/STM32U5xx_HAL_Driver/Inc -I../Drivers/STM32U5xx_HAL_Driver/Inc/Legacy -I../Drivers/CMSIS/Device/ST/STM32U5xx/Include -I../Drivers/CMSIS/Include -I../FileX/App -I../FileX/Target -I../Middlewares/ST/filex/common/inc -I../Middlewares/ST/filex/ports/generic/inc -O0 -ffunction-sections -fdata-sections -Wall -fstack-usage -fcyclomatic-complexity -MMD -MP -MF"Drivers/STM32U5xx_HAL_Driver/Src/stm32u5xx_hal_uart_ex.d" -MT"Drivers/STM32U5xx_HAL_Driver/Src/stm32u5xx_hal_uart_ex.o" --specs=nano.specs -mfpu=fpv5-sp-d16 -mfloat-abi=hard -mthumb -o "Drivers/STM32U5xx_HAL_Driver/Src/stm32u5xx_hal_uart_ex.o"
arm-none-eabi-gcc "../Drivers/STM32U5xx_HAL_Driver/Src/stm32u5xx_ll_dlyb.c" -mcpu=cortex-m33 -std=gnu11 -g3 -DDEBUG -DUSE_HAL_DRIVER -DSTM32U585xx -DFX_INCLUDE_USER_DEFINE_FILE -c -I../Core/Inc -I../Drivers/STM32U5xx_HAL_Driver/Inc -I../Drivers/STM32U5xx_HAL_Driver/Inc/Legacy -I../Drivers/CMSIS/Device/ST/STM32U5xx/Include -I../Drivers/CMSIS/Include -I../FileX/App -I../FileX/Target -I../Middlewares/ST/filex/common/inc -I../Middlewares/ST/filex/ports/generic/inc -O0 -ffunction-sections -fdata-sections -Wall -fstack-usage -fcyclomatic-complexity -MMD -MP -MF"Drivers/STM32U5xx_HAL_Driver/Src/stm32u5xx_ll_dlyb.d" -MT"Drivers/STM32U5xx_HAL_Driver/Src/stm32u5xx_ll_dlyb.o" --specs=nano.specs -mfpu=fpv5-sp-d16 -mfloat-abi=hard -mthumb -o "Drivers/STM32U5xx_HAL_Driver/Src/stm32u5xx_ll_dlyb.o"
arm-none-eabi-gcc "../Drivers/STM32U5xx_HAL_Driver/Src/stm32u5xx_ll_sdmmc.c" -mcpu=cortex-m33 -std=gnu11 -g3 -DDEBUG -DUSE_HAL_DRIVER -DSTM32U585xx -DFX_INCLUDE_USER_DEFINE_FILE -c -I../Core/Inc -I../Drivers/STM32U5xx_HAL_Driver/Inc -I../Drivers/STM32U5xx_HAL_Driver/Inc/Legacy -I../Drivers/CMSIS/Device/ST/STM32U5xx/Include -I../Drivers/CMSIS/Include -I../FileX/App -I../FileX/Target -I../Middlewares/ST/filex/common/inc -I../Middlewares/ST/filex/ports/generic/inc -O0 -ffunction-sections -fdata-sections -Wall -fstack-usage -fcyclomatic-complexity -MMD -MP -MF"Drivers/STM32U5xx_HAL_Driver/Src/stm32u5xx_ll_sdmmc.d" -MT"Drivers/STM32U5xx_HAL_Driver/Src/stm32u5xx_ll_sdmmc.o" --specs=nano.specs -mfpu=fpv5-sp-d16 -mfloat-abi=hard -mthumb -o "Drivers/STM32U5xx_HAL_Driver/Src/stm32u5xx_ll_sdmmc.o"
arm-none-eabi-gcc "../Drivers/STM32U5xx_HAL_Driver/Src/stm32u5xx_ll_usb.c" -mcpu=cortex-m33 -std=gnu11 -g3 -DDEBUG -DUSE_HAL_DRIVER -DSTM32U585xx -DFX_INCLUDE_USER_DEFINE_FILE -c -I../Core/Inc -I../Drivers/STM32U5xx_HAL_Driver/Inc -I../Drivers/STM32U5xx_HAL_Driver/Inc/Legacy -I../Drivers/CMSIS/Device/ST/STM32U5xx/Include -I../Drivers/CMSIS/Include -I../FileX/App -I../FileX/Target -I../Middlewares/ST/filex/common/inc -I../Middlewares/ST/filex/ports/generic/inc -O0 -ffunction-sections -fdata-sections -Wall -fstack-usage -fcyclomatic-complexity -MMD -MP -MF"Drivers/STM32U5xx_HAL_Driver/Src/stm32u5xx_ll_usb.d" -MT"Drivers/STM32U5xx_HAL_Driver/Src/stm32u5xx_ll_usb.o" --specs=nano.specs -mfpu=fpv5-sp-d16 -mfloat-abi=hard -mthumb -o "Drivers/STM32U5xx_HAL_Driver/Src/stm32u5xx_ll_usb.o"
arm-none-eabi-gcc -mcpu=cortex-m33 -g3 -DDEBUG -c -x assembler-with-cpp -MMD -MP -MF"Core/Startup/startup_stm32u585aiixq.d" -MT"Core/Startup/startup_stm32u585aiixq.o" --specs=nano.specs -mfpu=fpv5-sp-d16 -mfloat-abi=hard -mthumb -o "Core/Startup/startup_stm32u585aiixq.o" "../Core/Startup/startup_stm32u585aiixq.s"
arm-none-eabi-gcc "../Core/Src/main.c" -mcpu=cortex-m33 -std=gnu11 -g3 -DDEBUG -DUSE_HAL_DRIVER -DSTM32U585xx -DFX_INCLUDE_USER_DEFINE_FILE -c -I../Core/Inc -I../Drivers/STM32U5xx_HAL_Driver/Inc -I../Drivers/STM32U5xx_HAL_Driver/Inc/Legacy -I../Drivers/CMSIS/Device/ST/STM32U5xx/Include -I../Drivers/CMSIS/Include -I../FileX/App -I../FileX/Target -I../Middlewares/ST/filex/common/inc -I../Middlewares/ST/filex/ports/generic/inc -O0 -ffunction-sections -fdata-sections -Wall -fstack-usage -fcyclomatic-complexity -MMD -MP -MF"Core/Src/main.d" -MT"Core/Src/main.o" --specs=nano.specs -mfpu=fpv5-sp-d16 -mfloat-abi=hard -mthumb -o "Core/Src/main.o"
arm-none-eabi-gcc "../Core/Src/stm32u5xx_hal_msp.c" -mcpu=cortex-m33 -std=gnu11 -g3 -DDEBUG -DUSE_HAL_DRIVER -DSTM32U585xx -DFX_INCLUDE_USER_DEFINE_FILE -c -I../Core/Inc -I../Drivers/STM32U5xx_HAL_Driver/Inc -I../Drivers/STM32U5xx_HAL_Driver/Inc/Legacy -I../Drivers/CMSIS/Device/ST/STM32U5xx/Include -I../Drivers/CMSIS/Include -I../FileX/App -I../FileX/Target -I../Middlewares/ST/filex/common/inc -I../Middlewares/ST/filex/ports/generic/inc -O0 -ffunction-sections -fdata-sections -Wall -fstack-usage -fcyclomatic-complexity -MMD -MP -MF"Core/Src/stm32u5xx_hal_msp.d" -MT"Core/Src/stm32u5xx_hal_msp.o" --specs=nano.specs -mfpu=fpv5-sp-d16 -mfloat-abi=hard -mthumb -o "Core/Src/stm32u5xx_hal_msp.o"
arm-none-eabi-gcc "../Core/Src/stm32u5xx_it.c" -mcpu=cortex-m33 -std=gnu11 -g3 -DDEBUG -DUSE_HAL_DRIVER -DSTM32U585xx -DFX_INCLUDE_USER_DEFINE_FILE -c -I../Core/Inc -I../Drivers/STM32U5xx_HAL_Driver/Inc -I../Drivers/STM32U5xx_HAL_Driver/Inc/Legacy -I../Drivers/CMSIS/Device/ST/STM32U5xx/Include -I../Drivers/CMSIS/Include -I../FileX/App -I../FileX/Target -I../Middlewares/ST/filex/common/inc -I../Middlewares/ST/filex/ports/generic/inc -O0 -ffunction-sections -fdata-sections -Wall -fstack-usage -fcyclomatic-complexity -MMD -MP -MF"Core/Src/stm32u5xx_it.d" -MT"Core/Src/stm32u5xx_it.o" --specs=nano.specs -mfpu=fpv5-sp-d16 -mfloat-abi=hard -mthumb -o "Core/Src/stm32u5xx_it.o"
arm-none-eabi-gcc "../Core/Src/syscalls.c" -mcpu=cortex-m33 -std=gnu11 -g3 -DDEBUG -DUSE_HAL_DRIVER -DSTM32U585xx -DFX_INCLUDE_USER_DEFINE_FILE -c -I../Core/Inc -I../Drivers/STM32U5xx_HAL_Driver/Inc -I../Drivers/STM32U5xx_HAL_Driver/Inc/Legacy -I../Drivers/CMSIS/Device/ST/STM32U5xx/Include -I../Drivers/CMSIS/Include -I../FileX/App -I../FileX/Target -I../Middlewares/ST/filex/common/inc -I../Middlewares/ST/filex/ports/generic/inc -O0 -ffunction-sections -fdata-sections -Wall -fstack-usage -fcyclomatic-complexity -MMD -MP -MF"Core/Src/syscalls.d" -MT"Core/Src/syscalls.o" --specs=nano.specs -mfpu=fpv5-sp-d16 -mfloat-abi=hard -mthumb -o "Core/Src/syscalls.o"
arm-none-eabi-gcc "../Core/Src/sysmem.c" -mcpu=cortex-m33 -std=gnu11 -g3 -DDEBUG -DUSE_HAL_DRIVER -DSTM32U585xx -DFX_INCLUDE_USER_DEFINE_FILE -c -I../Core/Inc -I../Drivers/STM32U5xx_HAL_Driver/Inc -I../Drivers/STM32U5xx_HAL_Driver/Inc/Legacy -I../Drivers/CMSIS/Device/ST/STM32U5xx/Include -I../Drivers/CMSIS/Include -I../FileX/App -I../FileX/Target -I../Middlewares/ST/filex/common/inc -I../Middlewares/ST/filex/ports/generic/inc -O0 -ffunction-sections -fdata-sections -Wall -fstack-usage -fcyclomatic-complexity -MMD -MP -MF"Core/Src/sysmem.d" -MT"Core/Src/sysmem.o" --specs=nano.specs -mfpu=fpv5-sp-d16 -mfloat-abi=hard -mthumb -o "Core/Src/sysmem.o"
arm-none-eabi-gcc "../Core/Src/system_stm32u5xx.c" -mcpu=cortex-m33 -std=gnu11 -g3 -DDEBUG -DUSE_HAL_DRIVER -DSTM32U585xx -DFX_INCLUDE_USER_DEFINE_FILE -c -I../Core/Inc -I../Drivers/STM32U5xx_HAL_Driver/Inc -I../Drivers/STM32U5xx_HAL_Driver/Inc/Legacy -I../Drivers/CMSIS/Device/ST/STM32U5xx/Include -I../Drivers/CMSIS/Include -I../FileX/App -I../FileX/Target -I../Middlewares/ST/filex/common/inc -I../Middlewares/ST/filex/ports/generic/inc -O0 -ffunction-sections -fdata-sections -Wall -fstack-usage -fcyclomatic-complexity -MMD -MP -MF"Core/Src/system_stm32u5xx.d" -MT"Core/Src/system_stm32u5xx.o" --specs=nano.specs -mfpu=fpv5-sp-d16 -mfloat-abi=hard -mthumb -o "Core/Src/system_stm32u5xx.o"
../Core/Src/main.c: In function 'main':
../Core/Src/main.c:413:13: error: invalid storage class for function 'SystemPower_Config'
  413 | static void SystemPower_Config(void)
      |             ^~~~~~~~~~~~~~~~~~
../Core/Src/main.c:430:13: error: invalid storage class for function 'MX_ADC1_Init'
  430 | static void MX_ADC1_Init(void)
      |             ^~~~~~~~~~~~
../Core/Src/main.c:474:13: error: invalid storage class for function 'MX_ADF1_Init'
  474 | static void MX_ADF1_Init(void)
      |             ^~~~~~~~~~~~
../Core/Src/main.c:537:13: error: invalid storage class for function 'MX_MDF1_Init'
  537 | static void MX_MDF1_Init(void)
      |             ^~~~~~~~~~~~
../Core/Src/main.c:591:13: error: invalid storage class for function 'MX_DAC1_Init'
  591 | static void MX_DAC1_Init(void)
      |             ^~~~~~~~~~~~
../Core/Src/main.c:646:13: error: invalid storage class for function 'MX_GPDMA1_Init'
  646 | static void MX_GPDMA1_Init(void)
      |             ^~~~~~~~~~~~~~
../Core/Src/main.c:684:13: error: invalid storage class for function 'MX_I2C1_Init'
  684 | static void MX_I2C1_Init(void)
      |             ^~~~~~~~~~~~
../Core/Src/main.c:732:13: error: invalid storage class for function 'MX_I2C2_Init'
  732 | static void MX_I2C2_Init(void)
      |             ^~~~~~~~~~~~
../Core/Src/main.c:780:13: error: invalid storage class for function 'MX_I2C3_Init'
  780 | static void MX_I2C3_Init(void)
      |             ^~~~~~~~~~~~
../Core/Src/main.c:828:13: error: invalid storage class for function 'MX_ICACHE_Init'
  828 | static void MX_ICACHE_Init(void)
      |             ^~~~~~~~~~~~~~
../Core/Src/main.c:860:13: error: invalid storage class for function 'MX_RTC_Init'
  860 | static void MX_RTC_Init(void)
      |             ^~~~~~~~~~~
../Core/Src/main.c:908:13: error: invalid storage class for function 'MX_SAI1_Init'
  908 | static void MX_SAI1_Init(void)
      |             ^~~~~~~~~~~~
../Core/Src/main.c:992:13: error: invalid storage class for function 'MX_SDMMC1_SD_Init'
  992 | static void MX_SDMMC1_SD_Init(void)
      |             ^~~~~~~~~~~~~~~~~
../Core/Src/main.c:1023:13: error: invalid storage class for function 'MX_SPI1_Init'
 1023 | static void MX_SPI1_Init(void)
      |             ^~~~~~~~~~~~
../Core/Src/main.c:1080:13: error: invalid storage class for function 'MX_SPI2_Init'
 1080 | static void MX_SPI2_Init(void)
      |             ^~~~~~~~~~~~
../Core/Src/main.c:1137:13: error: invalid storage class for function 'MX_SPI3_Init'
 1137 | static void MX_SPI3_Init(void)
      |             ^~~~~~~~~~~~
../Core/Src/main.c:1194:13: error: invalid storage class for function 'MX_TAMP_RTC_Init'
 1194 | static void MX_TAMP_RTC_Init(void)
      |             ^~~~~~~~~~~~~~~~
../Core/Src/main.c:1243:13: error: invalid storage class for function 'MX_TIM3_Init'
 1243 | static void MX_TIM3_Init(void)
      |             ^~~~~~~~~~~~
../Core/Src/main.c:1291:13: error: invalid storage class for function 'MX_USART2_UART_Init'
 1291 | static void MX_USART2_UART_Init(void)
      |             ^~~~~~~~~~~~~~~~~~~
../Core/Src/main.c:1339:13: error: invalid storage class for function 'MX_USART3_UART_Init'
 1339 | static void MX_USART3_UART_Init(void)
      |             ^~~~~~~~~~~~~~~~~~~
../Core/Src/main.c:1387:13: error: invalid storage class for function 'MX_USB_OTG_FS_PCD_Init'
 1387 | static void MX_USB_OTG_FS_PCD_Init(void)
      |             ^~~~~~~~~~~~~~~~~~~~~~
../Core/Src/main.c:1423:13: error: invalid storage class for function 'MX_GPIO_Init'
 1423 | static void MX_GPIO_Init(void)
      |             ^~~~~~~~~~~~
../Core/Src/main.c:1728:1: error: expected declaration or statement at end of input
 1728 | }
      | ^
../Core/Src/main.c: At top level:
../Core/Src/main.c:154:13: warning: 'SystemPower_Config' used but never defined
  154 | static void SystemPower_Config(void);
      |             ^~~~~~~~~~~~~~~~~~
../Core/Src/main.c:155:13: warning: 'MX_GPIO_Init' used but never defined
  155 | static void MX_GPIO_Init(void);
      |             ^~~~~~~~~~~~
../Core/Src/main.c:156:13: warning: 'MX_GPDMA1_Init' used but never defined
  156 | static void MX_GPDMA1_Init(void);
      |             ^~~~~~~~~~~~~~
../Core/Src/main.c:157:13: warning: 'MX_ADC1_Init' used but never defined
  157 | static void MX_ADC1_Init(void);
      |             ^~~~~~~~~~~~
../Core/Src/main.c:158:13: warning: 'MX_ADF1_Init' used but never defined
  158 | static void MX_ADF1_Init(void);
      |             ^~~~~~~~~~~~
../Core/Src/main.c:159:13: warning: 'MX_MDF1_Init' used but never defined
  159 | static void MX_MDF1_Init(void);
      |             ^~~~~~~~~~~~
../Core/Src/main.c:160:13: warning: 'MX_DAC1_Init' used but never defined
  160 | static void MX_DAC1_Init(void);
      |             ^~~~~~~~~~~~
../Core/Src/main.c:161:13: warning: 'MX_I2C1_Init' used but never defined
  161 | static void MX_I2C1_Init(void);
      |             ^~~~~~~~~~~~
../Core/Src/main.c:162:13: warning: 'MX_I2C2_Init' used but never defined
  162 | static void MX_I2C2_Init(void);
      |             ^~~~~~~~~~~~
../Core/Src/main.c:163:13: warning: 'MX_I2C3_Init' used but never defined
  163 | static void MX_I2C3_Init(void);
      |             ^~~~~~~~~~~~
../Core/Src/main.c:164:13: warning: 'MX_ICACHE_Init' used but never defined
  164 | static void MX_ICACHE_Init(void);
      |             ^~~~~~~~~~~~~~
../Core/Src/main.c:165:13: warning: 'MX_RTC_Init' used but never defined
  165 | static void MX_RTC_Init(void);
      |             ^~~~~~~~~~~
../Core/Src/main.c:166:13: warning: 'MX_SAI1_Init' used but never defined
  166 | static void MX_SAI1_Init(void);
      |             ^~~~~~~~~~~~
../Core/Src/main.c:167:13: warning: 'MX_SDMMC1_SD_Init' used but never defined
  167 | static void MX_SDMMC1_SD_Init(void);
      |             ^~~~~~~~~~~~~~~~~
../Core/Src/main.c:168:13: warning: 'MX_SPI1_Init' used but never defined
  168 | static void MX_SPI1_Init(void);
      |             ^~~~~~~~~~~~
../Core/Src/main.c:169:13: warning: 'MX_SPI2_Init' used but never defined
  169 | static void MX_SPI2_Init(void);
      |             ^~~~~~~~~~~~
../Core/Src/main.c:170:13: warning: 'MX_SPI3_Init' used but never defined
  170 | static void MX_SPI3_Init(void);
      |             ^~~~~~~~~~~~
../Core/Src/main.c:171:13: warning: 'MX_TAMP_RTC_Init' used but never defined
  171 | static void MX_TAMP_RTC_Init(void);
      |             ^~~~~~~~~~~~~~~~
../Core/Src/main.c:172:13: warning: 'MX_TIM3_Init' used but never defined
  172 | static void MX_TIM3_Init(void);
      |             ^~~~~~~~~~~~
../Core/Src/main.c:173:13: warning: 'MX_USART2_UART_Init' used but never defined
  173 | static void MX_USART2_UART_Init(void);
      |             ^~~~~~~~~~~~~~~~~~~
../Core/Src/main.c:174:13: warning: 'MX_USART3_UART_Init' used but never defined
  174 | static void MX_USART3_UART_Init(void);
      |             ^~~~~~~~~~~~~~~~~~~
../Core/Src/main.c:175:13: warning: 'MX_USB_OTG_FS_PCD_Init' used but never defined
  175 | static void MX_USB_OTG_FS_PCD_Init(void);
      |             ^~~~~~~~~~~~~~~~~~~~~~
../Core/Src/main.c:1719:6: warning: 'Error_Handler' defined but not used [-Wunused-function]
 1719 | void Error_Handler(void)
      |      ^~~~~~~~~~~~~
../Core/Src/main.c:1697:6: warning: 'HAL_SPI_TxRxCpltCallback' defined but not used [-Wunused-function]
 1697 | void HAL_SPI_TxRxCpltCallback(SPI_HandleTypeDef *hspi) {
      |      ^~~~~~~~~~~~~~~~~~~~~~~~
../Core/Src/main.c:1680:6: warning: 'start_sensor_read' defined but not used [-Wunused-function]
 1680 | void start_sensor_read(void) {
      |      ^~~~~~~~~~~~~~~~~
../Core/Src/main.c:1624:6: warning: 'Initialize_Sensors' defined but not used [-Wunused-function]
 1624 | void Initialize_Sensors(void) {
      |      ^~~~~~~~~~~~~~~~~~
../Core/Src/main.c:1423:13: warning: 'MX_GPIO_Init' defined but not used [-Wunused-function]
 1423 | static void MX_GPIO_Init(void)
      |             ^~~~~~~~~~~~
../Core/Src/main.c:1387:13: warning: 'MX_USB_OTG_FS_PCD_Init' defined but not used [-Wunused-function]
 1387 | static void MX_USB_OTG_FS_PCD_Init(void)
      |             ^~~~~~~~~~~~~~~~~~~~~~
../Core/Src/main.c:1339:13: warning: 'MX_USART3_UART_Init' defined but not used [-Wunused-function]
 1339 | static void MX_USART3_UART_Init(void)
      |             ^~~~~~~~~~~~~~~~~~~
../Core/Src/main.c:1291:13: warning: 'MX_USART2_UART_Init' defined but not used [-Wunused-function]
 1291 | static void MX_USART2_UART_Init(void)
      |             ^~~~~~~~~~~~~~~~~~~
../Core/Src/main.c:1243:13: warning: 'MX_TIM3_Init' defined but not used [-Wunused-function]
 1243 | static void MX_TIM3_Init(void)
      |             ^~~~~~~~~~~~
../Core/Src/main.c:1194:13: warning: 'MX_TAMP_RTC_Init' defined but not used [-Wunused-function]
 1194 | static void MX_TAMP_RTC_Init(void)
      |             ^~~~~~~~~~~~~~~~
../Core/Src/main.c:1137:13: warning: 'MX_SPI3_Init' defined but not used [-Wunused-function]
 1137 | static void MX_SPI3_Init(void)
      |             ^~~~~~~~~~~~
../Core/Src/main.c:1080:13: warning: 'MX_SPI2_Init' defined but not used [-Wunused-function]
 1080 | static void MX_SPI2_Init(void)
      |             ^~~~~~~~~~~~
../Core/Src/main.c:1023:13: warning: 'MX_SPI1_Init' defined but not used [-Wunused-function]
 1023 | static void MX_SPI1_Init(void)
      |             ^~~~~~~~~~~~
../Core/Src/main.c:992:13: warning: 'MX_SDMMC1_SD_Init' defined but not used [-Wunused-function]
  992 | static void MX_SDMMC1_SD_Init(void)
      |             ^~~~~~~~~~~~~~~~~
../Core/Src/main.c:908:13: warning: 'MX_SAI1_Init' defined but not used [-Wunused-function]
  908 | static void MX_SAI1_Init(void)
      |             ^~~~~~~~~~~~
../Core/Src/main.c:860:13: warning: 'MX_RTC_Init' defined but not used [-Wunused-function]
  860 | static void MX_RTC_Init(void)
      |             ^~~~~~~~~~~
../Core/Src/main.c:828:13: warning: 'MX_ICACHE_Init' defined but not used [-Wunused-function]
  828 | static void MX_ICACHE_Init(void)
      |             ^~~~~~~~~~~~~~
../Core/Src/main.c:780:13: warning: 'MX_I2C3_Init' defined but not used [-Wunused-function]
  780 | static void MX_I2C3_Init(void)
      |             ^~~~~~~~~~~~
../Core/Src/main.c:732:13: warning: 'MX_I2C2_Init' defined but not used [-Wunused-function]
  732 | static void MX_I2C2_Init(void)
      |             ^~~~~~~~~~~~
../Core/Src/main.c:684:13: warning: 'MX_I2C1_Init' defined but not used [-Wunused-function]
  684 | static void MX_I2C1_Init(void)
      |             ^~~~~~~~~~~~
../Core/Src/main.c:646:13: warning: 'MX_GPDMA1_Init' defined but not used [-Wunused-function]
  646 | static void MX_GPDMA1_Init(void)
      |             ^~~~~~~~~~~~~~
../Core/Src/main.c:591:13: warning: 'MX_DAC1_Init' defined but not used [-Wunused-function]
  591 | static void MX_DAC1_Init(void)
      |             ^~~~~~~~~~~~
../Core/Src/main.c:537:13: warning: 'MX_MDF1_Init' defined but not used [-Wunused-function]
  537 | static void MX_MDF1_Init(void)
      |             ^~~~~~~~~~~~
../Core/Src/main.c:474:13: warning: 'MX_ADF1_Init' defined but not used [-Wunused-function]
  474 | static void MX_ADF1_Init(void)
      |             ^~~~~~~~~~~~
../Core/Src/main.c:430:13: warning: 'MX_ADC1_Init' defined but not used [-Wunused-function]
  430 | static void MX_ADC1_Init(void)
      |             ^~~~~~~~~~~~
../Core/Src/main.c:413:13: warning: 'SystemPower_Config' defined but not used [-Wunused-function]
  413 | static void SystemPower_Config(void)
      |             ^~~~~~~~~~~~~~~~~~
../Core/Src/main.c:374:6: warning: 'PeriphCommonClock_Config' defined but not used [-Wunused-function]
  374 | void PeriphCommonClock_Config(void)
      |      ^~~~~~~~~~~~~~~~~~~~~~~~
../Core/Src/main.c:316:6: warning: 'SystemClock_Config' defined but not used [-Wunused-function]
  316 | void SystemClock_Config(void)
      |      ^~~~~~~~~~~~~~~~~~
make: *** [Core/Src/subdir.mk:34: Core/Src/main.o] Error 1
make: *** Waiting for unfinished jobs....
"make -j8 all" terminated with exit code 2. Build might be incomplete.
10:21:16 **** Incremental Build of configuration Debug for project SPI2_MDA_Chain_2_Sensor ****
make -j8 all 
arm-none-eabi-gcc "../Core/Src/main.c" -mcpu=cortex-m33 -std=gnu11 -g3 -DDEBUG -DUSE_HAL_DRIVER -DSTM32U585xx -DFX_INCLUDE_USER_DEFINE_FILE -c -I../Core/Inc -I../Drivers/STM32U5xx_HAL_Driver/Inc -I../Drivers/STM32U5xx_HAL_Driver/Inc/Legacy -I../Drivers/CMSIS/Device/ST/STM32U5xx/Include -I../Drivers/CMSIS/Include -I../FileX/App -I../FileX/Target -I../Middlewares/ST/filex/common/inc -I../Middlewares/ST/filex/ports/generic/inc -O0 -ffunction-sections -fdata-sections -Wall -fstack-usage -fcyclomatic-complexity -MMD -MP -MF"Core/Src/main.d" -MT"Core/Src/main.o" --specs=nano.specs -mfpu=fpv5-sp-d16 -mfloat-abi=hard -mthumb -o "Core/Src/main.o"
../Core/Src/main.c: In function 'main':
../Core/Src/main.c:413:13: error: invalid storage class for function 'SystemPower_Config'
  413 | static void SystemPower_Config(void)
      |             ^~~~~~~~~~~~~~~~~~
../Core/Src/main.c:430:13: error: invalid storage class for function 'MX_ADC1_Init'
  430 | static void MX_ADC1_Init(void)
      |             ^~~~~~~~~~~~
../Core/Src/main.c:474:13: error: invalid storage class for function 'MX_ADF1_Init'
  474 | static void MX_ADF1_Init(void)
      |             ^~~~~~~~~~~~
../Core/Src/main.c:537:13: error: invalid storage class for function 'MX_MDF1_Init'
  537 | static void MX_MDF1_Init(void)
      |             ^~~~~~~~~~~~
../Core/Src/main.c:591:13: error: invalid storage class for function 'MX_DAC1_Init'
  591 | static void MX_DAC1_Init(void)
      |             ^~~~~~~~~~~~
../Core/Src/main.c:646:13: error: invalid storage class for function 'MX_GPDMA1_Init'
  646 | static void MX_GPDMA1_Init(void)
      |             ^~~~~~~~~~~~~~
../Core/Src/main.c:684:13: error: invalid storage class for function 'MX_I2C1_Init'
  684 | static void MX_I2C1_Init(void)
      |             ^~~~~~~~~~~~
../Core/Src/main.c:732:13: error: invalid storage class for function 'MX_I2C2_Init'
  732 | static void MX_I2C2_Init(void)
      |             ^~~~~~~~~~~~
../Core/Src/main.c:780:13: error: invalid storage class for function 'MX_I2C3_Init'
  780 | static void MX_I2C3_Init(void)
      |             ^~~~~~~~~~~~
../Core/Src/main.c:828:13: error: invalid storage class for function 'MX_ICACHE_Init'
  828 | static void MX_ICACHE_Init(void)
      |             ^~~~~~~~~~~~~~
../Core/Src/main.c:860:13: error: invalid storage class for function 'MX_RTC_Init'
  860 | static void MX_RTC_Init(void)
      |             ^~~~~~~~~~~
../Core/Src/main.c:908:13: error: invalid storage class for function 'MX_SAI1_Init'
  908 | static void MX_SAI1_Init(void)
      |             ^~~~~~~~~~~~
../Core/Src/main.c:992:13: error: invalid storage class for function 'MX_SDMMC1_SD_Init'
  992 | static void MX_SDMMC1_SD_Init(void)
      |             ^~~~~~~~~~~~~~~~~
../Core/Src/main.c:1023:13: error: invalid storage class for function 'MX_SPI1_Init'
 1023 | static void MX_SPI1_Init(void)
      |             ^~~~~~~~~~~~
../Core/Src/main.c:1080:13: error: invalid storage class for function 'MX_SPI2_Init'
 1080 | static void MX_SPI2_Init(void)
      |             ^~~~~~~~~~~~
../Core/Src/main.c:1137:13: error: invalid storage class for function 'MX_SPI3_Init'
 1137 | static void MX_SPI3_Init(void)
      |             ^~~~~~~~~~~~
../Core/Src/main.c:1194:13: error: invalid storage class for function 'MX_TAMP_RTC_Init'
 1194 | static void MX_TAMP_RTC_Init(void)
      |             ^~~~~~~~~~~~~~~~
../Core/Src/main.c:1243:13: error: invalid storage class for function 'MX_TIM3_Init'
 1243 | static void MX_TIM3_Init(void)
      |             ^~~~~~~~~~~~
../Core/Src/main.c:1291:13: error: invalid storage class for function 'MX_USART2_UART_Init'
 1291 | static void MX_USART2_UART_Init(void)
      |             ^~~~~~~~~~~~~~~~~~~
../Core/Src/main.c:1339:13: error: invalid storage class for function 'MX_USART3_UART_Init'
 1339 | static void MX_USART3_UART_Init(void)
      |             ^~~~~~~~~~~~~~~~~~~
../Core/Src/main.c:1387:13: error: invalid storage class for function 'MX_USB_OTG_FS_PCD_Init'
 1387 | static void MX_USB_OTG_FS_PCD_Init(void)
      |             ^~~~~~~~~~~~~~~~~~~~~~
../Core/Src/main.c:1423:13: error: invalid storage class for function 'MX_GPIO_Init'
 1423 | static void MX_GPIO_Init(void)
      |             ^~~~~~~~~~~~
../Core/Src/main.c:1728:1: error: expected declaration or statement at end of input
 1728 | }
      | ^
../Core/Src/main.c: At top level:
../Core/Src/main.c:154:13: warning: 'SystemPower_Config' used but never defined
  154 | static void SystemPower_Config(void);
      |             ^~~~~~~~~~~~~~~~~~
../Core/Src/main.c:155:13: warning: 'MX_GPIO_Init' used but never defined
  155 | static void MX_GPIO_Init(void);
      |             ^~~~~~~~~~~~
../Core/Src/main.c:156:13: warning: 'MX_GPDMA1_Init' used but never defined
  156 | static void MX_GPDMA1_Init(void);
      |             ^~~~~~~~~~~~~~
../Core/Src/main.c:157:13: warning: 'MX_ADC1_Init' declared 'static' but never defined [-Wunused-function]
  157 | static void MX_ADC1_Init(void);
      |             ^~~~~~~~~~~~
../Core/Src/main.c:158:13: warning: 'MX_ADF1_Init' declared 'static' but never defined [-Wunused-function]
  158 | static void MX_ADF1_Init(void);
      |             ^~~~~~~~~~~~
../Core/Src/main.c:159:13: warning: 'MX_MDF1_Init' declared 'static' but never defined [-Wunused-function]
  159 | static void MX_MDF1_Init(void);
      |             ^~~~~~~~~~~~
../Core/Src/main.c:160:13: warning: 'MX_DAC1_Init' declared 'static' but never defined [-Wunused-function]
  160 | static void MX_DAC1_Init(void);
      |             ^~~~~~~~~~~~
../Core/Src/main.c:161:13: warning: 'MX_I2C1_Init' declared 'static' but never defined [-Wunused-function]
  161 | static void MX_I2C1_Init(void);
      |             ^~~~~~~~~~~~
../Core/Src/main.c:162:13: warning: 'MX_I2C2_Init' declared 'static' but never defined [-Wunused-function]
  162 | static void MX_I2C2_Init(void);
      |             ^~~~~~~~~~~~
../Core/Src/main.c:163:13: warning: 'MX_I2C3_Init' declared 'static' but never defined [-Wunused-function]
  163 | static void MX_I2C3_Init(void);
      |             ^~~~~~~~~~~~
../Core/Src/main.c:164:13: warning: 'MX_ICACHE_Init' used but never defined
  164 | static void MX_ICACHE_Init(void);
      |             ^~~~~~~~~~~~~~
../Core/Src/main.c:165:13: warning: 'MX_RTC_Init' used but never defined
  165 | static void MX_RTC_Init(void);
      |             ^~~~~~~~~~~
../Core/Src/main.c:166:13: warning: 'MX_SAI1_Init' declared 'static' but never defined [-Wunused-function]
  166 | static void MX_SAI1_Init(void);
      |             ^~~~~~~~~~~~
../Core/Src/main.c:167:13: warning: 'MX_SDMMC1_SD_Init' used but never defined
  167 | static void MX_SDMMC1_SD_Init(void);
      |             ^~~~~~~~~~~~~~~~~
../Core/Src/main.c:168:13: warning: 'MX_SPI1_Init' declared 'static' but never defined [-Wunused-function]
  168 | static void MX_SPI1_Init(void);
      |             ^~~~~~~~~~~~
../Core/Src/main.c:169:13: warning: 'MX_SPI2_Init' used but never defined
  169 | static void MX_SPI2_Init(void);
      |             ^~~~~~~~~~~~
../Core/Src/main.c:170:13: warning: 'MX_SPI3_Init' declared 'static' but never defined [-Wunused-function]
  170 | static void MX_SPI3_Init(void);
      |             ^~~~~~~~~~~~
../Core/Src/main.c:171:13: warning: 'MX_TAMP_RTC_Init' used but never defined
  171 | static void MX_TAMP_RTC_Init(void);
      |             ^~~~~~~~~~~~~~~~
../Core/Src/main.c:172:13: warning: 'MX_TIM3_Init' declared 'static' but never defined [-Wunused-function]
  172 | static void MX_TIM3_Init(void);
      |             ^~~~~~~~~~~~
../Core/Src/main.c:173:13: warning: 'MX_USART2_UART_Init' used but never defined
  173 | static void MX_USART2_UART_Init(void);
      |             ^~~~~~~~~~~~~~~~~~~
../Core/Src/main.c:174:13: warning: 'MX_USART3_UART_Init' declared 'static' but never defined [-Wunused-function]
  174 | static void MX_USART3_UART_Init(void);
      |             ^~~~~~~~~~~~~~~~~~~
../Core/Src/main.c:175:13: warning: 'MX_USB_OTG_FS_PCD_Init' declared 'static' but never defined [-Wunused-function]
  175 | static void MX_USB_OTG_FS_PCD_Init(void);
      |             ^~~~~~~~~~~~~~~~~~~~~~
../Core/Src/main.c:1719:6: warning: 'Error_Handler' defined but not used [-Wunused-function]
 1719 | void Error_Handler(void)
      |      ^~~~~~~~~~~~~
../Core/Src/main.c:1697:6: warning: 'HAL_SPI_TxRxCpltCallback' defined but not used [-Wunused-function]
 1697 | void HAL_SPI_TxRxCpltCallback(SPI_HandleTypeDef *hspi) {
      |      ^~~~~~~~~~~~~~~~~~~~~~~~
../Core/Src/main.c:1680:6: warning: 'start_sensor_read' defined but not used [-Wunused-function]
 1680 | void start_sensor_read(void) {
      |      ^~~~~~~~~~~~~~~~~
../Core/Src/main.c:1624:6: warning: 'Initialize_Sensors' defined but not used [-Wunused-function]
 1624 | void Initialize_Sensors(void) {
      |      ^~~~~~~~~~~~~~~~~~
../Core/Src/main.c:1423:13: warning: 'MX_GPIO_Init' defined but not used [-Wunused-function]
 1423 | static void MX_GPIO_Init(void)
      |             ^~~~~~~~~~~~
../Core/Src/main.c:1387:13: warning: 'MX_USB_OTG_FS_PCD_Init' defined but not used [-Wunused-function]
 1387 | static void MX_USB_OTG_FS_PCD_Init(void)
      |             ^~~~~~~~~~~~~~~~~~~~~~
../Core/Src/main.c:1339:13: warning: 'MX_USART3_UART_Init' defined but not used [-Wunused-function]
 1339 | static void MX_USART3_UART_Init(void)
      |             ^~~~~~~~~~~~~~~~~~~
../Core/Src/main.c:1291:13: warning: 'MX_USART2_UART_Init' defined but not used [-Wunused-function]
 1291 | static void MX_USART2_UART_Init(void)
      |             ^~~~~~~~~~~~~~~~~~~
../Core/Src/main.c:1243:13: warning: 'MX_TIM3_Init' defined but not used [-Wunused-function]
 1243 | static void MX_TIM3_Init(void)
      |             ^~~~~~~~~~~~
../Core/Src/main.c:1194:13: warning: 'MX_TAMP_RTC_Init' defined but not used [-Wunused-function]
 1194 | static void MX_TAMP_RTC_Init(void)
      |             ^~~~~~~~~~~~~~~~
../Core/Src/main.c:1137:13: warning: 'MX_SPI3_Init' defined but not used [-Wunused-function]
 1137 | static void MX_SPI3_Init(void)
      |             ^~~~~~~~~~~~
../Core/Src/main.c:1080:13: warning: 'MX_SPI2_Init' defined but not used [-Wunused-function]
 1080 | static void MX_SPI2_Init(void)
      |             ^~~~~~~~~~~~
../Core/Src/main.c:1023:13: warning: 'MX_SPI1_Init' defined but not used [-Wunused-function]
 1023 | static void MX_SPI1_Init(void)
      |             ^~~~~~~~~~~~
../Core/Src/main.c:992:13: warning: 'MX_SDMMC1_SD_Init' defined but not used [-Wunused-function]
  992 | static void MX_SDMMC1_SD_Init(void)
      |             ^~~~~~~~~~~~~~~~~
../Core/Src/main.c:908:13: warning: 'MX_SAI1_Init' defined but not used [-Wunused-function]
  908 | static void MX_SAI1_Init(void)
      |             ^~~~~~~~~~~~
../Core/Src/main.c:860:13: warning: 'MX_RTC_Init' defined but not used [-Wunused-function]
  860 | static void MX_RTC_Init(void)
      |             ^~~~~~~~~~~
../Core/Src/main.c:828:13: warning: 'MX_ICACHE_Init' defined but not used [-Wunused-function]
  828 | static void MX_ICACHE_Init(void)
      |             ^~~~~~~~~~~~~~
../Core/Src/main.c:780:13: warning: 'MX_I2C3_Init' defined but not used [-Wunused-function]
  780 | static void MX_I2C3_Init(void)
      |             ^~~~~~~~~~~~
../Core/Src/main.c:732:13: warning: 'MX_I2C2_Init' defined but not used [-Wunused-function]
  732 | static void MX_I2C2_Init(void)
      |             ^~~~~~~~~~~~
../Core/Src/main.c:684:13: warning: 'MX_I2C1_Init' defined but not used [-Wunused-function]
  684 | static void MX_I2C1_Init(void)
      |             ^~~~~~~~~~~~
../Core/Src/main.c:646:13: warning: 'MX_GPDMA1_Init' defined but not used [-Wunused-function]
  646 | static void MX_GPDMA1_Init(void)
      |             ^~~~~~~~~~~~~~
../Core/Src/main.c:591:13: warning: 'MX_DAC1_Init' defined but not used [-Wunused-function]
  591 | static void MX_DAC1_Init(void)
      |             ^~~~~~~~~~~~
../Core/Src/main.c:537:13: warning: 'MX_MDF1_Init' defined but not used [-Wunused-function]
  537 | static void MX_MDF1_Init(void)
      |             ^~~~~~~~~~~~
../Core/Src/main.c:474:13: warning: 'MX_ADF1_Init' defined but not used [-Wunused-function]
  474 | static void MX_ADF1_Init(void)
      |             ^~~~~~~~~~~~
../Core/Src/main.c:430:13: warning: 'MX_ADC1_Init' defined but not used [-Wunused-function]
  430 | static void MX_ADC1_Init(void)
      |             ^~~~~~~~~~~~
../Core/Src/main.c:413:13: warning: 'SystemPower_Config' defined but not used [-Wunused-function]
  413 | static void SystemPower_Config(void)
      |             ^~~~~~~~~~~~~~~~~~
../Core/Src/main.c:374:6: warning: 'PeriphCommonClock_Config' defined but not used [-Wunused-function]
  374 | void PeriphCommonClock_Config(void)
      |      ^~~~~~~~~~~~~~~~~~~~~~~~
../Core/Src/main.c:316:6: warning: 'SystemClock_Config' defined but not used [-Wunused-function]
  316 | void SystemClock_Config(void)
      |      ^~~~~~~~~~~~~~~~~~
make: *** [Core/Src/subdir.mk:34: Core/Src/main.o] Error 1
"make -j8 all" terminated with exit code 2. Build might be incomplete.
10:22:59 **** Incremental Build of configuration Debug for project SPI2_MDA_Chain_2_Sensor ****
make -j8 all 
arm-none-eabi-gcc "../Core/Src/main.c" -mcpu=cortex-m33 -std=gnu11 -g3 -DDEBUG -DUSE_HAL_DRIVER -DSTM32U585xx -DFX_INCLUDE_USER_DEFINE_FILE -c -I../Core/Inc -I../Drivers/STM32U5xx_HAL_Driver/Inc -I../Drivers/STM32U5xx_HAL_Driver/Inc/Legacy -I../Drivers/CMSIS/Device/ST/STM32U5xx/Include -I../Drivers/CMSIS/Include -I../FileX/App -I../FileX/Target -I../Middlewares/ST/filex/common/inc -I../Middlewares/ST/filex/ports/generic/inc -O0 -ffunction-sections -fdata-sections -Wall -fstack-usage -fcyclomatic-complexity -MMD -MP -MF"Core/Src/main.d" -MT"Core/Src/main.o" --specs=nano.specs -mfpu=fpv5-sp-d16 -mfloat-abi=hard -mthumb -o "Core/Src/main.o"
../Core/Src/main.c:1388:13: warning: 'MX_USB_OTG_FS_PCD_Init' defined but not used [-Wunused-function]
 1388 | static void MX_USB_OTG_FS_PCD_Init(void)
      |             ^~~~~~~~~~~~~~~~~~~~~~
../Core/Src/main.c:1340:13: warning: 'MX_USART3_UART_Init' defined but not used [-Wunused-function]
 1340 | static void MX_USART3_UART_Init(void)
      |             ^~~~~~~~~~~~~~~~~~~
../Core/Src/main.c:1244:13: warning: 'MX_TIM3_Init' defined but not used [-Wunused-function]
 1244 | static void MX_TIM3_Init(void)
      |             ^~~~~~~~~~~~
../Core/Src/main.c:1138:13: warning: 'MX_SPI3_Init' defined but not used [-Wunused-function]
 1138 | static void MX_SPI3_Init(void)
      |             ^~~~~~~~~~~~
../Core/Src/main.c:1024:13: warning: 'MX_SPI1_Init' defined but not used [-Wunused-function]
 1024 | static void MX_SPI1_Init(void)
      |             ^~~~~~~~~~~~
../Core/Src/main.c:909:13: warning: 'MX_SAI1_Init' defined but not used [-Wunused-function]
  909 | static void MX_SAI1_Init(void)
      |             ^~~~~~~~~~~~
../Core/Src/main.c:781:13: warning: 'MX_I2C3_Init' defined but not used [-Wunused-function]
  781 | static void MX_I2C3_Init(void)
      |             ^~~~~~~~~~~~
../Core/Src/main.c:733:13: warning: 'MX_I2C2_Init' defined but not used [-Wunused-function]
  733 | static void MX_I2C2_Init(void)
      |             ^~~~~~~~~~~~
../Core/Src/main.c:685:13: warning: 'MX_I2C1_Init' defined but not used [-Wunused-function]
  685 | static void MX_I2C1_Init(void)
      |             ^~~~~~~~~~~~
../Core/Src/main.c:592:13: warning: 'MX_DAC1_Init' defined but not used [-Wunused-function]
  592 | static void MX_DAC1_Init(void)
      |             ^~~~~~~~~~~~
../Core/Src/main.c:538:13: warning: 'MX_MDF1_Init' defined but not used [-Wunused-function]
  538 | static void MX_MDF1_Init(void)
      |             ^~~~~~~~~~~~
../Core/Src/main.c:475:13: warning: 'MX_ADF1_Init' defined but not used [-Wunused-function]
  475 | static void MX_ADF1_Init(void)
      |             ^~~~~~~~~~~~
../Core/Src/main.c:431:13: warning: 'MX_ADC1_Init' defined but not used [-Wunused-function]
  431 | static void MX_ADC1_Init(void)
      |             ^~~~~~~~~~~~
arm-none-eabi-gcc -o "SPI2_MDA_Chain_2_Sensor.elf" @"objects.list"   -mcpu=cortex-m33 -T"C:\Users\kerem\STM32CubeIDE\workspace_1.19.0\WorkSpaceSteval\Steval_Anomaly\SPI2_MDA_Chain_2_Sensor\STM32U585AIIXQ_FLASH.ld" --specs=nosys.specs -Wl,-Map="SPI2_MDA_Chain_2_Sensor.map" -Wl,--gc-sections -static --specs=nano.specs -mfpu=fpv5-sp-d16 -mfloat-abi=hard -mthumb -Wl,--start-group -lc -lm -Wl,--end-group
Finished building target: SPI2_MDA_Chain_2_Sensor.elf
 
arm-none-eabi-size  SPI2_MDA_Chain_2_Sensor.elf 
arm-none-eabi-objdump -h -S SPI2_MDA_Chain_2_Sensor.elf  > "SPI2_MDA_Chain_2_Sensor.list"
   text	   data	    bss	    dec	    hex	filename
  51099	     92	   4780	  55971	   daa3	SPI2_MDA_Chain_2_Sensor.elf
Finished building: default.size.stdout
 
Finished building: SPI2_MDA_Chain_2_Sensor.list
 
10:29:20 **** Incremental Build of configuration Debug for project SPI2_MDA_Chain_2_Sensor ****
make -j8 all 
arm-none-eabi-gcc "../Core/Src/main.c" -mcpu=cortex-m33 -std=gnu11 -g3 -DDEBUG -DUSE_HAL_DRIVER -DSTM32U585xx -DFX_INCLUDE_USER_DEFINE_FILE -c -I../Core/Inc -I../Drivers/STM32U5xx_HAL_Driver/Inc -I../Drivers/STM32U5xx_HAL_Driver/Inc/Legacy -I../Drivers/CMSIS/Device/ST/STM32U5xx/Include -I../Drivers/CMSIS/Include -I../FileX/App -I../FileX/Target -I../Middlewares/ST/filex/common/inc -I../Middlewares/ST/filex/ports/generic/inc -O0 -ffunction-sections -fdata-sections -Wall -fstack-usage -fcyclomatic-complexity -MMD -MP -MF"Core/Src/main.d" -MT"Core/Src/main.o" --specs=nano.specs -mfpu=fpv5-sp-d16 -mfloat-abi=hard -mthumb -o "Core/Src/main.o"
../Core/Src/main.c: In function 'main':
../Core/Src/main.c:413:13: error: invalid storage class for function 'SystemPower_Config'
  413 | static void SystemPower_Config(void)
      |             ^~~~~~~~~~~~~~~~~~
../Core/Src/main.c:444:13: error: invalid storage class for function 'MX_ADC1_Init'
  444 | static void MX_ADC1_Init(void)
      |             ^~~~~~~~~~~~
../Core/Src/main.c:488:13: error: invalid storage class for function 'MX_ADF1_Init'
  488 | static void MX_ADF1_Init(void)
      |             ^~~~~~~~~~~~
../Core/Src/main.c:551:13: error: invalid storage class for function 'MX_MDF1_Init'
  551 | static void MX_MDF1_Init(void)
      |             ^~~~~~~~~~~~
../Core/Src/main.c:605:13: error: invalid storage class for function 'MX_DAC1_Init'
  605 | static void MX_DAC1_Init(void)
      |             ^~~~~~~~~~~~
../Core/Src/main.c:660:13: error: invalid storage class for function 'MX_GPDMA1_Init'
  660 | static void MX_GPDMA1_Init(void)
      |             ^~~~~~~~~~~~~~
../Core/Src/main.c:698:13: error: invalid storage class for function 'MX_I2C1_Init'
  698 | static void MX_I2C1_Init(void)
      |             ^~~~~~~~~~~~
../Core/Src/main.c:746:13: error: invalid storage class for function 'MX_I2C2_Init'
  746 | static void MX_I2C2_Init(void)
      |             ^~~~~~~~~~~~
../Core/Src/main.c:794:13: error: invalid storage class for function 'MX_I2C3_Init'
  794 | static void MX_I2C3_Init(void)
      |             ^~~~~~~~~~~~
../Core/Src/main.c:842:13: error: invalid storage class for function 'MX_ICACHE_Init'
  842 | static void MX_ICACHE_Init(void)
      |             ^~~~~~~~~~~~~~
../Core/Src/main.c:874:13: error: invalid storage class for function 'MX_RTC_Init'
  874 | static void MX_RTC_Init(void)
      |             ^~~~~~~~~~~
../Core/Src/main.c:922:13: error: invalid storage class for function 'MX_SAI1_Init'
  922 | static void MX_SAI1_Init(void)
      |             ^~~~~~~~~~~~
../Core/Src/main.c:1006:13: error: invalid storage class for function 'MX_SDMMC1_SD_Init'
 1006 | static void MX_SDMMC1_SD_Init(void)
      |             ^~~~~~~~~~~~~~~~~
../Core/Src/main.c:1037:13: error: invalid storage class for function 'MX_SPI1_Init'
 1037 | static void MX_SPI1_Init(void)
      |             ^~~~~~~~~~~~
../Core/Src/main.c:1094:13: error: invalid storage class for function 'MX_SPI2_Init'
 1094 | static void MX_SPI2_Init(void)
      |             ^~~~~~~~~~~~
../Core/Src/main.c:1151:13: error: invalid storage class for function 'MX_SPI3_Init'
 1151 | static void MX_SPI3_Init(void)
      |             ^~~~~~~~~~~~
../Core/Src/main.c:1208:13: error: invalid storage class for function 'MX_TAMP_RTC_Init'
 1208 | static void MX_TAMP_RTC_Init(void)
      |             ^~~~~~~~~~~~~~~~
../Core/Src/main.c:1257:13: error: invalid storage class for function 'MX_TIM3_Init'
 1257 | static void MX_TIM3_Init(void)
      |             ^~~~~~~~~~~~
../Core/Src/main.c:1305:13: error: invalid storage class for function 'MX_USART2_UART_Init'
 1305 | static void MX_USART2_UART_Init(void)
      |             ^~~~~~~~~~~~~~~~~~~
../Core/Src/main.c:1353:13: error: invalid storage class for function 'MX_USART3_UART_Init'
 1353 | static void MX_USART3_UART_Init(void)
      |             ^~~~~~~~~~~~~~~~~~~
../Core/Src/main.c:1401:13: error: invalid storage class for function 'MX_USB_OTG_FS_PCD_Init'
 1401 | static void MX_USB_OTG_FS_PCD_Init(void)
      |             ^~~~~~~~~~~~~~~~~~~~~~
../Core/Src/main.c:1437:13: error: invalid storage class for function 'MX_GPIO_Init'
 1437 | static void MX_GPIO_Init(void)
      |             ^~~~~~~~~~~~
../Core/Src/main.c:1742:1: error: expected declaration or statement at end of input
 1742 | }
      | ^
../Core/Src/main.c: At top level:
../Core/Src/main.c:154:13: warning: 'SystemPower_Config' used but never defined
  154 | static void SystemPower_Config(void);
      |             ^~~~~~~~~~~~~~~~~~
../Core/Src/main.c:155:13: warning: 'MX_GPIO_Init' used but never defined
  155 | static void MX_GPIO_Init(void);
      |             ^~~~~~~~~~~~
../Core/Src/main.c:156:13: warning: 'MX_GPDMA1_Init' used but never defined
  156 | static void MX_GPDMA1_Init(void);
      |             ^~~~~~~~~~~~~~
../Core/Src/main.c:157:13: warning: 'MX_ADC1_Init' declared 'static' but never defined [-Wunused-function]
  157 | static void MX_ADC1_Init(void);
      |             ^~~~~~~~~~~~
../Core/Src/main.c:158:13: warning: 'MX_ADF1_Init' declared 'static' but never defined [-Wunused-function]
  158 | static void MX_ADF1_Init(void);
      |             ^~~~~~~~~~~~
../Core/Src/main.c:159:13: warning: 'MX_MDF1_Init' declared 'static' but never defined [-Wunused-function]
  159 | static void MX_MDF1_Init(void);
      |             ^~~~~~~~~~~~
../Core/Src/main.c:160:13: warning: 'MX_DAC1_Init' declared 'static' but never defined [-Wunused-function]
  160 | static void MX_DAC1_Init(void);
      |             ^~~~~~~~~~~~
../Core/Src/main.c:161:13: warning: 'MX_I2C1_Init' declared 'static' but never defined [-Wunused-function]
  161 | static void MX_I2C1_Init(void);
      |             ^~~~~~~~~~~~
../Core/Src/main.c:162:13: warning: 'MX_I2C2_Init' declared 'static' but never defined [-Wunused-function]
  162 | static void MX_I2C2_Init(void);
      |             ^~~~~~~~~~~~
../Core/Src/main.c:163:13: warning: 'MX_I2C3_Init' declared 'static' but never defined [-Wunused-function]
  163 | static void MX_I2C3_Init(void);
      |             ^~~~~~~~~~~~
../Core/Src/main.c:164:13: warning: 'MX_ICACHE_Init' used but never defined
  164 | static void MX_ICACHE_Init(void);
      |             ^~~~~~~~~~~~~~
../Core/Src/main.c:165:13: warning: 'MX_RTC_Init' used but never defined
  165 | static void MX_RTC_Init(void);
      |             ^~~~~~~~~~~
../Core/Src/main.c:166:13: warning: 'MX_SAI1_Init' declared 'static' but never defined [-Wunused-function]
  166 | static void MX_SAI1_Init(void);
      |             ^~~~~~~~~~~~
../Core/Src/main.c:167:13: warning: 'MX_SDMMC1_SD_Init' used but never defined
  167 | static void MX_SDMMC1_SD_Init(void);
      |             ^~~~~~~~~~~~~~~~~
../Core/Src/main.c:168:13: warning: 'MX_SPI1_Init' declared 'static' but never defined [-Wunused-function]
  168 | static void MX_SPI1_Init(void);
      |             ^~~~~~~~~~~~
../Core/Src/main.c:169:13: warning: 'MX_SPI2_Init' used but never defined
  169 | static void MX_SPI2_Init(void);
      |             ^~~~~~~~~~~~
../Core/Src/main.c:170:13: warning: 'MX_SPI3_Init' declared 'static' but never defined [-Wunused-function]
  170 | static void MX_SPI3_Init(void);
      |             ^~~~~~~~~~~~
../Core/Src/main.c:171:13: warning: 'MX_TAMP_RTC_Init' used but never defined
  171 | static void MX_TAMP_RTC_Init(void);
      |             ^~~~~~~~~~~~~~~~
../Core/Src/main.c:172:13: warning: 'MX_TIM3_Init' declared 'static' but never defined [-Wunused-function]
  172 | static void MX_TIM3_Init(void);
      |             ^~~~~~~~~~~~
../Core/Src/main.c:173:13: warning: 'MX_USART2_UART_Init' used but never defined
  173 | static void MX_USART2_UART_Init(void);
      |             ^~~~~~~~~~~~~~~~~~~
../Core/Src/main.c:174:13: warning: 'MX_USART3_UART_Init' declared 'static' but never defined [-Wunused-function]
  174 | static void MX_USART3_UART_Init(void);
      |             ^~~~~~~~~~~~~~~~~~~
../Core/Src/main.c:175:13: warning: 'MX_USB_OTG_FS_PCD_Init' declared 'static' but never defined [-Wunused-function]
  175 | static void MX_USB_OTG_FS_PCD_Init(void);
      |             ^~~~~~~~~~~~~~~~~~~~~~
../Core/Src/main.c:1733:6: warning: 'Error_Handler' defined but not used [-Wunused-function]
 1733 | void Error_Handler(void)
      |      ^~~~~~~~~~~~~
../Core/Src/main.c:1711:6: warning: 'HAL_SPI_TxRxCpltCallback' defined but not used [-Wunused-function]
 1711 | void HAL_SPI_TxRxCpltCallback(SPI_HandleTypeDef *hspi) {
      |      ^~~~~~~~~~~~~~~~~~~~~~~~
../Core/Src/main.c:1694:6: warning: 'start_sensor_read' defined but not used [-Wunused-function]
 1694 | void start_sensor_read(void) {
      |      ^~~~~~~~~~~~~~~~~
../Core/Src/main.c:1638:6: warning: 'Initialize_Sensors' defined but not used [-Wunused-function]
 1638 | void Initialize_Sensors(void) {
      |      ^~~~~~~~~~~~~~~~~~
../Core/Src/main.c:1437:13: warning: 'MX_GPIO_Init' defined but not used [-Wunused-function]
 1437 | static void MX_GPIO_Init(void)
      |             ^~~~~~~~~~~~
../Core/Src/main.c:1401:13: warning: 'MX_USB_OTG_FS_PCD_Init' defined but not used [-Wunused-function]
 1401 | static void MX_USB_OTG_FS_PCD_Init(void)
      |             ^~~~~~~~~~~~~~~~~~~~~~
../Core/Src/main.c:1353:13: warning: 'MX_USART3_UART_Init' defined but not used [-Wunused-function]
 1353 | static void MX_USART3_UART_Init(void)
      |             ^~~~~~~~~~~~~~~~~~~
../Core/Src/main.c:1305:13: warning: 'MX_USART2_UART_Init' defined but not used [-Wunused-function]
 1305 | static void MX_USART2_UART_Init(void)
      |             ^~~~~~~~~~~~~~~~~~~
../Core/Src/main.c:1257:13: warning: 'MX_TIM3_Init' defined but not used [-Wunused-function]
 1257 | static void MX_TIM3_Init(void)
      |             ^~~~~~~~~~~~
../Core/Src/main.c:1208:13: warning: 'MX_TAMP_RTC_Init' defined but not used [-Wunused-function]
 1208 | static void MX_TAMP_RTC_Init(void)
      |             ^~~~~~~~~~~~~~~~
../Core/Src/main.c:1151:13: warning: 'MX_SPI3_Init' defined but not used [-Wunused-function]
 1151 | static void MX_SPI3_Init(void)
      |             ^~~~~~~~~~~~
../Core/Src/main.c:1094:13: warning: 'MX_SPI2_Init' defined but not used [-Wunused-function]
 1094 | static void MX_SPI2_Init(void)
      |             ^~~~~~~~~~~~
../Core/Src/main.c:1037:13: warning: 'MX_SPI1_Init' defined but not used [-Wunused-function]
 1037 | static void MX_SPI1_Init(void)
      |             ^~~~~~~~~~~~
../Core/Src/main.c:1006:13: warning: 'MX_SDMMC1_SD_Init' defined but not used [-Wunused-function]
 1006 | static void MX_SDMMC1_SD_Init(void)
      |             ^~~~~~~~~~~~~~~~~
../Core/Src/main.c:922:13: warning: 'MX_SAI1_Init' defined but not used [-Wunused-function]
  922 | static void MX_SAI1_Init(void)
      |             ^~~~~~~~~~~~
../Core/Src/main.c:874:13: warning: 'MX_RTC_Init' defined but not used [-Wunused-function]
  874 | static void MX_RTC_Init(void)
      |             ^~~~~~~~~~~
../Core/Src/main.c:842:13: warning: 'MX_ICACHE_Init' defined but not used [-Wunused-function]
  842 | static void MX_ICACHE_Init(void)
      |             ^~~~~~~~~~~~~~
../Core/Src/main.c:794:13: warning: 'MX_I2C3_Init' defined but not used [-Wunused-function]
  794 | static void MX_I2C3_Init(void)
      |             ^~~~~~~~~~~~
../Core/Src/main.c:746:13: warning: 'MX_I2C2_Init' defined but not used [-Wunused-function]
  746 | static void MX_I2C2_Init(void)
      |             ^~~~~~~~~~~~
../Core/Src/main.c:698:13: warning: 'MX_I2C1_Init' defined but not used [-Wunused-function]
  698 | static void MX_I2C1_Init(void)
      |             ^~~~~~~~~~~~
../Core/Src/main.c:660:13: warning: 'MX_GPDMA1_Init' defined but not used [-Wunused-function]
  660 | static void MX_GPDMA1_Init(void)
      |             ^~~~~~~~~~~~~~
../Core/Src/main.c:605:13: warning: 'MX_DAC1_Init' defined but not used [-Wunused-function]
  605 | static void MX_DAC1_Init(void)
      |             ^~~~~~~~~~~~
../Core/Src/main.c:551:13: warning: 'MX_MDF1_Init' defined but not used [-Wunused-function]
  551 | static void MX_MDF1_Init(void)
      |             ^~~~~~~~~~~~
../Core/Src/main.c:488:13: warning: 'MX_ADF1_Init' defined but not used [-Wunused-function]
  488 | static void MX_ADF1_Init(void)
      |             ^~~~~~~~~~~~
../Core/Src/main.c:444:13: warning: 'MX_ADC1_Init' defined but not used [-Wunused-function]
  444 | static void MX_ADC1_Init(void)
      |             ^~~~~~~~~~~~
../Core/Src/main.c:413:13: warning: 'SystemPower_Config' defined but not used [-Wunused-function]
  413 | static void SystemPower_Config(void)
      |             ^~~~~~~~~~~~~~~~~~
../Core/Src/main.c:374:6: warning: 'PeriphCommonClock_Config' defined but not used [-Wunused-function]
  374 | void PeriphCommonClock_Config(void)
      |      ^~~~~~~~~~~~~~~~~~~~~~~~
../Core/Src/main.c:316:6: warning: 'SystemClock_Config' defined but not used [-Wunused-function]
  316 | void SystemClock_Config(void)
      |      ^~~~~~~~~~~~~~~~~~
make: *** [Core/Src/subdir.mk:34: Core/Src/main.o] Error 1
"make -j8 all" terminated with exit code 2. Build might be incomplete.
10:29:42 **** Incremental Build of configuration Debug for project SPI2_MDA_Chain_2_Sensor ****
make -j8 all 
arm-none-eabi-gcc "../Core/Src/main.c" -mcpu=cortex-m33 -std=gnu11 -g3 -DDEBUG -DUSE_HAL_DRIVER -DSTM32U585xx -DFX_INCLUDE_USER_DEFINE_FILE -c -I../Core/Inc -I../Drivers/STM32U5xx_HAL_Driver/Inc -I../Drivers/STM32U5xx_HAL_Driver/Inc/Legacy -I../Drivers/CMSIS/Device/ST/STM32U5xx/Include -I../Drivers/CMSIS/Include -I../FileX/App -I../FileX/Target -I../Middlewares/ST/filex/common/inc -I../Middlewares/ST/filex/ports/generic/inc -O0 -ffunction-sections -fdata-sections -Wall -fstack-usage -fcyclomatic-complexity -MMD -MP -MF"Core/Src/main.d" -MT"Core/Src/main.o" --specs=nano.specs -mfpu=fpv5-sp-d16 -mfloat-abi=hard -mthumb -o "Core/Src/main.o"
../Core/Src/main.c:1402:13: warning: 'MX_USB_OTG_FS_PCD_Init' defined but not used [-Wunused-function]
 1402 | static void MX_USB_OTG_FS_PCD_Init(void)
      |             ^~~~~~~~~~~~~~~~~~~~~~
../Core/Src/main.c:1354:13: warning: 'MX_USART3_UART_Init' defined but not used [-Wunused-function]
 1354 | static void MX_USART3_UART_Init(void)
      |             ^~~~~~~~~~~~~~~~~~~
../Core/Src/main.c:1258:13: warning: 'MX_TIM3_Init' defined but not used [-Wunused-function]
 1258 | static void MX_TIM3_Init(void)
      |             ^~~~~~~~~~~~
../Core/Src/main.c:1152:13: warning: 'MX_SPI3_Init' defined but not used [-Wunused-function]
 1152 | static void MX_SPI3_Init(void)
      |             ^~~~~~~~~~~~
../Core/Src/main.c:1038:13: warning: 'MX_SPI1_Init' defined but not used [-Wunused-function]
 1038 | static void MX_SPI1_Init(void)
      |             ^~~~~~~~~~~~
../Core/Src/main.c:923:13: warning: 'MX_SAI1_Init' defined but not used [-Wunused-function]
  923 | static void MX_SAI1_Init(void)
      |             ^~~~~~~~~~~~
../Core/Src/main.c:795:13: warning: 'MX_I2C3_Init' defined but not used [-Wunused-function]
  795 | static void MX_I2C3_Init(void)
      |             ^~~~~~~~~~~~
../Core/Src/main.c:747:13: warning: 'MX_I2C2_Init' defined but not used [-Wunused-function]
  747 | static void MX_I2C2_Init(void)
      |             ^~~~~~~~~~~~
../Core/Src/main.c:699:13: warning: 'MX_I2C1_Init' defined but not used [-Wunused-function]
  699 | static void MX_I2C1_Init(void)
      |             ^~~~~~~~~~~~
../Core/Src/main.c:606:13: warning: 'MX_DAC1_Init' defined but not used [-Wunused-function]
  606 | static void MX_DAC1_Init(void)
      |             ^~~~~~~~~~~~
../Core/Src/main.c:552:13: warning: 'MX_MDF1_Init' defined but not used [-Wunused-function]
  552 | static void MX_MDF1_Init(void)
      |             ^~~~~~~~~~~~
../Core/Src/main.c:489:13: warning: 'MX_ADF1_Init' defined but not used [-Wunused-function]
  489 | static void MX_ADF1_Init(void)
      |             ^~~~~~~~~~~~
../Core/Src/main.c:445:13: warning: 'MX_ADC1_Init' defined but not used [-Wunused-function]
  445 | static void MX_ADC1_Init(void)
      |             ^~~~~~~~~~~~
arm-none-eabi-gcc -o "SPI2_MDA_Chain_2_Sensor.elf" @"objects.list"   -mcpu=cortex-m33 -T"C:\Users\kerem\STM32CubeIDE\workspace_1.19.0\WorkSpaceSteval\Steval_Anomaly\SPI2_MDA_Chain_2_Sensor\STM32U585AIIXQ_FLASH.ld" --specs=nosys.specs -Wl,-Map="SPI2_MDA_Chain_2_Sensor.map" -Wl,--gc-sections -static --specs=nano.specs -mfpu=fpv5-sp-d16 -mfloat-abi=hard -mthumb -Wl,--start-group -lc -lm -Wl,--end-group
Finished building target: SPI2_MDA_Chain_2_Sensor.elf
 
arm-none-eabi-size  SPI2_MDA_Chain_2_Sensor.elf 
arm-none-eabi-objdump -h -S SPI2_MDA_Chain_2_Sensor.elf  > "SPI2_MDA_Chain_2_Sensor.list"
   text	   data	    bss	    dec	    hex	filename
  51547	     92	   4780	  56419	   dc63	SPI2_MDA_Chain_2_Sensor.elf
Finished building: default.size.stdout
 
Finished building: SPI2_MDA_Chain_2_Sensor.list
 
12:26:36 **** Incremental Build of configuration Debug for project SPI2_MDA_Chain_2_Sensor ****
make -j8 all 
arm-none-eabi-gcc "../Core/Src/main.c" -mcpu=cortex-m33 -std=gnu11 -g3 -DDEBUG -DUSE_HAL_DRIVER -DSTM32U585xx -DFX_INCLUDE_USER_DEFINE_FILE -c -I../Core/Inc -I../Drivers/STM32U5xx_HAL_Driver/Inc -I../Drivers/STM32U5xx_HAL_Driver/Inc/Legacy -I../Drivers/CMSIS/Device/ST/STM32U5xx/Include -I../Drivers/CMSIS/Include -I../FileX/App -I../FileX/Target -I../Middlewares/ST/filex/common/inc -I../Middlewares/ST/filex/ports/generic/inc -O0 -ffunction-sections -fdata-sections -Wall -fstack-usage -fcyclomatic-complexity -MMD -MP -MF"Core/Src/main.d" -MT"Core/Src/main.o" --specs=nano.specs -mfpu=fpv5-sp-d16 -mfloat-abi=hard -mthumb -o "Core/Src/main.o"
In file included from ../FileX/App/app_filex.h:30,
                 from ../Core/Src/main.c:21:
../Core/Src/main.c: In function 'main':
../Core/Src/main.c:314:90: error: 'FX_OPEN_FOR_APPEND' undeclared (first use in this function); did you mean 'FX_OPEN_FOR_READ'?
  314 |                   UINT open_status = fx_file_open(&sd_media, &log_file, "datalog.jsonl", FX_OPEN_FOR_APPEND);
      |                                                                                          ^~~~~~~~~~~~~~~~~~
../Middlewares/ST/filex/common/inc/fx_api.h:1466:71: note: in definition of macro 'fx_file_open'
 1466 | #define fx_file_open(m, f, n, t)              _fxe_file_open(m, f, n, t, sizeof(FX_FILE))
      |                                                                       ^
../Core/Src/main.c:314:90: note: each undeclared identifier is reported only once for each function it appears in
  314 |                   UINT open_status = fx_file_open(&sd_media, &log_file, "datalog.jsonl", FX_OPEN_FOR_APPEND);
      |                                                                                          ^~~~~~~~~~~~~~~~~~
../Middlewares/ST/filex/common/inc/fx_api.h:1466:71: note: in definition of macro 'fx_file_open'
 1466 | #define fx_file_open(m, f, n, t)              _fxe_file_open(m, f, n, t, sizeof(FX_FILE))
      |                                                                       ^
../Core/Src/main.c:450:13: error: invalid storage class for function 'SystemPower_Config'
  450 | static void SystemPower_Config(void)
      |             ^~~~~~~~~~~~~~~~~~
../Core/Src/main.c:481:13: error: invalid storage class for function 'MX_ADC1_Init'
  481 | static void MX_ADC1_Init(void)
      |             ^~~~~~~~~~~~
../Core/Src/main.c:525:13: error: invalid storage class for function 'MX_ADF1_Init'
  525 | static void MX_ADF1_Init(void)
      |             ^~~~~~~~~~~~
../Core/Src/main.c:588:13: error: invalid storage class for function 'MX_MDF1_Init'
  588 | static void MX_MDF1_Init(void)
      |             ^~~~~~~~~~~~
../Core/Src/main.c:642:13: error: invalid storage class for function 'MX_DAC1_Init'
  642 | static void MX_DAC1_Init(void)
      |             ^~~~~~~~~~~~
../Core/Src/main.c:697:13: error: invalid storage class for function 'MX_GPDMA1_Init'
  697 | static void MX_GPDMA1_Init(void)
      |             ^~~~~~~~~~~~~~
../Core/Src/main.c:735:13: error: invalid storage class for function 'MX_I2C1_Init'
  735 | static void MX_I2C1_Init(void)
      |             ^~~~~~~~~~~~
../Core/Src/main.c:783:13: error: invalid storage class for function 'MX_I2C2_Init'
  783 | static void MX_I2C2_Init(void)
      |             ^~~~~~~~~~~~
../Core/Src/main.c:831:13: error: invalid storage class for function 'MX_I2C3_Init'
  831 | static void MX_I2C3_Init(void)
      |             ^~~~~~~~~~~~
../Core/Src/main.c:879:13: error: invalid storage class for function 'MX_ICACHE_Init'
  879 | static void MX_ICACHE_Init(void)
      |             ^~~~~~~~~~~~~~
../Core/Src/main.c:911:13: error: invalid storage class for function 'MX_RTC_Init'
  911 | static void MX_RTC_Init(void)
      |             ^~~~~~~~~~~
../Core/Src/main.c:959:13: error: invalid storage class for function 'MX_SAI1_Init'
  959 | static void MX_SAI1_Init(void)
      |             ^~~~~~~~~~~~
../Core/Src/main.c:1043:13: error: invalid storage class for function 'MX_SDMMC1_SD_Init'
 1043 | static void MX_SDMMC1_SD_Init(void)
      |             ^~~~~~~~~~~~~~~~~
../Core/Src/main.c:1074:13: error: invalid storage class for function 'MX_SPI1_Init'
 1074 | static void MX_SPI1_Init(void)
      |             ^~~~~~~~~~~~
../Core/Src/main.c:1131:13: error: invalid storage class for function 'MX_SPI2_Init'
 1131 | static void MX_SPI2_Init(void)
      |             ^~~~~~~~~~~~
../Core/Src/main.c:1188:13: error: invalid storage class for function 'MX_SPI3_Init'
 1188 | static void MX_SPI3_Init(void)
      |             ^~~~~~~~~~~~
../Core/Src/main.c:1245:13: error: invalid storage class for function 'MX_TAMP_RTC_Init'
 1245 | static void MX_TAMP_RTC_Init(void)
      |             ^~~~~~~~~~~~~~~~
../Core/Src/main.c:1294:13: error: invalid storage class for function 'MX_TIM3_Init'
 1294 | static void MX_TIM3_Init(void)
      |             ^~~~~~~~~~~~
../Core/Src/main.c:1342:13: error: invalid storage class for function 'MX_USART2_UART_Init'
 1342 | static void MX_USART2_UART_Init(void)
      |             ^~~~~~~~~~~~~~~~~~~
../Core/Src/main.c:1390:13: error: invalid storage class for function 'MX_USART3_UART_Init'
 1390 | static void MX_USART3_UART_Init(void)
      |             ^~~~~~~~~~~~~~~~~~~
../Core/Src/main.c:1438:13: error: invalid storage class for function 'MX_USB_OTG_FS_PCD_Init'
 1438 | static void MX_USB_OTG_FS_PCD_Init(void)
      |             ^~~~~~~~~~~~~~~~~~~~~~
../Core/Src/main.c:1474:13: error: invalid storage class for function 'MX_GPIO_Init'
 1474 | static void MX_GPIO_Init(void)
      |             ^~~~~~~~~~~~
../Core/Src/main.c:1779:1: error: expected declaration or statement at end of input
 1779 | }
      | ^
../Core/Src/main.c: At top level:
../Core/Src/main.c:163:13: warning: 'SystemPower_Config' used but never defined
  163 | static void SystemPower_Config(void);
      |             ^~~~~~~~~~~~~~~~~~
../Core/Src/main.c:164:13: warning: 'MX_GPIO_Init' used but never defined
  164 | static void MX_GPIO_Init(void);
      |             ^~~~~~~~~~~~
../Core/Src/main.c:165:13: warning: 'MX_GPDMA1_Init' used but never defined
  165 | static void MX_GPDMA1_Init(void);
      |             ^~~~~~~~~~~~~~
../Core/Src/main.c:166:13: warning: 'MX_ADC1_Init' declared 'static' but never defined [-Wunused-function]
  166 | static void MX_ADC1_Init(void);
      |             ^~~~~~~~~~~~
../Core/Src/main.c:167:13: warning: 'MX_ADF1_Init' declared 'static' but never defined [-Wunused-function]
  167 | static void MX_ADF1_Init(void);
      |             ^~~~~~~~~~~~
../Core/Src/main.c:168:13: warning: 'MX_MDF1_Init' declared 'static' but never defined [-Wunused-function]
  168 | static void MX_MDF1_Init(void);
      |             ^~~~~~~~~~~~
../Core/Src/main.c:169:13: warning: 'MX_DAC1_Init' declared 'static' but never defined [-Wunused-function]
  169 | static void MX_DAC1_Init(void);
      |             ^~~~~~~~~~~~
../Core/Src/main.c:170:13: warning: 'MX_I2C1_Init' declared 'static' but never defined [-Wunused-function]
  170 | static void MX_I2C1_Init(void);
      |             ^~~~~~~~~~~~
../Core/Src/main.c:171:13: warning: 'MX_I2C2_Init' declared 'static' but never defined [-Wunused-function]
  171 | static void MX_I2C2_Init(void);
      |             ^~~~~~~~~~~~
../Core/Src/main.c:172:13: warning: 'MX_I2C3_Init' declared 'static' but never defined [-Wunused-function]
  172 | static void MX_I2C3_Init(void);
      |             ^~~~~~~~~~~~
../Core/Src/main.c:173:13: warning: 'MX_ICACHE_Init' used but never defined
  173 | static void MX_ICACHE_Init(void);
      |             ^~~~~~~~~~~~~~
../Core/Src/main.c:174:13: warning: 'MX_RTC_Init' used but never defined
  174 | static void MX_RTC_Init(void);
      |             ^~~~~~~~~~~
../Core/Src/main.c:175:13: warning: 'MX_SAI1_Init' declared 'static' but never defined [-Wunused-function]
  175 | static void MX_SAI1_Init(void);
      |             ^~~~~~~~~~~~
../Core/Src/main.c:176:13: warning: 'MX_SDMMC1_SD_Init' used but never defined
  176 | static void MX_SDMMC1_SD_Init(void);
      |             ^~~~~~~~~~~~~~~~~
../Core/Src/main.c:177:13: warning: 'MX_SPI1_Init' declared 'static' but never defined [-Wunused-function]
  177 | static void MX_SPI1_Init(void);
      |             ^~~~~~~~~~~~
../Core/Src/main.c:178:13: warning: 'MX_SPI2_Init' used but never defined
  178 | static void MX_SPI2_Init(void);
      |             ^~~~~~~~~~~~
../Core/Src/main.c:179:13: warning: 'MX_SPI3_Init' declared 'static' but never defined [-Wunused-function]
  179 | static void MX_SPI3_Init(void);
      |             ^~~~~~~~~~~~
../Core/Src/main.c:180:13: warning: 'MX_TAMP_RTC_Init' used but never defined
  180 | static void MX_TAMP_RTC_Init(void);
      |             ^~~~~~~~~~~~~~~~
../Core/Src/main.c:181:13: warning: 'MX_TIM3_Init' declared 'static' but never defined [-Wunused-function]
  181 | static void MX_TIM3_Init(void);
      |             ^~~~~~~~~~~~
../Core/Src/main.c:182:13: warning: 'MX_USART2_UART_Init' used but never defined
  182 | static void MX_USART2_UART_Init(void);
      |             ^~~~~~~~~~~~~~~~~~~
../Core/Src/main.c:183:13: warning: 'MX_USART3_UART_Init' declared 'static' but never defined [-Wunused-function]
  183 | static void MX_USART3_UART_Init(void);
      |             ^~~~~~~~~~~~~~~~~~~
../Core/Src/main.c:184:13: warning: 'MX_USB_OTG_FS_PCD_Init' declared 'static' but never defined [-Wunused-function]
  184 | static void MX_USB_OTG_FS_PCD_Init(void);
      |             ^~~~~~~~~~~~~~~~~~~~~~
../Core/Src/main.c:1770:6: warning: 'Error_Handler' defined but not used [-Wunused-function]
 1770 | void Error_Handler(void)
      |      ^~~~~~~~~~~~~
../Core/Src/main.c:1748:6: warning: 'HAL_SPI_TxRxCpltCallback' defined but not used [-Wunused-function]
 1748 | void HAL_SPI_TxRxCpltCallback(SPI_HandleTypeDef *hspi) {
      |      ^~~~~~~~~~~~~~~~~~~~~~~~
../Core/Src/main.c:1731:6: warning: 'start_sensor_read' defined but not used [-Wunused-function]
 1731 | void start_sensor_read(void) {
      |      ^~~~~~~~~~~~~~~~~
../Core/Src/main.c:1675:6: warning: 'Initialize_Sensors' defined but not used [-Wunused-function]
 1675 | void Initialize_Sensors(void) {
      |      ^~~~~~~~~~~~~~~~~~
../Core/Src/main.c:1474:13: warning: 'MX_GPIO_Init' defined but not used [-Wunused-function]
 1474 | static void MX_GPIO_Init(void)
      |             ^~~~~~~~~~~~
../Core/Src/main.c:1438:13: warning: 'MX_USB_OTG_FS_PCD_Init' defined but not used [-Wunused-function]
 1438 | static void MX_USB_OTG_FS_PCD_Init(void)
      |             ^~~~~~~~~~~~~~~~~~~~~~
../Core/Src/main.c:1390:13: warning: 'MX_USART3_UART_Init' defined but not used [-Wunused-function]
 1390 | static void MX_USART3_UART_Init(void)
      |             ^~~~~~~~~~~~~~~~~~~
../Core/Src/main.c:1342:13: warning: 'MX_USART2_UART_Init' defined but not used [-Wunused-function]
 1342 | static void MX_USART2_UART_Init(void)
      |             ^~~~~~~~~~~~~~~~~~~
../Core/Src/main.c:1294:13: warning: 'MX_TIM3_Init' defined but not used [-Wunused-function]
 1294 | static void MX_TIM3_Init(void)
      |             ^~~~~~~~~~~~
../Core/Src/main.c:1245:13: warning: 'MX_TAMP_RTC_Init' defined but not used [-Wunused-function]
 1245 | static void MX_TAMP_RTC_Init(void)
      |             ^~~~~~~~~~~~~~~~
../Core/Src/main.c:1188:13: warning: 'MX_SPI3_Init' defined but not used [-Wunused-function]
 1188 | static void MX_SPI3_Init(void)
      |             ^~~~~~~~~~~~
../Core/Src/main.c:1131:13: warning: 'MX_SPI2_Init' defined but not used [-Wunused-function]
 1131 | static void MX_SPI2_Init(void)
      |             ^~~~~~~~~~~~
../Core/Src/main.c:1074:13: warning: 'MX_SPI1_Init' defined but not used [-Wunused-function]
 1074 | static void MX_SPI1_Init(void)
      |             ^~~~~~~~~~~~
../Core/Src/main.c:1043:13: warning: 'MX_SDMMC1_SD_Init' defined but not used [-Wunused-function]
 1043 | static void MX_SDMMC1_SD_Init(void)
      |             ^~~~~~~~~~~~~~~~~
../Core/Src/main.c:959:13: warning: 'MX_SAI1_Init' defined but not used [-Wunused-function]
  959 | static void MX_SAI1_Init(void)
      |             ^~~~~~~~~~~~
../Core/Src/main.c:911:13: warning: 'MX_RTC_Init' defined but not used [-Wunused-function]
  911 | static void MX_RTC_Init(void)
      |             ^~~~~~~~~~~
../Core/Src/main.c:879:13: warning: 'MX_ICACHE_Init' defined but not used [-Wunused-function]
  879 | static void MX_ICACHE_Init(void)
      |             ^~~~~~~~~~~~~~
../Core/Src/main.c:831:13: warning: 'MX_I2C3_Init' defined but not used [-Wunused-function]
  831 | static void MX_I2C3_Init(void)
      |             ^~~~~~~~~~~~
../Core/Src/main.c:783:13: warning: 'MX_I2C2_Init' defined but not used [-Wunused-function]
  783 | static void MX_I2C2_Init(void)
      |             ^~~~~~~~~~~~
../Core/Src/main.c:735:13: warning: 'MX_I2C1_Init' defined but not used [-Wunused-function]
  735 | static void MX_I2C1_Init(void)
      |             ^~~~~~~~~~~~
../Core/Src/main.c:697:13: warning: 'MX_GPDMA1_Init' defined but not used [-Wunused-function]
  697 | static void MX_GPDMA1_Init(void)
      |             ^~~~~~~~~~~~~~
../Core/Src/main.c:642:13: warning: 'MX_DAC1_Init' defined but not used [-Wunused-function]
  642 | static void MX_DAC1_Init(void)
      |             ^~~~~~~~~~~~
../Core/Src/main.c:588:13: warning: 'MX_MDF1_Init' defined but not used [-Wunused-function]
  588 | static void MX_MDF1_Init(void)
      |             ^~~~~~~~~~~~
../Core/Src/main.c:525:13: warning: 'MX_ADF1_Init' defined but not used [-Wunused-function]
  525 | static void MX_ADF1_Init(void)
      |             ^~~~~~~~~~~~
../Core/Src/main.c:481:13: warning: 'MX_ADC1_Init' defined but not used [-Wunused-function]
  481 | static void MX_ADC1_Init(void)
      |             ^~~~~~~~~~~~
../Core/Src/main.c:450:13: warning: 'SystemPower_Config' defined but not used [-Wunused-function]
  450 | static void SystemPower_Config(void)
      |             ^~~~~~~~~~~~~~~~~~
../Core/Src/main.c:411:6: warning: 'PeriphCommonClock_Config' defined but not used [-Wunused-function]
  411 | void PeriphCommonClock_Config(void)
      |      ^~~~~~~~~~~~~~~~~~~~~~~~
../Core/Src/main.c:353:6: warning: 'SystemClock_Config' defined but not used [-Wunused-function]
  353 | void SystemClock_Config(void)
      |      ^~~~~~~~~~~~~~~~~~
make: *** [Core/Src/subdir.mk:34: Core/Src/main.o] Error 1
"make -j8 all" terminated with exit code 2. Build might be incomplete.
12:28:42 **** Incremental Build of configuration Debug for project SPI2_MDA_Chain_2_Sensor ****
make -j8 all 
arm-none-eabi-gcc "../Core/Src/main.c" -mcpu=cortex-m33 -std=gnu11 -g3 -DDEBUG -DUSE_HAL_DRIVER -DSTM32U585xx -DFX_INCLUDE_USER_DEFINE_FILE -c -I../Core/Inc -I../Drivers/STM32U5xx_HAL_Driver/Inc -I../Drivers/STM32U5xx_HAL_Driver/Inc/Legacy -I../Drivers/CMSIS/Device/ST/STM32U5xx/Include -I../Drivers/CMSIS/Include -I../FileX/App -I../FileX/Target -I../Middlewares/ST/filex/common/inc -I../Middlewares/ST/filex/ports/generic/inc -O0 -ffunction-sections -fdata-sections -Wall -fstack-usage -fcyclomatic-complexity -MMD -MP -MF"Core/Src/main.d" -MT"Core/Src/main.o" --specs=nano.specs -mfpu=fpv5-sp-d16 -mfloat-abi=hard -mthumb -o "Core/Src/main.o"
In file included from ../FileX/App/app_filex.h:30,
                 from ../Core/Src/main.c:21:
../Core/Src/main.c: In function 'main':
../Core/Src/main.c:314:90: error: 'FX_OPEN_FOR_APPEND' undeclared (first use in this function); did you mean 'FX_OPEN_FOR_READ'?
  314 |                   UINT open_status = fx_file_open(&sd_media, &log_file, "datalog.jsonl", FX_OPEN_FOR_APPEND);
      |                                                                                          ^~~~~~~~~~~~~~~~~~
../Middlewares/ST/filex/common/inc/fx_api.h:1466:71: note: in definition of macro 'fx_file_open'
 1466 | #define fx_file_open(m, f, n, t)              _fxe_file_open(m, f, n, t, sizeof(FX_FILE))
      |                                                                       ^
../Core/Src/main.c:314:90: note: each undeclared identifier is reported only once for each function it appears in
  314 |                   UINT open_status = fx_file_open(&sd_media, &log_file, "datalog.jsonl", FX_OPEN_FOR_APPEND);
      |                                                                                          ^~~~~~~~~~~~~~~~~~
../Middlewares/ST/filex/common/inc/fx_api.h:1466:71: note: in definition of macro 'fx_file_open'
 1466 | #define fx_file_open(m, f, n, t)              _fxe_file_open(m, f, n, t, sizeof(FX_FILE))
      |                                                                       ^
../Core/Src/main.c:450:13: error: invalid storage class for function 'SystemPower_Config'
  450 | static void SystemPower_Config(void)
      |             ^~~~~~~~~~~~~~~~~~
../Core/Src/main.c:481:13: error: invalid storage class for function 'MX_ADC1_Init'
  481 | static void MX_ADC1_Init(void)
      |             ^~~~~~~~~~~~
../Core/Src/main.c:525:13: error: invalid storage class for function 'MX_ADF1_Init'
  525 | static void MX_ADF1_Init(void)
      |             ^~~~~~~~~~~~
../Core/Src/main.c:588:13: error: invalid storage class for function 'MX_MDF1_Init'
  588 | static void MX_MDF1_Init(void)
      |             ^~~~~~~~~~~~
../Core/Src/main.c:642:13: error: invalid storage class for function 'MX_DAC1_Init'
  642 | static void MX_DAC1_Init(void)
      |             ^~~~~~~~~~~~
../Core/Src/main.c:697:13: error: invalid storage class for function 'MX_GPDMA1_Init'
  697 | static void MX_GPDMA1_Init(void)
      |             ^~~~~~~~~~~~~~
../Core/Src/main.c:735:13: error: invalid storage class for function 'MX_I2C1_Init'
  735 | static void MX_I2C1_Init(void)
      |             ^~~~~~~~~~~~
../Core/Src/main.c:783:13: error: invalid storage class for function 'MX_I2C2_Init'
  783 | static void MX_I2C2_Init(void)
      |             ^~~~~~~~~~~~
../Core/Src/main.c:831:13: error: invalid storage class for function 'MX_I2C3_Init'
  831 | static void MX_I2C3_Init(void)
      |             ^~~~~~~~~~~~
../Core/Src/main.c:879:13: error: invalid storage class for function 'MX_ICACHE_Init'
  879 | static void MX_ICACHE_Init(void)
      |             ^~~~~~~~~~~~~~
../Core/Src/main.c:911:13: error: invalid storage class for function 'MX_RTC_Init'
  911 | static void MX_RTC_Init(void)
      |             ^~~~~~~~~~~
../Core/Src/main.c:959:13: error: invalid storage class for function 'MX_SAI1_Init'
  959 | static void MX_SAI1_Init(void)
      |             ^~~~~~~~~~~~
../Core/Src/main.c:1043:13: error: invalid storage class for function 'MX_SDMMC1_SD_Init'
 1043 | static void MX_SDMMC1_SD_Init(void)
      |             ^~~~~~~~~~~~~~~~~
../Core/Src/main.c:1074:13: error: invalid storage class for function 'MX_SPI1_Init'
 1074 | static void MX_SPI1_Init(void)
      |             ^~~~~~~~~~~~
../Core/Src/main.c:1131:13: error: invalid storage class for function 'MX_SPI2_Init'
 1131 | static void MX_SPI2_Init(void)
      |             ^~~~~~~~~~~~
../Core/Src/main.c:1188:13: error: invalid storage class for function 'MX_SPI3_Init'
 1188 | static void MX_SPI3_Init(void)
      |             ^~~~~~~~~~~~
../Core/Src/main.c:1245:13: error: invalid storage class for function 'MX_TAMP_RTC_Init'
 1245 | static void MX_TAMP_RTC_Init(void)
      |             ^~~~~~~~~~~~~~~~
../Core/Src/main.c:1294:13: error: invalid storage class for function 'MX_TIM3_Init'
 1294 | static void MX_TIM3_Init(void)
      |             ^~~~~~~~~~~~
../Core/Src/main.c:1342:13: error: invalid storage class for function 'MX_USART2_UART_Init'
 1342 | static void MX_USART2_UART_Init(void)
      |             ^~~~~~~~~~~~~~~~~~~
../Core/Src/main.c:1390:13: error: invalid storage class for function 'MX_USART3_UART_Init'
 1390 | static void MX_USART3_UART_Init(void)
      |             ^~~~~~~~~~~~~~~~~~~
../Core/Src/main.c:1438:13: error: invalid storage class for function 'MX_USB_OTG_FS_PCD_Init'
 1438 | static void MX_USB_OTG_FS_PCD_Init(void)
      |             ^~~~~~~~~~~~~~~~~~~~~~
../Core/Src/main.c:1474:13: error: invalid storage class for function 'MX_GPIO_Init'
 1474 | static void MX_GPIO_Init(void)
      |             ^~~~~~~~~~~~
../Core/Src/main.c:1779:1: error: expected declaration or statement at end of input
 1779 | }
      | ^
../Core/Src/main.c:1779:1: error: expected declaration or statement at end of input
../Core/Src/main.c: At top level:
../Core/Src/main.c:163:13: warning: 'SystemPower_Config' used but never defined
  163 | static void SystemPower_Config(void);
      |             ^~~~~~~~~~~~~~~~~~
../Core/Src/main.c:164:13: warning: 'MX_GPIO_Init' used but never defined
  164 | static void MX_GPIO_Init(void);
      |             ^~~~~~~~~~~~
../Core/Src/main.c:165:13: warning: 'MX_GPDMA1_Init' used but never defined
  165 | static void MX_GPDMA1_Init(void);
      |             ^~~~~~~~~~~~~~
../Core/Src/main.c:166:13: warning: 'MX_ADC1_Init' declared 'static' but never defined [-Wunused-function]
  166 | static void MX_ADC1_Init(void);
      |             ^~~~~~~~~~~~
../Core/Src/main.c:167:13: warning: 'MX_ADF1_Init' declared 'static' but never defined [-Wunused-function]
  167 | static void MX_ADF1_Init(void);
      |             ^~~~~~~~~~~~
../Core/Src/main.c:168:13: warning: 'MX_MDF1_Init' declared 'static' but never defined [-Wunused-function]
  168 | static void MX_MDF1_Init(void);
      |             ^~~~~~~~~~~~
../Core/Src/main.c:169:13: warning: 'MX_DAC1_Init' declared 'static' but never defined [-Wunused-function]
  169 | static void MX_DAC1_Init(void);
      |             ^~~~~~~~~~~~
../Core/Src/main.c:170:13: warning: 'MX_I2C1_Init' declared 'static' but never defined [-Wunused-function]
  170 | static void MX_I2C1_Init(void);
      |             ^~~~~~~~~~~~
../Core/Src/main.c:171:13: warning: 'MX_I2C2_Init' declared 'static' but never defined [-Wunused-function]
  171 | static void MX_I2C2_Init(void);
      |             ^~~~~~~~~~~~
../Core/Src/main.c:172:13: warning: 'MX_I2C3_Init' declared 'static' but never defined [-Wunused-function]
  172 | static void MX_I2C3_Init(void);
      |             ^~~~~~~~~~~~
../Core/Src/main.c:173:13: warning: 'MX_ICACHE_Init' used but never defined
  173 | static void MX_ICACHE_Init(void);
      |             ^~~~~~~~~~~~~~
../Core/Src/main.c:174:13: warning: 'MX_RTC_Init' used but never defined
  174 | static void MX_RTC_Init(void);
      |             ^~~~~~~~~~~
../Core/Src/main.c:175:13: warning: 'MX_SAI1_Init' declared 'static' but never defined [-Wunused-function]
  175 | static void MX_SAI1_Init(void);
      |             ^~~~~~~~~~~~
../Core/Src/main.c:176:13: warning: 'MX_SDMMC1_SD_Init' used but never defined
  176 | static void MX_SDMMC1_SD_Init(void);
      |             ^~~~~~~~~~~~~~~~~
../Core/Src/main.c:177:13: warning: 'MX_SPI1_Init' declared 'static' but never defined [-Wunused-function]
  177 | static void MX_SPI1_Init(void);
      |             ^~~~~~~~~~~~
../Core/Src/main.c:178:13: warning: 'MX_SPI2_Init' used but never defined
  178 | static void MX_SPI2_Init(void);
      |             ^~~~~~~~~~~~
../Core/Src/main.c:179:13: warning: 'MX_SPI3_Init' declared 'static' but never defined [-Wunused-function]
  179 | static void MX_SPI3_Init(void);
      |             ^~~~~~~~~~~~
../Core/Src/main.c:180:13: warning: 'MX_TAMP_RTC_Init' used but never defined
  180 | static void MX_TAMP_RTC_Init(void);
      |             ^~~~~~~~~~~~~~~~
../Core/Src/main.c:181:13: warning: 'MX_TIM3_Init' declared 'static' but never defined [-Wunused-function]
  181 | static void MX_TIM3_Init(void);
      |             ^~~~~~~~~~~~
../Core/Src/main.c:182:13: warning: 'MX_USART2_UART_Init' used but never defined
  182 | static void MX_USART2_UART_Init(void);
      |             ^~~~~~~~~~~~~~~~~~~
../Core/Src/main.c:183:13: warning: 'MX_USART3_UART_Init' declared 'static' but never defined [-Wunused-function]
  183 | static void MX_USART3_UART_Init(void);
      |             ^~~~~~~~~~~~~~~~~~~
../Core/Src/main.c:184:13: warning: 'MX_USB_OTG_FS_PCD_Init' declared 'static' but never defined [-Wunused-function]
  184 | static void MX_USB_OTG_FS_PCD_Init(void);
      |             ^~~~~~~~~~~~~~~~~~~~~~
../Core/Src/main.c:1770:6: warning: 'Error_Handler' defined but not used [-Wunused-function]
 1770 | void Error_Handler(void)
      |      ^~~~~~~~~~~~~
../Core/Src/main.c:1748:6: warning: 'HAL_SPI_TxRxCpltCallback' defined but not used [-Wunused-function]
 1748 | void HAL_SPI_TxRxCpltCallback(SPI_HandleTypeDef *hspi) {
      |      ^~~~~~~~~~~~~~~~~~~~~~~~
../Core/Src/main.c:1731:6: warning: 'start_sensor_read' defined but not used [-Wunused-function]
 1731 | void start_sensor_read(void) {
      |      ^~~~~~~~~~~~~~~~~
../Core/Src/main.c:1675:6: warning: 'Initialize_Sensors' defined but not used [-Wunused-function]
 1675 | void Initialize_Sensors(void) {
      |      ^~~~~~~~~~~~~~~~~~
../Core/Src/main.c:1474:13: warning: 'MX_GPIO_Init' defined but not used [-Wunused-function]
 1474 | static void MX_GPIO_Init(void)
      |             ^~~~~~~~~~~~
../Core/Src/main.c:1438:13: warning: 'MX_USB_OTG_FS_PCD_Init' defined but not used [-Wunused-function]
 1438 | static void MX_USB_OTG_FS_PCD_Init(void)
      |             ^~~~~~~~~~~~~~~~~~~~~~
../Core/Src/main.c:1390:13: warning: 'MX_USART3_UART_Init' defined but not used [-Wunused-function]
 1390 | static void MX_USART3_UART_Init(void)
      |             ^~~~~~~~~~~~~~~~~~~
../Core/Src/main.c:1342:13: warning: 'MX_USART2_UART_Init' defined but not used [-Wunused-function]
 1342 | static void MX_USART2_UART_Init(void)
      |             ^~~~~~~~~~~~~~~~~~~
../Core/Src/main.c:1294:13: warning: 'MX_TIM3_Init' defined but not used [-Wunused-function]
 1294 | static void MX_TIM3_Init(void)
      |             ^~~~~~~~~~~~
../Core/Src/main.c:1245:13: warning: 'MX_TAMP_RTC_Init' defined but not used [-Wunused-function]
 1245 | static void MX_TAMP_RTC_Init(void)
      |             ^~~~~~~~~~~~~~~~
../Core/Src/main.c:1188:13: warning: 'MX_SPI3_Init' defined but not used [-Wunused-function]
 1188 | static void MX_SPI3_Init(void)
      |             ^~~~~~~~~~~~
../Core/Src/main.c:1131:13: warning: 'MX_SPI2_Init' defined but not used [-Wunused-function]
 1131 | static void MX_SPI2_Init(void)
      |             ^~~~~~~~~~~~
../Core/Src/main.c:1074:13: warning: 'MX_SPI1_Init' defined but not used [-Wunused-function]
 1074 | static void MX_SPI1_Init(void)
      |             ^~~~~~~~~~~~
../Core/Src/main.c:1043:13: warning: 'MX_SDMMC1_SD_Init' defined but not used [-Wunused-function]
 1043 | static void MX_SDMMC1_SD_Init(void)
      |             ^~~~~~~~~~~~~~~~~
../Core/Src/main.c:959:13: warning: 'MX_SAI1_Init' defined but not used [-Wunused-function]
  959 | static void MX_SAI1_Init(void)
      |             ^~~~~~~~~~~~
../Core/Src/main.c:911:13: warning: 'MX_RTC_Init' defined but not used [-Wunused-function]
  911 | static void MX_RTC_Init(void)
      |             ^~~~~~~~~~~
../Core/Src/main.c:879:13: warning: 'MX_ICACHE_Init' defined but not used [-Wunused-function]
  879 | static void MX_ICACHE_Init(void)
      |             ^~~~~~~~~~~~~~
../Core/Src/main.c:831:13: warning: 'MX_I2C3_Init' defined but not used [-Wunused-function]
  831 | static void MX_I2C3_Init(void)
      |             ^~~~~~~~~~~~
../Core/Src/main.c:783:13: warning: 'MX_I2C2_Init' defined but not used [-Wunused-function]
  783 | static void MX_I2C2_Init(void)
      |             ^~~~~~~~~~~~
../Core/Src/main.c:735:13: warning: 'MX_I2C1_Init' defined but not used [-Wunused-function]
  735 | static void MX_I2C1_Init(void)
      |             ^~~~~~~~~~~~
../Core/Src/main.c:697:13: warning: 'MX_GPDMA1_Init' defined but not used [-Wunused-function]
  697 | static void MX_GPDMA1_Init(void)
      |             ^~~~~~~~~~~~~~
../Core/Src/main.c:642:13: warning: 'MX_DAC1_Init' defined but not used [-Wunused-function]
  642 | static void MX_DAC1_Init(void)
      |             ^~~~~~~~~~~~
../Core/Src/main.c:588:13: warning: 'MX_MDF1_Init' defined but not used [-Wunused-function]
  588 | static void MX_MDF1_Init(void)
      |             ^~~~~~~~~~~~
../Core/Src/main.c:525:13: warning: 'MX_ADF1_Init' defined but not used [-Wunused-function]
  525 | static void MX_ADF1_Init(void)
      |             ^~~~~~~~~~~~
../Core/Src/main.c:481:13: warning: 'MX_ADC1_Init' defined but not used [-Wunused-function]
  481 | static void MX_ADC1_Init(void)
      |             ^~~~~~~~~~~~
../Core/Src/main.c:450:13: warning: 'SystemPower_Config' defined but not used [-Wunused-function]
  450 | static void SystemPower_Config(void)
      |             ^~~~~~~~~~~~~~~~~~
../Core/Src/main.c:411:6: warning: 'PeriphCommonClock_Config' defined but not used [-Wunused-function]
  411 | void PeriphCommonClock_Config(void)
      |      ^~~~~~~~~~~~~~~~~~~~~~~~
../Core/Src/main.c:353:6: warning: 'SystemClock_Config' defined but not used [-Wunused-function]
  353 | void SystemClock_Config(void)
      |      ^~~~~~~~~~~~~~~~~~
make: *** [Core/Src/subdir.mk:34: Core/Src/main.o] Error 1
"make -j8 all" terminated with exit code 2. Build might be incomplete.
12:29:00 **** Incremental Build of configuration Debug for project SPI2_MDA_Chain_2_Sensor ****
make -j8 all 
arm-none-eabi-gcc "../Core/Src/main.c" -mcpu=cortex-m33 -std=gnu11 -g3 -DDEBUG -DUSE_HAL_DRIVER -DSTM32U585xx -DFX_INCLUDE_USER_DEFINE_FILE -c -I../Core/Inc -I../Drivers/STM32U5xx_HAL_Driver/Inc -I../Drivers/STM32U5xx_HAL_Driver/Inc/Legacy -I../Drivers/CMSIS/Device/ST/STM32U5xx/Include -I../Drivers/CMSIS/Include -I../FileX/App -I../FileX/Target -I../Middlewares/ST/filex/common/inc -I../Middlewares/ST/filex/ports/generic/inc -O0 -ffunction-sections -fdata-sections -Wall -fstack-usage -fcyclomatic-complexity -MMD -MP -MF"Core/Src/main.d" -MT"Core/Src/main.o" --specs=nano.specs -mfpu=fpv5-sp-d16 -mfloat-abi=hard -mthumb -o "Core/Src/main.o"
In file included from ../FileX/App/app_filex.h:30,
                 from ../Core/Src/main.c:21:
../Core/Src/main.c: In function 'main':
../Core/Src/main.c:314:90: error: 'FX_OPEN_FOR_APPEND' undeclared (first use in this function); did you mean 'FX_OPEN_FOR_READ'?
  314 |                   UINT open_status = fx_file_open(&sd_media, &log_file, "datalog.jsonl", FX_OPEN_FOR_APPEND);
      |                                                                                          ^~~~~~~~~~~~~~~~~~
../Middlewares/ST/filex/common/inc/fx_api.h:1466:71: note: in definition of macro 'fx_file_open'
 1466 | #define fx_file_open(m, f, n, t)              _fxe_file_open(m, f, n, t, sizeof(FX_FILE))
      |                                                                       ^
../Core/Src/main.c:314:90: note: each undeclared identifier is reported only once for each function it appears in
  314 |                   UINT open_status = fx_file_open(&sd_media, &log_file, "datalog.jsonl", FX_OPEN_FOR_APPEND);
      |                                                                                          ^~~~~~~~~~~~~~~~~~
../Middlewares/ST/filex/common/inc/fx_api.h:1466:71: note: in definition of macro 'fx_file_open'
 1466 | #define fx_file_open(m, f, n, t)              _fxe_file_open(m, f, n, t, sizeof(FX_FILE))
      |                                                                       ^
../Core/Src/main.c:450:13: error: invalid storage class for function 'SystemPower_Config'
  450 | static void SystemPower_Config(void)
      |             ^~~~~~~~~~~~~~~~~~
../Core/Src/main.c:481:13: error: invalid storage class for function 'MX_ADC1_Init'
  481 | static void MX_ADC1_Init(void)
      |             ^~~~~~~~~~~~
../Core/Src/main.c:525:13: error: invalid storage class for function 'MX_ADF1_Init'
  525 | static void MX_ADF1_Init(void)
      |             ^~~~~~~~~~~~
../Core/Src/main.c:588:13: error: invalid storage class for function 'MX_MDF1_Init'
  588 | static void MX_MDF1_Init(void)
      |             ^~~~~~~~~~~~
../Core/Src/main.c:642:13: error: invalid storage class for function 'MX_DAC1_Init'
  642 | static void MX_DAC1_Init(void)
      |             ^~~~~~~~~~~~
../Core/Src/main.c:697:13: error: invalid storage class for function 'MX_GPDMA1_Init'
  697 | static void MX_GPDMA1_Init(void)
      |             ^~~~~~~~~~~~~~
../Core/Src/main.c:735:13: error: invalid storage class for function 'MX_I2C1_Init'
  735 | static void MX_I2C1_Init(void)
      |             ^~~~~~~~~~~~
../Core/Src/main.c:783:13: error: invalid storage class for function 'MX_I2C2_Init'
  783 | static void MX_I2C2_Init(void)
      |             ^~~~~~~~~~~~
../Core/Src/main.c:831:13: error: invalid storage class for function 'MX_I2C3_Init'
  831 | static void MX_I2C3_Init(void)
      |             ^~~~~~~~~~~~
../Core/Src/main.c:879:13: error: invalid storage class for function 'MX_ICACHE_Init'
  879 | static void MX_ICACHE_Init(void)
      |             ^~~~~~~~~~~~~~
../Core/Src/main.c:911:13: error: invalid storage class for function 'MX_RTC_Init'
  911 | static void MX_RTC_Init(void)
      |             ^~~~~~~~~~~
../Core/Src/main.c:959:13: error: invalid storage class for function 'MX_SAI1_Init'
  959 | static void MX_SAI1_Init(void)
      |             ^~~~~~~~~~~~
../Core/Src/main.c:1043:13: error: invalid storage class for function 'MX_SDMMC1_SD_Init'
 1043 | static void MX_SDMMC1_SD_Init(void)
      |             ^~~~~~~~~~~~~~~~~
../Core/Src/main.c:1074:13: error: invalid storage class for function 'MX_SPI1_Init'
 1074 | static void MX_SPI1_Init(void)
      |             ^~~~~~~~~~~~
../Core/Src/main.c:1131:13: error: invalid storage class for function 'MX_SPI2_Init'
 1131 | static void MX_SPI2_Init(void)
      |             ^~~~~~~~~~~~
../Core/Src/main.c:1188:13: error: invalid storage class for function 'MX_SPI3_Init'
 1188 | static void MX_SPI3_Init(void)
      |             ^~~~~~~~~~~~
../Core/Src/main.c:1245:13: error: invalid storage class for function 'MX_TAMP_RTC_Init'
 1245 | static void MX_TAMP_RTC_Init(void)
      |             ^~~~~~~~~~~~~~~~
../Core/Src/main.c:1294:13: error: invalid storage class for function 'MX_TIM3_Init'
 1294 | static void MX_TIM3_Init(void)
      |             ^~~~~~~~~~~~
../Core/Src/main.c:1342:13: error: invalid storage class for function 'MX_USART2_UART_Init'
 1342 | static void MX_USART2_UART_Init(void)
      |             ^~~~~~~~~~~~~~~~~~~
../Core/Src/main.c:1390:13: error: invalid storage class for function 'MX_USART3_UART_Init'
 1390 | static void MX_USART3_UART_Init(void)
      |             ^~~~~~~~~~~~~~~~~~~
../Core/Src/main.c:1438:13: error: invalid storage class for function 'MX_USB_OTG_FS_PCD_Init'
 1438 | static void MX_USB_OTG_FS_PCD_Init(void)
      |             ^~~~~~~~~~~~~~~~~~~~~~
../Core/Src/main.c:1474:13: error: invalid storage class for function 'MX_GPIO_Init'
 1474 | static void MX_GPIO_Init(void)
      |             ^~~~~~~~~~~~
../Core/Src/main.c:1779:1: error: expected declaration or statement at end of input
 1779 | }
      | ^
../Core/Src/main.c:1779:1: error: expected declaration or statement at end of input
../Core/Src/main.c:1779:1: error: expected declaration or statement at end of input
../Core/Src/main.c: At top level:
../Core/Src/main.c:163:13: warning: 'SystemPower_Config' used but never defined
  163 | static void SystemPower_Config(void);
      |             ^~~~~~~~~~~~~~~~~~
../Core/Src/main.c:164:13: warning: 'MX_GPIO_Init' used but never defined
  164 | static void MX_GPIO_Init(void);
      |             ^~~~~~~~~~~~
../Core/Src/main.c:165:13: warning: 'MX_GPDMA1_Init' used but never defined
  165 | static void MX_GPDMA1_Init(void);
      |             ^~~~~~~~~~~~~~
../Core/Src/main.c:166:13: warning: 'MX_ADC1_Init' declared 'static' but never defined [-Wunused-function]
  166 | static void MX_ADC1_Init(void);
      |             ^~~~~~~~~~~~
../Core/Src/main.c:167:13: warning: 'MX_ADF1_Init' declared 'static' but never defined [-Wunused-function]
  167 | static void MX_ADF1_Init(void);
      |             ^~~~~~~~~~~~
../Core/Src/main.c:168:13: warning: 'MX_MDF1_Init' declared 'static' but never defined [-Wunused-function]
  168 | static void MX_MDF1_Init(void);
      |             ^~~~~~~~~~~~
../Core/Src/main.c:169:13: warning: 'MX_DAC1_Init' declared 'static' but never defined [-Wunused-function]
  169 | static void MX_DAC1_Init(void);
      |             ^~~~~~~~~~~~
../Core/Src/main.c:170:13: warning: 'MX_I2C1_Init' declared 'static' but never defined [-Wunused-function]
  170 | static void MX_I2C1_Init(void);
      |             ^~~~~~~~~~~~
../Core/Src/main.c:171:13: warning: 'MX_I2C2_Init' declared 'static' but never defined [-Wunused-function]
  171 | static void MX_I2C2_Init(void);
      |             ^~~~~~~~~~~~
../Core/Src/main.c:172:13: warning: 'MX_I2C3_Init' declared 'static' but never defined [-Wunused-function]
  172 | static void MX_I2C3_Init(void);
      |             ^~~~~~~~~~~~
../Core/Src/main.c:173:13: warning: 'MX_ICACHE_Init' used but never defined
  173 | static void MX_ICACHE_Init(void);
      |             ^~~~~~~~~~~~~~
../Core/Src/main.c:174:13: warning: 'MX_RTC_Init' used but never defined
  174 | static void MX_RTC_Init(void);
      |             ^~~~~~~~~~~
../Core/Src/main.c:175:13: warning: 'MX_SAI1_Init' declared 'static' but never defined [-Wunused-function]
  175 | static void MX_SAI1_Init(void);
      |             ^~~~~~~~~~~~
../Core/Src/main.c:176:13: warning: 'MX_SDMMC1_SD_Init' used but never defined
  176 | static void MX_SDMMC1_SD_Init(void);
      |             ^~~~~~~~~~~~~~~~~
../Core/Src/main.c:177:13: warning: 'MX_SPI1_Init' declared 'static' but never defined [-Wunused-function]
  177 | static void MX_SPI1_Init(void);
      |             ^~~~~~~~~~~~
../Core/Src/main.c:178:13: warning: 'MX_SPI2_Init' used but never defined
  178 | static void MX_SPI2_Init(void);
      |             ^~~~~~~~~~~~
../Core/Src/main.c:179:13: warning: 'MX_SPI3_Init' declared 'static' but never defined [-Wunused-function]
  179 | static void MX_SPI3_Init(void);
      |             ^~~~~~~~~~~~
../Core/Src/main.c:180:13: warning: 'MX_TAMP_RTC_Init' used but never defined
  180 | static void MX_TAMP_RTC_Init(void);
      |             ^~~~~~~~~~~~~~~~
../Core/Src/main.c:181:13: warning: 'MX_TIM3_Init' declared 'static' but never defined [-Wunused-function]
  181 | static void MX_TIM3_Init(void);
      |             ^~~~~~~~~~~~
../Core/Src/main.c:182:13: warning: 'MX_USART2_UART_Init' used but never defined
  182 | static void MX_USART2_UART_Init(void);
      |             ^~~~~~~~~~~~~~~~~~~
../Core/Src/main.c:183:13: warning: 'MX_USART3_UART_Init' declared 'static' but never defined [-Wunused-function]
  183 | static void MX_USART3_UART_Init(void);
      |             ^~~~~~~~~~~~~~~~~~~
../Core/Src/main.c:184:13: warning: 'MX_USB_OTG_FS_PCD_Init' declared 'static' but never defined [-Wunused-function]
  184 | static void MX_USB_OTG_FS_PCD_Init(void);
      |             ^~~~~~~~~~~~~~~~~~~~~~
../Core/Src/main.c:1770:6: warning: 'Error_Handler' defined but not used [-Wunused-function]
 1770 | void Error_Handler(void)
      |      ^~~~~~~~~~~~~
../Core/Src/main.c:1748:6: warning: 'HAL_SPI_TxRxCpltCallback' defined but not used [-Wunused-function]
 1748 | void HAL_SPI_TxRxCpltCallback(SPI_HandleTypeDef *hspi) {
      |      ^~~~~~~~~~~~~~~~~~~~~~~~
../Core/Src/main.c:1731:6: warning: 'start_sensor_read' defined but not used [-Wunused-function]
 1731 | void start_sensor_read(void) {
      |      ^~~~~~~~~~~~~~~~~
../Core/Src/main.c:1675:6: warning: 'Initialize_Sensors' defined but not used [-Wunused-function]
 1675 | void Initialize_Sensors(void) {
      |      ^~~~~~~~~~~~~~~~~~
../Core/Src/main.c:1474:13: warning: 'MX_GPIO_Init' defined but not used [-Wunused-function]
 1474 | static void MX_GPIO_Init(void)
      |             ^~~~~~~~~~~~
../Core/Src/main.c:1438:13: warning: 'MX_USB_OTG_FS_PCD_Init' defined but not used [-Wunused-function]
 1438 | static void MX_USB_OTG_FS_PCD_Init(void)
      |             ^~~~~~~~~~~~~~~~~~~~~~
../Core/Src/main.c:1390:13: warning: 'MX_USART3_UART_Init' defined but not used [-Wunused-function]
 1390 | static void MX_USART3_UART_Init(void)
      |             ^~~~~~~~~~~~~~~~~~~
../Core/Src/main.c:1342:13: warning: 'MX_USART2_UART_Init' defined but not used [-Wunused-function]
 1342 | static void MX_USART2_UART_Init(void)
      |             ^~~~~~~~~~~~~~~~~~~
../Core/Src/main.c:1294:13: warning: 'MX_TIM3_Init' defined but not used [-Wunused-function]
 1294 | static void MX_TIM3_Init(void)
      |             ^~~~~~~~~~~~
../Core/Src/main.c:1245:13: warning: 'MX_TAMP_RTC_Init' defined but not used [-Wunused-function]
 1245 | static void MX_TAMP_RTC_Init(void)
      |             ^~~~~~~~~~~~~~~~
../Core/Src/main.c:1188:13: warning: 'MX_SPI3_Init' defined but not used [-Wunused-function]
 1188 | static void MX_SPI3_Init(void)
      |             ^~~~~~~~~~~~
../Core/Src/main.c:1131:13: warning: 'MX_SPI2_Init' defined but not used [-Wunused-function]
 1131 | static void MX_SPI2_Init(void)
      |             ^~~~~~~~~~~~
../Core/Src/main.c:1074:13: warning: 'MX_SPI1_Init' defined but not used [-Wunused-function]
 1074 | static void MX_SPI1_Init(void)
      |             ^~~~~~~~~~~~
../Core/Src/main.c:1043:13: warning: 'MX_SDMMC1_SD_Init' defined but not used [-Wunused-function]
 1043 | static void MX_SDMMC1_SD_Init(void)
      |             ^~~~~~~~~~~~~~~~~
../Core/Src/main.c:959:13: warning: 'MX_SAI1_Init' defined but not used [-Wunused-function]
  959 | static void MX_SAI1_Init(void)
      |             ^~~~~~~~~~~~
../Core/Src/main.c:911:13: warning: 'MX_RTC_Init' defined but not used [-Wunused-function]
  911 | static void MX_RTC_Init(void)
      |             ^~~~~~~~~~~
../Core/Src/main.c:879:13: warning: 'MX_ICACHE_Init' defined but not used [-Wunused-function]
  879 | static void MX_ICACHE_Init(void)
      |             ^~~~~~~~~~~~~~
../Core/Src/main.c:831:13: warning: 'MX_I2C3_Init' defined but not used [-Wunused-function]
  831 | static void MX_I2C3_Init(void)
      |             ^~~~~~~~~~~~
../Core/Src/main.c:783:13: warning: 'MX_I2C2_Init' defined but not used [-Wunused-function]
  783 | static void MX_I2C2_Init(void)
      |             ^~~~~~~~~~~~
../Core/Src/main.c:735:13: warning: 'MX_I2C1_Init' defined but not used [-Wunused-function]
  735 | static void MX_I2C1_Init(void)
      |             ^~~~~~~~~~~~
../Core/Src/main.c:697:13: warning: 'MX_GPDMA1_Init' defined but not used [-Wunused-function]
  697 | static void MX_GPDMA1_Init(void)
      |             ^~~~~~~~~~~~~~
../Core/Src/main.c:642:13: warning: 'MX_DAC1_Init' defined but not used [-Wunused-function]
  642 | static void MX_DAC1_Init(void)
      |             ^~~~~~~~~~~~
../Core/Src/main.c:588:13: warning: 'MX_MDF1_Init' defined but not used [-Wunused-function]
  588 | static void MX_MDF1_Init(void)
      |             ^~~~~~~~~~~~
../Core/Src/main.c:525:13: warning: 'MX_ADF1_Init' defined but not used [-Wunused-function]
  525 | static void MX_ADF1_Init(void)
      |             ^~~~~~~~~~~~
../Core/Src/main.c:481:13: warning: 'MX_ADC1_Init' defined but not used [-Wunused-function]
  481 | static void MX_ADC1_Init(void)
      |             ^~~~~~~~~~~~
../Core/Src/main.c:450:13: warning: 'SystemPower_Config' defined but not used [-Wunused-function]
  450 | static void SystemPower_Config(void)
      |             ^~~~~~~~~~~~~~~~~~
../Core/Src/main.c:411:6: warning: 'PeriphCommonClock_Config' defined but not used [-Wunused-function]
  411 | void PeriphCommonClock_Config(void)
      |      ^~~~~~~~~~~~~~~~~~~~~~~~
../Core/Src/main.c:353:6: warning: 'SystemClock_Config' defined but not used [-Wunused-function]
  353 | void SystemClock_Config(void)
      |      ^~~~~~~~~~~~~~~~~~
make: *** [Core/Src/subdir.mk:34: Core/Src/main.o] Error 1
"make -j8 all" terminated with exit code 2. Build might be incomplete.
12:29:38 **** Incremental Build of configuration Debug for project SPI2_MDA_Chain_2_Sensor ****
make -j8 all 
arm-none-eabi-gcc "../Core/Src/main.c" -mcpu=cortex-m33 -std=gnu11 -g3 -DDEBUG -DUSE_HAL_DRIVER -DSTM32U585xx -DFX_INCLUDE_USER_DEFINE_FILE -c -I../Core/Inc -I../Drivers/STM32U5xx_HAL_Driver/Inc -I../Drivers/STM32U5xx_HAL_Driver/Inc/Legacy -I../Drivers/CMSIS/Device/ST/STM32U5xx/Include -I../Drivers/CMSIS/Include -I../FileX/App -I../FileX/Target -I../Middlewares/ST/filex/common/inc -I../Middlewares/ST/filex/ports/generic/inc -O0 -ffunction-sections -fdata-sections -Wall -fstack-usage -fcyclomatic-complexity -MMD -MP -MF"Core/Src/main.d" -MT"Core/Src/main.o" --specs=nano.specs -mfpu=fpv5-sp-d16 -mfloat-abi=hard -mthumb -o "Core/Src/main.o"
In file included from ../FileX/App/app_filex.h:30,
                 from ../Core/Src/main.c:21:
../Core/Src/main.c: In function 'main':
../Core/Src/main.c:314:90: error: 'FX_OPEN_FOR_APPEND' undeclared (first use in this function); did you mean 'FX_OPEN_FOR_READ'?
  314 |                   UINT open_status = fx_file_open(&sd_media, &log_file, "datalog.jsonl", FX_OPEN_FOR_APPEND);
      |                                                                                          ^~~~~~~~~~~~~~~~~~
../Middlewares/ST/filex/common/inc/fx_api.h:1466:71: note: in definition of macro 'fx_file_open'
 1466 | #define fx_file_open(m, f, n, t)              _fxe_file_open(m, f, n, t, sizeof(FX_FILE))
      |                                                                       ^
../Core/Src/main.c:314:90: note: each undeclared identifier is reported only once for each function it appears in
  314 |                   UINT open_status = fx_file_open(&sd_media, &log_file, "datalog.jsonl", FX_OPEN_FOR_APPEND);
      |                                                                                          ^~~~~~~~~~~~~~~~~~
../Middlewares/ST/filex/common/inc/fx_api.h:1466:71: note: in definition of macro 'fx_file_open'
 1466 | #define fx_file_open(m, f, n, t)              _fxe_file_open(m, f, n, t, sizeof(FX_FILE))
      |                                                                       ^
../Core/Src/main.c: At top level:
../Core/Src/main.c:1438:13: warning: 'MX_USB_OTG_FS_PCD_Init' defined but not used [-Wunused-function]
 1438 | static void MX_USB_OTG_FS_PCD_Init(void)
      |             ^~~~~~~~~~~~~~~~~~~~~~
../Core/Src/main.c:1390:13: warning: 'MX_USART3_UART_Init' defined but not used [-Wunused-function]
 1390 | static void MX_USART3_UART_Init(void)
      |             ^~~~~~~~~~~~~~~~~~~
../Core/Src/main.c:1294:13: warning: 'MX_TIM3_Init' defined but not used [-Wunused-function]
 1294 | static void MX_TIM3_Init(void)
      |             ^~~~~~~~~~~~
../Core/Src/main.c:1188:13: warning: 'MX_SPI3_Init' defined but not used [-Wunused-function]
 1188 | static void MX_SPI3_Init(void)
      |             ^~~~~~~~~~~~
../Core/Src/main.c:1074:13: warning: 'MX_SPI1_Init' defined but not used [-Wunused-function]
 1074 | static void MX_SPI1_Init(void)
      |             ^~~~~~~~~~~~
../Core/Src/main.c:959:13: warning: 'MX_SAI1_Init' defined but not used [-Wunused-function]
  959 | static void MX_SAI1_Init(void)
      |             ^~~~~~~~~~~~
../Core/Src/main.c:831:13: warning: 'MX_I2C3_Init' defined but not used [-Wunused-function]
  831 | static void MX_I2C3_Init(void)
      |             ^~~~~~~~~~~~
../Core/Src/main.c:783:13: warning: 'MX_I2C2_Init' defined but not used [-Wunused-function]
  783 | static void MX_I2C2_Init(void)
      |             ^~~~~~~~~~~~
../Core/Src/main.c:735:13: warning: 'MX_I2C1_Init' defined but not used [-Wunused-function]
  735 | static void MX_I2C1_Init(void)
      |             ^~~~~~~~~~~~
../Core/Src/main.c:642:13: warning: 'MX_DAC1_Init' defined but not used [-Wunused-function]
  642 | static void MX_DAC1_Init(void)
      |             ^~~~~~~~~~~~
../Core/Src/main.c:588:13: warning: 'MX_MDF1_Init' defined but not used [-Wunused-function]
  588 | static void MX_MDF1_Init(void)
      |             ^~~~~~~~~~~~
../Core/Src/main.c:525:13: warning: 'MX_ADF1_Init' defined but not used [-Wunused-function]
  525 | static void MX_ADF1_Init(void)
      |             ^~~~~~~~~~~~
../Core/Src/main.c:481:13: warning: 'MX_ADC1_Init' defined but not used [-Wunused-function]
  481 | static void MX_ADC1_Init(void)
      |             ^~~~~~~~~~~~
make: *** [Core/Src/subdir.mk:34: Core/Src/main.o] Error 1
"make -j8 all" terminated with exit code 2. Build might be incomplete.
12:29:42 **** Incremental Build of configuration Debug for project SPI2_MDA_Chain_2_Sensor ****
make -j8 all 
arm-none-eabi-gcc "../Core/Src/main.c" -mcpu=cortex-m33 -std=gnu11 -g3 -DDEBUG -DUSE_HAL_DRIVER -DSTM32U585xx -DFX_INCLUDE_USER_DEFINE_FILE -c -I../Core/Inc -I../Drivers/STM32U5xx_HAL_Driver/Inc -I../Drivers/STM32U5xx_HAL_Driver/Inc/Legacy -I../Drivers/CMSIS/Device/ST/STM32U5xx/Include -I../Drivers/CMSIS/Include -I../FileX/App -I../FileX/Target -I../Middlewares/ST/filex/common/inc -I../Middlewares/ST/filex/ports/generic/inc -O0 -ffunction-sections -fdata-sections -Wall -fstack-usage -fcyclomatic-complexity -MMD -MP -MF"Core/Src/main.d" -MT"Core/Src/main.o" --specs=nano.specs -mfpu=fpv5-sp-d16 -mfloat-abi=hard -mthumb -o "Core/Src/main.o"
In file included from ../FileX/App/app_filex.h:30,
                 from ../Core/Src/main.c:21:
../Core/Src/main.c: In function 'main':
../Core/Src/main.c:314:90: error: 'FX_OPEN_FOR_APPEND' undeclared (first use in this function); did you mean 'FX_OPEN_FOR_READ'?
  314 |                   UINT open_status = fx_file_open(&sd_media, &log_file, "datalog.jsonl", FX_OPEN_FOR_APPEND);
      |                                                                                          ^~~~~~~~~~~~~~~~~~
../Middlewares/ST/filex/common/inc/fx_api.h:1466:71: note: in definition of macro 'fx_file_open'
 1466 | #define fx_file_open(m, f, n, t)              _fxe_file_open(m, f, n, t, sizeof(FX_FILE))
      |                                                                       ^
../Core/Src/main.c:314:90: note: each undeclared identifier is reported only once for each function it appears in
  314 |                   UINT open_status = fx_file_open(&sd_media, &log_file, "datalog.jsonl", FX_OPEN_FOR_APPEND);
      |                                                                                          ^~~~~~~~~~~~~~~~~~
../Middlewares/ST/filex/common/inc/fx_api.h:1466:71: note: in definition of macro 'fx_file_open'
 1466 | #define fx_file_open(m, f, n, t)              _fxe_file_open(m, f, n, t, sizeof(FX_FILE))
      |                                                                       ^
../Core/Src/main.c:450:13: error: invalid storage class for function 'SystemPower_Config'
  450 | static void SystemPower_Config(void)
      |             ^~~~~~~~~~~~~~~~~~
../Core/Src/main.c:481:13: error: invalid storage class for function 'MX_ADC1_Init'
  481 | static void MX_ADC1_Init(void)
      |             ^~~~~~~~~~~~
../Core/Src/main.c:525:13: error: invalid storage class for function 'MX_ADF1_Init'
  525 | static void MX_ADF1_Init(void)
      |             ^~~~~~~~~~~~
../Core/Src/main.c:588:13: error: invalid storage class for function 'MX_MDF1_Init'
  588 | static void MX_MDF1_Init(void)
      |             ^~~~~~~~~~~~
../Core/Src/main.c:642:13: error: invalid storage class for function 'MX_DAC1_Init'
  642 | static void MX_DAC1_Init(void)
      |             ^~~~~~~~~~~~
../Core/Src/main.c:697:13: error: invalid storage class for function 'MX_GPDMA1_Init'
  697 | static void MX_GPDMA1_Init(void)
      |             ^~~~~~~~~~~~~~
../Core/Src/main.c:735:13: error: invalid storage class for function 'MX_I2C1_Init'
  735 | static void MX_I2C1_Init(void)
      |             ^~~~~~~~~~~~
../Core/Src/main.c:783:13: error: invalid storage class for function 'MX_I2C2_Init'
  783 | static void MX_I2C2_Init(void)
      |             ^~~~~~~~~~~~
../Core/Src/main.c:831:13: error: invalid storage class for function 'MX_I2C3_Init'
  831 | static void MX_I2C3_Init(void)
      |             ^~~~~~~~~~~~
../Core/Src/main.c:879:13: error: invalid storage class for function 'MX_ICACHE_Init'
  879 | static void MX_ICACHE_Init(void)
      |             ^~~~~~~~~~~~~~
../Core/Src/main.c:911:13: error: invalid storage class for function 'MX_RTC_Init'
  911 | static void MX_RTC_Init(void)
      |             ^~~~~~~~~~~
../Core/Src/main.c:959:13: error: invalid storage class for function 'MX_SAI1_Init'
  959 | static void MX_SAI1_Init(void)
      |             ^~~~~~~~~~~~
../Core/Src/main.c:1043:13: error: invalid storage class for function 'MX_SDMMC1_SD_Init'
 1043 | static void MX_SDMMC1_SD_Init(void)
      |             ^~~~~~~~~~~~~~~~~
../Core/Src/main.c:1074:13: error: invalid storage class for function 'MX_SPI1_Init'
 1074 | static void MX_SPI1_Init(void)
      |             ^~~~~~~~~~~~
../Core/Src/main.c:1131:13: error: invalid storage class for function 'MX_SPI2_Init'
 1131 | static void MX_SPI2_Init(void)
      |             ^~~~~~~~~~~~
../Core/Src/main.c:1188:13: error: invalid storage class for function 'MX_SPI3_Init'
 1188 | static void MX_SPI3_Init(void)
      |             ^~~~~~~~~~~~
../Core/Src/main.c:1245:13: error: invalid storage class for function 'MX_TAMP_RTC_Init'
 1245 | static void MX_TAMP_RTC_Init(void)
      |             ^~~~~~~~~~~~~~~~
../Core/Src/main.c:1294:13: error: invalid storage class for function 'MX_TIM3_Init'
 1294 | static void MX_TIM3_Init(void)
      |             ^~~~~~~~~~~~
../Core/Src/main.c:1342:13: error: invalid storage class for function 'MX_USART2_UART_Init'
 1342 | static void MX_USART2_UART_Init(void)
      |             ^~~~~~~~~~~~~~~~~~~
../Core/Src/main.c:1390:13: error: invalid storage class for function 'MX_USART3_UART_Init'
 1390 | static void MX_USART3_UART_Init(void)
      |             ^~~~~~~~~~~~~~~~~~~
../Core/Src/main.c:1438:13: error: invalid storage class for function 'MX_USB_OTG_FS_PCD_Init'
 1438 | static void MX_USB_OTG_FS_PCD_Init(void)
      |             ^~~~~~~~~~~~~~~~~~~~~~
../Core/Src/main.c:1474:13: error: invalid storage class for function 'MX_GPIO_Init'
 1474 | static void MX_GPIO_Init(void)
      |             ^~~~~~~~~~~~
../Core/Src/main.c:1779:1: error: expected declaration or statement at end of input
 1779 | }
      | ^
../Core/Src/main.c: At top level:
../Core/Src/main.c:163:13: warning: 'SystemPower_Config' used but never defined
  163 | static void SystemPower_Config(void);
      |             ^~~~~~~~~~~~~~~~~~
../Core/Src/main.c:164:13: warning: 'MX_GPIO_Init' used but never defined
  164 | static void MX_GPIO_Init(void);
      |             ^~~~~~~~~~~~
../Core/Src/main.c:165:13: warning: 'MX_GPDMA1_Init' used but never defined
  165 | static void MX_GPDMA1_Init(void);
      |             ^~~~~~~~~~~~~~
../Core/Src/main.c:166:13: warning: 'MX_ADC1_Init' declared 'static' but never defined [-Wunused-function]
  166 | static void MX_ADC1_Init(void);
      |             ^~~~~~~~~~~~
../Core/Src/main.c:167:13: warning: 'MX_ADF1_Init' declared 'static' but never defined [-Wunused-function]
  167 | static void MX_ADF1_Init(void);
      |             ^~~~~~~~~~~~
../Core/Src/main.c:168:13: warning: 'MX_MDF1_Init' declared 'static' but never defined [-Wunused-function]
  168 | static void MX_MDF1_Init(void);
      |             ^~~~~~~~~~~~
../Core/Src/main.c:169:13: warning: 'MX_DAC1_Init' declared 'static' but never defined [-Wunused-function]
  169 | static void MX_DAC1_Init(void);
      |             ^~~~~~~~~~~~
../Core/Src/main.c:170:13: warning: 'MX_I2C1_Init' declared 'static' but never defined [-Wunused-function]
  170 | static void MX_I2C1_Init(void);
      |             ^~~~~~~~~~~~
../Core/Src/main.c:171:13: warning: 'MX_I2C2_Init' declared 'static' but never defined [-Wunused-function]
  171 | static void MX_I2C2_Init(void);
      |             ^~~~~~~~~~~~
../Core/Src/main.c:172:13: warning: 'MX_I2C3_Init' declared 'static' but never defined [-Wunused-function]
  172 | static void MX_I2C3_Init(void);
      |             ^~~~~~~~~~~~
../Core/Src/main.c:173:13: warning: 'MX_ICACHE_Init' used but never defined
  173 | static void MX_ICACHE_Init(void);
      |             ^~~~~~~~~~~~~~
../Core/Src/main.c:174:13: warning: 'MX_RTC_Init' used but never defined
  174 | static void MX_RTC_Init(void);
      |             ^~~~~~~~~~~
../Core/Src/main.c:175:13: warning: 'MX_SAI1_Init' declared 'static' but never defined [-Wunused-function]
  175 | static void MX_SAI1_Init(void);
      |             ^~~~~~~~~~~~
../Core/Src/main.c:176:13: warning: 'MX_SDMMC1_SD_Init' used but never defined
  176 | static void MX_SDMMC1_SD_Init(void);
      |             ^~~~~~~~~~~~~~~~~
../Core/Src/main.c:177:13: warning: 'MX_SPI1_Init' declared 'static' but never defined [-Wunused-function]
  177 | static void MX_SPI1_Init(void);
      |             ^~~~~~~~~~~~
../Core/Src/main.c:178:13: warning: 'MX_SPI2_Init' used but never defined
  178 | static void MX_SPI2_Init(void);
      |             ^~~~~~~~~~~~
../Core/Src/main.c:179:13: warning: 'MX_SPI3_Init' declared 'static' but never defined [-Wunused-function]
  179 | static void MX_SPI3_Init(void);
      |             ^~~~~~~~~~~~
../Core/Src/main.c:180:13: warning: 'MX_TAMP_RTC_Init' used but never defined
  180 | static void MX_TAMP_RTC_Init(void);
      |             ^~~~~~~~~~~~~~~~
../Core/Src/main.c:181:13: warning: 'MX_TIM3_Init' declared 'static' but never defined [-Wunused-function]
  181 | static void MX_TIM3_Init(void);
      |             ^~~~~~~~~~~~
../Core/Src/main.c:182:13: warning: 'MX_USART2_UART_Init' used but never defined
  182 | static void MX_USART2_UART_Init(void);
      |             ^~~~~~~~~~~~~~~~~~~
../Core/Src/main.c:183:13: warning: 'MX_USART3_UART_Init' declared 'static' but never defined [-Wunused-function]
  183 | static void MX_USART3_UART_Init(void);
      |             ^~~~~~~~~~~~~~~~~~~
../Core/Src/main.c:184:13: warning: 'MX_USB_OTG_FS_PCD_Init' declared 'static' but never defined [-Wunused-function]
  184 | static void MX_USB_OTG_FS_PCD_Init(void);
      |             ^~~~~~~~~~~~~~~~~~~~~~
../Core/Src/main.c:1770:6: warning: 'Error_Handler' defined but not used [-Wunused-function]
 1770 | void Error_Handler(void)
      |      ^~~~~~~~~~~~~
../Core/Src/main.c:1748:6: warning: 'HAL_SPI_TxRxCpltCallback' defined but not used [-Wunused-function]
 1748 | void HAL_SPI_TxRxCpltCallback(SPI_HandleTypeDef *hspi) {
      |      ^~~~~~~~~~~~~~~~~~~~~~~~
../Core/Src/main.c:1731:6: warning: 'start_sensor_read' defined but not used [-Wunused-function]
 1731 | void start_sensor_read(void) {
      |      ^~~~~~~~~~~~~~~~~
../Core/Src/main.c:1675:6: warning: 'Initialize_Sensors' defined but not used [-Wunused-function]
 1675 | void Initialize_Sensors(void) {
      |      ^~~~~~~~~~~~~~~~~~
../Core/Src/main.c:1474:13: warning: 'MX_GPIO_Init' defined but not used [-Wunused-function]
 1474 | static void MX_GPIO_Init(void)
      |             ^~~~~~~~~~~~
../Core/Src/main.c:1438:13: warning: 'MX_USB_OTG_FS_PCD_Init' defined but not used [-Wunused-function]
 1438 | static void MX_USB_OTG_FS_PCD_Init(void)
      |             ^~~~~~~~~~~~~~~~~~~~~~
../Core/Src/main.c:1390:13: warning: 'MX_USART3_UART_Init' defined but not used [-Wunused-function]
 1390 | static void MX_USART3_UART_Init(void)
      |             ^~~~~~~~~~~~~~~~~~~
../Core/Src/main.c:1342:13: warning: 'MX_USART2_UART_Init' defined but not used [-Wunused-function]
 1342 | static void MX_USART2_UART_Init(void)
      |             ^~~~~~~~~~~~~~~~~~~
../Core/Src/main.c:1294:13: warning: 'MX_TIM3_Init' defined but not used [-Wunused-function]
 1294 | static void MX_TIM3_Init(void)
      |             ^~~~~~~~~~~~
../Core/Src/main.c:1245:13: warning: 'MX_TAMP_RTC_Init' defined but not used [-Wunused-function]
 1245 | static void MX_TAMP_RTC_Init(void)
      |             ^~~~~~~~~~~~~~~~
../Core/Src/main.c:1188:13: warning: 'MX_SPI3_Init' defined but not used [-Wunused-function]
 1188 | static void MX_SPI3_Init(void)
      |             ^~~~~~~~~~~~
../Core/Src/main.c:1131:13: warning: 'MX_SPI2_Init' defined but not used [-Wunused-function]
 1131 | static void MX_SPI2_Init(void)
      |             ^~~~~~~~~~~~
../Core/Src/main.c:1074:13: warning: 'MX_SPI1_Init' defined but not used [-Wunused-function]
 1074 | static void MX_SPI1_Init(void)
      |             ^~~~~~~~~~~~
../Core/Src/main.c:1043:13: warning: 'MX_SDMMC1_SD_Init' defined but not used [-Wunused-function]
 1043 | static void MX_SDMMC1_SD_Init(void)
      |             ^~~~~~~~~~~~~~~~~
../Core/Src/main.c:959:13: warning: 'MX_SAI1_Init' defined but not used [-Wunused-function]
  959 | static void MX_SAI1_Init(void)
      |             ^~~~~~~~~~~~
../Core/Src/main.c:911:13: warning: 'MX_RTC_Init' defined but not used [-Wunused-function]
  911 | static void MX_RTC_Init(void)
      |             ^~~~~~~~~~~
../Core/Src/main.c:879:13: warning: 'MX_ICACHE_Init' defined but not used [-Wunused-function]
  879 | static void MX_ICACHE_Init(void)
      |             ^~~~~~~~~~~~~~
../Core/Src/main.c:831:13: warning: 'MX_I2C3_Init' defined but not used [-Wunused-function]
  831 | static void MX_I2C3_Init(void)
      |             ^~~~~~~~~~~~
../Core/Src/main.c:783:13: warning: 'MX_I2C2_Init' defined but not used [-Wunused-function]
  783 | static void MX_I2C2_Init(void)
      |             ^~~~~~~~~~~~
../Core/Src/main.c:735:13: warning: 'MX_I2C1_Init' defined but not used [-Wunused-function]
  735 | static void MX_I2C1_Init(void)
      |             ^~~~~~~~~~~~
../Core/Src/main.c:697:13: warning: 'MX_GPDMA1_Init' defined but not used [-Wunused-function]
  697 | static void MX_GPDMA1_Init(void)
      |             ^~~~~~~~~~~~~~
../Core/Src/main.c:642:13: warning: 'MX_DAC1_Init' defined but not used [-Wunused-function]
  642 | static void MX_DAC1_Init(void)
      |             ^~~~~~~~~~~~
../Core/Src/main.c:588:13: warning: 'MX_MDF1_Init' defined but not used [-Wunused-function]
  588 | static void MX_MDF1_Init(void)
      |             ^~~~~~~~~~~~
../Core/Src/main.c:525:13: warning: 'MX_ADF1_Init' defined but not used [-Wunused-function]
  525 | static void MX_ADF1_Init(void)
      |             ^~~~~~~~~~~~
../Core/Src/main.c:481:13: warning: 'MX_ADC1_Init' defined but not used [-Wunused-function]
  481 | static void MX_ADC1_Init(void)
      |             ^~~~~~~~~~~~
../Core/Src/main.c:450:13: warning: 'SystemPower_Config' defined but not used [-Wunused-function]
  450 | static void SystemPower_Config(void)
      |             ^~~~~~~~~~~~~~~~~~
../Core/Src/main.c:411:6: warning: 'PeriphCommonClock_Config' defined but not used [-Wunused-function]
  411 | void PeriphCommonClock_Config(void)
      |      ^~~~~~~~~~~~~~~~~~~~~~~~
../Core/Src/main.c:353:6: warning: 'SystemClock_Config' defined but not used [-Wunused-function]
  353 | void SystemClock_Config(void)
      |      ^~~~~~~~~~~~~~~~~~
make: *** [Core/Src/subdir.mk:34: Core/Src/main.o] Error 1
"make -j8 all" terminated with exit code 2. Build might be incomplete.
12:33:42 **** Incremental Build of configuration Debug for project SPI2_MDA_Chain_2_Sensor ****
make -j8 all 
arm-none-eabi-gcc "../Core/Src/main.c" -mcpu=cortex-m33 -std=gnu11 -g3 -DDEBUG -DUSE_HAL_DRIVER -DSTM32U585xx -DFX_INCLUDE_USER_DEFINE_FILE -c -I../Core/Inc -I../Drivers/STM32U5xx_HAL_Driver/Inc -I../Drivers/STM32U5xx_HAL_Driver/Inc/Legacy -I../Drivers/CMSIS/Device/ST/STM32U5xx/Include -I../Drivers/CMSIS/Include -I../FileX/App -I../FileX/Target -I../Middlewares/ST/filex/common/inc -I../Middlewares/ST/filex/ports/generic/inc -O0 -ffunction-sections -fdata-sections -Wall -fstack-usage -fcyclomatic-complexity -MMD -MP -MF"Core/Src/main.d" -MT"Core/Src/main.o" --specs=nano.specs -mfpu=fpv5-sp-d16 -mfloat-abi=hard -mthumb -o "Core/Src/main.o"
In file included from ../FileX/App/app_filex.h:30,
                 from ../Core/Src/main.c:21:
../Core/Src/main.c: In function 'main':
../Core/Src/main.c:316:90: error: 'FX_OPEN_FOR_APPEND' undeclared (first use in this function); did you mean 'FX_OPEN_FOR_READ'?
  316 |                   UINT open_status = fx_file_open(&sd_media, &log_file, "datalog.jsonl", FX_OPEN_FOR_APPEND);
      |                                                                                          ^~~~~~~~~~~~~~~~~~
../Middlewares/ST/filex/common/inc/fx_api.h:1466:71: note: in definition of macro 'fx_file_open'
 1466 | #define fx_file_open(m, f, n, t)              _fxe_file_open(m, f, n, t, sizeof(FX_FILE))
      |                                                                       ^
../Core/Src/main.c:316:90: note: each undeclared identifier is reported only once for each function it appears in
  316 |                   UINT open_status = fx_file_open(&sd_media, &log_file, "datalog.jsonl", FX_OPEN_FOR_APPEND);
      |                                                                                          ^~~~~~~~~~~~~~~~~~
../Middlewares/ST/filex/common/inc/fx_api.h:1466:71: note: in definition of macro 'fx_file_open'
 1466 | #define fx_file_open(m, f, n, t)              _fxe_file_open(m, f, n, t, sizeof(FX_FILE))
      |                                                                       ^
../Core/Src/main.c: At top level:
../Core/Src/main.c:1443:13: warning: 'MX_USB_OTG_FS_PCD_Init' defined but not used [-Wunused-function]
 1443 | static void MX_USB_OTG_FS_PCD_Init(void)
      |             ^~~~~~~~~~~~~~~~~~~~~~
../Core/Src/main.c:1395:13: warning: 'MX_USART3_UART_Init' defined but not used [-Wunused-function]
 1395 | static void MX_USART3_UART_Init(void)
      |             ^~~~~~~~~~~~~~~~~~~
../Core/Src/main.c:1299:13: warning: 'MX_TIM3_Init' defined but not used [-Wunused-function]
 1299 | static void MX_TIM3_Init(void)
      |             ^~~~~~~~~~~~
../Core/Src/main.c:1193:13: warning: 'MX_SPI3_Init' defined but not used [-Wunused-function]
 1193 | static void MX_SPI3_Init(void)
      |             ^~~~~~~~~~~~
../Core/Src/main.c:1079:13: warning: 'MX_SPI1_Init' defined but not used [-Wunused-function]
 1079 | static void MX_SPI1_Init(void)
      |             ^~~~~~~~~~~~
../Core/Src/main.c:964:13: warning: 'MX_SAI1_Init' defined but not used [-Wunused-function]
  964 | static void MX_SAI1_Init(void)
      |             ^~~~~~~~~~~~
../Core/Src/main.c:836:13: warning: 'MX_I2C3_Init' defined but not used [-Wunused-function]
  836 | static void MX_I2C3_Init(void)
      |             ^~~~~~~~~~~~
../Core/Src/main.c:788:13: warning: 'MX_I2C2_Init' defined but not used [-Wunused-function]
  788 | static void MX_I2C2_Init(void)
      |             ^~~~~~~~~~~~
../Core/Src/main.c:740:13: warning: 'MX_I2C1_Init' defined but not used [-Wunused-function]
  740 | static void MX_I2C1_Init(void)
      |             ^~~~~~~~~~~~
../Core/Src/main.c:647:13: warning: 'MX_DAC1_Init' defined but not used [-Wunused-function]
  647 | static void MX_DAC1_Init(void)
      |             ^~~~~~~~~~~~
../Core/Src/main.c:593:13: warning: 'MX_MDF1_Init' defined but not used [-Wunused-function]
  593 | static void MX_MDF1_Init(void)
      |             ^~~~~~~~~~~~
../Core/Src/main.c:530:13: warning: 'MX_ADF1_Init' defined but not used [-Wunused-function]
  530 | static void MX_ADF1_Init(void)
      |             ^~~~~~~~~~~~
../Core/Src/main.c:486:13: warning: 'MX_ADC1_Init' defined but not used [-Wunused-function]
  486 | static void MX_ADC1_Init(void)
      |             ^~~~~~~~~~~~
make: *** [Core/Src/subdir.mk:34: Core/Src/main.o] Error 1
"make -j8 all" terminated with exit code 2. Build might be incomplete.
12:39:44 **** Incremental Build of configuration Debug for project SPI2_MDA_Chain_2_Sensor ****
make -j8 all 
arm-none-eabi-gcc "../Core/Src/main.c" -mcpu=cortex-m33 -std=gnu11 -g3 -DDEBUG -DUSE_HAL_DRIVER -DSTM32U585xx -DFX_INCLUDE_USER_DEFINE_FILE -c -I../Core/Inc -I../Drivers/STM32U5xx_HAL_Driver/Inc -I../Drivers/STM32U5xx_HAL_Driver/Inc/Legacy -I../Drivers/CMSIS/Device/ST/STM32U5xx/Include -I../Drivers/CMSIS/Include -I../FileX/App -I../FileX/Target -I../Middlewares/ST/filex/common/inc -I../Middlewares/ST/filex/ports/generic/inc -O0 -ffunction-sections -fdata-sections -Wall -fstack-usage -fcyclomatic-complexity -MMD -MP -MF"Core/Src/main.d" -MT"Core/Src/main.o" --specs=nano.specs -mfpu=fpv5-sp-d16 -mfloat-abi=hard -mthumb -o "Core/Src/main.o"
../Core/Src/main.c: In function 'main':
../Core/Src/main.c:325:23: error: 'open_status' undeclared (first use in this function)
  325 |                   if (open_status == FX_SUCCESS)
      |                       ^~~~~~~~~~~
../Core/Src/main.c:325:23: note: each undeclared identifier is reported only once for each function it appears in
../Core/Src/main.c:328:68: error: 'FX_FILE' {aka 'struct FX_FILE_STRUCT'} has no member named 'fx_file_current_size'; did you mean 'fx_file_current_file_size'?
  328 |                                   fx_file_seek(&log_file, log_file.fx_file_current_size);
      |                                                                    ^~~~~~~~~~~~~~~~~~~~
      |                                                                    fx_file_current_file_size
../Core/Src/main.c: At top level:
../Core/Src/main.c:1451:13: warning: 'MX_USB_OTG_FS_PCD_Init' defined but not used [-Wunused-function]
 1451 | static void MX_USB_OTG_FS_PCD_Init(void)
      |             ^~~~~~~~~~~~~~~~~~~~~~
../Core/Src/main.c:1403:13: warning: 'MX_USART3_UART_Init' defined but not used [-Wunused-function]
 1403 | static void MX_USART3_UART_Init(void)
      |             ^~~~~~~~~~~~~~~~~~~
../Core/Src/main.c:1307:13: warning: 'MX_TIM3_Init' defined but not used [-Wunused-function]
 1307 | static void MX_TIM3_Init(void)
      |             ^~~~~~~~~~~~
../Core/Src/main.c:1201:13: warning: 'MX_SPI3_Init' defined but not used [-Wunused-function]
 1201 | static void MX_SPI3_Init(void)
      |             ^~~~~~~~~~~~
../Core/Src/main.c:1087:13: warning: 'MX_SPI1_Init' defined but not used [-Wunused-function]
 1087 | static void MX_SPI1_Init(void)
      |             ^~~~~~~~~~~~
../Core/Src/main.c:972:13: warning: 'MX_SAI1_Init' defined but not used [-Wunused-function]
  972 | static void MX_SAI1_Init(void)
      |             ^~~~~~~~~~~~
../Core/Src/main.c:844:13: warning: 'MX_I2C3_Init' defined but not used [-Wunused-function]
  844 | static void MX_I2C3_Init(void)
      |             ^~~~~~~~~~~~
../Core/Src/main.c:796:13: warning: 'MX_I2C2_Init' defined but not used [-Wunused-function]
  796 | static void MX_I2C2_Init(void)
      |             ^~~~~~~~~~~~
../Core/Src/main.c:748:13: warning: 'MX_I2C1_Init' defined but not used [-Wunused-function]
  748 | static void MX_I2C1_Init(void)
      |             ^~~~~~~~~~~~
../Core/Src/main.c:655:13: warning: 'MX_DAC1_Init' defined but not used [-Wunused-function]
  655 | static void MX_DAC1_Init(void)
      |             ^~~~~~~~~~~~
../Core/Src/main.c:601:13: warning: 'MX_MDF1_Init' defined but not used [-Wunused-function]
  601 | static void MX_MDF1_Init(void)
      |             ^~~~~~~~~~~~
../Core/Src/main.c:538:13: warning: 'MX_ADF1_Init' defined but not used [-Wunused-function]
  538 | static void MX_ADF1_Init(void)
      |             ^~~~~~~~~~~~
../Core/Src/main.c:494:13: warning: 'MX_ADC1_Init' defined but not used [-Wunused-function]
  494 | static void MX_ADC1_Init(void)
      |             ^~~~~~~~~~~~
make: *** [Core/Src/subdir.mk:34: Core/Src/main.o] Error 1
"make -j8 all" terminated with exit code 2. Build might be incomplete.
12:40:04 **** Incremental Build of configuration Debug for project SPI2_MDA_Chain_2_Sensor ****
make -j8 all 
arm-none-eabi-gcc "../Core/Src/main.c" -mcpu=cortex-m33 -std=gnu11 -g3 -DDEBUG -DUSE_HAL_DRIVER -DSTM32U585xx -DFX_INCLUDE_USER_DEFINE_FILE -c -I../Core/Inc -I../Drivers/STM32U5xx_HAL_Driver/Inc -I../Drivers/STM32U5xx_HAL_Driver/Inc/Legacy -I../Drivers/CMSIS/Device/ST/STM32U5xx/Include -I../Drivers/CMSIS/Include -I../FileX/App -I../FileX/Target -I../Middlewares/ST/filex/common/inc -I../Middlewares/ST/filex/ports/generic/inc -O0 -ffunction-sections -fdata-sections -Wall -fstack-usage -fcyclomatic-complexity -MMD -MP -MF"Core/Src/main.d" -MT"Core/Src/main.o" --specs=nano.specs -mfpu=fpv5-sp-d16 -mfloat-abi=hard -mthumb -o "Core/Src/main.o"
../Core/Src/main.c: In function 'main':
../Core/Src/main.c:328:68: error: 'FX_FILE' {aka 'struct FX_FILE_STRUCT'} has no member named 'fx_file_current_size'; did you mean 'fx_file_current_file_size'?
  328 |                                   fx_file_seek(&log_file, log_file.fx_file_current_size);
      |                                                                    ^~~~~~~~~~~~~~~~~~~~
      |                                                                    fx_file_current_file_size
../Core/Src/main.c: At top level:
../Core/Src/main.c:1451:13: warning: 'MX_USB_OTG_FS_PCD_Init' defined but not used [-Wunused-function]
 1451 | static void MX_USB_OTG_FS_PCD_Init(void)
      |             ^~~~~~~~~~~~~~~~~~~~~~
../Core/Src/main.c:1403:13: warning: 'MX_USART3_UART_Init' defined but not used [-Wunused-function]
 1403 | static void MX_USART3_UART_Init(void)
      |             ^~~~~~~~~~~~~~~~~~~
../Core/Src/main.c:1307:13: warning: 'MX_TIM3_Init' defined but not used [-Wunused-function]
 1307 | static void MX_TIM3_Init(void)
      |             ^~~~~~~~~~~~
../Core/Src/main.c:1201:13: warning: 'MX_SPI3_Init' defined but not used [-Wunused-function]
 1201 | static void MX_SPI3_Init(void)
      |             ^~~~~~~~~~~~
../Core/Src/main.c:1087:13: warning: 'MX_SPI1_Init' defined but not used [-Wunused-function]
 1087 | static void MX_SPI1_Init(void)
      |             ^~~~~~~~~~~~
../Core/Src/main.c:972:13: warning: 'MX_SAI1_Init' defined but not used [-Wunused-function]
  972 | static void MX_SAI1_Init(void)
      |             ^~~~~~~~~~~~
../Core/Src/main.c:844:13: warning: 'MX_I2C3_Init' defined but not used [-Wunused-function]
  844 | static void MX_I2C3_Init(void)
      |             ^~~~~~~~~~~~
../Core/Src/main.c:796:13: warning: 'MX_I2C2_Init' defined but not used [-Wunused-function]
  796 | static void MX_I2C2_Init(void)
      |             ^~~~~~~~~~~~
../Core/Src/main.c:748:13: warning: 'MX_I2C1_Init' defined but not used [-Wunused-function]
  748 | static void MX_I2C1_Init(void)
      |             ^~~~~~~~~~~~
../Core/Src/main.c:655:13: warning: 'MX_DAC1_Init' defined but not used [-Wunused-function]
  655 | static void MX_DAC1_Init(void)
      |             ^~~~~~~~~~~~
../Core/Src/main.c:601:13: warning: 'MX_MDF1_Init' defined but not used [-Wunused-function]
  601 | static void MX_MDF1_Init(void)
      |             ^~~~~~~~~~~~
../Core/Src/main.c:538:13: warning: 'MX_ADF1_Init' defined but not used [-Wunused-function]
  538 | static void MX_ADF1_Init(void)
      |             ^~~~~~~~~~~~
../Core/Src/main.c:494:13: warning: 'MX_ADC1_Init' defined but not used [-Wunused-function]
  494 | static void MX_ADC1_Init(void)
      |             ^~~~~~~~~~~~
make: *** [Core/Src/subdir.mk:34: Core/Src/main.o] Error 1
"make -j8 all" terminated with exit code 2. Build might be incomplete.
12:41:19 **** Incremental Build of configuration Debug for project SPI2_MDA_Chain_2_Sensor ****
make -j8 all 
arm-none-eabi-gcc "../Core/Src/main.c" -mcpu=cortex-m33 -std=gnu11 -g3 -DDEBUG -DUSE_HAL_DRIVER -DSTM32U585xx -DFX_INCLUDE_USER_DEFINE_FILE -c -I../Core/Inc -I../Drivers/STM32U5xx_HAL_Driver/Inc -I../Drivers/STM32U5xx_HAL_Driver/Inc/Legacy -I../Drivers/CMSIS/Device/ST/STM32U5xx/Include -I../Drivers/CMSIS/Include -I../FileX/App -I../FileX/Target -I../Middlewares/ST/filex/common/inc -I../Middlewares/ST/filex/ports/generic/inc -O0 -ffunction-sections -fdata-sections -Wall -fstack-usage -fcyclomatic-complexity -MMD -MP -MF"Core/Src/main.d" -MT"Core/Src/main.o" --specs=nano.specs -mfpu=fpv5-sp-d16 -mfloat-abi=hard -mthumb -o "Core/Src/main.o"
../Core/Src/main.c: In function 'main':
../Core/Src/main.c:329:60: error: 'FX_FILE' {aka 'struct FX_FILE_STRUCT'} has no member named 'fx_file_current_size'; did you mean 'fx_file_current_file_size'?
  329 |                           fx_file_seek(&log_file, log_file.fx_file_current_size);
      |                                                            ^~~~~~~~~~~~~~~~~~~~
      |                                                            fx_file_current_file_size
../Core/Src/main.c: At top level:
../Core/Src/main.c:1452:13: warning: 'MX_USB_OTG_FS_PCD_Init' defined but not used [-Wunused-function]
 1452 | static void MX_USB_OTG_FS_PCD_Init(void)
      |             ^~~~~~~~~~~~~~~~~~~~~~
../Core/Src/main.c:1404:13: warning: 'MX_USART3_UART_Init' defined but not used [-Wunused-function]
 1404 | static void MX_USART3_UART_Init(void)
      |             ^~~~~~~~~~~~~~~~~~~
../Core/Src/main.c:1308:13: warning: 'MX_TIM3_Init' defined but not used [-Wunused-function]
 1308 | static void MX_TIM3_Init(void)
      |             ^~~~~~~~~~~~
../Core/Src/main.c:1202:13: warning: 'MX_SPI3_Init' defined but not used [-Wunused-function]
 1202 | static void MX_SPI3_Init(void)
      |             ^~~~~~~~~~~~
../Core/Src/main.c:1088:13: warning: 'MX_SPI1_Init' defined but not used [-Wunused-function]
 1088 | static void MX_SPI1_Init(void)
      |             ^~~~~~~~~~~~
../Core/Src/main.c:973:13: warning: 'MX_SAI1_Init' defined but not used [-Wunused-function]
  973 | static void MX_SAI1_Init(void)
      |             ^~~~~~~~~~~~
../Core/Src/main.c:845:13: warning: 'MX_I2C3_Init' defined but not used [-Wunused-function]
  845 | static void MX_I2C3_Init(void)
      |             ^~~~~~~~~~~~
../Core/Src/main.c:797:13: warning: 'MX_I2C2_Init' defined but not used [-Wunused-function]
  797 | static void MX_I2C2_Init(void)
      |             ^~~~~~~~~~~~
../Core/Src/main.c:749:13: warning: 'MX_I2C1_Init' defined but not used [-Wunused-function]
  749 | static void MX_I2C1_Init(void)
      |             ^~~~~~~~~~~~
../Core/Src/main.c:656:13: warning: 'MX_DAC1_Init' defined but not used [-Wunused-function]
  656 | static void MX_DAC1_Init(void)
      |             ^~~~~~~~~~~~
../Core/Src/main.c:602:13: warning: 'MX_MDF1_Init' defined but not used [-Wunused-function]
  602 | static void MX_MDF1_Init(void)
      |             ^~~~~~~~~~~~
../Core/Src/main.c:539:13: warning: 'MX_ADF1_Init' defined but not used [-Wunused-function]
  539 | static void MX_ADF1_Init(void)
      |             ^~~~~~~~~~~~
../Core/Src/main.c:495:13: warning: 'MX_ADC1_Init' defined but not used [-Wunused-function]
  495 | static void MX_ADC1_Init(void)
      |             ^~~~~~~~~~~~
make: *** [Core/Src/subdir.mk:34: Core/Src/main.o] Error 1
"make -j8 all" terminated with exit code 2. Build might be incomplete.
12:41:55 **** Incremental Build of configuration Debug for project SPI2_MDA_Chain_2_Sensor ****
make -j8 all 
arm-none-eabi-gcc "../Core/Src/main.c" -mcpu=cortex-m33 -std=gnu11 -g3 -DDEBUG -DUSE_HAL_DRIVER -DSTM32U585xx -DFX_INCLUDE_USER_DEFINE_FILE -c -I../Core/Inc -I../Drivers/STM32U5xx_HAL_Driver/Inc -I../Drivers/STM32U5xx_HAL_Driver/Inc/Legacy -I../Drivers/CMSIS/Device/ST/STM32U5xx/Include -I../Drivers/CMSIS/Include -I../FileX/App -I../FileX/Target -I../Middlewares/ST/filex/common/inc -I../Middlewares/ST/filex/ports/generic/inc -O0 -ffunction-sections -fdata-sections -Wall -fstack-usage -fcyclomatic-complexity -MMD -MP -MF"Core/Src/main.d" -MT"Core/Src/main.o" --specs=nano.specs -mfpu=fpv5-sp-d16 -mfloat-abi=hard -mthumb -o "Core/Src/main.o"
../Core/Src/main.c:1451:13: warning: 'MX_USB_OTG_FS_PCD_Init' defined but not used [-Wunused-function]
 1451 | static void MX_USB_OTG_FS_PCD_Init(void)
      |             ^~~~~~~~~~~~~~~~~~~~~~
../Core/Src/main.c:1403:13: warning: 'MX_USART3_UART_Init' defined but not used [-Wunused-function]
 1403 | static void MX_USART3_UART_Init(void)
      |             ^~~~~~~~~~~~~~~~~~~
../Core/Src/main.c:1307:13: warning: 'MX_TIM3_Init' defined but not used [-Wunused-function]
 1307 | static void MX_TIM3_Init(void)
      |             ^~~~~~~~~~~~
../Core/Src/main.c:1201:13: warning: 'MX_SPI3_Init' defined but not used [-Wunused-function]
 1201 | static void MX_SPI3_Init(void)
      |             ^~~~~~~~~~~~
../Core/Src/main.c:1087:13: warning: 'MX_SPI1_Init' defined but not used [-Wunused-function]
 1087 | static void MX_SPI1_Init(void)
      |             ^~~~~~~~~~~~
../Core/Src/main.c:972:13: warning: 'MX_SAI1_Init' defined but not used [-Wunused-function]
  972 | static void MX_SAI1_Init(void)
      |             ^~~~~~~~~~~~
../Core/Src/main.c:844:13: warning: 'MX_I2C3_Init' defined but not used [-Wunused-function]
  844 | static void MX_I2C3_Init(void)
      |             ^~~~~~~~~~~~
../Core/Src/main.c:796:13: warning: 'MX_I2C2_Init' defined but not used [-Wunused-function]
  796 | static void MX_I2C2_Init(void)
      |             ^~~~~~~~~~~~
../Core/Src/main.c:748:13: warning: 'MX_I2C1_Init' defined but not used [-Wunused-function]
  748 | static void MX_I2C1_Init(void)
      |             ^~~~~~~~~~~~
../Core/Src/main.c:655:13: warning: 'MX_DAC1_Init' defined but not used [-Wunused-function]
  655 | static void MX_DAC1_Init(void)
      |             ^~~~~~~~~~~~
../Core/Src/main.c:601:13: warning: 'MX_MDF1_Init' defined but not used [-Wunused-function]
  601 | static void MX_MDF1_Init(void)
      |             ^~~~~~~~~~~~
../Core/Src/main.c:538:13: warning: 'MX_ADF1_Init' defined but not used [-Wunused-function]
  538 | static void MX_ADF1_Init(void)
      |             ^~~~~~~~~~~~
../Core/Src/main.c:494:13: warning: 'MX_ADC1_Init' defined but not used [-Wunused-function]
  494 | static void MX_ADC1_Init(void)
      |             ^~~~~~~~~~~~
arm-none-eabi-gcc -o "SPI2_MDA_Chain_2_Sensor.elf" @"objects.list"   -mcpu=cortex-m33 -T"C:\Users\kerem\STM32CubeIDE\workspace_1.19.0\WorkSpaceSteval\Steval_Anomaly\SPI2_MDA_Chain_2_Sensor\STM32U585AIIXQ_FLASH.ld" --specs=nosys.specs -Wl,-Map="SPI2_MDA_Chain_2_Sensor.map" -Wl,--gc-sections -static --specs=nano.specs -mfpu=fpv5-sp-d16 -mfloat-abi=hard -mthumb -Wl,--start-group -lc -lm -Wl,--end-group
Finished building target: SPI2_MDA_Chain_2_Sensor.elf
 
arm-none-eabi-size  SPI2_MDA_Chain_2_Sensor.elf 
arm-none-eabi-objdump -h -S SPI2_MDA_Chain_2_Sensor.elf  > "SPI2_MDA_Chain_2_Sensor.list"
   text	   data	    bss	    dec	    hex	filename
  84895	    184	  15656	 100735	  1897f	SPI2_MDA_Chain_2_Sensor.elf
Finished building: default.size.stdout
 
Finished building: SPI2_MDA_Chain_2_Sensor.list
 
12:42:32 **** Incremental Build of configuration Debug for project SPI2_MDA_Chain_2_Sensor ****
make -j8 all 
arm-none-eabi-size  SPI2_MDA_Chain_2_Sensor.elf 
   text	   data	    bss	    dec	    hex	filename
  84895	    184	  15656	 100735	  1897f	SPI2_MDA_Chain_2_Sensor.elf
Finished building: default.size.stdout
 
12:43:37 **** Incremental Build of configuration Debug for project SPI2_MDA_Chain_2_Sensor ****
make -j8 all 
arm-none-eabi-size  SPI2_MDA_Chain_2_Sensor.elf 
   text	   data	    bss	    dec	    hex	filename
  84895	    184	  15656	 100735	  1897f	SPI2_MDA_Chain_2_Sensor.elf
Finished building: default.size.stdout
 
12:45:09 **** Incremental Build of configuration Debug for project SPI2_MDA_Chain_2_Sensor ****
make -j8 all 
arm-none-eabi-size  SPI2_MDA_Chain_2_Sensor.elf 
   text	   data	    bss	    dec	    hex	filename
  84895	    184	  15656	 100735	  1897f	SPI2_MDA_Chain_2_Sensor.elf
Finished building: default.size.stdout
 
13:04:37 **** Incremental Build of configuration Debug for project SPI2_MDA_Chain_2_Sensor ****
make -j8 all 
arm-none-eabi-gcc "../Core/Src/main.c" -mcpu=cortex-m33 -std=gnu11 -g3 -DDEBUG -DUSE_HAL_DRIVER -DSTM32U585xx -DFX_INCLUDE_USER_DEFINE_FILE -c -I../Core/Inc -I../Drivers/STM32U5xx_HAL_Driver/Inc -I../Drivers/STM32U5xx_HAL_Driver/Inc/Legacy -I../Drivers/CMSIS/Device/ST/STM32U5xx/Include -I../Drivers/CMSIS/Include -I../FileX/App -I../FileX/Target -I../Middlewares/ST/filex/common/inc -I../Middlewares/ST/filex/ports/generic/inc -O0 -ffunction-sections -fdata-sections -Wall -fstack-usage -fcyclomatic-complexity -MMD -MP -MF"Core/Src/main.d" -MT"Core/Src/main.o" --specs=nano.specs -mfpu=fpv5-sp-d16 -mfloat-abi=hard -mthumb -o "Core/Src/main.o"
../Core/Src/main.c: In function 'main':
../Core/Src/main.c:262:21: warning: unused variable 'flag_smoke_test' [-Wunused-variable]
  262 |                 int flag_smoke_test = sd_ll_smoke_test();
      |                     ^~~~~~~~~~~~~~~
../Core/Src/main.c: At top level:
../Core/Src/main.c:1455:13: warning: 'MX_USB_OTG_FS_PCD_Init' defined but not used [-Wunused-function]
 1455 | static void MX_USB_OTG_FS_PCD_Init(void)
      |             ^~~~~~~~~~~~~~~~~~~~~~
../Core/Src/main.c:1407:13: warning: 'MX_USART3_UART_Init' defined but not used [-Wunused-function]
 1407 | static void MX_USART3_UART_Init(void)
      |             ^~~~~~~~~~~~~~~~~~~
../Core/Src/main.c:1311:13: warning: 'MX_TIM3_Init' defined but not used [-Wunused-function]
 1311 | static void MX_TIM3_Init(void)
      |             ^~~~~~~~~~~~
../Core/Src/main.c:1205:13: warning: 'MX_SPI3_Init' defined but not used [-Wunused-function]
 1205 | static void MX_SPI3_Init(void)
      |             ^~~~~~~~~~~~
../Core/Src/main.c:1091:13: warning: 'MX_SPI1_Init' defined but not used [-Wunused-function]
 1091 | static void MX_SPI1_Init(void)
      |             ^~~~~~~~~~~~
../Core/Src/main.c:976:13: warning: 'MX_SAI1_Init' defined but not used [-Wunused-function]
  976 | static void MX_SAI1_Init(void)
      |             ^~~~~~~~~~~~
../Core/Src/main.c:848:13: warning: 'MX_I2C3_Init' defined but not used [-Wunused-function]
  848 | static void MX_I2C3_Init(void)
      |             ^~~~~~~~~~~~
../Core/Src/main.c:800:13: warning: 'MX_I2C2_Init' defined but not used [-Wunused-function]
  800 | static void MX_I2C2_Init(void)
      |             ^~~~~~~~~~~~
../Core/Src/main.c:752:13: warning: 'MX_I2C1_Init' defined but not used [-Wunused-function]
  752 | static void MX_I2C1_Init(void)
      |             ^~~~~~~~~~~~
../Core/Src/main.c:659:13: warning: 'MX_DAC1_Init' defined but not used [-Wunused-function]
  659 | static void MX_DAC1_Init(void)
      |             ^~~~~~~~~~~~
../Core/Src/main.c:605:13: warning: 'MX_MDF1_Init' defined but not used [-Wunused-function]
  605 | static void MX_MDF1_Init(void)
      |             ^~~~~~~~~~~~
../Core/Src/main.c:542:13: warning: 'MX_ADF1_Init' defined but not used [-Wunused-function]
  542 | static void MX_ADF1_Init(void)
      |             ^~~~~~~~~~~~
../Core/Src/main.c:498:13: warning: 'MX_ADC1_Init' defined but not used [-Wunused-function]
  498 | static void MX_ADC1_Init(void)
      |             ^~~~~~~~~~~~
arm-none-eabi-gcc -o "SPI2_MDA_Chain_2_Sensor.elf" @"objects.list"   -mcpu=cortex-m33 -T"C:\Users\kerem\STM32CubeIDE\workspace_1.19.0\WorkSpaceSteval\Steval_Anomaly\SPI2_MDA_Chain_2_Sensor\STM32U585AIIXQ_FLASH.ld" --specs=nosys.specs -Wl,-Map="SPI2_MDA_Chain_2_Sensor.map" -Wl,--gc-sections -static --specs=nano.specs -mfpu=fpv5-sp-d16 -mfloat-abi=hard -mthumb -Wl,--start-group -lc -lm -Wl,--end-group
Finished building target: SPI2_MDA_Chain_2_Sensor.elf
 
arm-none-eabi-size  SPI2_MDA_Chain_2_Sensor.elf 
arm-none-eabi-objdump -h -S SPI2_MDA_Chain_2_Sensor.elf  > "SPI2_MDA_Chain_2_Sensor.list"
   text	   data	    bss	    dec	    hex	filename
  86003	    184	  16192	 102379	  18feb	SPI2_MDA_Chain_2_Sensor.elf
Finished building: default.size.stdout
 
Finished building: SPI2_MDA_Chain_2_Sensor.list
 
13:20:55 **** Incremental Build of configuration Debug for project SPI2_MDA_Chain_2_Sensor ****
make -j8 all 
arm-none-eabi-gcc "../Core/Src/main.c" -mcpu=cortex-m33 -std=gnu11 -g3 -DDEBUG -DUSE_HAL_DRIVER -DSTM32U585xx -DFX_INCLUDE_USER_DEFINE_FILE -c -I../Core/Inc -I../Drivers/STM32U5xx_HAL_Driver/Inc -I../Drivers/STM32U5xx_HAL_Driver/Inc/Legacy -I../Drivers/CMSIS/Device/ST/STM32U5xx/Include -I../Drivers/CMSIS/Include -I../FileX/App -I../FileX/Target -I../Middlewares/ST/filex/common/inc -I../Middlewares/ST/filex/ports/generic/inc -O0 -ffunction-sections -fdata-sections -Wall -fstack-usage -fcyclomatic-complexity -MMD -MP -MF"Core/Src/main.d" -MT"Core/Src/main.o" --specs=nano.specs -mfpu=fpv5-sp-d16 -mfloat-abi=hard -mthumb -o "Core/Src/main.o"
../Core/Src/main.c: In function 'main':
../Core/Src/main.c:316:21: warning: unused variable 'flag_smoke_test' [-Wunused-variable]
  316 |                 int flag_smoke_test = sd_ll_smoke_test();
      |                     ^~~~~~~~~~~~~~~
../Core/Src/main.c: At top level:
../Core/Src/main.c:1509:13: warning: 'MX_USB_OTG_FS_PCD_Init' defined but not used [-Wunused-function]
 1509 | static void MX_USB_OTG_FS_PCD_Init(void)
      |             ^~~~~~~~~~~~~~~~~~~~~~
../Core/Src/main.c:1461:13: warning: 'MX_USART3_UART_Init' defined but not used [-Wunused-function]
 1461 | static void MX_USART3_UART_Init(void)
      |             ^~~~~~~~~~~~~~~~~~~
../Core/Src/main.c:1365:13: warning: 'MX_TIM3_Init' defined but not used [-Wunused-function]
 1365 | static void MX_TIM3_Init(void)
      |             ^~~~~~~~~~~~
../Core/Src/main.c:1259:13: warning: 'MX_SPI3_Init' defined but not used [-Wunused-function]
 1259 | static void MX_SPI3_Init(void)
      |             ^~~~~~~~~~~~
../Core/Src/main.c:1145:13: warning: 'MX_SPI1_Init' defined but not used [-Wunused-function]
 1145 | static void MX_SPI1_Init(void)
      |             ^~~~~~~~~~~~
../Core/Src/main.c:1030:13: warning: 'MX_SAI1_Init' defined but not used [-Wunused-function]
 1030 | static void MX_SAI1_Init(void)
      |             ^~~~~~~~~~~~
../Core/Src/main.c:902:13: warning: 'MX_I2C3_Init' defined but not used [-Wunused-function]
  902 | static void MX_I2C3_Init(void)
      |             ^~~~~~~~~~~~
../Core/Src/main.c:854:13: warning: 'MX_I2C2_Init' defined but not used [-Wunused-function]
  854 | static void MX_I2C2_Init(void)
      |             ^~~~~~~~~~~~
../Core/Src/main.c:806:13: warning: 'MX_I2C1_Init' defined but not used [-Wunused-function]
  806 | static void MX_I2C1_Init(void)
      |             ^~~~~~~~~~~~
../Core/Src/main.c:713:13: warning: 'MX_DAC1_Init' defined but not used [-Wunused-function]
  713 | static void MX_DAC1_Init(void)
      |             ^~~~~~~~~~~~
../Core/Src/main.c:659:13: warning: 'MX_MDF1_Init' defined but not used [-Wunused-function]
  659 | static void MX_MDF1_Init(void)
      |             ^~~~~~~~~~~~
../Core/Src/main.c:596:13: warning: 'MX_ADF1_Init' defined but not used [-Wunused-function]
  596 | static void MX_ADF1_Init(void)
      |             ^~~~~~~~~~~~
../Core/Src/main.c:552:13: warning: 'MX_ADC1_Init' defined but not used [-Wunused-function]
  552 | static void MX_ADC1_Init(void)
      |             ^~~~~~~~~~~~
arm-none-eabi-gcc -o "SPI2_MDA_Chain_2_Sensor.elf" @"objects.list"   -mcpu=cortex-m33 -T"C:\Users\kerem\STM32CubeIDE\workspace_1.19.0\WorkSpaceSteval\Steval_Anomaly\SPI2_MDA_Chain_2_Sensor\STM32U585AIIXQ_FLASH.ld" --specs=nosys.specs -Wl,-Map="SPI2_MDA_Chain_2_Sensor.map" -Wl,--gc-sections -static --specs=nano.specs -mfpu=fpv5-sp-d16 -mfloat-abi=hard -mthumb -Wl,--start-group -lc -lm -Wl,--end-group
Finished building target: SPI2_MDA_Chain_2_Sensor.elf
 
arm-none-eabi-size  SPI2_MDA_Chain_2_Sensor.elf 
arm-none-eabi-objdump -h -S SPI2_MDA_Chain_2_Sensor.elf  > "SPI2_MDA_Chain_2_Sensor.list"
   text	   data	    bss	    dec	    hex	filename
  87251	    184	  16192	 103627	  194cb	SPI2_MDA_Chain_2_Sensor.elf
Finished building: default.size.stdout
 
Finished building: SPI2_MDA_Chain_2_Sensor.list
 
13:27:43 **** Incremental Build of configuration Debug for project SPI2_MDA_Chain_2_Sensor ****
make -j8 all 
arm-none-eabi-gcc "../Core/Src/main.c" -mcpu=cortex-m33 -std=gnu11 -g3 -DDEBUG -DUSE_HAL_DRIVER -DSTM32U585xx -DFX_INCLUDE_USER_DEFINE_FILE -c -I../Core/Inc -I../Drivers/STM32U5xx_HAL_Driver/Inc -I../Drivers/STM32U5xx_HAL_Driver/Inc/Legacy -I../Drivers/CMSIS/Device/ST/STM32U5xx/Include -I../Drivers/CMSIS/Include -I../FileX/App -I../FileX/Target -I../Middlewares/ST/filex/common/inc -I../Middlewares/ST/filex/ports/generic/inc -O0 -ffunction-sections -fdata-sections -Wall -fstack-usage -fcyclomatic-complexity -MMD -MP -MF"Core/Src/main.d" -MT"Core/Src/main.o" --specs=nano.specs -mfpu=fpv5-sp-d16 -mfloat-abi=hard -mthumb -o "Core/Src/main.o"
../Core/Src/main.c: In function 'main':
../Core/Src/main.c:321:21: warning: unused variable 'flag_smoke_test' [-Wunused-variable]
  321 |                 int flag_smoke_test = sd_ll_smoke_test();
      |                     ^~~~~~~~~~~~~~~
../Core/Src/main.c: At top level:
../Core/Src/main.c:1514:13: warning: 'MX_USB_OTG_FS_PCD_Init' defined but not used [-Wunused-function]
 1514 | static void MX_USB_OTG_FS_PCD_Init(void)
      |             ^~~~~~~~~~~~~~~~~~~~~~
../Core/Src/main.c:1466:13: warning: 'MX_USART3_UART_Init' defined but not used [-Wunused-function]
 1466 | static void MX_USART3_UART_Init(void)
      |             ^~~~~~~~~~~~~~~~~~~
../Core/Src/main.c:1370:13: warning: 'MX_TIM3_Init' defined but not used [-Wunused-function]
 1370 | static void MX_TIM3_Init(void)
      |             ^~~~~~~~~~~~
../Core/Src/main.c:1264:13: warning: 'MX_SPI3_Init' defined but not used [-Wunused-function]
 1264 | static void MX_SPI3_Init(void)
      |             ^~~~~~~~~~~~
../Core/Src/main.c:1150:13: warning: 'MX_SPI1_Init' defined but not used [-Wunused-function]
 1150 | static void MX_SPI1_Init(void)
      |             ^~~~~~~~~~~~
../Core/Src/main.c:1035:13: warning: 'MX_SAI1_Init' defined but not used [-Wunused-function]
 1035 | static void MX_SAI1_Init(void)
      |             ^~~~~~~~~~~~
../Core/Src/main.c:907:13: warning: 'MX_I2C3_Init' defined but not used [-Wunused-function]
  907 | static void MX_I2C3_Init(void)
      |             ^~~~~~~~~~~~
../Core/Src/main.c:859:13: warning: 'MX_I2C2_Init' defined but not used [-Wunused-function]
  859 | static void MX_I2C2_Init(void)
      |             ^~~~~~~~~~~~
../Core/Src/main.c:811:13: warning: 'MX_I2C1_Init' defined but not used [-Wunused-function]
  811 | static void MX_I2C1_Init(void)
      |             ^~~~~~~~~~~~
../Core/Src/main.c:718:13: warning: 'MX_DAC1_Init' defined but not used [-Wunused-function]
  718 | static void MX_DAC1_Init(void)
      |             ^~~~~~~~~~~~
../Core/Src/main.c:664:13: warning: 'MX_MDF1_Init' defined but not used [-Wunused-function]
  664 | static void MX_MDF1_Init(void)
      |             ^~~~~~~~~~~~
../Core/Src/main.c:601:13: warning: 'MX_ADF1_Init' defined but not used [-Wunused-function]
  601 | static void MX_ADF1_Init(void)
      |             ^~~~~~~~~~~~
../Core/Src/main.c:557:13: warning: 'MX_ADC1_Init' defined but not used [-Wunused-function]
  557 | static void MX_ADC1_Init(void)
      |             ^~~~~~~~~~~~
arm-none-eabi-gcc -o "SPI2_MDA_Chain_2_Sensor.elf" @"objects.list"   -mcpu=cortex-m33 -T"C:\Users\kerem\STM32CubeIDE\workspace_1.19.0\WorkSpaceSteval\Steval_Anomaly\SPI2_MDA_Chain_2_Sensor\STM32U585AIIXQ_FLASH.ld" --specs=nosys.specs -Wl,-Map="SPI2_MDA_Chain_2_Sensor.map" -Wl,--gc-sections -static --specs=nano.specs -mfpu=fpv5-sp-d16 -mfloat-abi=hard -mthumb -Wl,--start-group -lc -lm -Wl,--end-group
Finished building target: SPI2_MDA_Chain_2_Sensor.elf
 
arm-none-eabi-size  SPI2_MDA_Chain_2_Sensor.elf 
arm-none-eabi-objdump -h -S SPI2_MDA_Chain_2_Sensor.elf  > "SPI2_MDA_Chain_2_Sensor.list"
   text	   data	    bss	    dec	    hex	filename
  87271	    184	  16192	 103647	  194df	SPI2_MDA_Chain_2_Sensor.elf
Finished building: default.size.stdout
 
Finished building: SPI2_MDA_Chain_2_Sensor.list
 
13:28:23 **** Incremental Build of configuration Debug for project SPI2_MDA_Chain_2_Sensor ****
make -j8 all 
arm-none-eabi-size  SPI2_MDA_Chain_2_Sensor.elf 
   text	   data	    bss	    dec	    hex	filename
  87271	    184	  16192	 103647	  194df	SPI2_MDA_Chain_2_Sensor.elf
Finished building: default.size.stdout
 
13:30:55 **** Incremental Build of configuration Debug for project SPI2_MDA_Chain_2_Sensor ****
make -j8 all 
arm-none-eabi-gcc "../Core/Src/main.c" -mcpu=cortex-m33 -std=gnu11 -g3 -DDEBUG -DUSE_HAL_DRIVER -DSTM32U585xx -DFX_INCLUDE_USER_DEFINE_FILE -c -I../Core/Inc -I../Drivers/STM32U5xx_HAL_Driver/Inc -I../Drivers/STM32U5xx_HAL_Driver/Inc/Legacy -I../Drivers/CMSIS/Device/ST/STM32U5xx/Include -I../Drivers/CMSIS/Include -I../FileX/App -I../FileX/Target -I../Middlewares/ST/filex/common/inc -I../Middlewares/ST/filex/ports/generic/inc -O0 -ffunction-sections -fdata-sections -Wall -fstack-usage -fcyclomatic-complexity -MMD -MP -MF"Core/Src/main.d" -MT"Core/Src/main.o" --specs=nano.specs -mfpu=fpv5-sp-d16 -mfloat-abi=hard -mthumb -o "Core/Src/main.o"
../Core/Src/main.c: In function 'main':
../Core/Src/main.c:318:21: warning: unused variable 'flag_smoke_test' [-Wunused-variable]
  318 |                 int flag_smoke_test = sd_ll_smoke_test();
      |                     ^~~~~~~~~~~~~~~
../Core/Src/main.c: At top level:
../Core/Src/main.c:1511:13: warning: 'MX_USB_OTG_FS_PCD_Init' defined but not used [-Wunused-function]
 1511 | static void MX_USB_OTG_FS_PCD_Init(void)
      |             ^~~~~~~~~~~~~~~~~~~~~~
../Core/Src/main.c:1463:13: warning: 'MX_USART3_UART_Init' defined but not used [-Wunused-function]
 1463 | static void MX_USART3_UART_Init(void)
      |             ^~~~~~~~~~~~~~~~~~~
../Core/Src/main.c:1367:13: warning: 'MX_TIM3_Init' defined but not used [-Wunused-function]
 1367 | static void MX_TIM3_Init(void)
      |             ^~~~~~~~~~~~
../Core/Src/main.c:1261:13: warning: 'MX_SPI3_Init' defined but not used [-Wunused-function]
 1261 | static void MX_SPI3_Init(void)
      |             ^~~~~~~~~~~~
../Core/Src/main.c:1147:13: warning: 'MX_SPI1_Init' defined but not used [-Wunused-function]
 1147 | static void MX_SPI1_Init(void)
      |             ^~~~~~~~~~~~
../Core/Src/main.c:1032:13: warning: 'MX_SAI1_Init' defined but not used [-Wunused-function]
 1032 | static void MX_SAI1_Init(void)
      |             ^~~~~~~~~~~~
../Core/Src/main.c:904:13: warning: 'MX_I2C3_Init' defined but not used [-Wunused-function]
  904 | static void MX_I2C3_Init(void)
      |             ^~~~~~~~~~~~
../Core/Src/main.c:856:13: warning: 'MX_I2C2_Init' defined but not used [-Wunused-function]
  856 | static void MX_I2C2_Init(void)
      |             ^~~~~~~~~~~~
../Core/Src/main.c:808:13: warning: 'MX_I2C1_Init' defined but not used [-Wunused-function]
  808 | static void MX_I2C1_Init(void)
      |             ^~~~~~~~~~~~
../Core/Src/main.c:715:13: warning: 'MX_DAC1_Init' defined but not used [-Wunused-function]
  715 | static void MX_DAC1_Init(void)
      |             ^~~~~~~~~~~~
../Core/Src/main.c:661:13: warning: 'MX_MDF1_Init' defined but not used [-Wunused-function]
  661 | static void MX_MDF1_Init(void)
      |             ^~~~~~~~~~~~
../Core/Src/main.c:598:13: warning: 'MX_ADF1_Init' defined but not used [-Wunused-function]
  598 | static void MX_ADF1_Init(void)
      |             ^~~~~~~~~~~~
../Core/Src/main.c:554:13: warning: 'MX_ADC1_Init' defined but not used [-Wunused-function]
  554 | static void MX_ADC1_Init(void)
      |             ^~~~~~~~~~~~
arm-none-eabi-gcc -o "SPI2_MDA_Chain_2_Sensor.elf" @"objects.list"   -mcpu=cortex-m33 -T"C:\Users\kerem\STM32CubeIDE\workspace_1.19.0\WorkSpaceSteval\Steval_Anomaly\SPI2_MDA_Chain_2_Sensor\STM32U585AIIXQ_FLASH.ld" --specs=nosys.specs -Wl,-Map="SPI2_MDA_Chain_2_Sensor.map" -Wl,--gc-sections -static --specs=nano.specs -mfpu=fpv5-sp-d16 -mfloat-abi=hard -mthumb -Wl,--start-group -lc -lm -Wl,--end-group
Finished building target: SPI2_MDA_Chain_2_Sensor.elf
 
arm-none-eabi-size  SPI2_MDA_Chain_2_Sensor.elf 
arm-none-eabi-objdump -h -S SPI2_MDA_Chain_2_Sensor.elf  > "SPI2_MDA_Chain_2_Sensor.list"
   text	   data	    bss	    dec	    hex	filename
  87259	    184	  16192	 103635	  194d3	SPI2_MDA_Chain_2_Sensor.elf
Finished building: default.size.stdout
 
Finished building: SPI2_MDA_Chain_2_Sensor.list
 
13:46:03 **** Incremental Build of configuration Debug for project SPI2_MDA_Chain_2_Sensor ****
make -j8 all 
arm-none-eabi-gcc "../Core/Src/main.c" -mcpu=cortex-m33 -std=gnu11 -g3 -DDEBUG -DUSE_HAL_DRIVER -DSTM32U585xx -DFX_INCLUDE_USER_DEFINE_FILE -c -I../Core/Inc -I../Drivers/STM32U5xx_HAL_Driver/Inc -I../Drivers/STM32U5xx_HAL_Driver/Inc/Legacy -I../Drivers/CMSIS/Device/ST/STM32U5xx/Include -I../Drivers/CMSIS/Include -I../FileX/App -I../FileX/Target -I../Middlewares/ST/filex/common/inc -I../Middlewares/ST/filex/ports/generic/inc -O0 -ffunction-sections -fdata-sections -Wall -fstack-usage -fcyclomatic-complexity -MMD -MP -MF"Core/Src/main.d" -MT"Core/Src/main.o" --specs=nano.specs -mfpu=fpv5-sp-d16 -mfloat-abi=hard -mthumb -o "Core/Src/main.o"
../Core/Src/main.c:160:17: error: conflicting types for 'media_buffer'; have 'uint8_t[512]' {aka 'unsigned char[512]'}
  160 | uint8_t         media_buffer[512];
      |                 ^~~~~~~~~~~~
../Core/Src/main.c:58:14: note: previous declaration of 'media_buffer' with type 'UCHAR[4096]' {aka 'unsigned char[4096]'}
   58 | static UCHAR media_buffer[4096];  // 8 sectors, aligned
      |              ^~~~~~~~~~~~
../Core/Src/main.c: In function 'main':
../Core/Src/main.c:322:21: warning: unused variable 'flag_smoke_test' [-Wunused-variable]
  322 |                 int flag_smoke_test = sd_ll_smoke_test();
      |                     ^~~~~~~~~~~~~~~
../Core/Src/main.c: At top level:
../Core/Src/main.c:1524:13: warning: 'MX_USB_OTG_FS_PCD_Init' defined but not used [-Wunused-function]
 1524 | static void MX_USB_OTG_FS_PCD_Init(void)
      |             ^~~~~~~~~~~~~~~~~~~~~~
../Core/Src/main.c:1476:13: warning: 'MX_USART3_UART_Init' defined but not used [-Wunused-function]
 1476 | static void MX_USART3_UART_Init(void)
      |             ^~~~~~~~~~~~~~~~~~~
../Core/Src/main.c:1380:13: warning: 'MX_TIM3_Init' defined but not used [-Wunused-function]
 1380 | static void MX_TIM3_Init(void)
      |             ^~~~~~~~~~~~
../Core/Src/main.c:1274:13: warning: 'MX_SPI3_Init' defined but not used [-Wunused-function]
 1274 | static void MX_SPI3_Init(void)
      |             ^~~~~~~~~~~~
../Core/Src/main.c:1160:13: warning: 'MX_SPI1_Init' defined but not used [-Wunused-function]
 1160 | static void MX_SPI1_Init(void)
      |             ^~~~~~~~~~~~
../Core/Src/main.c:1045:13: warning: 'MX_SAI1_Init' defined but not used [-Wunused-function]
 1045 | static void MX_SAI1_Init(void)
      |             ^~~~~~~~~~~~
../Core/Src/main.c:917:13: warning: 'MX_I2C3_Init' defined but not used [-Wunused-function]
  917 | static void MX_I2C3_Init(void)
      |             ^~~~~~~~~~~~
../Core/Src/main.c:869:13: warning: 'MX_I2C2_Init' defined but not used [-Wunused-function]
  869 | static void MX_I2C2_Init(void)
      |             ^~~~~~~~~~~~
../Core/Src/main.c:821:13: warning: 'MX_I2C1_Init' defined but not used [-Wunused-function]
  821 | static void MX_I2C1_Init(void)
      |             ^~~~~~~~~~~~
../Core/Src/main.c:728:13: warning: 'MX_DAC1_Init' defined but not used [-Wunused-function]
  728 | static void MX_DAC1_Init(void)
      |             ^~~~~~~~~~~~
../Core/Src/main.c:674:13: warning: 'MX_MDF1_Init' defined but not used [-Wunused-function]
  674 | static void MX_MDF1_Init(void)
      |             ^~~~~~~~~~~~
../Core/Src/main.c:611:13: warning: 'MX_ADF1_Init' defined but not used [-Wunused-function]
  611 | static void MX_ADF1_Init(void)
      |             ^~~~~~~~~~~~
../Core/Src/main.c:567:13: warning: 'MX_ADC1_Init' defined but not used [-Wunused-function]
  567 | static void MX_ADC1_Init(void)
      |             ^~~~~~~~~~~~
make: *** [Core/Src/subdir.mk:34: Core/Src/main.o] Error 1
"make -j8 all" terminated with exit code 2. Build might be incomplete.
13:47:19 **** Incremental Build of configuration Debug for project SPI2_MDA_Chain_2_Sensor ****
make -j8 all 
arm-none-eabi-gcc "../Core/Src/main.c" -mcpu=cortex-m33 -std=gnu11 -g3 -DDEBUG -DUSE_HAL_DRIVER -DSTM32U585xx -DFX_INCLUDE_USER_DEFINE_FILE -c -I../Core/Inc -I../Drivers/STM32U5xx_HAL_Driver/Inc -I../Drivers/STM32U5xx_HAL_Driver/Inc/Legacy -I../Drivers/CMSIS/Device/ST/STM32U5xx/Include -I../Drivers/CMSIS/Include -I../FileX/App -I../FileX/Target -I../Middlewares/ST/filex/common/inc -I../Middlewares/ST/filex/ports/generic/inc -O0 -ffunction-sections -fdata-sections -Wall -fstack-usage -fcyclomatic-complexity -MMD -MP -MF"Core/Src/main.d" -MT"Core/Src/main.o" --specs=nano.specs -mfpu=fpv5-sp-d16 -mfloat-abi=hard -mthumb -o "Core/Src/main.o"
../Core/Src/main.c:160:17: error: conflicting types for 'media_buffer'; have 'uint8_t[512]' {aka 'unsigned char[512]'}
  160 | uint8_t         media_buffer[512];
      |                 ^~~~~~~~~~~~
../Core/Src/main.c:58:14: note: previous declaration of 'media_buffer' with type 'UCHAR[4096]' {aka 'unsigned char[4096]'}
   58 | static UCHAR media_buffer[4096];  // 8 sectors, aligned
      |              ^~~~~~~~~~~~
../Core/Src/main.c: In function 'main':
../Core/Src/main.c:322:21: warning: unused variable 'flag_smoke_test' [-Wunused-variable]
  322 |                 int flag_smoke_test = sd_ll_smoke_test();
      |                     ^~~~~~~~~~~~~~~
../Core/Src/main.c: At top level:
../Core/Src/main.c:1524:13: warning: 'MX_USB_OTG_FS_PCD_Init' defined but not used [-Wunused-function]
 1524 | static void MX_USB_OTG_FS_PCD_Init(void)
      |             ^~~~~~~~~~~~~~~~~~~~~~
../Core/Src/main.c:1476:13: warning: 'MX_USART3_UART_Init' defined but not used [-Wunused-function]
 1476 | static void MX_USART3_UART_Init(void)
      |             ^~~~~~~~~~~~~~~~~~~
../Core/Src/main.c:1380:13: warning: 'MX_TIM3_Init' defined but not used [-Wunused-function]
 1380 | static void MX_TIM3_Init(void)
      |             ^~~~~~~~~~~~
../Core/Src/main.c:1274:13: warning: 'MX_SPI3_Init' defined but not used [-Wunused-function]
 1274 | static void MX_SPI3_Init(void)
      |             ^~~~~~~~~~~~
../Core/Src/main.c:1160:13: warning: 'MX_SPI1_Init' defined but not used [-Wunused-function]
 1160 | static void MX_SPI1_Init(void)
      |             ^~~~~~~~~~~~
../Core/Src/main.c:1045:13: warning: 'MX_SAI1_Init' defined but not used [-Wunused-function]
 1045 | static void MX_SAI1_Init(void)
      |             ^~~~~~~~~~~~
../Core/Src/main.c:917:13: warning: 'MX_I2C3_Init' defined but not used [-Wunused-function]
  917 | static void MX_I2C3_Init(void)
      |             ^~~~~~~~~~~~
../Core/Src/main.c:869:13: warning: 'MX_I2C2_Init' defined but not used [-Wunused-function]
  869 | static void MX_I2C2_Init(void)
      |             ^~~~~~~~~~~~
../Core/Src/main.c:821:13: warning: 'MX_I2C1_Init' defined but not used [-Wunused-function]
  821 | static void MX_I2C1_Init(void)
      |             ^~~~~~~~~~~~
../Core/Src/main.c:728:13: warning: 'MX_DAC1_Init' defined but not used [-Wunused-function]
  728 | static void MX_DAC1_Init(void)
      |             ^~~~~~~~~~~~
../Core/Src/main.c:674:13: warning: 'MX_MDF1_Init' defined but not used [-Wunused-function]
  674 | static void MX_MDF1_Init(void)
      |             ^~~~~~~~~~~~
../Core/Src/main.c:611:13: warning: 'MX_ADF1_Init' defined but not used [-Wunused-function]
  611 | static void MX_ADF1_Init(void)
      |             ^~~~~~~~~~~~
../Core/Src/main.c:567:13: warning: 'MX_ADC1_Init' defined but not used [-Wunused-function]
  567 | static void MX_ADC1_Init(void)
      |             ^~~~~~~~~~~~
make: *** [Core/Src/subdir.mk:34: Core/Src/main.o] Error 1
"make -j8 all" terminated with exit code 2. Build might be incomplete.
13:50:32 **** Incremental Build of configuration Debug for project SPI2_MDA_Chain_2_Sensor ****
make -j8 all 
arm-none-eabi-gcc "../Core/Src/main.c" -mcpu=cortex-m33 -std=gnu11 -g3 -DDEBUG -DUSE_HAL_DRIVER -DSTM32U585xx -DFX_INCLUDE_USER_DEFINE_FILE -c -I../Core/Inc -I../Drivers/STM32U5xx_HAL_Driver/Inc -I../Drivers/STM32U5xx_HAL_Driver/Inc/Legacy -I../Drivers/CMSIS/Device/ST/STM32U5xx/Include -I../Drivers/CMSIS/Include -I../FileX/App -I../FileX/Target -I../Middlewares/ST/filex/common/inc -I../Middlewares/ST/filex/ports/generic/inc -O0 -ffunction-sections -fdata-sections -Wall -fstack-usage -fcyclomatic-complexity -MMD -MP -MF"Core/Src/main.d" -MT"Core/Src/main.o" --specs=nano.specs -mfpu=fpv5-sp-d16 -mfloat-abi=hard -mthumb -o "Core/Src/main.o"
../Core/Src/main.c: In function 'main':
../Core/Src/main.c:322:21: warning: unused variable 'flag_smoke_test' [-Wunused-variable]
  322 |                 int flag_smoke_test = sd_ll_smoke_test();
      |                     ^~~~~~~~~~~~~~~
../Core/Src/main.c: At top level:
../Core/Src/main.c:1524:13: warning: 'MX_USB_OTG_FS_PCD_Init' defined but not used [-Wunused-function]
 1524 | static void MX_USB_OTG_FS_PCD_Init(void)
      |             ^~~~~~~~~~~~~~~~~~~~~~
../Core/Src/main.c:1476:13: warning: 'MX_USART3_UART_Init' defined but not used [-Wunused-function]
 1476 | static void MX_USART3_UART_Init(void)
      |             ^~~~~~~~~~~~~~~~~~~
../Core/Src/main.c:1380:13: warning: 'MX_TIM3_Init' defined but not used [-Wunused-function]
 1380 | static void MX_TIM3_Init(void)
      |             ^~~~~~~~~~~~
../Core/Src/main.c:1274:13: warning: 'MX_SPI3_Init' defined but not used [-Wunused-function]
 1274 | static void MX_SPI3_Init(void)
      |             ^~~~~~~~~~~~
../Core/Src/main.c:1160:13: warning: 'MX_SPI1_Init' defined but not used [-Wunused-function]
 1160 | static void MX_SPI1_Init(void)
      |             ^~~~~~~~~~~~
../Core/Src/main.c:1045:13: warning: 'MX_SAI1_Init' defined but not used [-Wunused-function]
 1045 | static void MX_SAI1_Init(void)
      |             ^~~~~~~~~~~~
../Core/Src/main.c:917:13: warning: 'MX_I2C3_Init' defined but not used [-Wunused-function]
  917 | static void MX_I2C3_Init(void)
      |             ^~~~~~~~~~~~
../Core/Src/main.c:869:13: warning: 'MX_I2C2_Init' defined but not used [-Wunused-function]
  869 | static void MX_I2C2_Init(void)
      |             ^~~~~~~~~~~~
../Core/Src/main.c:821:13: warning: 'MX_I2C1_Init' defined but not used [-Wunused-function]
  821 | static void MX_I2C1_Init(void)
      |             ^~~~~~~~~~~~
../Core/Src/main.c:728:13: warning: 'MX_DAC1_Init' defined but not used [-Wunused-function]
  728 | static void MX_DAC1_Init(void)
      |             ^~~~~~~~~~~~
../Core/Src/main.c:674:13: warning: 'MX_MDF1_Init' defined but not used [-Wunused-function]
  674 | static void MX_MDF1_Init(void)
      |             ^~~~~~~~~~~~
../Core/Src/main.c:611:13: warning: 'MX_ADF1_Init' defined but not used [-Wunused-function]
  611 | static void MX_ADF1_Init(void)
      |             ^~~~~~~~~~~~
../Core/Src/main.c:567:13: warning: 'MX_ADC1_Init' defined but not used [-Wunused-function]
  567 | static void MX_ADC1_Init(void)
      |             ^~~~~~~~~~~~
arm-none-eabi-gcc -o "SPI2_MDA_Chain_2_Sensor.elf" @"objects.list"   -mcpu=cortex-m33 -T"C:\Users\kerem\STM32CubeIDE\workspace_1.19.0\WorkSpaceSteval\Steval_Anomaly\SPI2_MDA_Chain_2_Sensor\STM32U585AIIXQ_FLASH.ld" --specs=nosys.specs -Wl,-Map="SPI2_MDA_Chain_2_Sensor.map" -Wl,--gc-sections -static --specs=nano.specs -mfpu=fpv5-sp-d16 -mfloat-abi=hard -mthumb -Wl,--start-group -lc -lm -Wl,--end-group
Finished building target: SPI2_MDA_Chain_2_Sensor.elf
 
arm-none-eabi-size  SPI2_MDA_Chain_2_Sensor.elf 
arm-none-eabi-objdump -h -S SPI2_MDA_Chain_2_Sensor.elf  > "SPI2_MDA_Chain_2_Sensor.list"
   text	   data	    bss	    dec	    hex	filename
  87335	    184	  19776	 107295	  1a31f	SPI2_MDA_Chain_2_Sensor.elf
Finished building: default.size.stdout
 
Finished building: SPI2_MDA_Chain_2_Sensor.list
 
13:50:38 **** Incremental Build of configuration Debug for project SPI2_MDA_Chain_2_Sensor ****
make -j8 all 
arm-none-eabi-size  SPI2_MDA_Chain_2_Sensor.elf 
   text	   data	    bss	    dec	    hex	filename
  87335	    184	  19776	 107295	  1a31f	SPI2_MDA_Chain_2_Sensor.elf
Finished building: default.size.stdout
 
13:51:53 **** Incremental Build of configuration Debug for project SPI2_MDA_Chain_2_Sensor ****
make -j8 all 
arm-none-eabi-gcc "../Core/Src/main.c" -mcpu=cortex-m33 -std=gnu11 -g3 -DDEBUG -DUSE_HAL_DRIVER -DSTM32U585xx -DFX_INCLUDE_USER_DEFINE_FILE -c -I../Core/Inc -I../Drivers/STM32U5xx_HAL_Driver/Inc -I../Drivers/STM32U5xx_HAL_Driver/Inc/Legacy -I../Drivers/CMSIS/Device/ST/STM32U5xx/Include -I../Drivers/CMSIS/Include -I../FileX/App -I../FileX/Target -I../Middlewares/ST/filex/common/inc -I../Middlewares/ST/filex/ports/generic/inc -O0 -ffunction-sections -fdata-sections -Wall -fstack-usage -fcyclomatic-complexity -MMD -MP -MF"Core/Src/main.d" -MT"Core/Src/main.o" --specs=nano.specs -mfpu=fpv5-sp-d16 -mfloat-abi=hard -mthumb -o "Core/Src/main.o"
../Core/Src/main.c: In function 'main':
../Core/Src/main.c:322:21: warning: unused variable 'flag_smoke_test' [-Wunused-variable]
  322 |                 int flag_smoke_test = sd_ll_smoke_test();
      |                     ^~~~~~~~~~~~~~~
../Core/Src/main.c: At top level:
../Core/Src/main.c:1524:13: warning: 'MX_USB_OTG_FS_PCD_Init' defined but not used [-Wunused-function]
 1524 | static void MX_USB_OTG_FS_PCD_Init(void)
      |             ^~~~~~~~~~~~~~~~~~~~~~
../Core/Src/main.c:1476:13: warning: 'MX_USART3_UART_Init' defined but not used [-Wunused-function]
 1476 | static void MX_USART3_UART_Init(void)
      |             ^~~~~~~~~~~~~~~~~~~
../Core/Src/main.c:1380:13: warning: 'MX_TIM3_Init' defined but not used [-Wunused-function]
 1380 | static void MX_TIM3_Init(void)
      |             ^~~~~~~~~~~~
../Core/Src/main.c:1274:13: warning: 'MX_SPI3_Init' defined but not used [-Wunused-function]
 1274 | static void MX_SPI3_Init(void)
      |             ^~~~~~~~~~~~
../Core/Src/main.c:1160:13: warning: 'MX_SPI1_Init' defined but not used [-Wunused-function]
 1160 | static void MX_SPI1_Init(void)
      |             ^~~~~~~~~~~~
../Core/Src/main.c:1045:13: warning: 'MX_SAI1_Init' defined but not used [-Wunused-function]
 1045 | static void MX_SAI1_Init(void)
      |             ^~~~~~~~~~~~
../Core/Src/main.c:917:13: warning: 'MX_I2C3_Init' defined but not used [-Wunused-function]
  917 | static void MX_I2C3_Init(void)
      |             ^~~~~~~~~~~~
../Core/Src/main.c:869:13: warning: 'MX_I2C2_Init' defined but not used [-Wunused-function]
  869 | static void MX_I2C2_Init(void)
      |             ^~~~~~~~~~~~
../Core/Src/main.c:821:13: warning: 'MX_I2C1_Init' defined but not used [-Wunused-function]
  821 | static void MX_I2C1_Init(void)
      |             ^~~~~~~~~~~~
../Core/Src/main.c:728:13: warning: 'MX_DAC1_Init' defined but not used [-Wunused-function]
  728 | static void MX_DAC1_Init(void)
      |             ^~~~~~~~~~~~
../Core/Src/main.c:674:13: warning: 'MX_MDF1_Init' defined but not used [-Wunused-function]
  674 | static void MX_MDF1_Init(void)
      |             ^~~~~~~~~~~~
../Core/Src/main.c:611:13: warning: 'MX_ADF1_Init' defined but not used [-Wunused-function]
  611 | static void MX_ADF1_Init(void)
      |             ^~~~~~~~~~~~
../Core/Src/main.c:567:13: warning: 'MX_ADC1_Init' defined but not used [-Wunused-function]
  567 | static void MX_ADC1_Init(void)
      |             ^~~~~~~~~~~~
arm-none-eabi-gcc -o "SPI2_MDA_Chain_2_Sensor.elf" @"objects.list"   -mcpu=cortex-m33 -T"C:\Users\kerem\STM32CubeIDE\workspace_1.19.0\WorkSpaceSteval\Steval_Anomaly\SPI2_MDA_Chain_2_Sensor\STM32U585AIIXQ_FLASH.ld" --specs=nosys.specs -Wl,-Map="SPI2_MDA_Chain_2_Sensor.map" -Wl,--gc-sections -static --specs=nano.specs -mfpu=fpv5-sp-d16 -mfloat-abi=hard -mthumb -Wl,--start-group -lc -lm -Wl,--end-group
Finished building target: SPI2_MDA_Chain_2_Sensor.elf
 
arm-none-eabi-size  SPI2_MDA_Chain_2_Sensor.elf 
arm-none-eabi-objdump -h -S SPI2_MDA_Chain_2_Sensor.elf  > "SPI2_MDA_Chain_2_Sensor.list"
   text	   data	    bss	    dec	    hex	filename
  87339	    184	  19776	 107299	  1a323	SPI2_MDA_Chain_2_Sensor.elf
Finished building: default.size.stdout
 
Finished building: SPI2_MDA_Chain_2_Sensor.list
 
13:55:23 **** Incremental Build of configuration Debug for project SPI2_MDA_Chain_2_Sensor ****
make -j8 all 
arm-none-eabi-gcc "../Core/Src/main.c" -mcpu=cortex-m33 -std=gnu11 -g3 -DDEBUG -DUSE_HAL_DRIVER -DSTM32U585xx -DFX_INCLUDE_USER_DEFINE_FILE -c -I../Core/Inc -I../Drivers/STM32U5xx_HAL_Driver/Inc -I../Drivers/STM32U5xx_HAL_Driver/Inc/Legacy -I../Drivers/CMSIS/Device/ST/STM32U5xx/Include -I../Drivers/CMSIS/Include -I../FileX/App -I../FileX/Target -I../Middlewares/ST/filex/common/inc -I../Middlewares/ST/filex/ports/generic/inc -O0 -ffunction-sections -fdata-sections -Wall -fstack-usage -fcyclomatic-complexity -MMD -MP -MF"Core/Src/main.d" -MT"Core/Src/main.o" --specs=nano.specs -mfpu=fpv5-sp-d16 -mfloat-abi=hard -mthumb -o "Core/Src/main.o"
../Core/Src/main.c: In function 'main':
../Core/Src/main.c:322:21: warning: unused variable 'flag_smoke_test' [-Wunused-variable]
  322 |                 int flag_smoke_test = sd_ll_smoke_test();
      |                     ^~~~~~~~~~~~~~~
../Core/Src/main.c: At top level:
../Core/Src/main.c:1524:13: warning: 'MX_USB_OTG_FS_PCD_Init' defined but not used [-Wunused-function]
 1524 | static void MX_USB_OTG_FS_PCD_Init(void)
      |             ^~~~~~~~~~~~~~~~~~~~~~
../Core/Src/main.c:1476:13: warning: 'MX_USART3_UART_Init' defined but not used [-Wunused-function]
 1476 | static void MX_USART3_UART_Init(void)
      |             ^~~~~~~~~~~~~~~~~~~
../Core/Src/main.c:1380:13: warning: 'MX_TIM3_Init' defined but not used [-Wunused-function]
 1380 | static void MX_TIM3_Init(void)
      |             ^~~~~~~~~~~~
../Core/Src/main.c:1274:13: warning: 'MX_SPI3_Init' defined but not used [-Wunused-function]
 1274 | static void MX_SPI3_Init(void)
      |             ^~~~~~~~~~~~
../Core/Src/main.c:1160:13: warning: 'MX_SPI1_Init' defined but not used [-Wunused-function]
 1160 | static void MX_SPI1_Init(void)
      |             ^~~~~~~~~~~~
../Core/Src/main.c:1045:13: warning: 'MX_SAI1_Init' defined but not used [-Wunused-function]
 1045 | static void MX_SAI1_Init(void)
      |             ^~~~~~~~~~~~
../Core/Src/main.c:917:13: warning: 'MX_I2C3_Init' defined but not used [-Wunused-function]
  917 | static void MX_I2C3_Init(void)
      |             ^~~~~~~~~~~~
../Core/Src/main.c:869:13: warning: 'MX_I2C2_Init' defined but not used [-Wunused-function]
  869 | static void MX_I2C2_Init(void)
      |             ^~~~~~~~~~~~
../Core/Src/main.c:821:13: warning: 'MX_I2C1_Init' defined but not used [-Wunused-function]
  821 | static void MX_I2C1_Init(void)
      |             ^~~~~~~~~~~~
../Core/Src/main.c:728:13: warning: 'MX_DAC1_Init' defined but not used [-Wunused-function]
  728 | static void MX_DAC1_Init(void)
      |             ^~~~~~~~~~~~
../Core/Src/main.c:674:13: warning: 'MX_MDF1_Init' defined but not used [-Wunused-function]
  674 | static void MX_MDF1_Init(void)
      |             ^~~~~~~~~~~~
../Core/Src/main.c:611:13: warning: 'MX_ADF1_Init' defined but not used [-Wunused-function]
  611 | static void MX_ADF1_Init(void)
      |             ^~~~~~~~~~~~
../Core/Src/main.c:567:13: warning: 'MX_ADC1_Init' defined but not used [-Wunused-function]
  567 | static void MX_ADC1_Init(void)
      |             ^~~~~~~~~~~~
arm-none-eabi-gcc -o "SPI2_MDA_Chain_2_Sensor.elf" @"objects.list"   -mcpu=cortex-m33 -T"C:\Users\kerem\STM32CubeIDE\workspace_1.19.0\WorkSpaceSteval\Steval_Anomaly\SPI2_MDA_Chain_2_Sensor\STM32U585AIIXQ_FLASH.ld" --specs=nosys.specs -Wl,-Map="SPI2_MDA_Chain_2_Sensor.map" -Wl,--gc-sections -static --specs=nano.specs -mfpu=fpv5-sp-d16 -mfloat-abi=hard -mthumb -Wl,--start-group -lc -lm -Wl,--end-group
Finished building target: SPI2_MDA_Chain_2_Sensor.elf
 
arm-none-eabi-size  SPI2_MDA_Chain_2_Sensor.elf 
arm-none-eabi-objdump -h -S SPI2_MDA_Chain_2_Sensor.elf  > "SPI2_MDA_Chain_2_Sensor.list"
   text	   data	    bss	    dec	    hex	filename
  87339	    184	  19776	 107299	  1a323	SPI2_MDA_Chain_2_Sensor.elf
Finished building: default.size.stdout
 
Finished building: SPI2_MDA_Chain_2_Sensor.list
 
13:56:21 **** Incremental Build of configuration Debug for project SPI2_MDA_Chain_2_Sensor ****
make -j8 all 
arm-none-eabi-gcc "../Core/Src/main.c" -mcpu=cortex-m33 -std=gnu11 -g3 -DDEBUG -DUSE_HAL_DRIVER -DSTM32U585xx -DFX_INCLUDE_USER_DEFINE_FILE -c -I../Core/Inc -I../Drivers/STM32U5xx_HAL_Driver/Inc -I../Drivers/STM32U5xx_HAL_Driver/Inc/Legacy -I../Drivers/CMSIS/Device/ST/STM32U5xx/Include -I../Drivers/CMSIS/Include -I../FileX/App -I../FileX/Target -I../Middlewares/ST/filex/common/inc -I../Middlewares/ST/filex/ports/generic/inc -O0 -ffunction-sections -fdata-sections -Wall -fstack-usage -fcyclomatic-complexity -MMD -MP -MF"Core/Src/main.d" -MT"Core/Src/main.o" --specs=nano.specs -mfpu=fpv5-sp-d16 -mfloat-abi=hard -mthumb -o "Core/Src/main.o"
../Core/Src/main.c: In function 'main':
../Core/Src/main.c:322:21: warning: unused variable 'flag_smoke_test' [-Wunused-variable]
  322 |                 int flag_smoke_test = sd_ll_smoke_test();
      |                     ^~~~~~~~~~~~~~~
../Core/Src/main.c: At top level:
../Core/Src/main.c:1524:13: warning: 'MX_USB_OTG_FS_PCD_Init' defined but not used [-Wunused-function]
 1524 | static void MX_USB_OTG_FS_PCD_Init(void)
      |             ^~~~~~~~~~~~~~~~~~~~~~
../Core/Src/main.c:1476:13: warning: 'MX_USART3_UART_Init' defined but not used [-Wunused-function]
 1476 | static void MX_USART3_UART_Init(void)
      |             ^~~~~~~~~~~~~~~~~~~
../Core/Src/main.c:1380:13: warning: 'MX_TIM3_Init' defined but not used [-Wunused-function]
 1380 | static void MX_TIM3_Init(void)
      |             ^~~~~~~~~~~~
../Core/Src/main.c:1274:13: warning: 'MX_SPI3_Init' defined but not used [-Wunused-function]
 1274 | static void MX_SPI3_Init(void)
      |             ^~~~~~~~~~~~
../Core/Src/main.c:1160:13: warning: 'MX_SPI1_Init' defined but not used [-Wunused-function]
 1160 | static void MX_SPI1_Init(void)
      |             ^~~~~~~~~~~~
../Core/Src/main.c:1045:13: warning: 'MX_SAI1_Init' defined but not used [-Wunused-function]
 1045 | static void MX_SAI1_Init(void)
      |             ^~~~~~~~~~~~
../Core/Src/main.c:917:13: warning: 'MX_I2C3_Init' defined but not used [-Wunused-function]
  917 | static void MX_I2C3_Init(void)
      |             ^~~~~~~~~~~~
../Core/Src/main.c:869:13: warning: 'MX_I2C2_Init' defined but not used [-Wunused-function]
  869 | static void MX_I2C2_Init(void)
      |             ^~~~~~~~~~~~
../Core/Src/main.c:821:13: warning: 'MX_I2C1_Init' defined but not used [-Wunused-function]
  821 | static void MX_I2C1_Init(void)
      |             ^~~~~~~~~~~~
../Core/Src/main.c:728:13: warning: 'MX_DAC1_Init' defined but not used [-Wunused-function]
  728 | static void MX_DAC1_Init(void)
      |             ^~~~~~~~~~~~
../Core/Src/main.c:674:13: warning: 'MX_MDF1_Init' defined but not used [-Wunused-function]
  674 | static void MX_MDF1_Init(void)
      |             ^~~~~~~~~~~~
../Core/Src/main.c:611:13: warning: 'MX_ADF1_Init' defined but not used [-Wunused-function]
  611 | static void MX_ADF1_Init(void)
      |             ^~~~~~~~~~~~
../Core/Src/main.c:567:13: warning: 'MX_ADC1_Init' defined but not used [-Wunused-function]
  567 | static void MX_ADC1_Init(void)
      |             ^~~~~~~~~~~~
arm-none-eabi-gcc -o "SPI2_MDA_Chain_2_Sensor.elf" @"objects.list"   -mcpu=cortex-m33 -T"C:\Users\kerem\STM32CubeIDE\workspace_1.19.0\WorkSpaceSteval\Steval_Anomaly\SPI2_MDA_Chain_2_Sensor\STM32U585AIIXQ_FLASH.ld" --specs=nosys.specs -Wl,-Map="SPI2_MDA_Chain_2_Sensor.map" -Wl,--gc-sections -static --specs=nano.specs -mfpu=fpv5-sp-d16 -mfloat-abi=hard -mthumb -Wl,--start-group -lc -lm -Wl,--end-group
Finished building target: SPI2_MDA_Chain_2_Sensor.elf
 
arm-none-eabi-size  SPI2_MDA_Chain_2_Sensor.elf 
arm-none-eabi-objdump -h -S SPI2_MDA_Chain_2_Sensor.elf  > "SPI2_MDA_Chain_2_Sensor.list"
   text	   data	    bss	    dec	    hex	filename
  87311	    184	  19776	 107271	  1a307	SPI2_MDA_Chain_2_Sensor.elf
Finished building: default.size.stdout
 
Finished building: SPI2_MDA_Chain_2_Sensor.list
 
17:15:53 **** Incremental Build of configuration Debug for project SPI2_MDA_Chain_2_Sensor ****
make -j8 all 
arm-none-eabi-size  SPI2_MDA_Chain_2_Sensor.elf 
   text	   data	    bss	    dec	    hex	filename
  87311	    184	  19776	 107271	  1a307	SPI2_MDA_Chain_2_Sensor.elf
Finished building: default.size.stdout
 
17:16:55 **** Incremental Build of configuration Debug for project SPI2_MDA_Chain_2_Sensor ****
make -j8 all 
arm-none-eabi-size  SPI2_MDA_Chain_2_Sensor.elf 
   text	   data	    bss	    dec	    hex	filename
  87311	    184	  19776	 107271	  1a307	SPI2_MDA_Chain_2_Sensor.elf
Finished building: default.size.stdout
 
17:18:29 **** Incremental Build of configuration Debug for project SPI2_MDA_Chain_2_Sensor ****
make -j8 all 
arm-none-eabi-size  SPI2_MDA_Chain_2_Sensor.elf 
   text	   data	    bss	    dec	    hex	filename
  87311	    184	  19776	 107271	  1a307	SPI2_MDA_Chain_2_Sensor.elf
Finished building: default.size.stdout
 
17:19:18 **** Incremental Build of configuration Debug for project SPI2_MDA_Chain_2_Sensor ****
make -j8 all 
arm-none-eabi-size  SPI2_MDA_Chain_2_Sensor.elf 
   text	   data	    bss	    dec	    hex	filename
  87311	    184	  19776	 107271	  1a307	SPI2_MDA_Chain_2_Sensor.elf
Finished building: default.size.stdout
 
17:19:31 **** Incremental Build of configuration Debug for project SPI2_MDA_Chain_2_Sensor ****
make -j8 all 
arm-none-eabi-size  SPI2_MDA_Chain_2_Sensor.elf 
   text	   data	    bss	    dec	    hex	filename
  87311	    184	  19776	 107271	  1a307	SPI2_MDA_Chain_2_Sensor.elf
Finished building: default.size.stdout
 
07:04:06 **** Incremental Build of configuration Debug for project SPI2_MDA_Chain_2_Sensor ****
make -j8 all 
arm-none-eabi-size  SPI2_MDA_Chain_2_Sensor.elf 
   text	   data	    bss	    dec	    hex	filename
  87311	    184	  19776	 107271	  1a307	SPI2_MDA_Chain_2_Sensor.elf
Finished building: default.size.stdout
 
07:06:52 **** Incremental Build of configuration Debug for project SPI2_MDA_Chain_2_Sensor ****
make -j8 all 
arm-none-eabi-gcc "../Core/Src/main.c" -mcpu=cortex-m33 -std=gnu11 -g3 -DDEBUG -DUSE_HAL_DRIVER -DSTM32U585xx -DFX_INCLUDE_USER_DEFINE_FILE -c -I../Core/Inc -I../Drivers/STM32U5xx_HAL_Driver/Inc -I../Drivers/STM32U5xx_HAL_Driver/Inc/Legacy -I../Drivers/CMSIS/Device/ST/STM32U5xx/Include -I../Drivers/CMSIS/Include -I../FileX/App -I../FileX/Target -I../Middlewares/ST/filex/common/inc -I../Middlewares/ST/filex/ports/generic/inc -O0 -ffunction-sections -fdata-sections -Wall -fstack-usage -fcyclomatic-complexity -MMD -MP -MF"Core/Src/main.d" -MT"Core/Src/main.o" --specs=nano.specs -mfpu=fpv5-sp-d16 -mfloat-abi=hard -mthumb -o "Core/Src/main.o"
../Core/Src/main.c: In function 'main':
../Core/Src/main.c:322:21: warning: unused variable 'flag_smoke_test' [-Wunused-variable]
  322 |                 int flag_smoke_test = sd_ll_smoke_test();
      |                     ^~~~~~~~~~~~~~~
../Core/Src/main.c: At top level:
../Core/Src/main.c:1524:13: warning: 'MX_USB_OTG_FS_PCD_Init' defined but not used [-Wunused-function]
 1524 | static void MX_USB_OTG_FS_PCD_Init(void)
      |             ^~~~~~~~~~~~~~~~~~~~~~
../Core/Src/main.c:1476:13: warning: 'MX_USART3_UART_Init' defined but not used [-Wunused-function]
 1476 | static void MX_USART3_UART_Init(void)
      |             ^~~~~~~~~~~~~~~~~~~
../Core/Src/main.c:1380:13: warning: 'MX_TIM3_Init' defined but not used [-Wunused-function]
 1380 | static void MX_TIM3_Init(void)
      |             ^~~~~~~~~~~~
../Core/Src/main.c:1274:13: warning: 'MX_SPI3_Init' defined but not used [-Wunused-function]
 1274 | static void MX_SPI3_Init(void)
      |             ^~~~~~~~~~~~
../Core/Src/main.c:1160:13: warning: 'MX_SPI1_Init' defined but not used [-Wunused-function]
 1160 | static void MX_SPI1_Init(void)
      |             ^~~~~~~~~~~~
../Core/Src/main.c:1045:13: warning: 'MX_SAI1_Init' defined but not used [-Wunused-function]
 1045 | static void MX_SAI1_Init(void)
      |             ^~~~~~~~~~~~
../Core/Src/main.c:917:13: warning: 'MX_I2C3_Init' defined but not used [-Wunused-function]
  917 | static void MX_I2C3_Init(void)
      |             ^~~~~~~~~~~~
../Core/Src/main.c:869:13: warning: 'MX_I2C2_Init' defined but not used [-Wunused-function]
  869 | static void MX_I2C2_Init(void)
      |             ^~~~~~~~~~~~
../Core/Src/main.c:821:13: warning: 'MX_I2C1_Init' defined but not used [-Wunused-function]
  821 | static void MX_I2C1_Init(void)
      |             ^~~~~~~~~~~~
../Core/Src/main.c:728:13: warning: 'MX_DAC1_Init' defined but not used [-Wunused-function]
  728 | static void MX_DAC1_Init(void)
      |             ^~~~~~~~~~~~
../Core/Src/main.c:674:13: warning: 'MX_MDF1_Init' defined but not used [-Wunused-function]
  674 | static void MX_MDF1_Init(void)
      |             ^~~~~~~~~~~~
../Core/Src/main.c:611:13: warning: 'MX_ADF1_Init' defined but not used [-Wunused-function]
  611 | static void MX_ADF1_Init(void)
      |             ^~~~~~~~~~~~
../Core/Src/main.c:567:13: warning: 'MX_ADC1_Init' defined but not used [-Wunused-function]
  567 | static void MX_ADC1_Init(void)
      |             ^~~~~~~~~~~~
arm-none-eabi-gcc -o "SPI2_MDA_Chain_2_Sensor.elf" @"objects.list"   -mcpu=cortex-m33 -T"C:\Users\kerem\STM32CubeIDE\workspace_1.19.0\WorkSpaceSteval\Steval_Anomaly\SPI2_MDA_Chain_2_Sensor\STM32U585AIIXQ_FLASH.ld" --specs=nosys.specs -Wl,-Map="SPI2_MDA_Chain_2_Sensor.map" -Wl,--gc-sections -static --specs=nano.specs -mfpu=fpv5-sp-d16 -mfloat-abi=hard -mthumb -Wl,--start-group -lc -lm -Wl,--end-group
Finished building target: SPI2_MDA_Chain_2_Sensor.elf
 
arm-none-eabi-size  SPI2_MDA_Chain_2_Sensor.elf 
arm-none-eabi-objdump -h -S SPI2_MDA_Chain_2_Sensor.elf  > "SPI2_MDA_Chain_2_Sensor.list"
   text	   data	    bss	    dec	    hex	filename
  84067	    184	  19776	 104027	  1965b	SPI2_MDA_Chain_2_Sensor.elf
Finished building: default.size.stdout
 
Finished building: SPI2_MDA_Chain_2_Sensor.list
 
07:16:09 **** Incremental Build of configuration Debug for project SPI2_MDA_Chain_2_Sensor ****
make -j8 all 
arm-none-eabi-gcc "../Core/Src/main.c" -mcpu=cortex-m33 -std=gnu11 -g3 -DDEBUG -DUSE_HAL_DRIVER -DSTM32U585xx -DFX_INCLUDE_USER_DEFINE_FILE -c -I../Core/Inc -I../Drivers/STM32U5xx_HAL_Driver/Inc -I../Drivers/STM32U5xx_HAL_Driver/Inc/Legacy -I../Drivers/CMSIS/Device/ST/STM32U5xx/Include -I../Drivers/CMSIS/Include -I../FileX/App -I../FileX/Target -I../Middlewares/ST/filex/common/inc -I../Middlewares/ST/filex/ports/generic/inc -O0 -ffunction-sections -fdata-sections -Wall -fstack-usage -fcyclomatic-complexity -MMD -MP -MF"Core/Src/main.d" -MT"Core/Src/main.o" --specs=nano.specs -mfpu=fpv5-sp-d16 -mfloat-abi=hard -mthumb -o "Core/Src/main.o"
../Core/Src/main.c:1473:13: warning: 'MX_USB_OTG_FS_PCD_Init' defined but not used [-Wunused-function]
 1473 | static void MX_USB_OTG_FS_PCD_Init(void)
      |             ^~~~~~~~~~~~~~~~~~~~~~
../Core/Src/main.c:1425:13: warning: 'MX_USART3_UART_Init' defined but not used [-Wunused-function]
 1425 | static void MX_USART3_UART_Init(void)
      |             ^~~~~~~~~~~~~~~~~~~
../Core/Src/main.c:1329:13: warning: 'MX_TIM3_Init' defined but not used [-Wunused-function]
 1329 | static void MX_TIM3_Init(void)
      |             ^~~~~~~~~~~~
../Core/Src/main.c:1223:13: warning: 'MX_SPI3_Init' defined but not used [-Wunused-function]
 1223 | static void MX_SPI3_Init(void)
      |             ^~~~~~~~~~~~
../Core/Src/main.c:1109:13: warning: 'MX_SPI1_Init' defined but not used [-Wunused-function]
 1109 | static void MX_SPI1_Init(void)
      |             ^~~~~~~~~~~~
../Core/Src/main.c:994:13: warning: 'MX_SAI1_Init' defined but not used [-Wunused-function]
  994 | static void MX_SAI1_Init(void)
      |             ^~~~~~~~~~~~
../Core/Src/main.c:866:13: warning: 'MX_I2C3_Init' defined but not used [-Wunused-function]
  866 | static void MX_I2C3_Init(void)
      |             ^~~~~~~~~~~~
../Core/Src/main.c:818:13: warning: 'MX_I2C2_Init' defined but not used [-Wunused-function]
  818 | static void MX_I2C2_Init(void)
      |             ^~~~~~~~~~~~
../Core/Src/main.c:770:13: warning: 'MX_I2C1_Init' defined but not used [-Wunused-function]
  770 | static void MX_I2C1_Init(void)
      |             ^~~~~~~~~~~~
../Core/Src/main.c:677:13: warning: 'MX_DAC1_Init' defined but not used [-Wunused-function]
  677 | static void MX_DAC1_Init(void)
      |             ^~~~~~~~~~~~
../Core/Src/main.c:623:13: warning: 'MX_MDF1_Init' defined but not used [-Wunused-function]
  623 | static void MX_MDF1_Init(void)
      |             ^~~~~~~~~~~~
../Core/Src/main.c:560:13: warning: 'MX_ADF1_Init' defined but not used [-Wunused-function]
  560 | static void MX_ADF1_Init(void)
      |             ^~~~~~~~~~~~
../Core/Src/main.c:516:13: warning: 'MX_ADC1_Init' defined but not used [-Wunused-function]
  516 | static void MX_ADC1_Init(void)
      |             ^~~~~~~~~~~~
arm-none-eabi-gcc -o "SPI2_MDA_Chain_2_Sensor.elf" @"objects.list"   -mcpu=cortex-m33 -T"C:\Users\kerem\STM32CubeIDE\workspace_1.19.0\WorkSpaceSteval\Steval_Anomaly\SPI2_MDA_Chain_2_Sensor\STM32U585AIIXQ_FLASH.ld" --specs=nosys.specs -Wl,-Map="SPI2_MDA_Chain_2_Sensor.map" -Wl,--gc-sections -static --specs=nano.specs -mfpu=fpv5-sp-d16 -mfloat-abi=hard -mthumb -Wl,--start-group -lc -lm -Wl,--end-group
Finished building target: SPI2_MDA_Chain_2_Sensor.elf
 
arm-none-eabi-size  SPI2_MDA_Chain_2_Sensor.elf 
arm-none-eabi-objdump -h -S SPI2_MDA_Chain_2_Sensor.elf  > "SPI2_MDA_Chain_2_Sensor.list"
   text	   data	    bss	    dec	    hex	filename
  81735	    184	  19240	 101159	  18b27	SPI2_MDA_Chain_2_Sensor.elf
Finished building: default.size.stdout
 
Finished building: SPI2_MDA_Chain_2_Sensor.list
 
07:34:47 **** Incremental Build of configuration Debug for project SPI2_MDA_Chain_2_Sensor ****
make -j8 all 
arm-none-eabi-gcc "../Middlewares/ST/filex/common/src/fx_directory_attributes_read.c" -mcpu=cortex-m33 -std=gnu11 -g3 -DDEBUG -DUSE_HAL_DRIVER -DSTM32U585xx -DFX_INCLUDE_USER_DEFINE_FILE -c -I../Core/Inc -I../Drivers/STM32U5xx_HAL_Driver/Inc -I../Drivers/STM32U5xx_HAL_Driver/Inc/Legacy -I../Drivers/CMSIS/Device/ST/STM32U5xx/Include -I../Drivers/CMSIS/Include -I../FileX/App -I../FileX/Target -I../Middlewares/ST/filex/common/inc -I../Middlewares/ST/filex/ports/generic/inc -O0 -ffunction-sections -fdata-sections -Wall -fstack-usage -fcyclomatic-complexity -MMD -MP -MF"Middlewares/ST/filex/common/src/fx_directory_attributes_read.d" -MT"Middlewares/ST/filex/common/src/fx_directory_attributes_read.o" --specs=nano.specs -mfpu=fpv5-sp-d16 -mfloat-abi=hard -mthumb -o "Middlewares/ST/filex/common/src/fx_directory_attributes_read.o"
arm-none-eabi-gcc "../Middlewares/ST/filex/common/src/fx_directory_attributes_set.c" -mcpu=cortex-m33 -std=gnu11 -g3 -DDEBUG -DUSE_HAL_DRIVER -DSTM32U585xx -DFX_INCLUDE_USER_DEFINE_FILE -c -I../Core/Inc -I../Drivers/STM32U5xx_HAL_Driver/Inc -I../Drivers/STM32U5xx_HAL_Driver/Inc/Legacy -I../Drivers/CMSIS/Device/ST/STM32U5xx/Include -I../Drivers/CMSIS/Include -I../FileX/App -I../FileX/Target -I../Middlewares/ST/filex/common/inc -I../Middlewares/ST/filex/ports/generic/inc -O0 -ffunction-sections -fdata-sections -Wall -fstack-usage -fcyclomatic-complexity -MMD -MP -MF"Middlewares/ST/filex/common/src/fx_directory_attributes_set.d" -MT"Middlewares/ST/filex/common/src/fx_directory_attributes_set.o" --specs=nano.specs -mfpu=fpv5-sp-d16 -mfloat-abi=hard -mthumb -o "Middlewares/ST/filex/common/src/fx_directory_attributes_set.o"
arm-none-eabi-gcc "../Middlewares/ST/filex/common/src/fx_directory_create.c" -mcpu=cortex-m33 -std=gnu11 -g3 -DDEBUG -DUSE_HAL_DRIVER -DSTM32U585xx -DFX_INCLUDE_USER_DEFINE_FILE -c -I../Core/Inc -I../Drivers/STM32U5xx_HAL_Driver/Inc -I../Drivers/STM32U5xx_HAL_Driver/Inc/Legacy -I../Drivers/CMSIS/Device/ST/STM32U5xx/Include -I../Drivers/CMSIS/Include -I../FileX/App -I../FileX/Target -I../Middlewares/ST/filex/common/inc -I../Middlewares/ST/filex/ports/generic/inc -O0 -ffunction-sections -fdata-sections -Wall -fstack-usage -fcyclomatic-complexity -MMD -MP -MF"Middlewares/ST/filex/common/src/fx_directory_create.d" -MT"Middlewares/ST/filex/common/src/fx_directory_create.o" --specs=nano.specs -mfpu=fpv5-sp-d16 -mfloat-abi=hard -mthumb -o "Middlewares/ST/filex/common/src/fx_directory_create.o"
arm-none-eabi-gcc "../Middlewares/ST/filex/common/src/fx_directory_default_get.c" -mcpu=cortex-m33 -std=gnu11 -g3 -DDEBUG -DUSE_HAL_DRIVER -DSTM32U585xx -DFX_INCLUDE_USER_DEFINE_FILE -c -I../Core/Inc -I../Drivers/STM32U5xx_HAL_Driver/Inc -I../Drivers/STM32U5xx_HAL_Driver/Inc/Legacy -I../Drivers/CMSIS/Device/ST/STM32U5xx/Include -I../Drivers/CMSIS/Include -I../FileX/App -I../FileX/Target -I../Middlewares/ST/filex/common/inc -I../Middlewares/ST/filex/ports/generic/inc -O0 -ffunction-sections -fdata-sections -Wall -fstack-usage -fcyclomatic-complexity -MMD -MP -MF"Middlewares/ST/filex/common/src/fx_directory_default_get.d" -MT"Middlewares/ST/filex/common/src/fx_directory_default_get.o" --specs=nano.specs -mfpu=fpv5-sp-d16 -mfloat-abi=hard -mthumb -o "Middlewares/ST/filex/common/src/fx_directory_default_get.o"
arm-none-eabi-gcc "../Middlewares/ST/filex/common/src/fx_directory_default_get_copy.c" -mcpu=cortex-m33 -std=gnu11 -g3 -DDEBUG -DUSE_HAL_DRIVER -DSTM32U585xx -DFX_INCLUDE_USER_DEFINE_FILE -c -I../Core/Inc -I../Drivers/STM32U5xx_HAL_Driver/Inc -I../Drivers/STM32U5xx_HAL_Driver/Inc/Legacy -I../Drivers/CMSIS/Device/ST/STM32U5xx/Include -I../Drivers/CMSIS/Include -I../FileX/App -I../FileX/Target -I../Middlewares/ST/filex/common/inc -I../Middlewares/ST/filex/ports/generic/inc -O0 -ffunction-sections -fdata-sections -Wall -fstack-usage -fcyclomatic-complexity -MMD -MP -MF"Middlewares/ST/filex/common/src/fx_directory_default_get_copy.d" -MT"Middlewares/ST/filex/common/src/fx_directory_default_get_copy.o" --specs=nano.specs -mfpu=fpv5-sp-d16 -mfloat-abi=hard -mthumb -o "Middlewares/ST/filex/common/src/fx_directory_default_get_copy.o"
arm-none-eabi-gcc "../Middlewares/ST/filex/common/src/fx_directory_default_set.c" -mcpu=cortex-m33 -std=gnu11 -g3 -DDEBUG -DUSE_HAL_DRIVER -DSTM32U585xx -DFX_INCLUDE_USER_DEFINE_FILE -c -I../Core/Inc -I../Drivers/STM32U5xx_HAL_Driver/Inc -I../Drivers/STM32U5xx_HAL_Driver/Inc/Legacy -I../Drivers/CMSIS/Device/ST/STM32U5xx/Include -I../Drivers/CMSIS/Include -I../FileX/App -I../FileX/Target -I../Middlewares/ST/filex/common/inc -I../Middlewares/ST/filex/ports/generic/inc -O0 -ffunction-sections -fdata-sections -Wall -fstack-usage -fcyclomatic-complexity -MMD -MP -MF"Middlewares/ST/filex/common/src/fx_directory_default_set.d" -MT"Middlewares/ST/filex/common/src/fx_directory_default_set.o" --specs=nano.specs -mfpu=fpv5-sp-d16 -mfloat-abi=hard -mthumb -o "Middlewares/ST/filex/common/src/fx_directory_default_set.o"
arm-none-eabi-gcc "../Middlewares/ST/filex/common/src/fx_directory_delete.c" -mcpu=cortex-m33 -std=gnu11 -g3 -DDEBUG -DUSE_HAL_DRIVER -DSTM32U585xx -DFX_INCLUDE_USER_DEFINE_FILE -c -I../Core/Inc -I../Drivers/STM32U5xx_HAL_Driver/Inc -I../Drivers/STM32U5xx_HAL_Driver/Inc/Legacy -I../Drivers/CMSIS/Device/ST/STM32U5xx/Include -I../Drivers/CMSIS/Include -I../FileX/App -I../FileX/Target -I../Middlewares/ST/filex/common/inc -I../Middlewares/ST/filex/ports/generic/inc -O0 -ffunction-sections -fdata-sections -Wall -fstack-usage -fcyclomatic-complexity -MMD -MP -MF"Middlewares/ST/filex/common/src/fx_directory_delete.d" -MT"Middlewares/ST/filex/common/src/fx_directory_delete.o" --specs=nano.specs -mfpu=fpv5-sp-d16 -mfloat-abi=hard -mthumb -o "Middlewares/ST/filex/common/src/fx_directory_delete.o"
arm-none-eabi-gcc "../Middlewares/ST/filex/common/src/fx_directory_entry_read.c" -mcpu=cortex-m33 -std=gnu11 -g3 -DDEBUG -DUSE_HAL_DRIVER -DSTM32U585xx -DFX_INCLUDE_USER_DEFINE_FILE -c -I../Core/Inc -I../Drivers/STM32U5xx_HAL_Driver/Inc -I../Drivers/STM32U5xx_HAL_Driver/Inc/Legacy -I../Drivers/CMSIS/Device/ST/STM32U5xx/Include -I../Drivers/CMSIS/Include -I../FileX/App -I../FileX/Target -I../Middlewares/ST/filex/common/inc -I../Middlewares/ST/filex/ports/generic/inc -O0 -ffunction-sections -fdata-sections -Wall -fstack-usage -fcyclomatic-complexity -MMD -MP -MF"Middlewares/ST/filex/common/src/fx_directory_entry_read.d" -MT"Middlewares/ST/filex/common/src/fx_directory_entry_read.o" --specs=nano.specs -mfpu=fpv5-sp-d16 -mfloat-abi=hard -mthumb -o "Middlewares/ST/filex/common/src/fx_directory_entry_read.o"
arm-none-eabi-gcc "../Middlewares/ST/filex/common/src/fx_directory_entry_write.c" -mcpu=cortex-m33 -std=gnu11 -g3 -DDEBUG -DUSE_HAL_DRIVER -DSTM32U585xx -DFX_INCLUDE_USER_DEFINE_FILE -c -I../Core/Inc -I../Drivers/STM32U5xx_HAL_Driver/Inc -I../Drivers/STM32U5xx_HAL_Driver/Inc/Legacy -I../Drivers/CMSIS/Device/ST/STM32U5xx/Include -I../Drivers/CMSIS/Include -I../FileX/App -I../FileX/Target -I../Middlewares/ST/filex/common/inc -I../Middlewares/ST/filex/ports/generic/inc -O0 -ffunction-sections -fdata-sections -Wall -fstack-usage -fcyclomatic-complexity -MMD -MP -MF"Middlewares/ST/filex/common/src/fx_directory_entry_write.d" -MT"Middlewares/ST/filex/common/src/fx_directory_entry_write.o" --specs=nano.specs -mfpu=fpv5-sp-d16 -mfloat-abi=hard -mthumb -o "Middlewares/ST/filex/common/src/fx_directory_entry_write.o"
arm-none-eabi-gcc "../Middlewares/ST/filex/common/src/fx_directory_exFAT_entry_read.c" -mcpu=cortex-m33 -std=gnu11 -g3 -DDEBUG -DUSE_HAL_DRIVER -DSTM32U585xx -DFX_INCLUDE_USER_DEFINE_FILE -c -I../Core/Inc -I../Drivers/STM32U5xx_HAL_Driver/Inc -I../Drivers/STM32U5xx_HAL_Driver/Inc/Legacy -I../Drivers/CMSIS/Device/ST/STM32U5xx/Include -I../Drivers/CMSIS/Include -I../FileX/App -I../FileX/Target -I../Middlewares/ST/filex/common/inc -I../Middlewares/ST/filex/ports/generic/inc -O0 -ffunction-sections -fdata-sections -Wall -fstack-usage -fcyclomatic-complexity -MMD -MP -MF"Middlewares/ST/filex/common/src/fx_directory_exFAT_entry_read.d" -MT"Middlewares/ST/filex/common/src/fx_directory_exFAT_entry_read.o" --specs=nano.specs -mfpu=fpv5-sp-d16 -mfloat-abi=hard -mthumb -o "Middlewares/ST/filex/common/src/fx_directory_exFAT_entry_read.o"
arm-none-eabi-gcc "../Middlewares/ST/filex/common/src/fx_directory_exFAT_entry_write.c" -mcpu=cortex-m33 -std=gnu11 -g3 -DDEBUG -DUSE_HAL_DRIVER -DSTM32U585xx -DFX_INCLUDE_USER_DEFINE_FILE -c -I../Core/Inc -I../Drivers/STM32U5xx_HAL_Driver/Inc -I../Drivers/STM32U5xx_HAL_Driver/Inc/Legacy -I../Drivers/CMSIS/Device/ST/STM32U5xx/Include -I../Drivers/CMSIS/Include -I../FileX/App -I../FileX/Target -I../Middlewares/ST/filex/common/inc -I../Middlewares/ST/filex/ports/generic/inc -O0 -ffunction-sections -fdata-sections -Wall -fstack-usage -fcyclomatic-complexity -MMD -MP -MF"Middlewares/ST/filex/common/src/fx_directory_exFAT_entry_write.d" -MT"Middlewares/ST/filex/common/src/fx_directory_exFAT_entry_write.o" --specs=nano.specs -mfpu=fpv5-sp-d16 -mfloat-abi=hard -mthumb -o "Middlewares/ST/filex/common/src/fx_directory_exFAT_entry_write.o"
arm-none-eabi-gcc "../Middlewares/ST/filex/common/src/fx_directory_exFAT_free_search.c" -mcpu=cortex-m33 -std=gnu11 -g3 -DDEBUG -DUSE_HAL_DRIVER -DSTM32U585xx -DFX_INCLUDE_USER_DEFINE_FILE -c -I../Core/Inc -I../Drivers/STM32U5xx_HAL_Driver/Inc -I../Drivers/STM32U5xx_HAL_Driver/Inc/Legacy -I../Drivers/CMSIS/Device/ST/STM32U5xx/Include -I../Drivers/CMSIS/Include -I../FileX/App -I../FileX/Target -I../Middlewares/ST/filex/common/inc -I../Middlewares/ST/filex/ports/generic/inc -O0 -ffunction-sections -fdata-sections -Wall -fstack-usage -fcyclomatic-complexity -MMD -MP -MF"Middlewares/ST/filex/common/src/fx_directory_exFAT_free_search.d" -MT"Middlewares/ST/filex/common/src/fx_directory_exFAT_free_search.o" --specs=nano.specs -mfpu=fpv5-sp-d16 -mfloat-abi=hard -mthumb -o "Middlewares/ST/filex/common/src/fx_directory_exFAT_free_search.o"
arm-none-eabi-gcc "../Middlewares/ST/filex/common/src/fx_directory_exFAT_unicode_entry_write.c" -mcpu=cortex-m33 -std=gnu11 -g3 -DDEBUG -DUSE_HAL_DRIVER -DSTM32U585xx -DFX_INCLUDE_USER_DEFINE_FILE -c -I../Core/Inc -I../Drivers/STM32U5xx_HAL_Driver/Inc -I../Drivers/STM32U5xx_HAL_Driver/Inc/Legacy -I../Drivers/CMSIS/Device/ST/STM32U5xx/Include -I../Drivers/CMSIS/Include -I../FileX/App -I../FileX/Target -I../Middlewares/ST/filex/common/inc -I../Middlewares/ST/filex/ports/generic/inc -O0 -ffunction-sections -fdata-sections -Wall -fstack-usage -fcyclomatic-complexity -MMD -MP -MF"Middlewares/ST/filex/common/src/fx_directory_exFAT_unicode_entry_write.d" -MT"Middlewares/ST/filex/common/src/fx_directory_exFAT_unicode_entry_write.o" --specs=nano.specs -mfpu=fpv5-sp-d16 -mfloat-abi=hard -mthumb -o "Middlewares/ST/filex/common/src/fx_directory_exFAT_unicode_entry_write.o"
arm-none-eabi-gcc "../Middlewares/ST/filex/common/src/fx_directory_first_entry_find.c" -mcpu=cortex-m33 -std=gnu11 -g3 -DDEBUG -DUSE_HAL_DRIVER -DSTM32U585xx -DFX_INCLUDE_USER_DEFINE_FILE -c -I../Core/Inc -I../Drivers/STM32U5xx_HAL_Driver/Inc -I../Drivers/STM32U5xx_HAL_Driver/Inc/Legacy -I../Drivers/CMSIS/Device/ST/STM32U5xx/Include -I../Drivers/CMSIS/Include -I../FileX/App -I../FileX/Target -I../Middlewares/ST/filex/common/inc -I../Middlewares/ST/filex/ports/generic/inc -O0 -ffunction-sections -fdata-sections -Wall -fstack-usage -fcyclomatic-complexity -MMD -MP -MF"Middlewares/ST/filex/common/src/fx_directory_first_entry_find.d" -MT"Middlewares/ST/filex/common/src/fx_directory_first_entry_find.o" --specs=nano.specs -mfpu=fpv5-sp-d16 -mfloat-abi=hard -mthumb -o "Middlewares/ST/filex/common/src/fx_directory_first_entry_find.o"
arm-none-eabi-gcc "../Middlewares/ST/filex/common/src/fx_directory_first_full_entry_find.c" -mcpu=cortex-m33 -std=gnu11 -g3 -DDEBUG -DUSE_HAL_DRIVER -DSTM32U585xx -DFX_INCLUDE_USER_DEFINE_FILE -c -I../Core/Inc -I../Drivers/STM32U5xx_HAL_Driver/Inc -I../Drivers/STM32U5xx_HAL_Driver/Inc/Legacy -I../Drivers/CMSIS/Device/ST/STM32U5xx/Include -I../Drivers/CMSIS/Include -I../FileX/App -I../FileX/Target -I../Middlewares/ST/filex/common/inc -I../Middlewares/ST/filex/ports/generic/inc -O0 -ffunction-sections -fdata-sections -Wall -fstack-usage -fcyclomatic-complexity -MMD -MP -MF"Middlewares/ST/filex/common/src/fx_directory_first_full_entry_find.d" -MT"Middlewares/ST/filex/common/src/fx_directory_first_full_entry_find.o" --specs=nano.specs -mfpu=fpv5-sp-d16 -mfloat-abi=hard -mthumb -o "Middlewares/ST/filex/common/src/fx_directory_first_full_entry_find.o"
arm-none-eabi-gcc "../Middlewares/ST/filex/common/src/fx_directory_free_search.c" -mcpu=cortex-m33 -std=gnu11 -g3 -DDEBUG -DUSE_HAL_DRIVER -DSTM32U585xx -DFX_INCLUDE_USER_DEFINE_FILE -c -I../Core/Inc -I../Drivers/STM32U5xx_HAL_Driver/Inc -I../Drivers/STM32U5xx_HAL_Driver/Inc/Legacy -I../Drivers/CMSIS/Device/ST/STM32U5xx/Include -I../Drivers/CMSIS/Include -I../FileX/App -I../FileX/Target -I../Middlewares/ST/filex/common/inc -I../Middlewares/ST/filex/ports/generic/inc -O0 -ffunction-sections -fdata-sections -Wall -fstack-usage -fcyclomatic-complexity -MMD -MP -MF"Middlewares/ST/filex/common/src/fx_directory_free_search.d" -MT"Middlewares/ST/filex/common/src/fx_directory_free_search.o" --specs=nano.specs -mfpu=fpv5-sp-d16 -mfloat-abi=hard -mthumb -o "Middlewares/ST/filex/common/src/fx_directory_free_search.o"
arm-none-eabi-gcc "../Middlewares/ST/filex/common/src/fx_directory_information_get.c" -mcpu=cortex-m33 -std=gnu11 -g3 -DDEBUG -DUSE_HAL_DRIVER -DSTM32U585xx -DFX_INCLUDE_USER_DEFINE_FILE -c -I../Core/Inc -I../Drivers/STM32U5xx_HAL_Driver/Inc -I../Drivers/STM32U5xx_HAL_Driver/Inc/Legacy -I../Drivers/CMSIS/Device/ST/STM32U5xx/Include -I../Drivers/CMSIS/Include -I../FileX/App -I../FileX/Target -I../Middlewares/ST/filex/common/inc -I../Middlewares/ST/filex/ports/generic/inc -O0 -ffunction-sections -fdata-sections -Wall -fstack-usage -fcyclomatic-complexity -MMD -MP -MF"Middlewares/ST/filex/common/src/fx_directory_information_get.d" -MT"Middlewares/ST/filex/common/src/fx_directory_information_get.o" --specs=nano.specs -mfpu=fpv5-sp-d16 -mfloat-abi=hard -mthumb -o "Middlewares/ST/filex/common/src/fx_directory_information_get.o"
arm-none-eabi-gcc "../Middlewares/ST/filex/common/src/fx_directory_local_path_clear.c" -mcpu=cortex-m33 -std=gnu11 -g3 -DDEBUG -DUSE_HAL_DRIVER -DSTM32U585xx -DFX_INCLUDE_USER_DEFINE_FILE -c -I../Core/Inc -I../Drivers/STM32U5xx_HAL_Driver/Inc -I../Drivers/STM32U5xx_HAL_Driver/Inc/Legacy -I../Drivers/CMSIS/Device/ST/STM32U5xx/Include -I../Drivers/CMSIS/Include -I../FileX/App -I../FileX/Target -I../Middlewares/ST/filex/common/inc -I../Middlewares/ST/filex/ports/generic/inc -O0 -ffunction-sections -fdata-sections -Wall -fstack-usage -fcyclomatic-complexity -MMD -MP -MF"Middlewares/ST/filex/common/src/fx_directory_local_path_clear.d" -MT"Middlewares/ST/filex/common/src/fx_directory_local_path_clear.o" --specs=nano.specs -mfpu=fpv5-sp-d16 -mfloat-abi=hard -mthumb -o "Middlewares/ST/filex/common/src/fx_directory_local_path_clear.o"
arm-none-eabi-gcc "../Middlewares/ST/filex/common/src/fx_directory_local_path_get.c" -mcpu=cortex-m33 -std=gnu11 -g3 -DDEBUG -DUSE_HAL_DRIVER -DSTM32U585xx -DFX_INCLUDE_USER_DEFINE_FILE -c -I../Core/Inc -I../Drivers/STM32U5xx_HAL_Driver/Inc -I../Drivers/STM32U5xx_HAL_Driver/Inc/Legacy -I../Drivers/CMSIS/Device/ST/STM32U5xx/Include -I../Drivers/CMSIS/Include -I../FileX/App -I../FileX/Target -I../Middlewares/ST/filex/common/inc -I../Middlewares/ST/filex/ports/generic/inc -O0 -ffunction-sections -fdata-sections -Wall -fstack-usage -fcyclomatic-complexity -MMD -MP -MF"Middlewares/ST/filex/common/src/fx_directory_local_path_get.d" -MT"Middlewares/ST/filex/common/src/fx_directory_local_path_get.o" --specs=nano.specs -mfpu=fpv5-sp-d16 -mfloat-abi=hard -mthumb -o "Middlewares/ST/filex/common/src/fx_directory_local_path_get.o"
arm-none-eabi-gcc "../Middlewares/ST/filex/common/src/fx_directory_local_path_get_copy.c" -mcpu=cortex-m33 -std=gnu11 -g3 -DDEBUG -DUSE_HAL_DRIVER -DSTM32U585xx -DFX_INCLUDE_USER_DEFINE_FILE -c -I../Core/Inc -I../Drivers/STM32U5xx_HAL_Driver/Inc -I../Drivers/STM32U5xx_HAL_Driver/Inc/Legacy -I../Drivers/CMSIS/Device/ST/STM32U5xx/Include -I../Drivers/CMSIS/Include -I../FileX/App -I../FileX/Target -I../Middlewares/ST/filex/common/inc -I../Middlewares/ST/filex/ports/generic/inc -O0 -ffunction-sections -fdata-sections -Wall -fstack-usage -fcyclomatic-complexity -MMD -MP -MF"Middlewares/ST/filex/common/src/fx_directory_local_path_get_copy.d" -MT"Middlewares/ST/filex/common/src/fx_directory_local_path_get_copy.o" --specs=nano.specs -mfpu=fpv5-sp-d16 -mfloat-abi=hard -mthumb -o "Middlewares/ST/filex/common/src/fx_directory_local_path_get_copy.o"
arm-none-eabi-gcc "../Middlewares/ST/filex/common/src/fx_directory_local_path_restore.c" -mcpu=cortex-m33 -std=gnu11 -g3 -DDEBUG -DUSE_HAL_DRIVER -DSTM32U585xx -DFX_INCLUDE_USER_DEFINE_FILE -c -I../Core/Inc -I../Drivers/STM32U5xx_HAL_Driver/Inc -I../Drivers/STM32U5xx_HAL_Driver/Inc/Legacy -I../Drivers/CMSIS/Device/ST/STM32U5xx/Include -I../Drivers/CMSIS/Include -I../FileX/App -I../FileX/Target -I../Middlewares/ST/filex/common/inc -I../Middlewares/ST/filex/ports/generic/inc -O0 -ffunction-sections -fdata-sections -Wall -fstack-usage -fcyclomatic-complexity -MMD -MP -MF"Middlewares/ST/filex/common/src/fx_directory_local_path_restore.d" -MT"Middlewares/ST/filex/common/src/fx_directory_local_path_restore.o" --specs=nano.specs -mfpu=fpv5-sp-d16 -mfloat-abi=hard -mthumb -o "Middlewares/ST/filex/common/src/fx_directory_local_path_restore.o"
arm-none-eabi-gcc "../Middlewares/ST/filex/common/src/fx_directory_local_path_set.c" -mcpu=cortex-m33 -std=gnu11 -g3 -DDEBUG -DUSE_HAL_DRIVER -DSTM32U585xx -DFX_INCLUDE_USER_DEFINE_FILE -c -I../Core/Inc -I../Drivers/STM32U5xx_HAL_Driver/Inc -I../Drivers/STM32U5xx_HAL_Driver/Inc/Legacy -I../Drivers/CMSIS/Device/ST/STM32U5xx/Include -I../Drivers/CMSIS/Include -I../FileX/App -I../FileX/Target -I../Middlewares/ST/filex/common/inc -I../Middlewares/ST/filex/ports/generic/inc -O0 -ffunction-sections -fdata-sections -Wall -fstack-usage -fcyclomatic-complexity -MMD -MP -MF"Middlewares/ST/filex/common/src/fx_directory_local_path_set.d" -MT"Middlewares/ST/filex/common/src/fx_directory_local_path_set.o" --specs=nano.specs -mfpu=fpv5-sp-d16 -mfloat-abi=hard -mthumb -o "Middlewares/ST/filex/common/src/fx_directory_local_path_set.o"
arm-none-eabi-gcc "../Middlewares/ST/filex/common/src/fx_directory_long_name_get.c" -mcpu=cortex-m33 -std=gnu11 -g3 -DDEBUG -DUSE_HAL_DRIVER -DSTM32U585xx -DFX_INCLUDE_USER_DEFINE_FILE -c -I../Core/Inc -I../Drivers/STM32U5xx_HAL_Driver/Inc -I../Drivers/STM32U5xx_HAL_Driver/Inc/Legacy -I../Drivers/CMSIS/Device/ST/STM32U5xx/Include -I../Drivers/CMSIS/Include -I../FileX/App -I../FileX/Target -I../Middlewares/ST/filex/common/inc -I../Middlewares/ST/filex/ports/generic/inc -O0 -ffunction-sections -fdata-sections -Wall -fstack-usage -fcyclomatic-complexity -MMD -MP -MF"Middlewares/ST/filex/common/src/fx_directory_long_name_get.d" -MT"Middlewares/ST/filex/common/src/fx_directory_long_name_get.o" --specs=nano.specs -mfpu=fpv5-sp-d16 -mfloat-abi=hard -mthumb -o "Middlewares/ST/filex/common/src/fx_directory_long_name_get.o"
arm-none-eabi-gcc "../Middlewares/ST/filex/common/src/fx_directory_long_name_get_extended.c" -mcpu=cortex-m33 -std=gnu11 -g3 -DDEBUG -DUSE_HAL_DRIVER -DSTM32U585xx -DFX_INCLUDE_USER_DEFINE_FILE -c -I../Core/Inc -I../Drivers/STM32U5xx_HAL_Driver/Inc -I../Drivers/STM32U5xx_HAL_Driver/Inc/Legacy -I../Drivers/CMSIS/Device/ST/STM32U5xx/Include -I../Drivers/CMSIS/Include -I../FileX/App -I../FileX/Target -I../Middlewares/ST/filex/common/inc -I../Middlewares/ST/filex/ports/generic/inc -O0 -ffunction-sections -fdata-sections -Wall -fstack-usage -fcyclomatic-complexity -MMD -MP -MF"Middlewares/ST/filex/common/src/fx_directory_long_name_get_extended.d" -MT"Middlewares/ST/filex/common/src/fx_directory_long_name_get_extended.o" --specs=nano.specs -mfpu=fpv5-sp-d16 -mfloat-abi=hard -mthumb -o "Middlewares/ST/filex/common/src/fx_directory_long_name_get_extended.o"
arm-none-eabi-gcc "../Middlewares/ST/filex/common/src/fx_directory_name_extract.c" -mcpu=cortex-m33 -std=gnu11 -g3 -DDEBUG -DUSE_HAL_DRIVER -DSTM32U585xx -DFX_INCLUDE_USER_DEFINE_FILE -c -I../Core/Inc -I../Drivers/STM32U5xx_HAL_Driver/Inc -I../Drivers/STM32U5xx_HAL_Driver/Inc/Legacy -I../Drivers/CMSIS/Device/ST/STM32U5xx/Include -I../Drivers/CMSIS/Include -I../FileX/App -I../FileX/Target -I../Middlewares/ST/filex/common/inc -I../Middlewares/ST/filex/ports/generic/inc -O0 -ffunction-sections -fdata-sections -Wall -fstack-usage -fcyclomatic-complexity -MMD -MP -MF"Middlewares/ST/filex/common/src/fx_directory_name_extract.d" -MT"Middlewares/ST/filex/common/src/fx_directory_name_extract.o" --specs=nano.specs -mfpu=fpv5-sp-d16 -mfloat-abi=hard -mthumb -o "Middlewares/ST/filex/common/src/fx_directory_name_extract.o"
arm-none-eabi-gcc "../Middlewares/ST/filex/common/src/fx_directory_name_test.c" -mcpu=cortex-m33 -std=gnu11 -g3 -DDEBUG -DUSE_HAL_DRIVER -DSTM32U585xx -DFX_INCLUDE_USER_DEFINE_FILE -c -I../Core/Inc -I../Drivers/STM32U5xx_HAL_Driver/Inc -I../Drivers/STM32U5xx_HAL_Driver/Inc/Legacy -I../Drivers/CMSIS/Device/ST/STM32U5xx/Include -I../Drivers/CMSIS/Include -I../FileX/App -I../FileX/Target -I../Middlewares/ST/filex/common/inc -I../Middlewares/ST/filex/ports/generic/inc -O0 -ffunction-sections -fdata-sections -Wall -fstack-usage -fcyclomatic-complexity -MMD -MP -MF"Middlewares/ST/filex/common/src/fx_directory_name_test.d" -MT"Middlewares/ST/filex/common/src/fx_directory_name_test.o" --specs=nano.specs -mfpu=fpv5-sp-d16 -mfloat-abi=hard -mthumb -o "Middlewares/ST/filex/common/src/fx_directory_name_test.o"
arm-none-eabi-gcc "../Middlewares/ST/filex/common/src/fx_directory_next_entry_find.c" -mcpu=cortex-m33 -std=gnu11 -g3 -DDEBUG -DUSE_HAL_DRIVER -DSTM32U585xx -DFX_INCLUDE_USER_DEFINE_FILE -c -I../Core/Inc -I../Drivers/STM32U5xx_HAL_Driver/Inc -I../Drivers/STM32U5xx_HAL_Driver/Inc/Legacy -I../Drivers/CMSIS/Device/ST/STM32U5xx/Include -I../Drivers/CMSIS/Include -I../FileX/App -I../FileX/Target -I../Middlewares/ST/filex/common/inc -I../Middlewares/ST/filex/ports/generic/inc -O0 -ffunction-sections -fdata-sections -Wall -fstack-usage -fcyclomatic-complexity -MMD -MP -MF"Middlewares/ST/filex/common/src/fx_directory_next_entry_find.d" -MT"Middlewares/ST/filex/common/src/fx_directory_next_entry_find.o" --specs=nano.specs -mfpu=fpv5-sp-d16 -mfloat-abi=hard -mthumb -o "Middlewares/ST/filex/common/src/fx_directory_next_entry_find.o"
arm-none-eabi-gcc "../Middlewares/ST/filex/common/src/fx_directory_next_full_entry_find.c" -mcpu=cortex-m33 -std=gnu11 -g3 -DDEBUG -DUSE_HAL_DRIVER -DSTM32U585xx -DFX_INCLUDE_USER_DEFINE_FILE -c -I../Core/Inc -I../Drivers/STM32U5xx_HAL_Driver/Inc -I../Drivers/STM32U5xx_HAL_Driver/Inc/Legacy -I../Drivers/CMSIS/Device/ST/STM32U5xx/Include -I../Drivers/CMSIS/Include -I../FileX/App -I../FileX/Target -I../Middlewares/ST/filex/common/inc -I../Middlewares/ST/filex/ports/generic/inc -O0 -ffunction-sections -fdata-sections -Wall -fstack-usage -fcyclomatic-complexity -MMD -MP -MF"Middlewares/ST/filex/common/src/fx_directory_next_full_entry_find.d" -MT"Middlewares/ST/filex/common/src/fx_directory_next_full_entry_find.o" --specs=nano.specs -mfpu=fpv5-sp-d16 -mfloat-abi=hard -mthumb -o "Middlewares/ST/filex/common/src/fx_directory_next_full_entry_find.o"
arm-none-eabi-gcc "../Middlewares/ST/filex/common/src/fx_directory_rename.c" -mcpu=cortex-m33 -std=gnu11 -g3 -DDEBUG -DUSE_HAL_DRIVER -DSTM32U585xx -DFX_INCLUDE_USER_DEFINE_FILE -c -I../Core/Inc -I../Drivers/STM32U5xx_HAL_Driver/Inc -I../Drivers/STM32U5xx_HAL_Driver/Inc/Legacy -I../Drivers/CMSIS/Device/ST/STM32U5xx/Include -I../Drivers/CMSIS/Include -I../FileX/App -I../FileX/Target -I../Middlewares/ST/filex/common/inc -I../Middlewares/ST/filex/ports/generic/inc -O0 -ffunction-sections -fdata-sections -Wall -fstack-usage -fcyclomatic-complexity -MMD -MP -MF"Middlewares/ST/filex/common/src/fx_directory_rename.d" -MT"Middlewares/ST/filex/common/src/fx_directory_rename.o" --specs=nano.specs -mfpu=fpv5-sp-d16 -mfloat-abi=hard -mthumb -o "Middlewares/ST/filex/common/src/fx_directory_rename.o"
arm-none-eabi-gcc "../Middlewares/ST/filex/common/src/fx_directory_search.c" -mcpu=cortex-m33 -std=gnu11 -g3 -DDEBUG -DUSE_HAL_DRIVER -DSTM32U585xx -DFX_INCLUDE_USER_DEFINE_FILE -c -I../Core/Inc -I../Drivers/STM32U5xx_HAL_Driver/Inc -I../Drivers/STM32U5xx_HAL_Driver/Inc/Legacy -I../Drivers/CMSIS/Device/ST/STM32U5xx/Include -I../Drivers/CMSIS/Include -I../FileX/App -I../FileX/Target -I../Middlewares/ST/filex/common/inc -I../Middlewares/ST/filex/ports/generic/inc -O0 -ffunction-sections -fdata-sections -Wall -fstack-usage -fcyclomatic-complexity -MMD -MP -MF"Middlewares/ST/filex/common/src/fx_directory_search.d" -MT"Middlewares/ST/filex/common/src/fx_directory_search.o" --specs=nano.specs -mfpu=fpv5-sp-d16 -mfloat-abi=hard -mthumb -o "Middlewares/ST/filex/common/src/fx_directory_search.o"
arm-none-eabi-gcc "../Middlewares/ST/filex/common/src/fx_directory_short_name_get.c" -mcpu=cortex-m33 -std=gnu11 -g3 -DDEBUG -DUSE_HAL_DRIVER -DSTM32U585xx -DFX_INCLUDE_USER_DEFINE_FILE -c -I../Core/Inc -I../Drivers/STM32U5xx_HAL_Driver/Inc -I../Drivers/STM32U5xx_HAL_Driver/Inc/Legacy -I../Drivers/CMSIS/Device/ST/STM32U5xx/Include -I../Drivers/CMSIS/Include -I../FileX/App -I../FileX/Target -I../Middlewares/ST/filex/common/inc -I../Middlewares/ST/filex/ports/generic/inc -O0 -ffunction-sections -fdata-sections -Wall -fstack-usage -fcyclomatic-complexity -MMD -MP -MF"Middlewares/ST/filex/common/src/fx_directory_short_name_get.d" -MT"Middlewares/ST/filex/common/src/fx_directory_short_name_get.o" --specs=nano.specs -mfpu=fpv5-sp-d16 -mfloat-abi=hard -mthumb -o "Middlewares/ST/filex/common/src/fx_directory_short_name_get.o"
arm-none-eabi-gcc "../Middlewares/ST/filex/common/src/fx_directory_short_name_get_extended.c" -mcpu=cortex-m33 -std=gnu11 -g3 -DDEBUG -DUSE_HAL_DRIVER -DSTM32U585xx -DFX_INCLUDE_USER_DEFINE_FILE -c -I../Core/Inc -I../Drivers/STM32U5xx_HAL_Driver/Inc -I../Drivers/STM32U5xx_HAL_Driver/Inc/Legacy -I../Drivers/CMSIS/Device/ST/STM32U5xx/Include -I../Drivers/CMSIS/Include -I../FileX/App -I../FileX/Target -I../Middlewares/ST/filex/common/inc -I../Middlewares/ST/filex/ports/generic/inc -O0 -ffunction-sections -fdata-sections -Wall -fstack-usage -fcyclomatic-complexity -MMD -MP -MF"Middlewares/ST/filex/common/src/fx_directory_short_name_get_extended.d" -MT"Middlewares/ST/filex/common/src/fx_directory_short_name_get_extended.o" --specs=nano.specs -mfpu=fpv5-sp-d16 -mfloat-abi=hard -mthumb -o "Middlewares/ST/filex/common/src/fx_directory_short_name_get_extended.o"
arm-none-eabi-gcc "../Middlewares/ST/filex/common/src/fx_fault_tolerant_add_FAT_log.c" -mcpu=cortex-m33 -std=gnu11 -g3 -DDEBUG -DUSE_HAL_DRIVER -DSTM32U585xx -DFX_INCLUDE_USER_DEFINE_FILE -c -I../Core/Inc -I../Drivers/STM32U5xx_HAL_Driver/Inc -I../Drivers/STM32U5xx_HAL_Driver/Inc/Legacy -I../Drivers/CMSIS/Device/ST/STM32U5xx/Include -I../Drivers/CMSIS/Include -I../FileX/App -I../FileX/Target -I../Middlewares/ST/filex/common/inc -I../Middlewares/ST/filex/ports/generic/inc -O0 -ffunction-sections -fdata-sections -Wall -fstack-usage -fcyclomatic-complexity -MMD -MP -MF"Middlewares/ST/filex/common/src/fx_fault_tolerant_add_FAT_log.d" -MT"Middlewares/ST/filex/common/src/fx_fault_tolerant_add_FAT_log.o" --specs=nano.specs -mfpu=fpv5-sp-d16 -mfloat-abi=hard -mthumb -o "Middlewares/ST/filex/common/src/fx_fault_tolerant_add_FAT_log.o"
arm-none-eabi-gcc "../Middlewares/ST/filex/common/src/fx_fault_tolerant_add_bitmap_log.c" -mcpu=cortex-m33 -std=gnu11 -g3 -DDEBUG -DUSE_HAL_DRIVER -DSTM32U585xx -DFX_INCLUDE_USER_DEFINE_FILE -c -I../Core/Inc -I../Drivers/STM32U5xx_HAL_Driver/Inc -I../Drivers/STM32U5xx_HAL_Driver/Inc/Legacy -I../Drivers/CMSIS/Device/ST/STM32U5xx/Include -I../Drivers/CMSIS/Include -I../FileX/App -I../FileX/Target -I../Middlewares/ST/filex/common/inc -I../Middlewares/ST/filex/ports/generic/inc -O0 -ffunction-sections -fdata-sections -Wall -fstack-usage -fcyclomatic-complexity -MMD -MP -MF"Middlewares/ST/filex/common/src/fx_fault_tolerant_add_bitmap_log.d" -MT"Middlewares/ST/filex/common/src/fx_fault_tolerant_add_bitmap_log.o" --specs=nano.specs -mfpu=fpv5-sp-d16 -mfloat-abi=hard -mthumb -o "Middlewares/ST/filex/common/src/fx_fault_tolerant_add_bitmap_log.o"
arm-none-eabi-gcc "../Middlewares/ST/filex/common/src/fx_fault_tolerant_add_checksum_log.c" -mcpu=cortex-m33 -std=gnu11 -g3 -DDEBUG -DUSE_HAL_DRIVER -DSTM32U585xx -DFX_INCLUDE_USER_DEFINE_FILE -c -I../Core/Inc -I../Drivers/STM32U5xx_HAL_Driver/Inc -I../Drivers/STM32U5xx_HAL_Driver/Inc/Legacy -I../Drivers/CMSIS/Device/ST/STM32U5xx/Include -I../Drivers/CMSIS/Include -I../FileX/App -I../FileX/Target -I../Middlewares/ST/filex/common/inc -I../Middlewares/ST/filex/ports/generic/inc -O0 -ffunction-sections -fdata-sections -Wall -fstack-usage -fcyclomatic-complexity -MMD -MP -MF"Middlewares/ST/filex/common/src/fx_fault_tolerant_add_checksum_log.d" -MT"Middlewares/ST/filex/common/src/fx_fault_tolerant_add_checksum_log.o" --specs=nano.specs -mfpu=fpv5-sp-d16 -mfloat-abi=hard -mthumb -o "Middlewares/ST/filex/common/src/fx_fault_tolerant_add_checksum_log.o"
arm-none-eabi-gcc "../Middlewares/ST/filex/common/src/fx_fault_tolerant_add_dir_log.c" -mcpu=cortex-m33 -std=gnu11 -g3 -DDEBUG -DUSE_HAL_DRIVER -DSTM32U585xx -DFX_INCLUDE_USER_DEFINE_FILE -c -I../Core/Inc -I../Drivers/STM32U5xx_HAL_Driver/Inc -I../Drivers/STM32U5xx_HAL_Driver/Inc/Legacy -I../Drivers/CMSIS/Device/ST/STM32U5xx/Include -I../Drivers/CMSIS/Include -I../FileX/App -I../FileX/Target -I../Middlewares/ST/filex/common/inc -I../Middlewares/ST/filex/ports/generic/inc -O0 -ffunction-sections -fdata-sections -Wall -fstack-usage -fcyclomatic-complexity -MMD -MP -MF"Middlewares/ST/filex/common/src/fx_fault_tolerant_add_dir_log.d" -MT"Middlewares/ST/filex/common/src/fx_fault_tolerant_add_dir_log.o" --specs=nano.specs -mfpu=fpv5-sp-d16 -mfloat-abi=hard -mthumb -o "Middlewares/ST/filex/common/src/fx_fault_tolerant_add_dir_log.o"
arm-none-eabi-gcc "../Middlewares/ST/filex/common/src/fx_fault_tolerant_apply_logs.c" -mcpu=cortex-m33 -std=gnu11 -g3 -DDEBUG -DUSE_HAL_DRIVER -DSTM32U585xx -DFX_INCLUDE_USER_DEFINE_FILE -c -I../Core/Inc -I../Drivers/STM32U5xx_HAL_Driver/Inc -I../Drivers/STM32U5xx_HAL_Driver/Inc/Legacy -I../Drivers/CMSIS/Device/ST/STM32U5xx/Include -I../Drivers/CMSIS/Include -I../FileX/App -I../FileX/Target -I../Middlewares/ST/filex/common/inc -I../Middlewares/ST/filex/ports/generic/inc -O0 -ffunction-sections -fdata-sections -Wall -fstack-usage -fcyclomatic-complexity -MMD -MP -MF"Middlewares/ST/filex/common/src/fx_fault_tolerant_apply_logs.d" -MT"Middlewares/ST/filex/common/src/fx_fault_tolerant_apply_logs.o" --specs=nano.specs -mfpu=fpv5-sp-d16 -mfloat-abi=hard -mthumb -o "Middlewares/ST/filex/common/src/fx_fault_tolerant_apply_logs.o"
arm-none-eabi-gcc "../Middlewares/ST/filex/common/src/fx_fault_tolerant_calculate_checksum.c" -mcpu=cortex-m33 -std=gnu11 -g3 -DDEBUG -DUSE_HAL_DRIVER -DSTM32U585xx -DFX_INCLUDE_USER_DEFINE_FILE -c -I../Core/Inc -I../Drivers/STM32U5xx_HAL_Driver/Inc -I../Drivers/STM32U5xx_HAL_Driver/Inc/Legacy -I../Drivers/CMSIS/Device/ST/STM32U5xx/Include -I../Drivers/CMSIS/Include -I../FileX/App -I../FileX/Target -I../Middlewares/ST/filex/common/inc -I../Middlewares/ST/filex/ports/generic/inc -O0 -ffunction-sections -fdata-sections -Wall -fstack-usage -fcyclomatic-complexity -MMD -MP -MF"Middlewares/ST/filex/common/src/fx_fault_tolerant_calculate_checksum.d" -MT"Middlewares/ST/filex/common/src/fx_fault_tolerant_calculate_checksum.o" --specs=nano.specs -mfpu=fpv5-sp-d16 -mfloat-abi=hard -mthumb -o "Middlewares/ST/filex/common/src/fx_fault_tolerant_calculate_checksum.o"
arm-none-eabi-gcc "../Middlewares/ST/filex/common/src/fx_fault_tolerant_cleanup_FAT_chain.c" -mcpu=cortex-m33 -std=gnu11 -g3 -DDEBUG -DUSE_HAL_DRIVER -DSTM32U585xx -DFX_INCLUDE_USER_DEFINE_FILE -c -I../Core/Inc -I../Drivers/STM32U5xx_HAL_Driver/Inc -I../Drivers/STM32U5xx_HAL_Driver/Inc/Legacy -I../Drivers/CMSIS/Device/ST/STM32U5xx/Include -I../Drivers/CMSIS/Include -I../FileX/App -I../FileX/Target -I../Middlewares/ST/filex/common/inc -I../Middlewares/ST/filex/ports/generic/inc -O0 -ffunction-sections -fdata-sections -Wall -fstack-usage -fcyclomatic-complexity -MMD -MP -MF"Middlewares/ST/filex/common/src/fx_fault_tolerant_cleanup_FAT_chain.d" -MT"Middlewares/ST/filex/common/src/fx_fault_tolerant_cleanup_FAT_chain.o" --specs=nano.specs -mfpu=fpv5-sp-d16 -mfloat-abi=hard -mthumb -o "Middlewares/ST/filex/common/src/fx_fault_tolerant_cleanup_FAT_chain.o"
arm-none-eabi-gcc "../Middlewares/ST/filex/common/src/fx_fault_tolerant_create_log_file.c" -mcpu=cortex-m33 -std=gnu11 -g3 -DDEBUG -DUSE_HAL_DRIVER -DSTM32U585xx -DFX_INCLUDE_USER_DEFINE_FILE -c -I../Core/Inc -I../Drivers/STM32U5xx_HAL_Driver/Inc -I../Drivers/STM32U5xx_HAL_Driver/Inc/Legacy -I../Drivers/CMSIS/Device/ST/STM32U5xx/Include -I../Drivers/CMSIS/Include -I../FileX/App -I../FileX/Target -I../Middlewares/ST/filex/common/inc -I../Middlewares/ST/filex/ports/generic/inc -O0 -ffunction-sections -fdata-sections -Wall -fstack-usage -fcyclomatic-complexity -MMD -MP -MF"Middlewares/ST/filex/common/src/fx_fault_tolerant_create_log_file.d" -MT"Middlewares/ST/filex/common/src/fx_fault_tolerant_create_log_file.o" --specs=nano.specs -mfpu=fpv5-sp-d16 -mfloat-abi=hard -mthumb -o "Middlewares/ST/filex/common/src/fx_fault_tolerant_create_log_file.o"
arm-none-eabi-gcc "../Middlewares/ST/filex/common/src/fx_fault_tolerant_enable.c" -mcpu=cortex-m33 -std=gnu11 -g3 -DDEBUG -DUSE_HAL_DRIVER -DSTM32U585xx -DFX_INCLUDE_USER_DEFINE_FILE -c -I../Core/Inc -I../Drivers/STM32U5xx_HAL_Driver/Inc -I../Drivers/STM32U5xx_HAL_Driver/Inc/Legacy -I../Drivers/CMSIS/Device/ST/STM32U5xx/Include -I../Drivers/CMSIS/Include -I../FileX/App -I../FileX/Target -I../Middlewares/ST/filex/common/inc -I../Middlewares/ST/filex/ports/generic/inc -O0 -ffunction-sections -fdata-sections -Wall -fstack-usage -fcyclomatic-complexity -MMD -MP -MF"Middlewares/ST/filex/common/src/fx_fault_tolerant_enable.d" -MT"Middlewares/ST/filex/common/src/fx_fault_tolerant_enable.o" --specs=nano.specs -mfpu=fpv5-sp-d16 -mfloat-abi=hard -mthumb -o "Middlewares/ST/filex/common/src/fx_fault_tolerant_enable.o"
arm-none-eabi-gcc "../Middlewares/ST/filex/common/src/fx_fault_tolerant_read_FAT.c" -mcpu=cortex-m33 -std=gnu11 -g3 -DDEBUG -DUSE_HAL_DRIVER -DSTM32U585xx -DFX_INCLUDE_USER_DEFINE_FILE -c -I../Core/Inc -I../Drivers/STM32U5xx_HAL_Driver/Inc -I../Drivers/STM32U5xx_HAL_Driver/Inc/Legacy -I../Drivers/CMSIS/Device/ST/STM32U5xx/Include -I../Drivers/CMSIS/Include -I../FileX/App -I../FileX/Target -I../Middlewares/ST/filex/common/inc -I../Middlewares/ST/filex/ports/generic/inc -O0 -ffunction-sections -fdata-sections -Wall -fstack-usage -fcyclomatic-complexity -MMD -MP -MF"Middlewares/ST/filex/common/src/fx_fault_tolerant_read_FAT.d" -MT"Middlewares/ST/filex/common/src/fx_fault_tolerant_read_FAT.o" --specs=nano.specs -mfpu=fpv5-sp-d16 -mfloat-abi=hard -mthumb -o "Middlewares/ST/filex/common/src/fx_fault_tolerant_read_FAT.o"
arm-none-eabi-gcc "../Middlewares/ST/filex/common/src/fx_fault_tolerant_read_directory_sector.c" -mcpu=cortex-m33 -std=gnu11 -g3 -DDEBUG -DUSE_HAL_DRIVER -DSTM32U585xx -DFX_INCLUDE_USER_DEFINE_FILE -c -I../Core/Inc -I../Drivers/STM32U5xx_HAL_Driver/Inc -I../Drivers/STM32U5xx_HAL_Driver/Inc/Legacy -I../Drivers/CMSIS/Device/ST/STM32U5xx/Include -I../Drivers/CMSIS/Include -I../FileX/App -I../FileX/Target -I../Middlewares/ST/filex/common/inc -I../Middlewares/ST/filex/ports/generic/inc -O0 -ffunction-sections -fdata-sections -Wall -fstack-usage -fcyclomatic-complexity -MMD -MP -MF"Middlewares/ST/filex/common/src/fx_fault_tolerant_read_directory_sector.d" -MT"Middlewares/ST/filex/common/src/fx_fault_tolerant_read_directory_sector.o" --specs=nano.specs -mfpu=fpv5-sp-d16 -mfloat-abi=hard -mthumb -o "Middlewares/ST/filex/common/src/fx_fault_tolerant_read_directory_sector.o"
arm-none-eabi-gcc "../Middlewares/ST/filex/common/src/fx_fault_tolerant_read_log_file.c" -mcpu=cortex-m33 -std=gnu11 -g3 -DDEBUG -DUSE_HAL_DRIVER -DSTM32U585xx -DFX_INCLUDE_USER_DEFINE_FILE -c -I../Core/Inc -I../Drivers/STM32U5xx_HAL_Driver/Inc -I../Drivers/STM32U5xx_HAL_Driver/Inc/Legacy -I../Drivers/CMSIS/Device/ST/STM32U5xx/Include -I../Drivers/CMSIS/Include -I../FileX/App -I../FileX/Target -I../Middlewares/ST/filex/common/inc -I../Middlewares/ST/filex/ports/generic/inc -O0 -ffunction-sections -fdata-sections -Wall -fstack-usage -fcyclomatic-complexity -MMD -MP -MF"Middlewares/ST/filex/common/src/fx_fault_tolerant_read_log_file.d" -MT"Middlewares/ST/filex/common/src/fx_fault_tolerant_read_log_file.o" --specs=nano.specs -mfpu=fpv5-sp-d16 -mfloat-abi=hard -mthumb -o "Middlewares/ST/filex/common/src/fx_fault_tolerant_read_log_file.o"
arm-none-eabi-gcc "../Middlewares/ST/filex/common/src/fx_fault_tolerant_recover.c" -mcpu=cortex-m33 -std=gnu11 -g3 -DDEBUG -DUSE_HAL_DRIVER -DSTM32U585xx -DFX_INCLUDE_USER_DEFINE_FILE -c -I../Core/Inc -I../Drivers/STM32U5xx_HAL_Driver/Inc -I../Drivers/STM32U5xx_HAL_Driver/Inc/Legacy -I../Drivers/CMSIS/Device/ST/STM32U5xx/Include -I../Drivers/CMSIS/Include -I../FileX/App -I../FileX/Target -I../Middlewares/ST/filex/common/inc -I../Middlewares/ST/filex/ports/generic/inc -O0 -ffunction-sections -fdata-sections -Wall -fstack-usage -fcyclomatic-complexity -MMD -MP -MF"Middlewares/ST/filex/common/src/fx_fault_tolerant_recover.d" -MT"Middlewares/ST/filex/common/src/fx_fault_tolerant_recover.o" --specs=nano.specs -mfpu=fpv5-sp-d16 -mfloat-abi=hard -mthumb -o "Middlewares/ST/filex/common/src/fx_fault_tolerant_recover.o"
arm-none-eabi-gcc "../Middlewares/ST/filex/common/src/fx_fault_tolerant_reset_log_file.c" -mcpu=cortex-m33 -std=gnu11 -g3 -DDEBUG -DUSE_HAL_DRIVER -DSTM32U585xx -DFX_INCLUDE_USER_DEFINE_FILE -c -I../Core/Inc -I../Drivers/STM32U5xx_HAL_Driver/Inc -I../Drivers/STM32U5xx_HAL_Driver/Inc/Legacy -I../Drivers/CMSIS/Device/ST/STM32U5xx/Include -I../Drivers/CMSIS/Include -I../FileX/App -I../FileX/Target -I../Middlewares/ST/filex/common/inc -I../Middlewares/ST/filex/ports/generic/inc -O0 -ffunction-sections -fdata-sections -Wall -fstack-usage -fcyclomatic-complexity -MMD -MP -MF"Middlewares/ST/filex/common/src/fx_fault_tolerant_reset_log_file.d" -MT"Middlewares/ST/filex/common/src/fx_fault_tolerant_reset_log_file.o" --specs=nano.specs -mfpu=fpv5-sp-d16 -mfloat-abi=hard -mthumb -o "Middlewares/ST/filex/common/src/fx_fault_tolerant_reset_log_file.o"
arm-none-eabi-gcc "../Middlewares/ST/filex/common/src/fx_fault_tolerant_set_FAT_chain.c" -mcpu=cortex-m33 -std=gnu11 -g3 -DDEBUG -DUSE_HAL_DRIVER -DSTM32U585xx -DFX_INCLUDE_USER_DEFINE_FILE -c -I../Core/Inc -I../Drivers/STM32U5xx_HAL_Driver/Inc -I../Drivers/STM32U5xx_HAL_Driver/Inc/Legacy -I../Drivers/CMSIS/Device/ST/STM32U5xx/Include -I../Drivers/CMSIS/Include -I../FileX/App -I../FileX/Target -I../Middlewares/ST/filex/common/inc -I../Middlewares/ST/filex/ports/generic/inc -O0 -ffunction-sections -fdata-sections -Wall -fstack-usage -fcyclomatic-complexity -MMD -MP -MF"Middlewares/ST/filex/common/src/fx_fault_tolerant_set_FAT_chain.d" -MT"Middlewares/ST/filex/common/src/fx_fault_tolerant_set_FAT_chain.o" --specs=nano.specs -mfpu=fpv5-sp-d16 -mfloat-abi=hard -mthumb -o "Middlewares/ST/filex/common/src/fx_fault_tolerant_set_FAT_chain.o"
arm-none-eabi-gcc "../Middlewares/ST/filex/common/src/fx_fault_tolerant_transaction_end.c" -mcpu=cortex-m33 -std=gnu11 -g3 -DDEBUG -DUSE_HAL_DRIVER -DSTM32U585xx -DFX_INCLUDE_USER_DEFINE_FILE -c -I../Core/Inc -I../Drivers/STM32U5xx_HAL_Driver/Inc -I../Drivers/STM32U5xx_HAL_Driver/Inc/Legacy -I../Drivers/CMSIS/Device/ST/STM32U5xx/Include -I../Drivers/CMSIS/Include -I../FileX/App -I../FileX/Target -I../Middlewares/ST/filex/common/inc -I../Middlewares/ST/filex/ports/generic/inc -O0 -ffunction-sections -fdata-sections -Wall -fstack-usage -fcyclomatic-complexity -MMD -MP -MF"Middlewares/ST/filex/common/src/fx_fault_tolerant_transaction_end.d" -MT"Middlewares/ST/filex/common/src/fx_fault_tolerant_transaction_end.o" --specs=nano.specs -mfpu=fpv5-sp-d16 -mfloat-abi=hard -mthumb -o "Middlewares/ST/filex/common/src/fx_fault_tolerant_transaction_end.o"
arm-none-eabi-gcc "../Middlewares/ST/filex/common/src/fx_fault_tolerant_transaction_fail.c" -mcpu=cortex-m33 -std=gnu11 -g3 -DDEBUG -DUSE_HAL_DRIVER -DSTM32U585xx -DFX_INCLUDE_USER_DEFINE_FILE -c -I../Core/Inc -I../Drivers/STM32U5xx_HAL_Driver/Inc -I../Drivers/STM32U5xx_HAL_Driver/Inc/Legacy -I../Drivers/CMSIS/Device/ST/STM32U5xx/Include -I../Drivers/CMSIS/Include -I../FileX/App -I../FileX/Target -I../Middlewares/ST/filex/common/inc -I../Middlewares/ST/filex/ports/generic/inc -O0 -ffunction-sections -fdata-sections -Wall -fstack-usage -fcyclomatic-complexity -MMD -MP -MF"Middlewares/ST/filex/common/src/fx_fault_tolerant_transaction_fail.d" -MT"Middlewares/ST/filex/common/src/fx_fault_tolerant_transaction_fail.o" --specs=nano.specs -mfpu=fpv5-sp-d16 -mfloat-abi=hard -mthumb -o "Middlewares/ST/filex/common/src/fx_fault_tolerant_transaction_fail.o"
arm-none-eabi-gcc "../Middlewares/ST/filex/common/src/fx_fault_tolerant_transaction_start.c" -mcpu=cortex-m33 -std=gnu11 -g3 -DDEBUG -DUSE_HAL_DRIVER -DSTM32U585xx -DFX_INCLUDE_USER_DEFINE_FILE -c -I../Core/Inc -I../Drivers/STM32U5xx_HAL_Driver/Inc -I../Drivers/STM32U5xx_HAL_Driver/Inc/Legacy -I../Drivers/CMSIS/Device/ST/STM32U5xx/Include -I../Drivers/CMSIS/Include -I../FileX/App -I../FileX/Target -I../Middlewares/ST/filex/common/inc -I../Middlewares/ST/filex/ports/generic/inc -O0 -ffunction-sections -fdata-sections -Wall -fstack-usage -fcyclomatic-complexity -MMD -MP -MF"Middlewares/ST/filex/common/src/fx_fault_tolerant_transaction_start.d" -MT"Middlewares/ST/filex/common/src/fx_fault_tolerant_transaction_start.o" --specs=nano.specs -mfpu=fpv5-sp-d16 -mfloat-abi=hard -mthumb -o "Middlewares/ST/filex/common/src/fx_fault_tolerant_transaction_start.o"
arm-none-eabi-gcc "../Middlewares/ST/filex/common/src/fx_fault_tolerant_write_log_file.c" -mcpu=cortex-m33 -std=gnu11 -g3 -DDEBUG -DUSE_HAL_DRIVER -DSTM32U585xx -DFX_INCLUDE_USER_DEFINE_FILE -c -I../Core/Inc -I../Drivers/STM32U5xx_HAL_Driver/Inc -I../Drivers/STM32U5xx_HAL_Driver/Inc/Legacy -I../Drivers/CMSIS/Device/ST/STM32U5xx/Include -I../Drivers/CMSIS/Include -I../FileX/App -I../FileX/Target -I../Middlewares/ST/filex/common/inc -I../Middlewares/ST/filex/ports/generic/inc -O0 -ffunction-sections -fdata-sections -Wall -fstack-usage -fcyclomatic-complexity -MMD -MP -MF"Middlewares/ST/filex/common/src/fx_fault_tolerant_write_log_file.d" -MT"Middlewares/ST/filex/common/src/fx_fault_tolerant_write_log_file.o" --specs=nano.specs -mfpu=fpv5-sp-d16 -mfloat-abi=hard -mthumb -o "Middlewares/ST/filex/common/src/fx_fault_tolerant_write_log_file.o"
arm-none-eabi-gcc "../Middlewares/ST/filex/common/src/fx_file_allocate.c" -mcpu=cortex-m33 -std=gnu11 -g3 -DDEBUG -DUSE_HAL_DRIVER -DSTM32U585xx -DFX_INCLUDE_USER_DEFINE_FILE -c -I../Core/Inc -I../Drivers/STM32U5xx_HAL_Driver/Inc -I../Drivers/STM32U5xx_HAL_Driver/Inc/Legacy -I../Drivers/CMSIS/Device/ST/STM32U5xx/Include -I../Drivers/CMSIS/Include -I../FileX/App -I../FileX/Target -I../Middlewares/ST/filex/common/inc -I../Middlewares/ST/filex/ports/generic/inc -O0 -ffunction-sections -fdata-sections -Wall -fstack-usage -fcyclomatic-complexity -MMD -MP -MF"Middlewares/ST/filex/common/src/fx_file_allocate.d" -MT"Middlewares/ST/filex/common/src/fx_file_allocate.o" --specs=nano.specs -mfpu=fpv5-sp-d16 -mfloat-abi=hard -mthumb -o "Middlewares/ST/filex/common/src/fx_file_allocate.o"
arm-none-eabi-gcc "../Middlewares/ST/filex/common/src/fx_file_attributes_read.c" -mcpu=cortex-m33 -std=gnu11 -g3 -DDEBUG -DUSE_HAL_DRIVER -DSTM32U585xx -DFX_INCLUDE_USER_DEFINE_FILE -c -I../Core/Inc -I../Drivers/STM32U5xx_HAL_Driver/Inc -I../Drivers/STM32U5xx_HAL_Driver/Inc/Legacy -I../Drivers/CMSIS/Device/ST/STM32U5xx/Include -I../Drivers/CMSIS/Include -I../FileX/App -I../FileX/Target -I../Middlewares/ST/filex/common/inc -I../Middlewares/ST/filex/ports/generic/inc -O0 -ffunction-sections -fdata-sections -Wall -fstack-usage -fcyclomatic-complexity -MMD -MP -MF"Middlewares/ST/filex/common/src/fx_file_attributes_read.d" -MT"Middlewares/ST/filex/common/src/fx_file_attributes_read.o" --specs=nano.specs -mfpu=fpv5-sp-d16 -mfloat-abi=hard -mthumb -o "Middlewares/ST/filex/common/src/fx_file_attributes_read.o"
arm-none-eabi-gcc "../Middlewares/ST/filex/common/src/fx_file_attributes_set.c" -mcpu=cortex-m33 -std=gnu11 -g3 -DDEBUG -DUSE_HAL_DRIVER -DSTM32U585xx -DFX_INCLUDE_USER_DEFINE_FILE -c -I../Core/Inc -I../Drivers/STM32U5xx_HAL_Driver/Inc -I../Drivers/STM32U5xx_HAL_Driver/Inc/Legacy -I../Drivers/CMSIS/Device/ST/STM32U5xx/Include -I../Drivers/CMSIS/Include -I../FileX/App -I../FileX/Target -I../Middlewares/ST/filex/common/inc -I../Middlewares/ST/filex/ports/generic/inc -O0 -ffunction-sections -fdata-sections -Wall -fstack-usage -fcyclomatic-complexity -MMD -MP -MF"Middlewares/ST/filex/common/src/fx_file_attributes_set.d" -MT"Middlewares/ST/filex/common/src/fx_file_attributes_set.o" --specs=nano.specs -mfpu=fpv5-sp-d16 -mfloat-abi=hard -mthumb -o "Middlewares/ST/filex/common/src/fx_file_attributes_set.o"
arm-none-eabi-gcc "../Middlewares/ST/filex/common/src/fx_file_best_effort_allocate.c" -mcpu=cortex-m33 -std=gnu11 -g3 -DDEBUG -DUSE_HAL_DRIVER -DSTM32U585xx -DFX_INCLUDE_USER_DEFINE_FILE -c -I../Core/Inc -I../Drivers/STM32U5xx_HAL_Driver/Inc -I../Drivers/STM32U5xx_HAL_Driver/Inc/Legacy -I../Drivers/CMSIS/Device/ST/STM32U5xx/Include -I../Drivers/CMSIS/Include -I../FileX/App -I../FileX/Target -I../Middlewares/ST/filex/common/inc -I../Middlewares/ST/filex/ports/generic/inc -O0 -ffunction-sections -fdata-sections -Wall -fstack-usage -fcyclomatic-complexity -MMD -MP -MF"Middlewares/ST/filex/common/src/fx_file_best_effort_allocate.d" -MT"Middlewares/ST/filex/common/src/fx_file_best_effort_allocate.o" --specs=nano.specs -mfpu=fpv5-sp-d16 -mfloat-abi=hard -mthumb -o "Middlewares/ST/filex/common/src/fx_file_best_effort_allocate.o"
arm-none-eabi-gcc "../Middlewares/ST/filex/common/src/fx_file_close.c" -mcpu=cortex-m33 -std=gnu11 -g3 -DDEBUG -DUSE_HAL_DRIVER -DSTM32U585xx -DFX_INCLUDE_USER_DEFINE_FILE -c -I../Core/Inc -I../Drivers/STM32U5xx_HAL_Driver/Inc -I../Drivers/STM32U5xx_HAL_Driver/Inc/Legacy -I../Drivers/CMSIS/Device/ST/STM32U5xx/Include -I../Drivers/CMSIS/Include -I../FileX/App -I../FileX/Target -I../Middlewares/ST/filex/common/inc -I../Middlewares/ST/filex/ports/generic/inc -O0 -ffunction-sections -fdata-sections -Wall -fstack-usage -fcyclomatic-complexity -MMD -MP -MF"Middlewares/ST/filex/common/src/fx_file_close.d" -MT"Middlewares/ST/filex/common/src/fx_file_close.o" --specs=nano.specs -mfpu=fpv5-sp-d16 -mfloat-abi=hard -mthumb -o "Middlewares/ST/filex/common/src/fx_file_close.o"
arm-none-eabi-gcc "../Middlewares/ST/filex/common/src/fx_file_create.c" -mcpu=cortex-m33 -std=gnu11 -g3 -DDEBUG -DUSE_HAL_DRIVER -DSTM32U585xx -DFX_INCLUDE_USER_DEFINE_FILE -c -I../Core/Inc -I../Drivers/STM32U5xx_HAL_Driver/Inc -I../Drivers/STM32U5xx_HAL_Driver/Inc/Legacy -I../Drivers/CMSIS/Device/ST/STM32U5xx/Include -I../Drivers/CMSIS/Include -I../FileX/App -I../FileX/Target -I../Middlewares/ST/filex/common/inc -I../Middlewares/ST/filex/ports/generic/inc -O0 -ffunction-sections -fdata-sections -Wall -fstack-usage -fcyclomatic-complexity -MMD -MP -MF"Middlewares/ST/filex/common/src/fx_file_create.d" -MT"Middlewares/ST/filex/common/src/fx_file_create.o" --specs=nano.specs -mfpu=fpv5-sp-d16 -mfloat-abi=hard -mthumb -o "Middlewares/ST/filex/common/src/fx_file_create.o"
arm-none-eabi-gcc "../Middlewares/ST/filex/common/src/fx_file_date_time_set.c" -mcpu=cortex-m33 -std=gnu11 -g3 -DDEBUG -DUSE_HAL_DRIVER -DSTM32U585xx -DFX_INCLUDE_USER_DEFINE_FILE -c -I../Core/Inc -I../Drivers/STM32U5xx_HAL_Driver/Inc -I../Drivers/STM32U5xx_HAL_Driver/Inc/Legacy -I../Drivers/CMSIS/Device/ST/STM32U5xx/Include -I../Drivers/CMSIS/Include -I../FileX/App -I../FileX/Target -I../Middlewares/ST/filex/common/inc -I../Middlewares/ST/filex/ports/generic/inc -O0 -ffunction-sections -fdata-sections -Wall -fstack-usage -fcyclomatic-complexity -MMD -MP -MF"Middlewares/ST/filex/common/src/fx_file_date_time_set.d" -MT"Middlewares/ST/filex/common/src/fx_file_date_time_set.o" --specs=nano.specs -mfpu=fpv5-sp-d16 -mfloat-abi=hard -mthumb -o "Middlewares/ST/filex/common/src/fx_file_date_time_set.o"
arm-none-eabi-gcc "../Middlewares/ST/filex/common/src/fx_file_delete.c" -mcpu=cortex-m33 -std=gnu11 -g3 -DDEBUG -DUSE_HAL_DRIVER -DSTM32U585xx -DFX_INCLUDE_USER_DEFINE_FILE -c -I../Core/Inc -I../Drivers/STM32U5xx_HAL_Driver/Inc -I../Drivers/STM32U5xx_HAL_Driver/Inc/Legacy -I../Drivers/CMSIS/Device/ST/STM32U5xx/Include -I../Drivers/CMSIS/Include -I../FileX/App -I../FileX/Target -I../Middlewares/ST/filex/common/inc -I../Middlewares/ST/filex/ports/generic/inc -O0 -ffunction-sections -fdata-sections -Wall -fstack-usage -fcyclomatic-complexity -MMD -MP -MF"Middlewares/ST/filex/common/src/fx_file_delete.d" -MT"Middlewares/ST/filex/common/src/fx_file_delete.o" --specs=nano.specs -mfpu=fpv5-sp-d16 -mfloat-abi=hard -mthumb -o "Middlewares/ST/filex/common/src/fx_file_delete.o"
arm-none-eabi-gcc "../Middlewares/ST/filex/common/src/fx_file_extended_allocate.c" -mcpu=cortex-m33 -std=gnu11 -g3 -DDEBUG -DUSE_HAL_DRIVER -DSTM32U585xx -DFX_INCLUDE_USER_DEFINE_FILE -c -I../Core/Inc -I../Drivers/STM32U5xx_HAL_Driver/Inc -I../Drivers/STM32U5xx_HAL_Driver/Inc/Legacy -I../Drivers/CMSIS/Device/ST/STM32U5xx/Include -I../Drivers/CMSIS/Include -I../FileX/App -I../FileX/Target -I../Middlewares/ST/filex/common/inc -I../Middlewares/ST/filex/ports/generic/inc -O0 -ffunction-sections -fdata-sections -Wall -fstack-usage -fcyclomatic-complexity -MMD -MP -MF"Middlewares/ST/filex/common/src/fx_file_extended_allocate.d" -MT"Middlewares/ST/filex/common/src/fx_file_extended_allocate.o" --specs=nano.specs -mfpu=fpv5-sp-d16 -mfloat-abi=hard -mthumb -o "Middlewares/ST/filex/common/src/fx_file_extended_allocate.o"
arm-none-eabi-gcc "../Middlewares/ST/filex/common/src/fx_file_extended_best_effort_allocate.c" -mcpu=cortex-m33 -std=gnu11 -g3 -DDEBUG -DUSE_HAL_DRIVER -DSTM32U585xx -DFX_INCLUDE_USER_DEFINE_FILE -c -I../Core/Inc -I../Drivers/STM32U5xx_HAL_Driver/Inc -I../Drivers/STM32U5xx_HAL_Driver/Inc/Legacy -I../Drivers/CMSIS/Device/ST/STM32U5xx/Include -I../Drivers/CMSIS/Include -I../FileX/App -I../FileX/Target -I../Middlewares/ST/filex/common/inc -I../Middlewares/ST/filex/ports/generic/inc -O0 -ffunction-sections -fdata-sections -Wall -fstack-usage -fcyclomatic-complexity -MMD -MP -MF"Middlewares/ST/filex/common/src/fx_file_extended_best_effort_allocate.d" -MT"Middlewares/ST/filex/common/src/fx_file_extended_best_effort_allocate.o" --specs=nano.specs -mfpu=fpv5-sp-d16 -mfloat-abi=hard -mthumb -o "Middlewares/ST/filex/common/src/fx_file_extended_best_effort_allocate.o"
arm-none-eabi-gcc "../Middlewares/ST/filex/common/src/fx_file_extended_relative_seek.c" -mcpu=cortex-m33 -std=gnu11 -g3 -DDEBUG -DUSE_HAL_DRIVER -DSTM32U585xx -DFX_INCLUDE_USER_DEFINE_FILE -c -I../Core/Inc -I../Drivers/STM32U5xx_HAL_Driver/Inc -I../Drivers/STM32U5xx_HAL_Driver/Inc/Legacy -I../Drivers/CMSIS/Device/ST/STM32U5xx/Include -I../Drivers/CMSIS/Include -I../FileX/App -I../FileX/Target -I../Middlewares/ST/filex/common/inc -I../Middlewares/ST/filex/ports/generic/inc -O0 -ffunction-sections -fdata-sections -Wall -fstack-usage -fcyclomatic-complexity -MMD -MP -MF"Middlewares/ST/filex/common/src/fx_file_extended_relative_seek.d" -MT"Middlewares/ST/filex/common/src/fx_file_extended_relative_seek.o" --specs=nano.specs -mfpu=fpv5-sp-d16 -mfloat-abi=hard -mthumb -o "Middlewares/ST/filex/common/src/fx_file_extended_relative_seek.o"
arm-none-eabi-gcc "../Middlewares/ST/filex/common/src/fx_file_extended_seek.c" -mcpu=cortex-m33 -std=gnu11 -g3 -DDEBUG -DUSE_HAL_DRIVER -DSTM32U585xx -DFX_INCLUDE_USER_DEFINE_FILE -c -I../Core/Inc -I../Drivers/STM32U5xx_HAL_Driver/Inc -I../Drivers/STM32U5xx_HAL_Driver/Inc/Legacy -I../Drivers/CMSIS/Device/ST/STM32U5xx/Include -I../Drivers/CMSIS/Include -I../FileX/App -I../FileX/Target -I../Middlewares/ST/filex/common/inc -I../Middlewares/ST/filex/ports/generic/inc -O0 -ffunction-sections -fdata-sections -Wall -fstack-usage -fcyclomatic-complexity -MMD -MP -MF"Middlewares/ST/filex/common/src/fx_file_extended_seek.d" -MT"Middlewares/ST/filex/common/src/fx_file_extended_seek.o" --specs=nano.specs -mfpu=fpv5-sp-d16 -mfloat-abi=hard -mthumb -o "Middlewares/ST/filex/common/src/fx_file_extended_seek.o"
arm-none-eabi-gcc "../Middlewares/ST/filex/common/src/fx_file_extended_truncate.c" -mcpu=cortex-m33 -std=gnu11 -g3 -DDEBUG -DUSE_HAL_DRIVER -DSTM32U585xx -DFX_INCLUDE_USER_DEFINE_FILE -c -I../Core/Inc -I../Drivers/STM32U5xx_HAL_Driver/Inc -I../Drivers/STM32U5xx_HAL_Driver/Inc/Legacy -I../Drivers/CMSIS/Device/ST/STM32U5xx/Include -I../Drivers/CMSIS/Include -I../FileX/App -I../FileX/Target -I../Middlewares/ST/filex/common/inc -I../Middlewares/ST/filex/ports/generic/inc -O0 -ffunction-sections -fdata-sections -Wall -fstack-usage -fcyclomatic-complexity -MMD -MP -MF"Middlewares/ST/filex/common/src/fx_file_extended_truncate.d" -MT"Middlewares/ST/filex/common/src/fx_file_extended_truncate.o" --specs=nano.specs -mfpu=fpv5-sp-d16 -mfloat-abi=hard -mthumb -o "Middlewares/ST/filex/common/src/fx_file_extended_truncate.o"
arm-none-eabi-gcc "../Middlewares/ST/filex/common/src/fx_file_extended_truncate_release.c" -mcpu=cortex-m33 -std=gnu11 -g3 -DDEBUG -DUSE_HAL_DRIVER -DSTM32U585xx -DFX_INCLUDE_USER_DEFINE_FILE -c -I../Core/Inc -I../Drivers/STM32U5xx_HAL_Driver/Inc -I../Drivers/STM32U5xx_HAL_Driver/Inc/Legacy -I../Drivers/CMSIS/Device/ST/STM32U5xx/Include -I../Drivers/CMSIS/Include -I../FileX/App -I../FileX/Target -I../Middlewares/ST/filex/common/inc -I../Middlewares/ST/filex/ports/generic/inc -O0 -ffunction-sections -fdata-sections -Wall -fstack-usage -fcyclomatic-complexity -MMD -MP -MF"Middlewares/ST/filex/common/src/fx_file_extended_truncate_release.d" -MT"Middlewares/ST/filex/common/src/fx_file_extended_truncate_release.o" --specs=nano.specs -mfpu=fpv5-sp-d16 -mfloat-abi=hard -mthumb -o "Middlewares/ST/filex/common/src/fx_file_extended_truncate_release.o"
arm-none-eabi-gcc "../Middlewares/ST/filex/common/src/fx_file_open.c" -mcpu=cortex-m33 -std=gnu11 -g3 -DDEBUG -DUSE_HAL_DRIVER -DSTM32U585xx -DFX_INCLUDE_USER_DEFINE_FILE -c -I../Core/Inc -I../Drivers/STM32U5xx_HAL_Driver/Inc -I../Drivers/STM32U5xx_HAL_Driver/Inc/Legacy -I../Drivers/CMSIS/Device/ST/STM32U5xx/Include -I../Drivers/CMSIS/Include -I../FileX/App -I../FileX/Target -I../Middlewares/ST/filex/common/inc -I../Middlewares/ST/filex/ports/generic/inc -O0 -ffunction-sections -fdata-sections -Wall -fstack-usage -fcyclomatic-complexity -MMD -MP -MF"Middlewares/ST/filex/common/src/fx_file_open.d" -MT"Middlewares/ST/filex/common/src/fx_file_open.o" --specs=nano.specs -mfpu=fpv5-sp-d16 -mfloat-abi=hard -mthumb -o "Middlewares/ST/filex/common/src/fx_file_open.o"
arm-none-eabi-gcc "../Middlewares/ST/filex/common/src/fx_file_read.c" -mcpu=cortex-m33 -std=gnu11 -g3 -DDEBUG -DUSE_HAL_DRIVER -DSTM32U585xx -DFX_INCLUDE_USER_DEFINE_FILE -c -I../Core/Inc -I../Drivers/STM32U5xx_HAL_Driver/Inc -I../Drivers/STM32U5xx_HAL_Driver/Inc/Legacy -I../Drivers/CMSIS/Device/ST/STM32U5xx/Include -I../Drivers/CMSIS/Include -I../FileX/App -I../FileX/Target -I../Middlewares/ST/filex/common/inc -I../Middlewares/ST/filex/ports/generic/inc -O0 -ffunction-sections -fdata-sections -Wall -fstack-usage -fcyclomatic-complexity -MMD -MP -MF"Middlewares/ST/filex/common/src/fx_file_read.d" -MT"Middlewares/ST/filex/common/src/fx_file_read.o" --specs=nano.specs -mfpu=fpv5-sp-d16 -mfloat-abi=hard -mthumb -o "Middlewares/ST/filex/common/src/fx_file_read.o"
arm-none-eabi-gcc "../Middlewares/ST/filex/common/src/fx_file_relative_seek.c" -mcpu=cortex-m33 -std=gnu11 -g3 -DDEBUG -DUSE_HAL_DRIVER -DSTM32U585xx -DFX_INCLUDE_USER_DEFINE_FILE -c -I../Core/Inc -I../Drivers/STM32U5xx_HAL_Driver/Inc -I../Drivers/STM32U5xx_HAL_Driver/Inc/Legacy -I../Drivers/CMSIS/Device/ST/STM32U5xx/Include -I../Drivers/CMSIS/Include -I../FileX/App -I../FileX/Target -I../Middlewares/ST/filex/common/inc -I../Middlewares/ST/filex/ports/generic/inc -O0 -ffunction-sections -fdata-sections -Wall -fstack-usage -fcyclomatic-complexity -MMD -MP -MF"Middlewares/ST/filex/common/src/fx_file_relative_seek.d" -MT"Middlewares/ST/filex/common/src/fx_file_relative_seek.o" --specs=nano.specs -mfpu=fpv5-sp-d16 -mfloat-abi=hard -mthumb -o "Middlewares/ST/filex/common/src/fx_file_relative_seek.o"
arm-none-eabi-gcc "../Middlewares/ST/filex/common/src/fx_file_rename.c" -mcpu=cortex-m33 -std=gnu11 -g3 -DDEBUG -DUSE_HAL_DRIVER -DSTM32U585xx -DFX_INCLUDE_USER_DEFINE_FILE -c -I../Core/Inc -I../Drivers/STM32U5xx_HAL_Driver/Inc -I../Drivers/STM32U5xx_HAL_Driver/Inc/Legacy -I../Drivers/CMSIS/Device/ST/STM32U5xx/Include -I../Drivers/CMSIS/Include -I../FileX/App -I../FileX/Target -I../Middlewares/ST/filex/common/inc -I../Middlewares/ST/filex/ports/generic/inc -O0 -ffunction-sections -fdata-sections -Wall -fstack-usage -fcyclomatic-complexity -MMD -MP -MF"Middlewares/ST/filex/common/src/fx_file_rename.d" -MT"Middlewares/ST/filex/common/src/fx_file_rename.o" --specs=nano.specs -mfpu=fpv5-sp-d16 -mfloat-abi=hard -mthumb -o "Middlewares/ST/filex/common/src/fx_file_rename.o"
arm-none-eabi-gcc "../Middlewares/ST/filex/common/src/fx_file_seek.c" -mcpu=cortex-m33 -std=gnu11 -g3 -DDEBUG -DUSE_HAL_DRIVER -DSTM32U585xx -DFX_INCLUDE_USER_DEFINE_FILE -c -I../Core/Inc -I../Drivers/STM32U5xx_HAL_Driver/Inc -I../Drivers/STM32U5xx_HAL_Driver/Inc/Legacy -I../Drivers/CMSIS/Device/ST/STM32U5xx/Include -I../Drivers/CMSIS/Include -I../FileX/App -I../FileX/Target -I../Middlewares/ST/filex/common/inc -I../Middlewares/ST/filex/ports/generic/inc -O0 -ffunction-sections -fdata-sections -Wall -fstack-usage -fcyclomatic-complexity -MMD -MP -MF"Middlewares/ST/filex/common/src/fx_file_seek.d" -MT"Middlewares/ST/filex/common/src/fx_file_seek.o" --specs=nano.specs -mfpu=fpv5-sp-d16 -mfloat-abi=hard -mthumb -o "Middlewares/ST/filex/common/src/fx_file_seek.o"
arm-none-eabi-gcc "../Middlewares/ST/filex/common/src/fx_file_truncate.c" -mcpu=cortex-m33 -std=gnu11 -g3 -DDEBUG -DUSE_HAL_DRIVER -DSTM32U585xx -DFX_INCLUDE_USER_DEFINE_FILE -c -I../Core/Inc -I../Drivers/STM32U5xx_HAL_Driver/Inc -I../Drivers/STM32U5xx_HAL_Driver/Inc/Legacy -I../Drivers/CMSIS/Device/ST/STM32U5xx/Include -I../Drivers/CMSIS/Include -I../FileX/App -I../FileX/Target -I../Middlewares/ST/filex/common/inc -I../Middlewares/ST/filex/ports/generic/inc -O0 -ffunction-sections -fdata-sections -Wall -fstack-usage -fcyclomatic-complexity -MMD -MP -MF"Middlewares/ST/filex/common/src/fx_file_truncate.d" -MT"Middlewares/ST/filex/common/src/fx_file_truncate.o" --specs=nano.specs -mfpu=fpv5-sp-d16 -mfloat-abi=hard -mthumb -o "Middlewares/ST/filex/common/src/fx_file_truncate.o"
arm-none-eabi-gcc "../Middlewares/ST/filex/common/src/fx_file_truncate_release.c" -mcpu=cortex-m33 -std=gnu11 -g3 -DDEBUG -DUSE_HAL_DRIVER -DSTM32U585xx -DFX_INCLUDE_USER_DEFINE_FILE -c -I../Core/Inc -I../Drivers/STM32U5xx_HAL_Driver/Inc -I../Drivers/STM32U5xx_HAL_Driver/Inc/Legacy -I../Drivers/CMSIS/Device/ST/STM32U5xx/Include -I../Drivers/CMSIS/Include -I../FileX/App -I../FileX/Target -I../Middlewares/ST/filex/common/inc -I../Middlewares/ST/filex/ports/generic/inc -O0 -ffunction-sections -fdata-sections -Wall -fstack-usage -fcyclomatic-complexity -MMD -MP -MF"Middlewares/ST/filex/common/src/fx_file_truncate_release.d" -MT"Middlewares/ST/filex/common/src/fx_file_truncate_release.o" --specs=nano.specs -mfpu=fpv5-sp-d16 -mfloat-abi=hard -mthumb -o "Middlewares/ST/filex/common/src/fx_file_truncate_release.o"
arm-none-eabi-gcc "../Middlewares/ST/filex/common/src/fx_file_write.c" -mcpu=cortex-m33 -std=gnu11 -g3 -DDEBUG -DUSE_HAL_DRIVER -DSTM32U585xx -DFX_INCLUDE_USER_DEFINE_FILE -c -I../Core/Inc -I../Drivers/STM32U5xx_HAL_Driver/Inc -I../Drivers/STM32U5xx_HAL_Driver/Inc/Legacy -I../Drivers/CMSIS/Device/ST/STM32U5xx/Include -I../Drivers/CMSIS/Include -I../FileX/App -I../FileX/Target -I../Middlewares/ST/filex/common/inc -I../Middlewares/ST/filex/ports/generic/inc -O0 -ffunction-sections -fdata-sections -Wall -fstack-usage -fcyclomatic-complexity -MMD -MP -MF"Middlewares/ST/filex/common/src/fx_file_write.d" -MT"Middlewares/ST/filex/common/src/fx_file_write.o" --specs=nano.specs -mfpu=fpv5-sp-d16 -mfloat-abi=hard -mthumb -o "Middlewares/ST/filex/common/src/fx_file_write.o"
arm-none-eabi-gcc "../Middlewares/ST/filex/common/src/fx_file_write_notify_set.c" -mcpu=cortex-m33 -std=gnu11 -g3 -DDEBUG -DUSE_HAL_DRIVER -DSTM32U585xx -DFX_INCLUDE_USER_DEFINE_FILE -c -I../Core/Inc -I../Drivers/STM32U5xx_HAL_Driver/Inc -I../Drivers/STM32U5xx_HAL_Driver/Inc/Legacy -I../Drivers/CMSIS/Device/ST/STM32U5xx/Include -I../Drivers/CMSIS/Include -I../FileX/App -I../FileX/Target -I../Middlewares/ST/filex/common/inc -I../Middlewares/ST/filex/ports/generic/inc -O0 -ffunction-sections -fdata-sections -Wall -fstack-usage -fcyclomatic-complexity -MMD -MP -MF"Middlewares/ST/filex/common/src/fx_file_write_notify_set.d" -MT"Middlewares/ST/filex/common/src/fx_file_write_notify_set.o" --specs=nano.specs -mfpu=fpv5-sp-d16 -mfloat-abi=hard -mthumb -o "Middlewares/ST/filex/common/src/fx_file_write_notify_set.o"
arm-none-eabi-gcc "../Middlewares/ST/filex/common/src/fx_media_abort.c" -mcpu=cortex-m33 -std=gnu11 -g3 -DDEBUG -DUSE_HAL_DRIVER -DSTM32U585xx -DFX_INCLUDE_USER_DEFINE_FILE -c -I../Core/Inc -I../Drivers/STM32U5xx_HAL_Driver/Inc -I../Drivers/STM32U5xx_HAL_Driver/Inc/Legacy -I../Drivers/CMSIS/Device/ST/STM32U5xx/Include -I../Drivers/CMSIS/Include -I../FileX/App -I../FileX/Target -I../Middlewares/ST/filex/common/inc -I../Middlewares/ST/filex/ports/generic/inc -O0 -ffunction-sections -fdata-sections -Wall -fstack-usage -fcyclomatic-complexity -MMD -MP -MF"Middlewares/ST/filex/common/src/fx_media_abort.d" -MT"Middlewares/ST/filex/common/src/fx_media_abort.o" --specs=nano.specs -mfpu=fpv5-sp-d16 -mfloat-abi=hard -mthumb -o "Middlewares/ST/filex/common/src/fx_media_abort.o"
arm-none-eabi-gcc "../Middlewares/ST/filex/common/src/fx_media_boot_info_extract.c" -mcpu=cortex-m33 -std=gnu11 -g3 -DDEBUG -DUSE_HAL_DRIVER -DSTM32U585xx -DFX_INCLUDE_USER_DEFINE_FILE -c -I../Core/Inc -I../Drivers/STM32U5xx_HAL_Driver/Inc -I../Drivers/STM32U5xx_HAL_Driver/Inc/Legacy -I../Drivers/CMSIS/Device/ST/STM32U5xx/Include -I../Drivers/CMSIS/Include -I../FileX/App -I../FileX/Target -I../Middlewares/ST/filex/common/inc -I../Middlewares/ST/filex/ports/generic/inc -O0 -ffunction-sections -fdata-sections -Wall -fstack-usage -fcyclomatic-complexity -MMD -MP -MF"Middlewares/ST/filex/common/src/fx_media_boot_info_extract.d" -MT"Middlewares/ST/filex/common/src/fx_media_boot_info_extract.o" --specs=nano.specs -mfpu=fpv5-sp-d16 -mfloat-abi=hard -mthumb -o "Middlewares/ST/filex/common/src/fx_media_boot_info_extract.o"
arm-none-eabi-gcc "../Middlewares/ST/filex/common/src/fx_media_cache_invalidate.c" -mcpu=cortex-m33 -std=gnu11 -g3 -DDEBUG -DUSE_HAL_DRIVER -DSTM32U585xx -DFX_INCLUDE_USER_DEFINE_FILE -c -I../Core/Inc -I../Drivers/STM32U5xx_HAL_Driver/Inc -I../Drivers/STM32U5xx_HAL_Driver/Inc/Legacy -I../Drivers/CMSIS/Device/ST/STM32U5xx/Include -I../Drivers/CMSIS/Include -I../FileX/App -I../FileX/Target -I../Middlewares/ST/filex/common/inc -I../Middlewares/ST/filex/ports/generic/inc -O0 -ffunction-sections -fdata-sections -Wall -fstack-usage -fcyclomatic-complexity -MMD -MP -MF"Middlewares/ST/filex/common/src/fx_media_cache_invalidate.d" -MT"Middlewares/ST/filex/common/src/fx_media_cache_invalidate.o" --specs=nano.specs -mfpu=fpv5-sp-d16 -mfloat-abi=hard -mthumb -o "Middlewares/ST/filex/common/src/fx_media_cache_invalidate.o"
arm-none-eabi-gcc "../Middlewares/ST/filex/common/src/fx_media_check.c" -mcpu=cortex-m33 -std=gnu11 -g3 -DDEBUG -DUSE_HAL_DRIVER -DSTM32U585xx -DFX_INCLUDE_USER_DEFINE_FILE -c -I../Core/Inc -I../Drivers/STM32U5xx_HAL_Driver/Inc -I../Drivers/STM32U5xx_HAL_Driver/Inc/Legacy -I../Drivers/CMSIS/Device/ST/STM32U5xx/Include -I../Drivers/CMSIS/Include -I../FileX/App -I../FileX/Target -I../Middlewares/ST/filex/common/inc -I../Middlewares/ST/filex/ports/generic/inc -O0 -ffunction-sections -fdata-sections -Wall -fstack-usage -fcyclomatic-complexity -MMD -MP -MF"Middlewares/ST/filex/common/src/fx_media_check.d" -MT"Middlewares/ST/filex/common/src/fx_media_check.o" --specs=nano.specs -mfpu=fpv5-sp-d16 -mfloat-abi=hard -mthumb -o "Middlewares/ST/filex/common/src/fx_media_check.o"
arm-none-eabi-gcc "../Middlewares/ST/filex/common/src/fx_media_check_FAT_chain_check.c" -mcpu=cortex-m33 -std=gnu11 -g3 -DDEBUG -DUSE_HAL_DRIVER -DSTM32U585xx -DFX_INCLUDE_USER_DEFINE_FILE -c -I../Core/Inc -I../Drivers/STM32U5xx_HAL_Driver/Inc -I../Drivers/STM32U5xx_HAL_Driver/Inc/Legacy -I../Drivers/CMSIS/Device/ST/STM32U5xx/Include -I../Drivers/CMSIS/Include -I../FileX/App -I../FileX/Target -I../Middlewares/ST/filex/common/inc -I../Middlewares/ST/filex/ports/generic/inc -O0 -ffunction-sections -fdata-sections -Wall -fstack-usage -fcyclomatic-complexity -MMD -MP -MF"Middlewares/ST/filex/common/src/fx_media_check_FAT_chain_check.d" -MT"Middlewares/ST/filex/common/src/fx_media_check_FAT_chain_check.o" --specs=nano.specs -mfpu=fpv5-sp-d16 -mfloat-abi=hard -mthumb -o "Middlewares/ST/filex/common/src/fx_media_check_FAT_chain_check.o"
arm-none-eabi-gcc "../Middlewares/ST/filex/common/src/fx_media_check_lost_cluster_check.c" -mcpu=cortex-m33 -std=gnu11 -g3 -DDEBUG -DUSE_HAL_DRIVER -DSTM32U585xx -DFX_INCLUDE_USER_DEFINE_FILE -c -I../Core/Inc -I../Drivers/STM32U5xx_HAL_Driver/Inc -I../Drivers/STM32U5xx_HAL_Driver/Inc/Legacy -I../Drivers/CMSIS/Device/ST/STM32U5xx/Include -I../Drivers/CMSIS/Include -I../FileX/App -I../FileX/Target -I../Middlewares/ST/filex/common/inc -I../Middlewares/ST/filex/ports/generic/inc -O0 -ffunction-sections -fdata-sections -Wall -fstack-usage -fcyclomatic-complexity -MMD -MP -MF"Middlewares/ST/filex/common/src/fx_media_check_lost_cluster_check.d" -MT"Middlewares/ST/filex/common/src/fx_media_check_lost_cluster_check.o" --specs=nano.specs -mfpu=fpv5-sp-d16 -mfloat-abi=hard -mthumb -o "Middlewares/ST/filex/common/src/fx_media_check_lost_cluster_check.o"
arm-none-eabi-gcc "../Middlewares/ST/filex/common/src/fx_media_close.c" -mcpu=cortex-m33 -std=gnu11 -g3 -DDEBUG -DUSE_HAL_DRIVER -DSTM32U585xx -DFX_INCLUDE_USER_DEFINE_FILE -c -I../Core/Inc -I../Drivers/STM32U5xx_HAL_Driver/Inc -I../Drivers/STM32U5xx_HAL_Driver/Inc/Legacy -I../Drivers/CMSIS/Device/ST/STM32U5xx/Include -I../Drivers/CMSIS/Include -I../FileX/App -I../FileX/Target -I../Middlewares/ST/filex/common/inc -I../Middlewares/ST/filex/ports/generic/inc -O0 -ffunction-sections -fdata-sections -Wall -fstack-usage -fcyclomatic-complexity -MMD -MP -MF"Middlewares/ST/filex/common/src/fx_media_close.d" -MT"Middlewares/ST/filex/common/src/fx_media_close.o" --specs=nano.specs -mfpu=fpv5-sp-d16 -mfloat-abi=hard -mthumb -o "Middlewares/ST/filex/common/src/fx_media_close.o"
arm-none-eabi-gcc "../Middlewares/ST/filex/common/src/fx_media_close_notify_set.c" -mcpu=cortex-m33 -std=gnu11 -g3 -DDEBUG -DUSE_HAL_DRIVER -DSTM32U585xx -DFX_INCLUDE_USER_DEFINE_FILE -c -I../Core/Inc -I../Drivers/STM32U5xx_HAL_Driver/Inc -I../Drivers/STM32U5xx_HAL_Driver/Inc/Legacy -I../Drivers/CMSIS/Device/ST/STM32U5xx/Include -I../Drivers/CMSIS/Include -I../FileX/App -I../FileX/Target -I../Middlewares/ST/filex/common/inc -I../Middlewares/ST/filex/ports/generic/inc -O0 -ffunction-sections -fdata-sections -Wall -fstack-usage -fcyclomatic-complexity -MMD -MP -MF"Middlewares/ST/filex/common/src/fx_media_close_notify_set.d" -MT"Middlewares/ST/filex/common/src/fx_media_close_notify_set.o" --specs=nano.specs -mfpu=fpv5-sp-d16 -mfloat-abi=hard -mthumb -o "Middlewares/ST/filex/common/src/fx_media_close_notify_set.o"
arm-none-eabi-gcc "../Middlewares/ST/filex/common/src/fx_media_exFAT_format.c" -mcpu=cortex-m33 -std=gnu11 -g3 -DDEBUG -DUSE_HAL_DRIVER -DSTM32U585xx -DFX_INCLUDE_USER_DEFINE_FILE -c -I../Core/Inc -I../Drivers/STM32U5xx_HAL_Driver/Inc -I../Drivers/STM32U5xx_HAL_Driver/Inc/Legacy -I../Drivers/CMSIS/Device/ST/STM32U5xx/Include -I../Drivers/CMSIS/Include -I../FileX/App -I../FileX/Target -I../Middlewares/ST/filex/common/inc -I../Middlewares/ST/filex/ports/generic/inc -O0 -ffunction-sections -fdata-sections -Wall -fstack-usage -fcyclomatic-complexity -MMD -MP -MF"Middlewares/ST/filex/common/src/fx_media_exFAT_format.d" -MT"Middlewares/ST/filex/common/src/fx_media_exFAT_format.o" --specs=nano.specs -mfpu=fpv5-sp-d16 -mfloat-abi=hard -mthumb -o "Middlewares/ST/filex/common/src/fx_media_exFAT_format.o"
arm-none-eabi-gcc "../Middlewares/ST/filex/common/src/fx_media_extended_space_available.c" -mcpu=cortex-m33 -std=gnu11 -g3 -DDEBUG -DUSE_HAL_DRIVER -DSTM32U585xx -DFX_INCLUDE_USER_DEFINE_FILE -c -I../Core/Inc -I../Drivers/STM32U5xx_HAL_Driver/Inc -I../Drivers/STM32U5xx_HAL_Driver/Inc/Legacy -I../Drivers/CMSIS/Device/ST/STM32U5xx/Include -I../Drivers/CMSIS/Include -I../FileX/App -I../FileX/Target -I../Middlewares/ST/filex/common/inc -I../Middlewares/ST/filex/ports/generic/inc -O0 -ffunction-sections -fdata-sections -Wall -fstack-usage -fcyclomatic-complexity -MMD -MP -MF"Middlewares/ST/filex/common/src/fx_media_extended_space_available.d" -MT"Middlewares/ST/filex/common/src/fx_media_extended_space_available.o" --specs=nano.specs -mfpu=fpv5-sp-d16 -mfloat-abi=hard -mthumb -o "Middlewares/ST/filex/common/src/fx_media_extended_space_available.o"
arm-none-eabi-gcc "../Middlewares/ST/filex/common/src/fx_media_flush.c" -mcpu=cortex-m33 -std=gnu11 -g3 -DDEBUG -DUSE_HAL_DRIVER -DSTM32U585xx -DFX_INCLUDE_USER_DEFINE_FILE -c -I../Core/Inc -I../Drivers/STM32U5xx_HAL_Driver/Inc -I../Drivers/STM32U5xx_HAL_Driver/Inc/Legacy -I../Drivers/CMSIS/Device/ST/STM32U5xx/Include -I../Drivers/CMSIS/Include -I../FileX/App -I../FileX/Target -I../Middlewares/ST/filex/common/inc -I../Middlewares/ST/filex/ports/generic/inc -O0 -ffunction-sections -fdata-sections -Wall -fstack-usage -fcyclomatic-complexity -MMD -MP -MF"Middlewares/ST/filex/common/src/fx_media_flush.d" -MT"Middlewares/ST/filex/common/src/fx_media_flush.o" --specs=nano.specs -mfpu=fpv5-sp-d16 -mfloat-abi=hard -mthumb -o "Middlewares/ST/filex/common/src/fx_media_flush.o"
arm-none-eabi-gcc "../Middlewares/ST/filex/common/src/fx_media_format.c" -mcpu=cortex-m33 -std=gnu11 -g3 -DDEBUG -DUSE_HAL_DRIVER -DSTM32U585xx -DFX_INCLUDE_USER_DEFINE_FILE -c -I../Core/Inc -I../Drivers/STM32U5xx_HAL_Driver/Inc -I../Drivers/STM32U5xx_HAL_Driver/Inc/Legacy -I../Drivers/CMSIS/Device/ST/STM32U5xx/Include -I../Drivers/CMSIS/Include -I../FileX/App -I../FileX/Target -I../Middlewares/ST/filex/common/inc -I../Middlewares/ST/filex/ports/generic/inc -O0 -ffunction-sections -fdata-sections -Wall -fstack-usage -fcyclomatic-complexity -MMD -MP -MF"Middlewares/ST/filex/common/src/fx_media_format.d" -MT"Middlewares/ST/filex/common/src/fx_media_format.o" --specs=nano.specs -mfpu=fpv5-sp-d16 -mfloat-abi=hard -mthumb -o "Middlewares/ST/filex/common/src/fx_media_format.o"
arm-none-eabi-gcc "../Middlewares/ST/filex/common/src/fx_media_format_oem_name_set.c" -mcpu=cortex-m33 -std=gnu11 -g3 -DDEBUG -DUSE_HAL_DRIVER -DSTM32U585xx -DFX_INCLUDE_USER_DEFINE_FILE -c -I../Core/Inc -I../Drivers/STM32U5xx_HAL_Driver/Inc -I../Drivers/STM32U5xx_HAL_Driver/Inc/Legacy -I../Drivers/CMSIS/Device/ST/STM32U5xx/Include -I../Drivers/CMSIS/Include -I../FileX/App -I../FileX/Target -I../Middlewares/ST/filex/common/inc -I../Middlewares/ST/filex/ports/generic/inc -O0 -ffunction-sections -fdata-sections -Wall -fstack-usage -fcyclomatic-complexity -MMD -MP -MF"Middlewares/ST/filex/common/src/fx_media_format_oem_name_set.d" -MT"Middlewares/ST/filex/common/src/fx_media_format_oem_name_set.o" --specs=nano.specs -mfpu=fpv5-sp-d16 -mfloat-abi=hard -mthumb -o "Middlewares/ST/filex/common/src/fx_media_format_oem_name_set.o"
arm-none-eabi-gcc "../Middlewares/ST/filex/common/src/fx_media_format_type_set.c" -mcpu=cortex-m33 -std=gnu11 -g3 -DDEBUG -DUSE_HAL_DRIVER -DSTM32U585xx -DFX_INCLUDE_USER_DEFINE_FILE -c -I../Core/Inc -I../Drivers/STM32U5xx_HAL_Driver/Inc -I../Drivers/STM32U5xx_HAL_Driver/Inc/Legacy -I../Drivers/CMSIS/Device/ST/STM32U5xx/Include -I../Drivers/CMSIS/Include -I../FileX/App -I../FileX/Target -I../Middlewares/ST/filex/common/inc -I../Middlewares/ST/filex/ports/generic/inc -O0 -ffunction-sections -fdata-sections -Wall -fstack-usage -fcyclomatic-complexity -MMD -MP -MF"Middlewares/ST/filex/common/src/fx_media_format_type_set.d" -MT"Middlewares/ST/filex/common/src/fx_media_format_type_set.o" --specs=nano.specs -mfpu=fpv5-sp-d16 -mfloat-abi=hard -mthumb -o "Middlewares/ST/filex/common/src/fx_media_format_type_set.o"
arm-none-eabi-gcc "../Middlewares/ST/filex/common/src/fx_media_format_volume_id_set.c" -mcpu=cortex-m33 -std=gnu11 -g3 -DDEBUG -DUSE_HAL_DRIVER -DSTM32U585xx -DFX_INCLUDE_USER_DEFINE_FILE -c -I../Core/Inc -I../Drivers/STM32U5xx_HAL_Driver/Inc -I../Drivers/STM32U5xx_HAL_Driver/Inc/Legacy -I../Drivers/CMSIS/Device/ST/STM32U5xx/Include -I../Drivers/CMSIS/Include -I../FileX/App -I../FileX/Target -I../Middlewares/ST/filex/common/inc -I../Middlewares/ST/filex/ports/generic/inc -O0 -ffunction-sections -fdata-sections -Wall -fstack-usage -fcyclomatic-complexity -MMD -MP -MF"Middlewares/ST/filex/common/src/fx_media_format_volume_id_set.d" -MT"Middlewares/ST/filex/common/src/fx_media_format_volume_id_set.o" --specs=nano.specs -mfpu=fpv5-sp-d16 -mfloat-abi=hard -mthumb -o "Middlewares/ST/filex/common/src/fx_media_format_volume_id_set.o"
arm-none-eabi-gcc "../Middlewares/ST/filex/common/src/fx_media_open.c" -mcpu=cortex-m33 -std=gnu11 -g3 -DDEBUG -DUSE_HAL_DRIVER -DSTM32U585xx -DFX_INCLUDE_USER_DEFINE_FILE -c -I../Core/Inc -I../Drivers/STM32U5xx_HAL_Driver/Inc -I../Drivers/STM32U5xx_HAL_Driver/Inc/Legacy -I../Drivers/CMSIS/Device/ST/STM32U5xx/Include -I../Drivers/CMSIS/Include -I../FileX/App -I../FileX/Target -I../Middlewares/ST/filex/common/inc -I../Middlewares/ST/filex/ports/generic/inc -O0 -ffunction-sections -fdata-sections -Wall -fstack-usage -fcyclomatic-complexity -MMD -MP -MF"Middlewares/ST/filex/common/src/fx_media_open.d" -MT"Middlewares/ST/filex/common/src/fx_media_open.o" --specs=nano.specs -mfpu=fpv5-sp-d16 -mfloat-abi=hard -mthumb -o "Middlewares/ST/filex/common/src/fx_media_open.o"
arm-none-eabi-gcc "../Middlewares/ST/filex/common/src/fx_media_open_notify_set.c" -mcpu=cortex-m33 -std=gnu11 -g3 -DDEBUG -DUSE_HAL_DRIVER -DSTM32U585xx -DFX_INCLUDE_USER_DEFINE_FILE -c -I../Core/Inc -I../Drivers/STM32U5xx_HAL_Driver/Inc -I../Drivers/STM32U5xx_HAL_Driver/Inc/Legacy -I../Drivers/CMSIS/Device/ST/STM32U5xx/Include -I../Drivers/CMSIS/Include -I../FileX/App -I../FileX/Target -I../Middlewares/ST/filex/common/inc -I../Middlewares/ST/filex/ports/generic/inc -O0 -ffunction-sections -fdata-sections -Wall -fstack-usage -fcyclomatic-complexity -MMD -MP -MF"Middlewares/ST/filex/common/src/fx_media_open_notify_set.d" -MT"Middlewares/ST/filex/common/src/fx_media_open_notify_set.o" --specs=nano.specs -mfpu=fpv5-sp-d16 -mfloat-abi=hard -mthumb -o "Middlewares/ST/filex/common/src/fx_media_open_notify_set.o"
arm-none-eabi-gcc "../Middlewares/ST/filex/common/src/fx_media_read.c" -mcpu=cortex-m33 -std=gnu11 -g3 -DDEBUG -DUSE_HAL_DRIVER -DSTM32U585xx -DFX_INCLUDE_USER_DEFINE_FILE -c -I../Core/Inc -I../Drivers/STM32U5xx_HAL_Driver/Inc -I../Drivers/STM32U5xx_HAL_Driver/Inc/Legacy -I../Drivers/CMSIS/Device/ST/STM32U5xx/Include -I../Drivers/CMSIS/Include -I../FileX/App -I../FileX/Target -I../Middlewares/ST/filex/common/inc -I../Middlewares/ST/filex/ports/generic/inc -O0 -ffunction-sections -fdata-sections -Wall -fstack-usage -fcyclomatic-complexity -MMD -MP -MF"Middlewares/ST/filex/common/src/fx_media_read.d" -MT"Middlewares/ST/filex/common/src/fx_media_read.o" --specs=nano.specs -mfpu=fpv5-sp-d16 -mfloat-abi=hard -mthumb -o "Middlewares/ST/filex/common/src/fx_media_read.o"
arm-none-eabi-gcc "../Middlewares/ST/filex/common/src/fx_media_space_available.c" -mcpu=cortex-m33 -std=gnu11 -g3 -DDEBUG -DUSE_HAL_DRIVER -DSTM32U585xx -DFX_INCLUDE_USER_DEFINE_FILE -c -I../Core/Inc -I../Drivers/STM32U5xx_HAL_Driver/Inc -I../Drivers/STM32U5xx_HAL_Driver/Inc/Legacy -I../Drivers/CMSIS/Device/ST/STM32U5xx/Include -I../Drivers/CMSIS/Include -I../FileX/App -I../FileX/Target -I../Middlewares/ST/filex/common/inc -I../Middlewares/ST/filex/ports/generic/inc -O0 -ffunction-sections -fdata-sections -Wall -fstack-usage -fcyclomatic-complexity -MMD -MP -MF"Middlewares/ST/filex/common/src/fx_media_space_available.d" -MT"Middlewares/ST/filex/common/src/fx_media_space_available.o" --specs=nano.specs -mfpu=fpv5-sp-d16 -mfloat-abi=hard -mthumb -o "Middlewares/ST/filex/common/src/fx_media_space_available.o"
arm-none-eabi-gcc "../Middlewares/ST/filex/common/src/fx_media_volume_get.c" -mcpu=cortex-m33 -std=gnu11 -g3 -DDEBUG -DUSE_HAL_DRIVER -DSTM32U585xx -DFX_INCLUDE_USER_DEFINE_FILE -c -I../Core/Inc -I../Drivers/STM32U5xx_HAL_Driver/Inc -I../Drivers/STM32U5xx_HAL_Driver/Inc/Legacy -I../Drivers/CMSIS/Device/ST/STM32U5xx/Include -I../Drivers/CMSIS/Include -I../FileX/App -I../FileX/Target -I../Middlewares/ST/filex/common/inc -I../Middlewares/ST/filex/ports/generic/inc -O0 -ffunction-sections -fdata-sections -Wall -fstack-usage -fcyclomatic-complexity -MMD -MP -MF"Middlewares/ST/filex/common/src/fx_media_volume_get.d" -MT"Middlewares/ST/filex/common/src/fx_media_volume_get.o" --specs=nano.specs -mfpu=fpv5-sp-d16 -mfloat-abi=hard -mthumb -o "Middlewares/ST/filex/common/src/fx_media_volume_get.o"
arm-none-eabi-gcc "../Middlewares/ST/filex/common/src/fx_media_volume_get_extended.c" -mcpu=cortex-m33 -std=gnu11 -g3 -DDEBUG -DUSE_HAL_DRIVER -DSTM32U585xx -DFX_INCLUDE_USER_DEFINE_FILE -c -I../Core/Inc -I../Drivers/STM32U5xx_HAL_Driver/Inc -I../Drivers/STM32U5xx_HAL_Driver/Inc/Legacy -I../Drivers/CMSIS/Device/ST/STM32U5xx/Include -I../Drivers/CMSIS/Include -I../FileX/App -I../FileX/Target -I../Middlewares/ST/filex/common/inc -I../Middlewares/ST/filex/ports/generic/inc -O0 -ffunction-sections -fdata-sections -Wall -fstack-usage -fcyclomatic-complexity -MMD -MP -MF"Middlewares/ST/filex/common/src/fx_media_volume_get_extended.d" -MT"Middlewares/ST/filex/common/src/fx_media_volume_get_extended.o" --specs=nano.specs -mfpu=fpv5-sp-d16 -mfloat-abi=hard -mthumb -o "Middlewares/ST/filex/common/src/fx_media_volume_get_extended.o"
arm-none-eabi-gcc "../Middlewares/ST/filex/common/src/fx_media_volume_set.c" -mcpu=cortex-m33 -std=gnu11 -g3 -DDEBUG -DUSE_HAL_DRIVER -DSTM32U585xx -DFX_INCLUDE_USER_DEFINE_FILE -c -I../Core/Inc -I../Drivers/STM32U5xx_HAL_Driver/Inc -I../Drivers/STM32U5xx_HAL_Driver/Inc/Legacy -I../Drivers/CMSIS/Device/ST/STM32U5xx/Include -I../Drivers/CMSIS/Include -I../FileX/App -I../FileX/Target -I../Middlewares/ST/filex/common/inc -I../Middlewares/ST/filex/ports/generic/inc -O0 -ffunction-sections -fdata-sections -Wall -fstack-usage -fcyclomatic-complexity -MMD -MP -MF"Middlewares/ST/filex/common/src/fx_media_volume_set.d" -MT"Middlewares/ST/filex/common/src/fx_media_volume_set.o" --specs=nano.specs -mfpu=fpv5-sp-d16 -mfloat-abi=hard -mthumb -o "Middlewares/ST/filex/common/src/fx_media_volume_set.o"
arm-none-eabi-gcc "../Middlewares/ST/filex/common/src/fx_media_write.c" -mcpu=cortex-m33 -std=gnu11 -g3 -DDEBUG -DUSE_HAL_DRIVER -DSTM32U585xx -DFX_INCLUDE_USER_DEFINE_FILE -c -I../Core/Inc -I../Drivers/STM32U5xx_HAL_Driver/Inc -I../Drivers/STM32U5xx_HAL_Driver/Inc/Legacy -I../Drivers/CMSIS/Device/ST/STM32U5xx/Include -I../Drivers/CMSIS/Include -I../FileX/App -I../FileX/Target -I../Middlewares/ST/filex/common/inc -I../Middlewares/ST/filex/ports/generic/inc -O0 -ffunction-sections -fdata-sections -Wall -fstack-usage -fcyclomatic-complexity -MMD -MP -MF"Middlewares/ST/filex/common/src/fx_media_write.d" -MT"Middlewares/ST/filex/common/src/fx_media_write.o" --specs=nano.specs -mfpu=fpv5-sp-d16 -mfloat-abi=hard -mthumb -o "Middlewares/ST/filex/common/src/fx_media_write.o"
arm-none-eabi-gcc "../Middlewares/ST/filex/common/src/fx_partition_offset_calculate.c" -mcpu=cortex-m33 -std=gnu11 -g3 -DDEBUG -DUSE_HAL_DRIVER -DSTM32U585xx -DFX_INCLUDE_USER_DEFINE_FILE -c -I../Core/Inc -I../Drivers/STM32U5xx_HAL_Driver/Inc -I../Drivers/STM32U5xx_HAL_Driver/Inc/Legacy -I../Drivers/CMSIS/Device/ST/STM32U5xx/Include -I../Drivers/CMSIS/Include -I../FileX/App -I../FileX/Target -I../Middlewares/ST/filex/common/inc -I../Middlewares/ST/filex/ports/generic/inc -O0 -ffunction-sections -fdata-sections -Wall -fstack-usage -fcyclomatic-complexity -MMD -MP -MF"Middlewares/ST/filex/common/src/fx_partition_offset_calculate.d" -MT"Middlewares/ST/filex/common/src/fx_partition_offset_calculate.o" --specs=nano.specs -mfpu=fpv5-sp-d16 -mfloat-abi=hard -mthumb -o "Middlewares/ST/filex/common/src/fx_partition_offset_calculate.o"
arm-none-eabi-gcc "../Middlewares/ST/filex/common/src/fx_system_date_get.c" -mcpu=cortex-m33 -std=gnu11 -g3 -DDEBUG -DUSE_HAL_DRIVER -DSTM32U585xx -DFX_INCLUDE_USER_DEFINE_FILE -c -I../Core/Inc -I../Drivers/STM32U5xx_HAL_Driver/Inc -I../Drivers/STM32U5xx_HAL_Driver/Inc/Legacy -I../Drivers/CMSIS/Device/ST/STM32U5xx/Include -I../Drivers/CMSIS/Include -I../FileX/App -I../FileX/Target -I../Middlewares/ST/filex/common/inc -I../Middlewares/ST/filex/ports/generic/inc -O0 -ffunction-sections -fdata-sections -Wall -fstack-usage -fcyclomatic-complexity -MMD -MP -MF"Middlewares/ST/filex/common/src/fx_system_date_get.d" -MT"Middlewares/ST/filex/common/src/fx_system_date_get.o" --specs=nano.specs -mfpu=fpv5-sp-d16 -mfloat-abi=hard -mthumb -o "Middlewares/ST/filex/common/src/fx_system_date_get.o"
arm-none-eabi-gcc "../Middlewares/ST/filex/common/src/fx_system_date_set.c" -mcpu=cortex-m33 -std=gnu11 -g3 -DDEBUG -DUSE_HAL_DRIVER -DSTM32U585xx -DFX_INCLUDE_USER_DEFINE_FILE -c -I../Core/Inc -I../Drivers/STM32U5xx_HAL_Driver/Inc -I../Drivers/STM32U5xx_HAL_Driver/Inc/Legacy -I../Drivers/CMSIS/Device/ST/STM32U5xx/Include -I../Drivers/CMSIS/Include -I../FileX/App -I../FileX/Target -I../Middlewares/ST/filex/common/inc -I../Middlewares/ST/filex/ports/generic/inc -O0 -ffunction-sections -fdata-sections -Wall -fstack-usage -fcyclomatic-complexity -MMD -MP -MF"Middlewares/ST/filex/common/src/fx_system_date_set.d" -MT"Middlewares/ST/filex/common/src/fx_system_date_set.o" --specs=nano.specs -mfpu=fpv5-sp-d16 -mfloat-abi=hard -mthumb -o "Middlewares/ST/filex/common/src/fx_system_date_set.o"
arm-none-eabi-gcc "../Middlewares/ST/filex/common/src/fx_system_initialize.c" -mcpu=cortex-m33 -std=gnu11 -g3 -DDEBUG -DUSE_HAL_DRIVER -DSTM32U585xx -DFX_INCLUDE_USER_DEFINE_FILE -c -I../Core/Inc -I../Drivers/STM32U5xx_HAL_Driver/Inc -I../Drivers/STM32U5xx_HAL_Driver/Inc/Legacy -I../Drivers/CMSIS/Device/ST/STM32U5xx/Include -I../Drivers/CMSIS/Include -I../FileX/App -I../FileX/Target -I../Middlewares/ST/filex/common/inc -I../Middlewares/ST/filex/ports/generic/inc -O0 -ffunction-sections -fdata-sections -Wall -fstack-usage -fcyclomatic-complexity -MMD -MP -MF"Middlewares/ST/filex/common/src/fx_system_initialize.d" -MT"Middlewares/ST/filex/common/src/fx_system_initialize.o" --specs=nano.specs -mfpu=fpv5-sp-d16 -mfloat-abi=hard -mthumb -o "Middlewares/ST/filex/common/src/fx_system_initialize.o"
arm-none-eabi-gcc "../Middlewares/ST/filex/common/src/fx_system_time_get.c" -mcpu=cortex-m33 -std=gnu11 -g3 -DDEBUG -DUSE_HAL_DRIVER -DSTM32U585xx -DFX_INCLUDE_USER_DEFINE_FILE -c -I../Core/Inc -I../Drivers/STM32U5xx_HAL_Driver/Inc -I../Drivers/STM32U5xx_HAL_Driver/Inc/Legacy -I../Drivers/CMSIS/Device/ST/STM32U5xx/Include -I../Drivers/CMSIS/Include -I../FileX/App -I../FileX/Target -I../Middlewares/ST/filex/common/inc -I../Middlewares/ST/filex/ports/generic/inc -O0 -ffunction-sections -fdata-sections -Wall -fstack-usage -fcyclomatic-complexity -MMD -MP -MF"Middlewares/ST/filex/common/src/fx_system_time_get.d" -MT"Middlewares/ST/filex/common/src/fx_system_time_get.o" --specs=nano.specs -mfpu=fpv5-sp-d16 -mfloat-abi=hard -mthumb -o "Middlewares/ST/filex/common/src/fx_system_time_get.o"
arm-none-eabi-gcc "../Middlewares/ST/filex/common/src/fx_system_time_set.c" -mcpu=cortex-m33 -std=gnu11 -g3 -DDEBUG -DUSE_HAL_DRIVER -DSTM32U585xx -DFX_INCLUDE_USER_DEFINE_FILE -c -I../Core/Inc -I../Drivers/STM32U5xx_HAL_Driver/Inc -I../Drivers/STM32U5xx_HAL_Driver/Inc/Legacy -I../Drivers/CMSIS/Device/ST/STM32U5xx/Include -I../Drivers/CMSIS/Include -I../FileX/App -I../FileX/Target -I../Middlewares/ST/filex/common/inc -I../Middlewares/ST/filex/ports/generic/inc -O0 -ffunction-sections -fdata-sections -Wall -fstack-usage -fcyclomatic-complexity -MMD -MP -MF"Middlewares/ST/filex/common/src/fx_system_time_set.d" -MT"Middlewares/ST/filex/common/src/fx_system_time_set.o" --specs=nano.specs -mfpu=fpv5-sp-d16 -mfloat-abi=hard -mthumb -o "Middlewares/ST/filex/common/src/fx_system_time_set.o"
arm-none-eabi-gcc "../Middlewares/ST/filex/common/src/fx_system_timer_entry.c" -mcpu=cortex-m33 -std=gnu11 -g3 -DDEBUG -DUSE_HAL_DRIVER -DSTM32U585xx -DFX_INCLUDE_USER_DEFINE_FILE -c -I../Core/Inc -I../Drivers/STM32U5xx_HAL_Driver/Inc -I../Drivers/STM32U5xx_HAL_Driver/Inc/Legacy -I../Drivers/CMSIS/Device/ST/STM32U5xx/Include -I../Drivers/CMSIS/Include -I../FileX/App -I../FileX/Target -I../Middlewares/ST/filex/common/inc -I../Middlewares/ST/filex/ports/generic/inc -O0 -ffunction-sections -fdata-sections -Wall -fstack-usage -fcyclomatic-complexity -MMD -MP -MF"Middlewares/ST/filex/common/src/fx_system_timer_entry.d" -MT"Middlewares/ST/filex/common/src/fx_system_timer_entry.o" --specs=nano.specs -mfpu=fpv5-sp-d16 -mfloat-abi=hard -mthumb -o "Middlewares/ST/filex/common/src/fx_system_timer_entry.o"
arm-none-eabi-gcc "../Middlewares/ST/filex/common/src/fx_unicode_directory_create.c" -mcpu=cortex-m33 -std=gnu11 -g3 -DDEBUG -DUSE_HAL_DRIVER -DSTM32U585xx -DFX_INCLUDE_USER_DEFINE_FILE -c -I../Core/Inc -I../Drivers/STM32U5xx_HAL_Driver/Inc -I../Drivers/STM32U5xx_HAL_Driver/Inc/Legacy -I../Drivers/CMSIS/Device/ST/STM32U5xx/Include -I../Drivers/CMSIS/Include -I../FileX/App -I../FileX/Target -I../Middlewares/ST/filex/common/inc -I../Middlewares/ST/filex/ports/generic/inc -O0 -ffunction-sections -fdata-sections -Wall -fstack-usage -fcyclomatic-complexity -MMD -MP -MF"Middlewares/ST/filex/common/src/fx_unicode_directory_create.d" -MT"Middlewares/ST/filex/common/src/fx_unicode_directory_create.o" --specs=nano.specs -mfpu=fpv5-sp-d16 -mfloat-abi=hard -mthumb -o "Middlewares/ST/filex/common/src/fx_unicode_directory_create.o"
arm-none-eabi-gcc "../Middlewares/ST/filex/common/src/fx_unicode_directory_entry_change.c" -mcpu=cortex-m33 -std=gnu11 -g3 -DDEBUG -DUSE_HAL_DRIVER -DSTM32U585xx -DFX_INCLUDE_USER_DEFINE_FILE -c -I../Core/Inc -I../Drivers/STM32U5xx_HAL_Driver/Inc -I../Drivers/STM32U5xx_HAL_Driver/Inc/Legacy -I../Drivers/CMSIS/Device/ST/STM32U5xx/Include -I../Drivers/CMSIS/Include -I../FileX/App -I../FileX/Target -I../Middlewares/ST/filex/common/inc -I../Middlewares/ST/filex/ports/generic/inc -O0 -ffunction-sections -fdata-sections -Wall -fstack-usage -fcyclomatic-complexity -MMD -MP -MF"Middlewares/ST/filex/common/src/fx_unicode_directory_entry_change.d" -MT"Middlewares/ST/filex/common/src/fx_unicode_directory_entry_change.o" --specs=nano.specs -mfpu=fpv5-sp-d16 -mfloat-abi=hard -mthumb -o "Middlewares/ST/filex/common/src/fx_unicode_directory_entry_change.o"
arm-none-eabi-gcc "../Middlewares/ST/filex/common/src/fx_unicode_directory_entry_read.c" -mcpu=cortex-m33 -std=gnu11 -g3 -DDEBUG -DUSE_HAL_DRIVER -DSTM32U585xx -DFX_INCLUDE_USER_DEFINE_FILE -c -I../Core/Inc -I../Drivers/STM32U5xx_HAL_Driver/Inc -I../Drivers/STM32U5xx_HAL_Driver/Inc/Legacy -I../Drivers/CMSIS/Device/ST/STM32U5xx/Include -I../Drivers/CMSIS/Include -I../FileX/App -I../FileX/Target -I../Middlewares/ST/filex/common/inc -I../Middlewares/ST/filex/ports/generic/inc -O0 -ffunction-sections -fdata-sections -Wall -fstack-usage -fcyclomatic-complexity -MMD -MP -MF"Middlewares/ST/filex/common/src/fx_unicode_directory_entry_read.d" -MT"Middlewares/ST/filex/common/src/fx_unicode_directory_entry_read.o" --specs=nano.specs -mfpu=fpv5-sp-d16 -mfloat-abi=hard -mthumb -o "Middlewares/ST/filex/common/src/fx_unicode_directory_entry_read.o"
arm-none-eabi-gcc "../Middlewares/ST/filex/common/src/fx_unicode_directory_rename.c" -mcpu=cortex-m33 -std=gnu11 -g3 -DDEBUG -DUSE_HAL_DRIVER -DSTM32U585xx -DFX_INCLUDE_USER_DEFINE_FILE -c -I../Core/Inc -I../Drivers/STM32U5xx_HAL_Driver/Inc -I../Drivers/STM32U5xx_HAL_Driver/Inc/Legacy -I../Drivers/CMSIS/Device/ST/STM32U5xx/Include -I../Drivers/CMSIS/Include -I../FileX/App -I../FileX/Target -I../Middlewares/ST/filex/common/inc -I../Middlewares/ST/filex/ports/generic/inc -O0 -ffunction-sections -fdata-sections -Wall -fstack-usage -fcyclomatic-complexity -MMD -MP -MF"Middlewares/ST/filex/common/src/fx_unicode_directory_rename.d" -MT"Middlewares/ST/filex/common/src/fx_unicode_directory_rename.o" --specs=nano.specs -mfpu=fpv5-sp-d16 -mfloat-abi=hard -mthumb -o "Middlewares/ST/filex/common/src/fx_unicode_directory_rename.o"
arm-none-eabi-gcc "../Middlewares/ST/filex/common/src/fx_unicode_directory_search.c" -mcpu=cortex-m33 -std=gnu11 -g3 -DDEBUG -DUSE_HAL_DRIVER -DSTM32U585xx -DFX_INCLUDE_USER_DEFINE_FILE -c -I../Core/Inc -I../Drivers/STM32U5xx_HAL_Driver/Inc -I../Drivers/STM32U5xx_HAL_Driver/Inc/Legacy -I../Drivers/CMSIS/Device/ST/STM32U5xx/Include -I../Drivers/CMSIS/Include -I../FileX/App -I../FileX/Target -I../Middlewares/ST/filex/common/inc -I../Middlewares/ST/filex/ports/generic/inc -O0 -ffunction-sections -fdata-sections -Wall -fstack-usage -fcyclomatic-complexity -MMD -MP -MF"Middlewares/ST/filex/common/src/fx_unicode_directory_search.d" -MT"Middlewares/ST/filex/common/src/fx_unicode_directory_search.o" --specs=nano.specs -mfpu=fpv5-sp-d16 -mfloat-abi=hard -mthumb -o "Middlewares/ST/filex/common/src/fx_unicode_directory_search.o"
arm-none-eabi-gcc "../Middlewares/ST/filex/common/src/fx_unicode_file_create.c" -mcpu=cortex-m33 -std=gnu11 -g3 -DDEBUG -DUSE_HAL_DRIVER -DSTM32U585xx -DFX_INCLUDE_USER_DEFINE_FILE -c -I../Core/Inc -I../Drivers/STM32U5xx_HAL_Driver/Inc -I../Drivers/STM32U5xx_HAL_Driver/Inc/Legacy -I../Drivers/CMSIS/Device/ST/STM32U5xx/Include -I../Drivers/CMSIS/Include -I../FileX/App -I../FileX/Target -I../Middlewares/ST/filex/common/inc -I../Middlewares/ST/filex/ports/generic/inc -O0 -ffunction-sections -fdata-sections -Wall -fstack-usage -fcyclomatic-complexity -MMD -MP -MF"Middlewares/ST/filex/common/src/fx_unicode_file_create.d" -MT"Middlewares/ST/filex/common/src/fx_unicode_file_create.o" --specs=nano.specs -mfpu=fpv5-sp-d16 -mfloat-abi=hard -mthumb -o "Middlewares/ST/filex/common/src/fx_unicode_file_create.o"
arm-none-eabi-gcc "../Middlewares/ST/filex/common/src/fx_unicode_file_rename.c" -mcpu=cortex-m33 -std=gnu11 -g3 -DDEBUG -DUSE_HAL_DRIVER -DSTM32U585xx -DFX_INCLUDE_USER_DEFINE_FILE -c -I../Core/Inc -I../Drivers/STM32U5xx_HAL_Driver/Inc -I../Drivers/STM32U5xx_HAL_Driver/Inc/Legacy -I../Drivers/CMSIS/Device/ST/STM32U5xx/Include -I../Drivers/CMSIS/Include -I../FileX/App -I../FileX/Target -I../Middlewares/ST/filex/common/inc -I../Middlewares/ST/filex/ports/generic/inc -O0 -ffunction-sections -fdata-sections -Wall -fstack-usage -fcyclomatic-complexity -MMD -MP -MF"Middlewares/ST/filex/common/src/fx_unicode_file_rename.d" -MT"Middlewares/ST/filex/common/src/fx_unicode_file_rename.o" --specs=nano.specs -mfpu=fpv5-sp-d16 -mfloat-abi=hard -mthumb -o "Middlewares/ST/filex/common/src/fx_unicode_file_rename.o"
arm-none-eabi-gcc "../Middlewares/ST/filex/common/src/fx_unicode_length_get.c" -mcpu=cortex-m33 -std=gnu11 -g3 -DDEBUG -DUSE_HAL_DRIVER -DSTM32U585xx -DFX_INCLUDE_USER_DEFINE_FILE -c -I../Core/Inc -I../Drivers/STM32U5xx_HAL_Driver/Inc -I../Drivers/STM32U5xx_HAL_Driver/Inc/Legacy -I../Drivers/CMSIS/Device/ST/STM32U5xx/Include -I../Drivers/CMSIS/Include -I../FileX/App -I../FileX/Target -I../Middlewares/ST/filex/common/inc -I../Middlewares/ST/filex/ports/generic/inc -O0 -ffunction-sections -fdata-sections -Wall -fstack-usage -fcyclomatic-complexity -MMD -MP -MF"Middlewares/ST/filex/common/src/fx_unicode_length_get.d" -MT"Middlewares/ST/filex/common/src/fx_unicode_length_get.o" --specs=nano.specs -mfpu=fpv5-sp-d16 -mfloat-abi=hard -mthumb -o "Middlewares/ST/filex/common/src/fx_unicode_length_get.o"
arm-none-eabi-gcc "../Middlewares/ST/filex/common/src/fx_unicode_length_get_extended.c" -mcpu=cortex-m33 -std=gnu11 -g3 -DDEBUG -DUSE_HAL_DRIVER -DSTM32U585xx -DFX_INCLUDE_USER_DEFINE_FILE -c -I../Core/Inc -I../Drivers/STM32U5xx_HAL_Driver/Inc -I../Drivers/STM32U5xx_HAL_Driver/Inc/Legacy -I../Drivers/CMSIS/Device/ST/STM32U5xx/Include -I../Drivers/CMSIS/Include -I../FileX/App -I../FileX/Target -I../Middlewares/ST/filex/common/inc -I../Middlewares/ST/filex/ports/generic/inc -O0 -ffunction-sections -fdata-sections -Wall -fstack-usage -fcyclomatic-complexity -MMD -MP -MF"Middlewares/ST/filex/common/src/fx_unicode_length_get_extended.d" -MT"Middlewares/ST/filex/common/src/fx_unicode_length_get_extended.o" --specs=nano.specs -mfpu=fpv5-sp-d16 -mfloat-abi=hard -mthumb -o "Middlewares/ST/filex/common/src/fx_unicode_length_get_extended.o"
arm-none-eabi-gcc "../Middlewares/ST/filex/common/src/fx_unicode_name_get.c" -mcpu=cortex-m33 -std=gnu11 -g3 -DDEBUG -DUSE_HAL_DRIVER -DSTM32U585xx -DFX_INCLUDE_USER_DEFINE_FILE -c -I../Core/Inc -I../Drivers/STM32U5xx_HAL_Driver/Inc -I../Drivers/STM32U5xx_HAL_Driver/Inc/Legacy -I../Drivers/CMSIS/Device/ST/STM32U5xx/Include -I../Drivers/CMSIS/Include -I../FileX/App -I../FileX/Target -I../Middlewares/ST/filex/common/inc -I../Middlewares/ST/filex/ports/generic/inc -O0 -ffunction-sections -fdata-sections -Wall -fstack-usage -fcyclomatic-complexity -MMD -MP -MF"Middlewares/ST/filex/common/src/fx_unicode_name_get.d" -MT"Middlewares/ST/filex/common/src/fx_unicode_name_get.o" --specs=nano.specs -mfpu=fpv5-sp-d16 -mfloat-abi=hard -mthumb -o "Middlewares/ST/filex/common/src/fx_unicode_name_get.o"
arm-none-eabi-gcc "../Middlewares/ST/filex/common/src/fx_unicode_name_get_extended.c" -mcpu=cortex-m33 -std=gnu11 -g3 -DDEBUG -DUSE_HAL_DRIVER -DSTM32U585xx -DFX_INCLUDE_USER_DEFINE_FILE -c -I../Core/Inc -I../Drivers/STM32U5xx_HAL_Driver/Inc -I../Drivers/STM32U5xx_HAL_Driver/Inc/Legacy -I../Drivers/CMSIS/Device/ST/STM32U5xx/Include -I../Drivers/CMSIS/Include -I../FileX/App -I../FileX/Target -I../Middlewares/ST/filex/common/inc -I../Middlewares/ST/filex/ports/generic/inc -O0 -ffunction-sections -fdata-sections -Wall -fstack-usage -fcyclomatic-complexity -MMD -MP -MF"Middlewares/ST/filex/common/src/fx_unicode_name_get_extended.d" -MT"Middlewares/ST/filex/common/src/fx_unicode_name_get_extended.o" --specs=nano.specs -mfpu=fpv5-sp-d16 -mfloat-abi=hard -mthumb -o "Middlewares/ST/filex/common/src/fx_unicode_name_get_extended.o"
arm-none-eabi-gcc "../Middlewares/ST/filex/common/src/fx_unicode_short_name_get.c" -mcpu=cortex-m33 -std=gnu11 -g3 -DDEBUG -DUSE_HAL_DRIVER -DSTM32U585xx -DFX_INCLUDE_USER_DEFINE_FILE -c -I../Core/Inc -I../Drivers/STM32U5xx_HAL_Driver/Inc -I../Drivers/STM32U5xx_HAL_Driver/Inc/Legacy -I../Drivers/CMSIS/Device/ST/STM32U5xx/Include -I../Drivers/CMSIS/Include -I../FileX/App -I../FileX/Target -I../Middlewares/ST/filex/common/inc -I../Middlewares/ST/filex/ports/generic/inc -O0 -ffunction-sections -fdata-sections -Wall -fstack-usage -fcyclomatic-complexity -MMD -MP -MF"Middlewares/ST/filex/common/src/fx_unicode_short_name_get.d" -MT"Middlewares/ST/filex/common/src/fx_unicode_short_name_get.o" --specs=nano.specs -mfpu=fpv5-sp-d16 -mfloat-abi=hard -mthumb -o "Middlewares/ST/filex/common/src/fx_unicode_short_name_get.o"
arm-none-eabi-gcc "../Middlewares/ST/filex/common/src/fx_unicode_short_name_get_extended.c" -mcpu=cortex-m33 -std=gnu11 -g3 -DDEBUG -DUSE_HAL_DRIVER -DSTM32U585xx -DFX_INCLUDE_USER_DEFINE_FILE -c -I../Core/Inc -I../Drivers/STM32U5xx_HAL_Driver/Inc -I../Drivers/STM32U5xx_HAL_Driver/Inc/Legacy -I../Drivers/CMSIS/Device/ST/STM32U5xx/Include -I../Drivers/CMSIS/Include -I../FileX/App -I../FileX/Target -I../Middlewares/ST/filex/common/inc -I../Middlewares/ST/filex/ports/generic/inc -O0 -ffunction-sections -fdata-sections -Wall -fstack-usage -fcyclomatic-complexity -MMD -MP -MF"Middlewares/ST/filex/common/src/fx_unicode_short_name_get_extended.d" -MT"Middlewares/ST/filex/common/src/fx_unicode_short_name_get_extended.o" --specs=nano.specs -mfpu=fpv5-sp-d16 -mfloat-abi=hard -mthumb -o "Middlewares/ST/filex/common/src/fx_unicode_short_name_get_extended.o"
arm-none-eabi-gcc "../Middlewares/ST/filex/common/src/fx_utility_16_unsigned_read.c" -mcpu=cortex-m33 -std=gnu11 -g3 -DDEBUG -DUSE_HAL_DRIVER -DSTM32U585xx -DFX_INCLUDE_USER_DEFINE_FILE -c -I../Core/Inc -I../Drivers/STM32U5xx_HAL_Driver/Inc -I../Drivers/STM32U5xx_HAL_Driver/Inc/Legacy -I../Drivers/CMSIS/Device/ST/STM32U5xx/Include -I../Drivers/CMSIS/Include -I../FileX/App -I../FileX/Target -I../Middlewares/ST/filex/common/inc -I../Middlewares/ST/filex/ports/generic/inc -O0 -ffunction-sections -fdata-sections -Wall -fstack-usage -fcyclomatic-complexity -MMD -MP -MF"Middlewares/ST/filex/common/src/fx_utility_16_unsigned_read.d" -MT"Middlewares/ST/filex/common/src/fx_utility_16_unsigned_read.o" --specs=nano.specs -mfpu=fpv5-sp-d16 -mfloat-abi=hard -mthumb -o "Middlewares/ST/filex/common/src/fx_utility_16_unsigned_read.o"
arm-none-eabi-gcc "../Middlewares/ST/filex/common/src/fx_utility_16_unsigned_write.c" -mcpu=cortex-m33 -std=gnu11 -g3 -DDEBUG -DUSE_HAL_DRIVER -DSTM32U585xx -DFX_INCLUDE_USER_DEFINE_FILE -c -I../Core/Inc -I../Drivers/STM32U5xx_HAL_Driver/Inc -I../Drivers/STM32U5xx_HAL_Driver/Inc/Legacy -I../Drivers/CMSIS/Device/ST/STM32U5xx/Include -I../Drivers/CMSIS/Include -I../FileX/App -I../FileX/Target -I../Middlewares/ST/filex/common/inc -I../Middlewares/ST/filex/ports/generic/inc -O0 -ffunction-sections -fdata-sections -Wall -fstack-usage -fcyclomatic-complexity -MMD -MP -MF"Middlewares/ST/filex/common/src/fx_utility_16_unsigned_write.d" -MT"Middlewares/ST/filex/common/src/fx_utility_16_unsigned_write.o" --specs=nano.specs -mfpu=fpv5-sp-d16 -mfloat-abi=hard -mthumb -o "Middlewares/ST/filex/common/src/fx_utility_16_unsigned_write.o"
arm-none-eabi-gcc "../Middlewares/ST/filex/common/src/fx_utility_32_unsigned_read.c" -mcpu=cortex-m33 -std=gnu11 -g3 -DDEBUG -DUSE_HAL_DRIVER -DSTM32U585xx -DFX_INCLUDE_USER_DEFINE_FILE -c -I../Core/Inc -I../Drivers/STM32U5xx_HAL_Driver/Inc -I../Drivers/STM32U5xx_HAL_Driver/Inc/Legacy -I../Drivers/CMSIS/Device/ST/STM32U5xx/Include -I../Drivers/CMSIS/Include -I../FileX/App -I../FileX/Target -I../Middlewares/ST/filex/common/inc -I../Middlewares/ST/filex/ports/generic/inc -O0 -ffunction-sections -fdata-sections -Wall -fstack-usage -fcyclomatic-complexity -MMD -MP -MF"Middlewares/ST/filex/common/src/fx_utility_32_unsigned_read.d" -MT"Middlewares/ST/filex/common/src/fx_utility_32_unsigned_read.o" --specs=nano.specs -mfpu=fpv5-sp-d16 -mfloat-abi=hard -mthumb -o "Middlewares/ST/filex/common/src/fx_utility_32_unsigned_read.o"
arm-none-eabi-gcc "../Middlewares/ST/filex/common/src/fx_utility_32_unsigned_write.c" -mcpu=cortex-m33 -std=gnu11 -g3 -DDEBUG -DUSE_HAL_DRIVER -DSTM32U585xx -DFX_INCLUDE_USER_DEFINE_FILE -c -I../Core/Inc -I../Drivers/STM32U5xx_HAL_Driver/Inc -I../Drivers/STM32U5xx_HAL_Driver/Inc/Legacy -I../Drivers/CMSIS/Device/ST/STM32U5xx/Include -I../Drivers/CMSIS/Include -I../FileX/App -I../FileX/Target -I../Middlewares/ST/filex/common/inc -I../Middlewares/ST/filex/ports/generic/inc -O0 -ffunction-sections -fdata-sections -Wall -fstack-usage -fcyclomatic-complexity -MMD -MP -MF"Middlewares/ST/filex/common/src/fx_utility_32_unsigned_write.d" -MT"Middlewares/ST/filex/common/src/fx_utility_32_unsigned_write.o" --specs=nano.specs -mfpu=fpv5-sp-d16 -mfloat-abi=hard -mthumb -o "Middlewares/ST/filex/common/src/fx_utility_32_unsigned_write.o"
arm-none-eabi-gcc "../Middlewares/ST/filex/common/src/fx_utility_64_unsigned_read.c" -mcpu=cortex-m33 -std=gnu11 -g3 -DDEBUG -DUSE_HAL_DRIVER -DSTM32U585xx -DFX_INCLUDE_USER_DEFINE_FILE -c -I../Core/Inc -I../Drivers/STM32U5xx_HAL_Driver/Inc -I../Drivers/STM32U5xx_HAL_Driver/Inc/Legacy -I../Drivers/CMSIS/Device/ST/STM32U5xx/Include -I../Drivers/CMSIS/Include -I../FileX/App -I../FileX/Target -I../Middlewares/ST/filex/common/inc -I../Middlewares/ST/filex/ports/generic/inc -O0 -ffunction-sections -fdata-sections -Wall -fstack-usage -fcyclomatic-complexity -MMD -MP -MF"Middlewares/ST/filex/common/src/fx_utility_64_unsigned_read.d" -MT"Middlewares/ST/filex/common/src/fx_utility_64_unsigned_read.o" --specs=nano.specs -mfpu=fpv5-sp-d16 -mfloat-abi=hard -mthumb -o "Middlewares/ST/filex/common/src/fx_utility_64_unsigned_read.o"
arm-none-eabi-gcc "../Middlewares/ST/filex/common/src/fx_utility_64_unsigned_write.c" -mcpu=cortex-m33 -std=gnu11 -g3 -DDEBUG -DUSE_HAL_DRIVER -DSTM32U585xx -DFX_INCLUDE_USER_DEFINE_FILE -c -I../Core/Inc -I../Drivers/STM32U5xx_HAL_Driver/Inc -I../Drivers/STM32U5xx_HAL_Driver/Inc/Legacy -I../Drivers/CMSIS/Device/ST/STM32U5xx/Include -I../Drivers/CMSIS/Include -I../FileX/App -I../FileX/Target -I../Middlewares/ST/filex/common/inc -I../Middlewares/ST/filex/ports/generic/inc -O0 -ffunction-sections -fdata-sections -Wall -fstack-usage -fcyclomatic-complexity -MMD -MP -MF"Middlewares/ST/filex/common/src/fx_utility_64_unsigned_write.d" -MT"Middlewares/ST/filex/common/src/fx_utility_64_unsigned_write.o" --specs=nano.specs -mfpu=fpv5-sp-d16 -mfloat-abi=hard -mthumb -o "Middlewares/ST/filex/common/src/fx_utility_64_unsigned_write.o"
arm-none-eabi-gcc "../Middlewares/ST/filex/common/src/fx_utility_FAT_entry_read.c" -mcpu=cortex-m33 -std=gnu11 -g3 -DDEBUG -DUSE_HAL_DRIVER -DSTM32U585xx -DFX_INCLUDE_USER_DEFINE_FILE -c -I../Core/Inc -I../Drivers/STM32U5xx_HAL_Driver/Inc -I../Drivers/STM32U5xx_HAL_Driver/Inc/Legacy -I../Drivers/CMSIS/Device/ST/STM32U5xx/Include -I../Drivers/CMSIS/Include -I../FileX/App -I../FileX/Target -I../Middlewares/ST/filex/common/inc -I../Middlewares/ST/filex/ports/generic/inc -O0 -ffunction-sections -fdata-sections -Wall -fstack-usage -fcyclomatic-complexity -MMD -MP -MF"Middlewares/ST/filex/common/src/fx_utility_FAT_entry_read.d" -MT"Middlewares/ST/filex/common/src/fx_utility_FAT_entry_read.o" --specs=nano.specs -mfpu=fpv5-sp-d16 -mfloat-abi=hard -mthumb -o "Middlewares/ST/filex/common/src/fx_utility_FAT_entry_read.o"
arm-none-eabi-gcc "../Middlewares/ST/filex/common/src/fx_utility_FAT_entry_write.c" -mcpu=cortex-m33 -std=gnu11 -g3 -DDEBUG -DUSE_HAL_DRIVER -DSTM32U585xx -DFX_INCLUDE_USER_DEFINE_FILE -c -I../Core/Inc -I../Drivers/STM32U5xx_HAL_Driver/Inc -I../Drivers/STM32U5xx_HAL_Driver/Inc/Legacy -I../Drivers/CMSIS/Device/ST/STM32U5xx/Include -I../Drivers/CMSIS/Include -I../FileX/App -I../FileX/Target -I../Middlewares/ST/filex/common/inc -I../Middlewares/ST/filex/ports/generic/inc -O0 -ffunction-sections -fdata-sections -Wall -fstack-usage -fcyclomatic-complexity -MMD -MP -MF"Middlewares/ST/filex/common/src/fx_utility_FAT_entry_write.d" -MT"Middlewares/ST/filex/common/src/fx_utility_FAT_entry_write.o" --specs=nano.specs -mfpu=fpv5-sp-d16 -mfloat-abi=hard -mthumb -o "Middlewares/ST/filex/common/src/fx_utility_FAT_entry_write.o"
arm-none-eabi-gcc "../Middlewares/ST/filex/common/src/fx_utility_FAT_flush.c" -mcpu=cortex-m33 -std=gnu11 -g3 -DDEBUG -DUSE_HAL_DRIVER -DSTM32U585xx -DFX_INCLUDE_USER_DEFINE_FILE -c -I../Core/Inc -I../Drivers/STM32U5xx_HAL_Driver/Inc -I../Drivers/STM32U5xx_HAL_Driver/Inc/Legacy -I../Drivers/CMSIS/Device/ST/STM32U5xx/Include -I../Drivers/CMSIS/Include -I../FileX/App -I../FileX/Target -I../Middlewares/ST/filex/common/inc -I../Middlewares/ST/filex/ports/generic/inc -O0 -ffunction-sections -fdata-sections -Wall -fstack-usage -fcyclomatic-complexity -MMD -MP -MF"Middlewares/ST/filex/common/src/fx_utility_FAT_flush.d" -MT"Middlewares/ST/filex/common/src/fx_utility_FAT_flush.o" --specs=nano.specs -mfpu=fpv5-sp-d16 -mfloat-abi=hard -mthumb -o "Middlewares/ST/filex/common/src/fx_utility_FAT_flush.o"
arm-none-eabi-gcc "../Middlewares/ST/filex/common/src/fx_utility_FAT_map_flush.c" -mcpu=cortex-m33 -std=gnu11 -g3 -DDEBUG -DUSE_HAL_DRIVER -DSTM32U585xx -DFX_INCLUDE_USER_DEFINE_FILE -c -I../Core/Inc -I../Drivers/STM32U5xx_HAL_Driver/Inc -I../Drivers/STM32U5xx_HAL_Driver/Inc/Legacy -I../Drivers/CMSIS/Device/ST/STM32U5xx/Include -I../Drivers/CMSIS/Include -I../FileX/App -I../FileX/Target -I../Middlewares/ST/filex/common/inc -I../Middlewares/ST/filex/ports/generic/inc -O0 -ffunction-sections -fdata-sections -Wall -fstack-usage -fcyclomatic-complexity -MMD -MP -MF"Middlewares/ST/filex/common/src/fx_utility_FAT_map_flush.d" -MT"Middlewares/ST/filex/common/src/fx_utility_FAT_map_flush.o" --specs=nano.specs -mfpu=fpv5-sp-d16 -mfloat-abi=hard -mthumb -o "Middlewares/ST/filex/common/src/fx_utility_FAT_map_flush.o"
arm-none-eabi-gcc "../Middlewares/ST/filex/common/src/fx_utility_FAT_sector_get.c" -mcpu=cortex-m33 -std=gnu11 -g3 -DDEBUG -DUSE_HAL_DRIVER -DSTM32U585xx -DFX_INCLUDE_USER_DEFINE_FILE -c -I../Core/Inc -I../Drivers/STM32U5xx_HAL_Driver/Inc -I../Drivers/STM32U5xx_HAL_Driver/Inc/Legacy -I../Drivers/CMSIS/Device/ST/STM32U5xx/Include -I../Drivers/CMSIS/Include -I../FileX/App -I../FileX/Target -I../Middlewares/ST/filex/common/inc -I../Middlewares/ST/filex/ports/generic/inc -O0 -ffunction-sections -fdata-sections -Wall -fstack-usage -fcyclomatic-complexity -MMD -MP -MF"Middlewares/ST/filex/common/src/fx_utility_FAT_sector_get.d" -MT"Middlewares/ST/filex/common/src/fx_utility_FAT_sector_get.o" --specs=nano.specs -mfpu=fpv5-sp-d16 -mfloat-abi=hard -mthumb -o "Middlewares/ST/filex/common/src/fx_utility_FAT_sector_get.o"
arm-none-eabi-gcc "../Middlewares/ST/filex/common/src/fx_utility_absolute_path_get.c" -mcpu=cortex-m33 -std=gnu11 -g3 -DDEBUG -DUSE_HAL_DRIVER -DSTM32U585xx -DFX_INCLUDE_USER_DEFINE_FILE -c -I../Core/Inc -I../Drivers/STM32U5xx_HAL_Driver/Inc -I../Drivers/STM32U5xx_HAL_Driver/Inc/Legacy -I../Drivers/CMSIS/Device/ST/STM32U5xx/Include -I../Drivers/CMSIS/Include -I../FileX/App -I../FileX/Target -I../Middlewares/ST/filex/common/inc -I../Middlewares/ST/filex/ports/generic/inc -O0 -ffunction-sections -fdata-sections -Wall -fstack-usage -fcyclomatic-complexity -MMD -MP -MF"Middlewares/ST/filex/common/src/fx_utility_absolute_path_get.d" -MT"Middlewares/ST/filex/common/src/fx_utility_absolute_path_get.o" --specs=nano.specs -mfpu=fpv5-sp-d16 -mfloat-abi=hard -mthumb -o "Middlewares/ST/filex/common/src/fx_utility_absolute_path_get.o"
arm-none-eabi-gcc "../Middlewares/ST/filex/common/src/fx_utility_exFAT_allocate_new_cluster.c" -mcpu=cortex-m33 -std=gnu11 -g3 -DDEBUG -DUSE_HAL_DRIVER -DSTM32U585xx -DFX_INCLUDE_USER_DEFINE_FILE -c -I../Core/Inc -I../Drivers/STM32U5xx_HAL_Driver/Inc -I../Drivers/STM32U5xx_HAL_Driver/Inc/Legacy -I../Drivers/CMSIS/Device/ST/STM32U5xx/Include -I../Drivers/CMSIS/Include -I../FileX/App -I../FileX/Target -I../Middlewares/ST/filex/common/inc -I../Middlewares/ST/filex/ports/generic/inc -O0 -ffunction-sections -fdata-sections -Wall -fstack-usage -fcyclomatic-complexity -MMD -MP -MF"Middlewares/ST/filex/common/src/fx_utility_exFAT_allocate_new_cluster.d" -MT"Middlewares/ST/filex/common/src/fx_utility_exFAT_allocate_new_cluster.o" --specs=nano.specs -mfpu=fpv5-sp-d16 -mfloat-abi=hard -mthumb -o "Middlewares/ST/filex/common/src/fx_utility_exFAT_allocate_new_cluster.o"
arm-none-eabi-gcc "../Middlewares/ST/filex/common/src/fx_utility_exFAT_bitmap_cache_prepare.c" -mcpu=cortex-m33 -std=gnu11 -g3 -DDEBUG -DUSE_HAL_DRIVER -DSTM32U585xx -DFX_INCLUDE_USER_DEFINE_FILE -c -I../Core/Inc -I../Drivers/STM32U5xx_HAL_Driver/Inc -I../Drivers/STM32U5xx_HAL_Driver/Inc/Legacy -I../Drivers/CMSIS/Device/ST/STM32U5xx/Include -I../Drivers/CMSIS/Include -I../FileX/App -I../FileX/Target -I../Middlewares/ST/filex/common/inc -I../Middlewares/ST/filex/ports/generic/inc -O0 -ffunction-sections -fdata-sections -Wall -fstack-usage -fcyclomatic-complexity -MMD -MP -MF"Middlewares/ST/filex/common/src/fx_utility_exFAT_bitmap_cache_prepare.d" -MT"Middlewares/ST/filex/common/src/fx_utility_exFAT_bitmap_cache_prepare.o" --specs=nano.specs -mfpu=fpv5-sp-d16 -mfloat-abi=hard -mthumb -o "Middlewares/ST/filex/common/src/fx_utility_exFAT_bitmap_cache_prepare.o"
arm-none-eabi-gcc "../Middlewares/ST/filex/common/src/fx_utility_exFAT_bitmap_cache_update.c" -mcpu=cortex-m33 -std=gnu11 -g3 -DDEBUG -DUSE_HAL_DRIVER -DSTM32U585xx -DFX_INCLUDE_USER_DEFINE_FILE -c -I../Core/Inc -I../Drivers/STM32U5xx_HAL_Driver/Inc -I../Drivers/STM32U5xx_HAL_Driver/Inc/Legacy -I../Drivers/CMSIS/Device/ST/STM32U5xx/Include -I../Drivers/CMSIS/Include -I../FileX/App -I../FileX/Target -I../Middlewares/ST/filex/common/inc -I../Middlewares/ST/filex/ports/generic/inc -O0 -ffunction-sections -fdata-sections -Wall -fstack-usage -fcyclomatic-complexity -MMD -MP -MF"Middlewares/ST/filex/common/src/fx_utility_exFAT_bitmap_cache_update.d" -MT"Middlewares/ST/filex/common/src/fx_utility_exFAT_bitmap_cache_update.o" --specs=nano.specs -mfpu=fpv5-sp-d16 -mfloat-abi=hard -mthumb -o "Middlewares/ST/filex/common/src/fx_utility_exFAT_bitmap_cache_update.o"
arm-none-eabi-gcc "../Middlewares/ST/filex/common/src/fx_utility_exFAT_bitmap_flush.c" -mcpu=cortex-m33 -std=gnu11 -g3 -DDEBUG -DUSE_HAL_DRIVER -DSTM32U585xx -DFX_INCLUDE_USER_DEFINE_FILE -c -I../Core/Inc -I../Drivers/STM32U5xx_HAL_Driver/Inc -I../Drivers/STM32U5xx_HAL_Driver/Inc/Legacy -I../Drivers/CMSIS/Device/ST/STM32U5xx/Include -I../Drivers/CMSIS/Include -I../FileX/App -I../FileX/Target -I../Middlewares/ST/filex/common/inc -I../Middlewares/ST/filex/ports/generic/inc -O0 -ffunction-sections -fdata-sections -Wall -fstack-usage -fcyclomatic-complexity -MMD -MP -MF"Middlewares/ST/filex/common/src/fx_utility_exFAT_bitmap_flush.d" -MT"Middlewares/ST/filex/common/src/fx_utility_exFAT_bitmap_flush.o" --specs=nano.specs -mfpu=fpv5-sp-d16 -mfloat-abi=hard -mthumb -o "Middlewares/ST/filex/common/src/fx_utility_exFAT_bitmap_flush.o"
arm-none-eabi-gcc "../Middlewares/ST/filex/common/src/fx_utility_exFAT_bitmap_free_cluster_find.c" -mcpu=cortex-m33 -std=gnu11 -g3 -DDEBUG -DUSE_HAL_DRIVER -DSTM32U585xx -DFX_INCLUDE_USER_DEFINE_FILE -c -I../Core/Inc -I../Drivers/STM32U5xx_HAL_Driver/Inc -I../Drivers/STM32U5xx_HAL_Driver/Inc/Legacy -I../Drivers/CMSIS/Device/ST/STM32U5xx/Include -I../Drivers/CMSIS/Include -I../FileX/App -I../FileX/Target -I../Middlewares/ST/filex/common/inc -I../Middlewares/ST/filex/ports/generic/inc -O0 -ffunction-sections -fdata-sections -Wall -fstack-usage -fcyclomatic-complexity -MMD -MP -MF"Middlewares/ST/filex/common/src/fx_utility_exFAT_bitmap_free_cluster_find.d" -MT"Middlewares/ST/filex/common/src/fx_utility_exFAT_bitmap_free_cluster_find.o" --specs=nano.specs -mfpu=fpv5-sp-d16 -mfloat-abi=hard -mthumb -o "Middlewares/ST/filex/common/src/fx_utility_exFAT_bitmap_free_cluster_find.o"
arm-none-eabi-gcc "../Middlewares/ST/filex/common/src/fx_utility_exFAT_bitmap_initialize.c" -mcpu=cortex-m33 -std=gnu11 -g3 -DDEBUG -DUSE_HAL_DRIVER -DSTM32U585xx -DFX_INCLUDE_USER_DEFINE_FILE -c -I../Core/Inc -I../Drivers/STM32U5xx_HAL_Driver/Inc -I../Drivers/STM32U5xx_HAL_Driver/Inc/Legacy -I../Drivers/CMSIS/Device/ST/STM32U5xx/Include -I../Drivers/CMSIS/Include -I../FileX/App -I../FileX/Target -I../Middlewares/ST/filex/common/inc -I../Middlewares/ST/filex/ports/generic/inc -O0 -ffunction-sections -fdata-sections -Wall -fstack-usage -fcyclomatic-complexity -MMD -MP -MF"Middlewares/ST/filex/common/src/fx_utility_exFAT_bitmap_initialize.d" -MT"Middlewares/ST/filex/common/src/fx_utility_exFAT_bitmap_initialize.o" --specs=nano.specs -mfpu=fpv5-sp-d16 -mfloat-abi=hard -mthumb -o "Middlewares/ST/filex/common/src/fx_utility_exFAT_bitmap_initialize.o"
arm-none-eabi-gcc "../Middlewares/ST/filex/common/src/fx_utility_exFAT_bitmap_start_sector_get.c" -mcpu=cortex-m33 -std=gnu11 -g3 -DDEBUG -DUSE_HAL_DRIVER -DSTM32U585xx -DFX_INCLUDE_USER_DEFINE_FILE -c -I../Core/Inc -I../Drivers/STM32U5xx_HAL_Driver/Inc -I../Drivers/STM32U5xx_HAL_Driver/Inc/Legacy -I../Drivers/CMSIS/Device/ST/STM32U5xx/Include -I../Drivers/CMSIS/Include -I../FileX/App -I../FileX/Target -I../Middlewares/ST/filex/common/inc -I../Middlewares/ST/filex/ports/generic/inc -O0 -ffunction-sections -fdata-sections -Wall -fstack-usage -fcyclomatic-complexity -MMD -MP -MF"Middlewares/ST/filex/common/src/fx_utility_exFAT_bitmap_start_sector_get.d" -MT"Middlewares/ST/filex/common/src/fx_utility_exFAT_bitmap_start_sector_get.o" --specs=nano.specs -mfpu=fpv5-sp-d16 -mfloat-abi=hard -mthumb -o "Middlewares/ST/filex/common/src/fx_utility_exFAT_bitmap_start_sector_get.o"
arm-none-eabi-gcc "../Middlewares/ST/filex/common/src/fx_utility_exFAT_cluster_free.c" -mcpu=cortex-m33 -std=gnu11 -g3 -DDEBUG -DUSE_HAL_DRIVER -DSTM32U585xx -DFX_INCLUDE_USER_DEFINE_FILE -c -I../Core/Inc -I../Drivers/STM32U5xx_HAL_Driver/Inc -I../Drivers/STM32U5xx_HAL_Driver/Inc/Legacy -I../Drivers/CMSIS/Device/ST/STM32U5xx/Include -I../Drivers/CMSIS/Include -I../FileX/App -I../FileX/Target -I../Middlewares/ST/filex/common/inc -I../Middlewares/ST/filex/ports/generic/inc -O0 -ffunction-sections -fdata-sections -Wall -fstack-usage -fcyclomatic-complexity -MMD -MP -MF"Middlewares/ST/filex/common/src/fx_utility_exFAT_cluster_free.d" -MT"Middlewares/ST/filex/common/src/fx_utility_exFAT_cluster_free.o" --specs=nano.specs -mfpu=fpv5-sp-d16 -mfloat-abi=hard -mthumb -o "Middlewares/ST/filex/common/src/fx_utility_exFAT_cluster_free.o"
arm-none-eabi-gcc "../Middlewares/ST/filex/common/src/fx_utility_exFAT_cluster_state_get.c" -mcpu=cortex-m33 -std=gnu11 -g3 -DDEBUG -DUSE_HAL_DRIVER -DSTM32U585xx -DFX_INCLUDE_USER_DEFINE_FILE -c -I../Core/Inc -I../Drivers/STM32U5xx_HAL_Driver/Inc -I../Drivers/STM32U5xx_HAL_Driver/Inc/Legacy -I../Drivers/CMSIS/Device/ST/STM32U5xx/Include -I../Drivers/CMSIS/Include -I../FileX/App -I../FileX/Target -I../Middlewares/ST/filex/common/inc -I../Middlewares/ST/filex/ports/generic/inc -O0 -ffunction-sections -fdata-sections -Wall -fstack-usage -fcyclomatic-complexity -MMD -MP -MF"Middlewares/ST/filex/common/src/fx_utility_exFAT_cluster_state_get.d" -MT"Middlewares/ST/filex/common/src/fx_utility_exFAT_cluster_state_get.o" --specs=nano.specs -mfpu=fpv5-sp-d16 -mfloat-abi=hard -mthumb -o "Middlewares/ST/filex/common/src/fx_utility_exFAT_cluster_state_get.o"
arm-none-eabi-gcc "../Middlewares/ST/filex/common/src/fx_utility_exFAT_cluster_state_set.c" -mcpu=cortex-m33 -std=gnu11 -g3 -DDEBUG -DUSE_HAL_DRIVER -DSTM32U585xx -DFX_INCLUDE_USER_DEFINE_FILE -c -I../Core/Inc -I../Drivers/STM32U5xx_HAL_Driver/Inc -I../Drivers/STM32U5xx_HAL_Driver/Inc/Legacy -I../Drivers/CMSIS/Device/ST/STM32U5xx/Include -I../Drivers/CMSIS/Include -I../FileX/App -I../FileX/Target -I../Middlewares/ST/filex/common/inc -I../Middlewares/ST/filex/ports/generic/inc -O0 -ffunction-sections -fdata-sections -Wall -fstack-usage -fcyclomatic-complexity -MMD -MP -MF"Middlewares/ST/filex/common/src/fx_utility_exFAT_cluster_state_set.d" -MT"Middlewares/ST/filex/common/src/fx_utility_exFAT_cluster_state_set.o" --specs=nano.specs -mfpu=fpv5-sp-d16 -mfloat-abi=hard -mthumb -o "Middlewares/ST/filex/common/src/fx_utility_exFAT_cluster_state_set.o"
arm-none-eabi-gcc "../Middlewares/ST/filex/common/src/fx_utility_exFAT_geometry_check.c" -mcpu=cortex-m33 -std=gnu11 -g3 -DDEBUG -DUSE_HAL_DRIVER -DSTM32U585xx -DFX_INCLUDE_USER_DEFINE_FILE -c -I../Core/Inc -I../Drivers/STM32U5xx_HAL_Driver/Inc -I../Drivers/STM32U5xx_HAL_Driver/Inc/Legacy -I../Drivers/CMSIS/Device/ST/STM32U5xx/Include -I../Drivers/CMSIS/Include -I../FileX/App -I../FileX/Target -I../Middlewares/ST/filex/common/inc -I../Middlewares/ST/filex/ports/generic/inc -O0 -ffunction-sections -fdata-sections -Wall -fstack-usage -fcyclomatic-complexity -MMD -MP -MF"Middlewares/ST/filex/common/src/fx_utility_exFAT_geometry_check.d" -MT"Middlewares/ST/filex/common/src/fx_utility_exFAT_geometry_check.o" --specs=nano.specs -mfpu=fpv5-sp-d16 -mfloat-abi=hard -mthumb -o "Middlewares/ST/filex/common/src/fx_utility_exFAT_geometry_check.o"
arm-none-eabi-gcc "../Middlewares/ST/filex/common/src/fx_utility_exFAT_name_hash_get.c" -mcpu=cortex-m33 -std=gnu11 -g3 -DDEBUG -DUSE_HAL_DRIVER -DSTM32U585xx -DFX_INCLUDE_USER_DEFINE_FILE -c -I../Core/Inc -I../Drivers/STM32U5xx_HAL_Driver/Inc -I../Drivers/STM32U5xx_HAL_Driver/Inc/Legacy -I../Drivers/CMSIS/Device/ST/STM32U5xx/Include -I../Drivers/CMSIS/Include -I../FileX/App -I../FileX/Target -I../Middlewares/ST/filex/common/inc -I../Middlewares/ST/filex/ports/generic/inc -O0 -ffunction-sections -fdata-sections -Wall -fstack-usage -fcyclomatic-complexity -MMD -MP -MF"Middlewares/ST/filex/common/src/fx_utility_exFAT_name_hash_get.d" -MT"Middlewares/ST/filex/common/src/fx_utility_exFAT_name_hash_get.o" --specs=nano.specs -mfpu=fpv5-sp-d16 -mfloat-abi=hard -mthumb -o "Middlewares/ST/filex/common/src/fx_utility_exFAT_name_hash_get.o"
arm-none-eabi-gcc "../Middlewares/ST/filex/common/src/fx_utility_exFAT_size_calculate.c" -mcpu=cortex-m33 -std=gnu11 -g3 -DDEBUG -DUSE_HAL_DRIVER -DSTM32U585xx -DFX_INCLUDE_USER_DEFINE_FILE -c -I../Core/Inc -I../Drivers/STM32U5xx_HAL_Driver/Inc -I../Drivers/STM32U5xx_HAL_Driver/Inc/Legacy -I../Drivers/CMSIS/Device/ST/STM32U5xx/Include -I../Drivers/CMSIS/Include -I../FileX/App -I../FileX/Target -I../Middlewares/ST/filex/common/inc -I../Middlewares/ST/filex/ports/generic/inc -O0 -ffunction-sections -fdata-sections -Wall -fstack-usage -fcyclomatic-complexity -MMD -MP -MF"Middlewares/ST/filex/common/src/fx_utility_exFAT_size_calculate.d" -MT"Middlewares/ST/filex/common/src/fx_utility_exFAT_size_calculate.o" --specs=nano.specs -mfpu=fpv5-sp-d16 -mfloat-abi=hard -mthumb -o "Middlewares/ST/filex/common/src/fx_utility_exFAT_size_calculate.o"
arm-none-eabi-gcc "../Middlewares/ST/filex/common/src/fx_utility_exFAT_system_area_checksum_verify.c" -mcpu=cortex-m33 -std=gnu11 -g3 -DDEBUG -DUSE_HAL_DRIVER -DSTM32U585xx -DFX_INCLUDE_USER_DEFINE_FILE -c -I../Core/Inc -I../Drivers/STM32U5xx_HAL_Driver/Inc -I../Drivers/STM32U5xx_HAL_Driver/Inc/Legacy -I../Drivers/CMSIS/Device/ST/STM32U5xx/Include -I../Drivers/CMSIS/Include -I../FileX/App -I../FileX/Target -I../Middlewares/ST/filex/common/inc -I../Middlewares/ST/filex/ports/generic/inc -O0 -ffunction-sections -fdata-sections -Wall -fstack-usage -fcyclomatic-complexity -MMD -MP -MF"Middlewares/ST/filex/common/src/fx_utility_exFAT_system_area_checksum_verify.d" -MT"Middlewares/ST/filex/common/src/fx_utility_exFAT_system_area_checksum_verify.o" --specs=nano.specs -mfpu=fpv5-sp-d16 -mfloat-abi=hard -mthumb -o "Middlewares/ST/filex/common/src/fx_utility_exFAT_system_area_checksum_verify.o"
arm-none-eabi-gcc "../Middlewares/ST/filex/common/src/fx_utility_exFAT_system_area_checksum_write.c" -mcpu=cortex-m33 -std=gnu11 -g3 -DDEBUG -DUSE_HAL_DRIVER -DSTM32U585xx -DFX_INCLUDE_USER_DEFINE_FILE -c -I../Core/Inc -I../Drivers/STM32U5xx_HAL_Driver/Inc -I../Drivers/STM32U5xx_HAL_Driver/Inc/Legacy -I../Drivers/CMSIS/Device/ST/STM32U5xx/Include -I../Drivers/CMSIS/Include -I../FileX/App -I../FileX/Target -I../Middlewares/ST/filex/common/inc -I../Middlewares/ST/filex/ports/generic/inc -O0 -ffunction-sections -fdata-sections -Wall -fstack-usage -fcyclomatic-complexity -MMD -MP -MF"Middlewares/ST/filex/common/src/fx_utility_exFAT_system_area_checksum_write.d" -MT"Middlewares/ST/filex/common/src/fx_utility_exFAT_system_area_checksum_write.o" --specs=nano.specs -mfpu=fpv5-sp-d16 -mfloat-abi=hard -mthumb -o "Middlewares/ST/filex/common/src/fx_utility_exFAT_system_area_checksum_write.o"
arm-none-eabi-gcc "../Middlewares/ST/filex/common/src/fx_utility_exFAT_system_area_format.c" -mcpu=cortex-m33 -std=gnu11 -g3 -DDEBUG -DUSE_HAL_DRIVER -DSTM32U585xx -DFX_INCLUDE_USER_DEFINE_FILE -c -I../Core/Inc -I../Drivers/STM32U5xx_HAL_Driver/Inc -I../Drivers/STM32U5xx_HAL_Driver/Inc/Legacy -I../Drivers/CMSIS/Device/ST/STM32U5xx/Include -I../Drivers/CMSIS/Include -I../FileX/App -I../FileX/Target -I../Middlewares/ST/filex/common/inc -I../Middlewares/ST/filex/ports/generic/inc -O0 -ffunction-sections -fdata-sections -Wall -fstack-usage -fcyclomatic-complexity -MMD -MP -MF"Middlewares/ST/filex/common/src/fx_utility_exFAT_system_area_format.d" -MT"Middlewares/ST/filex/common/src/fx_utility_exFAT_system_area_format.o" --specs=nano.specs -mfpu=fpv5-sp-d16 -mfloat-abi=hard -mthumb -o "Middlewares/ST/filex/common/src/fx_utility_exFAT_system_area_format.o"
arm-none-eabi-gcc "../Middlewares/ST/filex/common/src/fx_utility_exFAT_system_sector_write.c" -mcpu=cortex-m33 -std=gnu11 -g3 -DDEBUG -DUSE_HAL_DRIVER -DSTM32U585xx -DFX_INCLUDE_USER_DEFINE_FILE -c -I../Core/Inc -I../Drivers/STM32U5xx_HAL_Driver/Inc -I../Drivers/STM32U5xx_HAL_Driver/Inc/Legacy -I../Drivers/CMSIS/Device/ST/STM32U5xx/Include -I../Drivers/CMSIS/Include -I../FileX/App -I../FileX/Target -I../Middlewares/ST/filex/common/inc -I../Middlewares/ST/filex/ports/generic/inc -O0 -ffunction-sections -fdata-sections -Wall -fstack-usage -fcyclomatic-complexity -MMD -MP -MF"Middlewares/ST/filex/common/src/fx_utility_exFAT_system_sector_write.d" -MT"Middlewares/ST/filex/common/src/fx_utility_exFAT_system_sector_write.o" --specs=nano.specs -mfpu=fpv5-sp-d16 -mfloat-abi=hard -mthumb -o "Middlewares/ST/filex/common/src/fx_utility_exFAT_system_sector_write.o"
arm-none-eabi-gcc "../Middlewares/ST/filex/common/src/fx_utility_exFAT_unicode_name_hash_get.c" -mcpu=cortex-m33 -std=gnu11 -g3 -DDEBUG -DUSE_HAL_DRIVER -DSTM32U585xx -DFX_INCLUDE_USER_DEFINE_FILE -c -I../Core/Inc -I../Drivers/STM32U5xx_HAL_Driver/Inc -I../Drivers/STM32U5xx_HAL_Driver/Inc/Legacy -I../Drivers/CMSIS/Device/ST/STM32U5xx/Include -I../Drivers/CMSIS/Include -I../FileX/App -I../FileX/Target -I../Middlewares/ST/filex/common/inc -I../Middlewares/ST/filex/ports/generic/inc -O0 -ffunction-sections -fdata-sections -Wall -fstack-usage -fcyclomatic-complexity -MMD -MP -MF"Middlewares/ST/filex/common/src/fx_utility_exFAT_unicode_name_hash_get.d" -MT"Middlewares/ST/filex/common/src/fx_utility_exFAT_unicode_name_hash_get.o" --specs=nano.specs -mfpu=fpv5-sp-d16 -mfloat-abi=hard -mthumb -o "Middlewares/ST/filex/common/src/fx_utility_exFAT_unicode_name_hash_get.o"
arm-none-eabi-gcc "../Middlewares/ST/filex/common/src/fx_utility_exFAT_upcase_table.c" -mcpu=cortex-m33 -std=gnu11 -g3 -DDEBUG -DUSE_HAL_DRIVER -DSTM32U585xx -DFX_INCLUDE_USER_DEFINE_FILE -c -I../Core/Inc -I../Drivers/STM32U5xx_HAL_Driver/Inc -I../Drivers/STM32U5xx_HAL_Driver/Inc/Legacy -I../Drivers/CMSIS/Device/ST/STM32U5xx/Include -I../Drivers/CMSIS/Include -I../FileX/App -I../FileX/Target -I../Middlewares/ST/filex/common/inc -I../Middlewares/ST/filex/ports/generic/inc -O0 -ffunction-sections -fdata-sections -Wall -fstack-usage -fcyclomatic-complexity -MMD -MP -MF"Middlewares/ST/filex/common/src/fx_utility_exFAT_upcase_table.d" -MT"Middlewares/ST/filex/common/src/fx_utility_exFAT_upcase_table.o" --specs=nano.specs -mfpu=fpv5-sp-d16 -mfloat-abi=hard -mthumb -o "Middlewares/ST/filex/common/src/fx_utility_exFAT_upcase_table.o"
arm-none-eabi-gcc "../Middlewares/ST/filex/common/src/fx_utility_logical_sector_cache_entry_read.c" -mcpu=cortex-m33 -std=gnu11 -g3 -DDEBUG -DUSE_HAL_DRIVER -DSTM32U585xx -DFX_INCLUDE_USER_DEFINE_FILE -c -I../Core/Inc -I../Drivers/STM32U5xx_HAL_Driver/Inc -I../Drivers/STM32U5xx_HAL_Driver/Inc/Legacy -I../Drivers/CMSIS/Device/ST/STM32U5xx/Include -I../Drivers/CMSIS/Include -I../FileX/App -I../FileX/Target -I../Middlewares/ST/filex/common/inc -I../Middlewares/ST/filex/ports/generic/inc -O0 -ffunction-sections -fdata-sections -Wall -fstack-usage -fcyclomatic-complexity -MMD -MP -MF"Middlewares/ST/filex/common/src/fx_utility_logical_sector_cache_entry_read.d" -MT"Middlewares/ST/filex/common/src/fx_utility_logical_sector_cache_entry_read.o" --specs=nano.specs -mfpu=fpv5-sp-d16 -mfloat-abi=hard -mthumb -o "Middlewares/ST/filex/common/src/fx_utility_logical_sector_cache_entry_read.o"
arm-none-eabi-gcc "../Middlewares/ST/filex/common/src/fx_utility_logical_sector_flush.c" -mcpu=cortex-m33 -std=gnu11 -g3 -DDEBUG -DUSE_HAL_DRIVER -DSTM32U585xx -DFX_INCLUDE_USER_DEFINE_FILE -c -I../Core/Inc -I../Drivers/STM32U5xx_HAL_Driver/Inc -I../Drivers/STM32U5xx_HAL_Driver/Inc/Legacy -I../Drivers/CMSIS/Device/ST/STM32U5xx/Include -I../Drivers/CMSIS/Include -I../FileX/App -I../FileX/Target -I../Middlewares/ST/filex/common/inc -I../Middlewares/ST/filex/ports/generic/inc -O0 -ffunction-sections -fdata-sections -Wall -fstack-usage -fcyclomatic-complexity -MMD -MP -MF"Middlewares/ST/filex/common/src/fx_utility_logical_sector_flush.d" -MT"Middlewares/ST/filex/common/src/fx_utility_logical_sector_flush.o" --specs=nano.specs -mfpu=fpv5-sp-d16 -mfloat-abi=hard -mthumb -o "Middlewares/ST/filex/common/src/fx_utility_logical_sector_flush.o"
arm-none-eabi-gcc "../Middlewares/ST/filex/common/src/fx_utility_logical_sector_read.c" -mcpu=cortex-m33 -std=gnu11 -g3 -DDEBUG -DUSE_HAL_DRIVER -DSTM32U585xx -DFX_INCLUDE_USER_DEFINE_FILE -c -I../Core/Inc -I../Drivers/STM32U5xx_HAL_Driver/Inc -I../Drivers/STM32U5xx_HAL_Driver/Inc/Legacy -I../Drivers/CMSIS/Device/ST/STM32U5xx/Include -I../Drivers/CMSIS/Include -I../FileX/App -I../FileX/Target -I../Middlewares/ST/filex/common/inc -I../Middlewares/ST/filex/ports/generic/inc -O0 -ffunction-sections -fdata-sections -Wall -fstack-usage -fcyclomatic-complexity -MMD -MP -MF"Middlewares/ST/filex/common/src/fx_utility_logical_sector_read.d" -MT"Middlewares/ST/filex/common/src/fx_utility_logical_sector_read.o" --specs=nano.specs -mfpu=fpv5-sp-d16 -mfloat-abi=hard -mthumb -o "Middlewares/ST/filex/common/src/fx_utility_logical_sector_read.o"
arm-none-eabi-gcc "../Middlewares/ST/filex/common/src/fx_utility_logical_sector_write.c" -mcpu=cortex-m33 -std=gnu11 -g3 -DDEBUG -DUSE_HAL_DRIVER -DSTM32U585xx -DFX_INCLUDE_USER_DEFINE_FILE -c -I../Core/Inc -I../Drivers/STM32U5xx_HAL_Driver/Inc -I../Drivers/STM32U5xx_HAL_Driver/Inc/Legacy -I../Drivers/CMSIS/Device/ST/STM32U5xx/Include -I../Drivers/CMSIS/Include -I../FileX/App -I../FileX/Target -I../Middlewares/ST/filex/common/inc -I../Middlewares/ST/filex/ports/generic/inc -O0 -ffunction-sections -fdata-sections -Wall -fstack-usage -fcyclomatic-complexity -MMD -MP -MF"Middlewares/ST/filex/common/src/fx_utility_logical_sector_write.d" -MT"Middlewares/ST/filex/common/src/fx_utility_logical_sector_write.o" --specs=nano.specs -mfpu=fpv5-sp-d16 -mfloat-abi=hard -mthumb -o "Middlewares/ST/filex/common/src/fx_utility_logical_sector_write.o"
arm-none-eabi-gcc "../Middlewares/ST/filex/common/src/fx_utility_memory_copy.c" -mcpu=cortex-m33 -std=gnu11 -g3 -DDEBUG -DUSE_HAL_DRIVER -DSTM32U585xx -DFX_INCLUDE_USER_DEFINE_FILE -c -I../Core/Inc -I../Drivers/STM32U5xx_HAL_Driver/Inc -I../Drivers/STM32U5xx_HAL_Driver/Inc/Legacy -I../Drivers/CMSIS/Device/ST/STM32U5xx/Include -I../Drivers/CMSIS/Include -I../FileX/App -I../FileX/Target -I../Middlewares/ST/filex/common/inc -I../Middlewares/ST/filex/ports/generic/inc -O0 -ffunction-sections -fdata-sections -Wall -fstack-usage -fcyclomatic-complexity -MMD -MP -MF"Middlewares/ST/filex/common/src/fx_utility_memory_copy.d" -MT"Middlewares/ST/filex/common/src/fx_utility_memory_copy.o" --specs=nano.specs -mfpu=fpv5-sp-d16 -mfloat-abi=hard -mthumb -o "Middlewares/ST/filex/common/src/fx_utility_memory_copy.o"
arm-none-eabi-gcc "../Middlewares/ST/filex/common/src/fx_utility_memory_set.c" -mcpu=cortex-m33 -std=gnu11 -g3 -DDEBUG -DUSE_HAL_DRIVER -DSTM32U585xx -DFX_INCLUDE_USER_DEFINE_FILE -c -I../Core/Inc -I../Drivers/STM32U5xx_HAL_Driver/Inc -I../Drivers/STM32U5xx_HAL_Driver/Inc/Legacy -I../Drivers/CMSIS/Device/ST/STM32U5xx/Include -I../Drivers/CMSIS/Include -I../FileX/App -I../FileX/Target -I../Middlewares/ST/filex/common/inc -I../Middlewares/ST/filex/ports/generic/inc -O0 -ffunction-sections -fdata-sections -Wall -fstack-usage -fcyclomatic-complexity -MMD -MP -MF"Middlewares/ST/filex/common/src/fx_utility_memory_set.d" -MT"Middlewares/ST/filex/common/src/fx_utility_memory_set.o" --specs=nano.specs -mfpu=fpv5-sp-d16 -mfloat-abi=hard -mthumb -o "Middlewares/ST/filex/common/src/fx_utility_memory_set.o"
arm-none-eabi-gcc "../Middlewares/ST/filex/common/src/fx_utility_string_length_get.c" -mcpu=cortex-m33 -std=gnu11 -g3 -DDEBUG -DUSE_HAL_DRIVER -DSTM32U585xx -DFX_INCLUDE_USER_DEFINE_FILE -c -I../Core/Inc -I../Drivers/STM32U5xx_HAL_Driver/Inc -I../Drivers/STM32U5xx_HAL_Driver/Inc/Legacy -I../Drivers/CMSIS/Device/ST/STM32U5xx/Include -I../Drivers/CMSIS/Include -I../FileX/App -I../FileX/Target -I../Middlewares/ST/filex/common/inc -I../Middlewares/ST/filex/ports/generic/inc -O0 -ffunction-sections -fdata-sections -Wall -fstack-usage -fcyclomatic-complexity -MMD -MP -MF"Middlewares/ST/filex/common/src/fx_utility_string_length_get.d" -MT"Middlewares/ST/filex/common/src/fx_utility_string_length_get.o" --specs=nano.specs -mfpu=fpv5-sp-d16 -mfloat-abi=hard -mthumb -o "Middlewares/ST/filex/common/src/fx_utility_string_length_get.o"
arm-none-eabi-gcc "../Middlewares/ST/filex/common/src/fx_utility_token_length_get.c" -mcpu=cortex-m33 -std=gnu11 -g3 -DDEBUG -DUSE_HAL_DRIVER -DSTM32U585xx -DFX_INCLUDE_USER_DEFINE_FILE -c -I../Core/Inc -I../Drivers/STM32U5xx_HAL_Driver/Inc -I../Drivers/STM32U5xx_HAL_Driver/Inc/Legacy -I../Drivers/CMSIS/Device/ST/STM32U5xx/Include -I../Drivers/CMSIS/Include -I../FileX/App -I../FileX/Target -I../Middlewares/ST/filex/common/inc -I../Middlewares/ST/filex/ports/generic/inc -O0 -ffunction-sections -fdata-sections -Wall -fstack-usage -fcyclomatic-complexity -MMD -MP -MF"Middlewares/ST/filex/common/src/fx_utility_token_length_get.d" -MT"Middlewares/ST/filex/common/src/fx_utility_token_length_get.o" --specs=nano.specs -mfpu=fpv5-sp-d16 -mfloat-abi=hard -mthumb -o "Middlewares/ST/filex/common/src/fx_utility_token_length_get.o"
arm-none-eabi-gcc "../Middlewares/ST/filex/common/src/fxe_directory_attributes_read.c" -mcpu=cortex-m33 -std=gnu11 -g3 -DDEBUG -DUSE_HAL_DRIVER -DSTM32U585xx -DFX_INCLUDE_USER_DEFINE_FILE -c -I../Core/Inc -I../Drivers/STM32U5xx_HAL_Driver/Inc -I../Drivers/STM32U5xx_HAL_Driver/Inc/Legacy -I../Drivers/CMSIS/Device/ST/STM32U5xx/Include -I../Drivers/CMSIS/Include -I../FileX/App -I../FileX/Target -I../Middlewares/ST/filex/common/inc -I../Middlewares/ST/filex/ports/generic/inc -O0 -ffunction-sections -fdata-sections -Wall -fstack-usage -fcyclomatic-complexity -MMD -MP -MF"Middlewares/ST/filex/common/src/fxe_directory_attributes_read.d" -MT"Middlewares/ST/filex/common/src/fxe_directory_attributes_read.o" --specs=nano.specs -mfpu=fpv5-sp-d16 -mfloat-abi=hard -mthumb -o "Middlewares/ST/filex/common/src/fxe_directory_attributes_read.o"
arm-none-eabi-gcc "../Middlewares/ST/filex/common/src/fxe_directory_attributes_set.c" -mcpu=cortex-m33 -std=gnu11 -g3 -DDEBUG -DUSE_HAL_DRIVER -DSTM32U585xx -DFX_INCLUDE_USER_DEFINE_FILE -c -I../Core/Inc -I../Drivers/STM32U5xx_HAL_Driver/Inc -I../Drivers/STM32U5xx_HAL_Driver/Inc/Legacy -I../Drivers/CMSIS/Device/ST/STM32U5xx/Include -I../Drivers/CMSIS/Include -I../FileX/App -I../FileX/Target -I../Middlewares/ST/filex/common/inc -I../Middlewares/ST/filex/ports/generic/inc -O0 -ffunction-sections -fdata-sections -Wall -fstack-usage -fcyclomatic-complexity -MMD -MP -MF"Middlewares/ST/filex/common/src/fxe_directory_attributes_set.d" -MT"Middlewares/ST/filex/common/src/fxe_directory_attributes_set.o" --specs=nano.specs -mfpu=fpv5-sp-d16 -mfloat-abi=hard -mthumb -o "Middlewares/ST/filex/common/src/fxe_directory_attributes_set.o"
arm-none-eabi-gcc "../Middlewares/ST/filex/common/src/fxe_directory_create.c" -mcpu=cortex-m33 -std=gnu11 -g3 -DDEBUG -DUSE_HAL_DRIVER -DSTM32U585xx -DFX_INCLUDE_USER_DEFINE_FILE -c -I../Core/Inc -I../Drivers/STM32U5xx_HAL_Driver/Inc -I../Drivers/STM32U5xx_HAL_Driver/Inc/Legacy -I../Drivers/CMSIS/Device/ST/STM32U5xx/Include -I../Drivers/CMSIS/Include -I../FileX/App -I../FileX/Target -I../Middlewares/ST/filex/common/inc -I../Middlewares/ST/filex/ports/generic/inc -O0 -ffunction-sections -fdata-sections -Wall -fstack-usage -fcyclomatic-complexity -MMD -MP -MF"Middlewares/ST/filex/common/src/fxe_directory_create.d" -MT"Middlewares/ST/filex/common/src/fxe_directory_create.o" --specs=nano.specs -mfpu=fpv5-sp-d16 -mfloat-abi=hard -mthumb -o "Middlewares/ST/filex/common/src/fxe_directory_create.o"
arm-none-eabi-gcc "../Middlewares/ST/filex/common/src/fxe_directory_default_get.c" -mcpu=cortex-m33 -std=gnu11 -g3 -DDEBUG -DUSE_HAL_DRIVER -DSTM32U585xx -DFX_INCLUDE_USER_DEFINE_FILE -c -I../Core/Inc -I../Drivers/STM32U5xx_HAL_Driver/Inc -I../Drivers/STM32U5xx_HAL_Driver/Inc/Legacy -I../Drivers/CMSIS/Device/ST/STM32U5xx/Include -I../Drivers/CMSIS/Include -I../FileX/App -I../FileX/Target -I../Middlewares/ST/filex/common/inc -I../Middlewares/ST/filex/ports/generic/inc -O0 -ffunction-sections -fdata-sections -Wall -fstack-usage -fcyclomatic-complexity -MMD -MP -MF"Middlewares/ST/filex/common/src/fxe_directory_default_get.d" -MT"Middlewares/ST/filex/common/src/fxe_directory_default_get.o" --specs=nano.specs -mfpu=fpv5-sp-d16 -mfloat-abi=hard -mthumb -o "Middlewares/ST/filex/common/src/fxe_directory_default_get.o"
arm-none-eabi-gcc "../Middlewares/ST/filex/common/src/fxe_directory_default_get_copy.c" -mcpu=cortex-m33 -std=gnu11 -g3 -DDEBUG -DUSE_HAL_DRIVER -DSTM32U585xx -DFX_INCLUDE_USER_DEFINE_FILE -c -I../Core/Inc -I../Drivers/STM32U5xx_HAL_Driver/Inc -I../Drivers/STM32U5xx_HAL_Driver/Inc/Legacy -I../Drivers/CMSIS/Device/ST/STM32U5xx/Include -I../Drivers/CMSIS/Include -I../FileX/App -I../FileX/Target -I../Middlewares/ST/filex/common/inc -I../Middlewares/ST/filex/ports/generic/inc -O0 -ffunction-sections -fdata-sections -Wall -fstack-usage -fcyclomatic-complexity -MMD -MP -MF"Middlewares/ST/filex/common/src/fxe_directory_default_get_copy.d" -MT"Middlewares/ST/filex/common/src/fxe_directory_default_get_copy.o" --specs=nano.specs -mfpu=fpv5-sp-d16 -mfloat-abi=hard -mthumb -o "Middlewares/ST/filex/common/src/fxe_directory_default_get_copy.o"
arm-none-eabi-gcc "../Middlewares/ST/filex/common/src/fxe_directory_default_set.c" -mcpu=cortex-m33 -std=gnu11 -g3 -DDEBUG -DUSE_HAL_DRIVER -DSTM32U585xx -DFX_INCLUDE_USER_DEFINE_FILE -c -I../Core/Inc -I../Drivers/STM32U5xx_HAL_Driver/Inc -I../Drivers/STM32U5xx_HAL_Driver/Inc/Legacy -I../Drivers/CMSIS/Device/ST/STM32U5xx/Include -I../Drivers/CMSIS/Include -I../FileX/App -I../FileX/Target -I../Middlewares/ST/filex/common/inc -I../Middlewares/ST/filex/ports/generic/inc -O0 -ffunction-sections -fdata-sections -Wall -fstack-usage -fcyclomatic-complexity -MMD -MP -MF"Middlewares/ST/filex/common/src/fxe_directory_default_set.d" -MT"Middlewares/ST/filex/common/src/fxe_directory_default_set.o" --specs=nano.specs -mfpu=fpv5-sp-d16 -mfloat-abi=hard -mthumb -o "Middlewares/ST/filex/common/src/fxe_directory_default_set.o"
arm-none-eabi-gcc "../Middlewares/ST/filex/common/src/fxe_directory_delete.c" -mcpu=cortex-m33 -std=gnu11 -g3 -DDEBUG -DUSE_HAL_DRIVER -DSTM32U585xx -DFX_INCLUDE_USER_DEFINE_FILE -c -I../Core/Inc -I../Drivers/STM32U5xx_HAL_Driver/Inc -I../Drivers/STM32U5xx_HAL_Driver/Inc/Legacy -I../Drivers/CMSIS/Device/ST/STM32U5xx/Include -I../Drivers/CMSIS/Include -I../FileX/App -I../FileX/Target -I../Middlewares/ST/filex/common/inc -I../Middlewares/ST/filex/ports/generic/inc -O0 -ffunction-sections -fdata-sections -Wall -fstack-usage -fcyclomatic-complexity -MMD -MP -MF"Middlewares/ST/filex/common/src/fxe_directory_delete.d" -MT"Middlewares/ST/filex/common/src/fxe_directory_delete.o" --specs=nano.specs -mfpu=fpv5-sp-d16 -mfloat-abi=hard -mthumb -o "Middlewares/ST/filex/common/src/fxe_directory_delete.o"
arm-none-eabi-gcc "../Middlewares/ST/filex/common/src/fxe_directory_first_entry_find.c" -mcpu=cortex-m33 -std=gnu11 -g3 -DDEBUG -DUSE_HAL_DRIVER -DSTM32U585xx -DFX_INCLUDE_USER_DEFINE_FILE -c -I../Core/Inc -I../Drivers/STM32U5xx_HAL_Driver/Inc -I../Drivers/STM32U5xx_HAL_Driver/Inc/Legacy -I../Drivers/CMSIS/Device/ST/STM32U5xx/Include -I../Drivers/CMSIS/Include -I../FileX/App -I../FileX/Target -I../Middlewares/ST/filex/common/inc -I../Middlewares/ST/filex/ports/generic/inc -O0 -ffunction-sections -fdata-sections -Wall -fstack-usage -fcyclomatic-complexity -MMD -MP -MF"Middlewares/ST/filex/common/src/fxe_directory_first_entry_find.d" -MT"Middlewares/ST/filex/common/src/fxe_directory_first_entry_find.o" --specs=nano.specs -mfpu=fpv5-sp-d16 -mfloat-abi=hard -mthumb -o "Middlewares/ST/filex/common/src/fxe_directory_first_entry_find.o"
arm-none-eabi-gcc "../Middlewares/ST/filex/common/src/fxe_directory_first_full_entry_find.c" -mcpu=cortex-m33 -std=gnu11 -g3 -DDEBUG -DUSE_HAL_DRIVER -DSTM32U585xx -DFX_INCLUDE_USER_DEFINE_FILE -c -I../Core/Inc -I../Drivers/STM32U5xx_HAL_Driver/Inc -I../Drivers/STM32U5xx_HAL_Driver/Inc/Legacy -I../Drivers/CMSIS/Device/ST/STM32U5xx/Include -I../Drivers/CMSIS/Include -I../FileX/App -I../FileX/Target -I../Middlewares/ST/filex/common/inc -I../Middlewares/ST/filex/ports/generic/inc -O0 -ffunction-sections -fdata-sections -Wall -fstack-usage -fcyclomatic-complexity -MMD -MP -MF"Middlewares/ST/filex/common/src/fxe_directory_first_full_entry_find.d" -MT"Middlewares/ST/filex/common/src/fxe_directory_first_full_entry_find.o" --specs=nano.specs -mfpu=fpv5-sp-d16 -mfloat-abi=hard -mthumb -o "Middlewares/ST/filex/common/src/fxe_directory_first_full_entry_find.o"
arm-none-eabi-gcc "../Middlewares/ST/filex/common/src/fxe_directory_information_get.c" -mcpu=cortex-m33 -std=gnu11 -g3 -DDEBUG -DUSE_HAL_DRIVER -DSTM32U585xx -DFX_INCLUDE_USER_DEFINE_FILE -c -I../Core/Inc -I../Drivers/STM32U5xx_HAL_Driver/Inc -I../Drivers/STM32U5xx_HAL_Driver/Inc/Legacy -I../Drivers/CMSIS/Device/ST/STM32U5xx/Include -I../Drivers/CMSIS/Include -I../FileX/App -I../FileX/Target -I../Middlewares/ST/filex/common/inc -I../Middlewares/ST/filex/ports/generic/inc -O0 -ffunction-sections -fdata-sections -Wall -fstack-usage -fcyclomatic-complexity -MMD -MP -MF"Middlewares/ST/filex/common/src/fxe_directory_information_get.d" -MT"Middlewares/ST/filex/common/src/fxe_directory_information_get.o" --specs=nano.specs -mfpu=fpv5-sp-d16 -mfloat-abi=hard -mthumb -o "Middlewares/ST/filex/common/src/fxe_directory_information_get.o"
arm-none-eabi-gcc "../Middlewares/ST/filex/common/src/fxe_directory_local_path_clear.c" -mcpu=cortex-m33 -std=gnu11 -g3 -DDEBUG -DUSE_HAL_DRIVER -DSTM32U585xx -DFX_INCLUDE_USER_DEFINE_FILE -c -I../Core/Inc -I../Drivers/STM32U5xx_HAL_Driver/Inc -I../Drivers/STM32U5xx_HAL_Driver/Inc/Legacy -I../Drivers/CMSIS/Device/ST/STM32U5xx/Include -I../Drivers/CMSIS/Include -I../FileX/App -I../FileX/Target -I../Middlewares/ST/filex/common/inc -I../Middlewares/ST/filex/ports/generic/inc -O0 -ffunction-sections -fdata-sections -Wall -fstack-usage -fcyclomatic-complexity -MMD -MP -MF"Middlewares/ST/filex/common/src/fxe_directory_local_path_clear.d" -MT"Middlewares/ST/filex/common/src/fxe_directory_local_path_clear.o" --specs=nano.specs -mfpu=fpv5-sp-d16 -mfloat-abi=hard -mthumb -o "Middlewares/ST/filex/common/src/fxe_directory_local_path_clear.o"
arm-none-eabi-gcc "../Middlewares/ST/filex/common/src/fxe_directory_local_path_get.c" -mcpu=cortex-m33 -std=gnu11 -g3 -DDEBUG -DUSE_HAL_DRIVER -DSTM32U585xx -DFX_INCLUDE_USER_DEFINE_FILE -c -I../Core/Inc -I../Drivers/STM32U5xx_HAL_Driver/Inc -I../Drivers/STM32U5xx_HAL_Driver/Inc/Legacy -I../Drivers/CMSIS/Device/ST/STM32U5xx/Include -I../Drivers/CMSIS/Include -I../FileX/App -I../FileX/Target -I../Middlewares/ST/filex/common/inc -I../Middlewares/ST/filex/ports/generic/inc -O0 -ffunction-sections -fdata-sections -Wall -fstack-usage -fcyclomatic-complexity -MMD -MP -MF"Middlewares/ST/filex/common/src/fxe_directory_local_path_get.d" -MT"Middlewares/ST/filex/common/src/fxe_directory_local_path_get.o" --specs=nano.specs -mfpu=fpv5-sp-d16 -mfloat-abi=hard -mthumb -o "Middlewares/ST/filex/common/src/fxe_directory_local_path_get.o"
arm-none-eabi-gcc "../Middlewares/ST/filex/common/src/fxe_directory_local_path_get_copy.c" -mcpu=cortex-m33 -std=gnu11 -g3 -DDEBUG -DUSE_HAL_DRIVER -DSTM32U585xx -DFX_INCLUDE_USER_DEFINE_FILE -c -I../Core/Inc -I../Drivers/STM32U5xx_HAL_Driver/Inc -I../Drivers/STM32U5xx_HAL_Driver/Inc/Legacy -I../Drivers/CMSIS/Device/ST/STM32U5xx/Include -I../Drivers/CMSIS/Include -I../FileX/App -I../FileX/Target -I../Middlewares/ST/filex/common/inc -I../Middlewares/ST/filex/ports/generic/inc -O0 -ffunction-sections -fdata-sections -Wall -fstack-usage -fcyclomatic-complexity -MMD -MP -MF"Middlewares/ST/filex/common/src/fxe_directory_local_path_get_copy.d" -MT"Middlewares/ST/filex/common/src/fxe_directory_local_path_get_copy.o" --specs=nano.specs -mfpu=fpv5-sp-d16 -mfloat-abi=hard -mthumb -o "Middlewares/ST/filex/common/src/fxe_directory_local_path_get_copy.o"
arm-none-eabi-gcc "../Middlewares/ST/filex/common/src/fxe_directory_local_path_restore.c" -mcpu=cortex-m33 -std=gnu11 -g3 -DDEBUG -DUSE_HAL_DRIVER -DSTM32U585xx -DFX_INCLUDE_USER_DEFINE_FILE -c -I../Core/Inc -I../Drivers/STM32U5xx_HAL_Driver/Inc -I../Drivers/STM32U5xx_HAL_Driver/Inc/Legacy -I../Drivers/CMSIS/Device/ST/STM32U5xx/Include -I../Drivers/CMSIS/Include -I../FileX/App -I../FileX/Target -I../Middlewares/ST/filex/common/inc -I../Middlewares/ST/filex/ports/generic/inc -O0 -ffunction-sections -fdata-sections -Wall -fstack-usage -fcyclomatic-complexity -MMD -MP -MF"Middlewares/ST/filex/common/src/fxe_directory_local_path_restore.d" -MT"Middlewares/ST/filex/common/src/fxe_directory_local_path_restore.o" --specs=nano.specs -mfpu=fpv5-sp-d16 -mfloat-abi=hard -mthumb -o "Middlewares/ST/filex/common/src/fxe_directory_local_path_restore.o"
arm-none-eabi-gcc "../Middlewares/ST/filex/common/src/fxe_directory_local_path_set.c" -mcpu=cortex-m33 -std=gnu11 -g3 -DDEBUG -DUSE_HAL_DRIVER -DSTM32U585xx -DFX_INCLUDE_USER_DEFINE_FILE -c -I../Core/Inc -I../Drivers/STM32U5xx_HAL_Driver/Inc -I../Drivers/STM32U5xx_HAL_Driver/Inc/Legacy -I../Drivers/CMSIS/Device/ST/STM32U5xx/Include -I../Drivers/CMSIS/Include -I../FileX/App -I../FileX/Target -I../Middlewares/ST/filex/common/inc -I../Middlewares/ST/filex/ports/generic/inc -O0 -ffunction-sections -fdata-sections -Wall -fstack-usage -fcyclomatic-complexity -MMD -MP -MF"Middlewares/ST/filex/common/src/fxe_directory_local_path_set.d" -MT"Middlewares/ST/filex/common/src/fxe_directory_local_path_set.o" --specs=nano.specs -mfpu=fpv5-sp-d16 -mfloat-abi=hard -mthumb -o "Middlewares/ST/filex/common/src/fxe_directory_local_path_set.o"
arm-none-eabi-gcc "../Middlewares/ST/filex/common/src/fxe_directory_long_name_get.c" -mcpu=cortex-m33 -std=gnu11 -g3 -DDEBUG -DUSE_HAL_DRIVER -DSTM32U585xx -DFX_INCLUDE_USER_DEFINE_FILE -c -I../Core/Inc -I../Drivers/STM32U5xx_HAL_Driver/Inc -I../Drivers/STM32U5xx_HAL_Driver/Inc/Legacy -I../Drivers/CMSIS/Device/ST/STM32U5xx/Include -I../Drivers/CMSIS/Include -I../FileX/App -I../FileX/Target -I../Middlewares/ST/filex/common/inc -I../Middlewares/ST/filex/ports/generic/inc -O0 -ffunction-sections -fdata-sections -Wall -fstack-usage -fcyclomatic-complexity -MMD -MP -MF"Middlewares/ST/filex/common/src/fxe_directory_long_name_get.d" -MT"Middlewares/ST/filex/common/src/fxe_directory_long_name_get.o" --specs=nano.specs -mfpu=fpv5-sp-d16 -mfloat-abi=hard -mthumb -o "Middlewares/ST/filex/common/src/fxe_directory_long_name_get.o"
arm-none-eabi-gcc "../Middlewares/ST/filex/common/src/fxe_directory_long_name_get_extended.c" -mcpu=cortex-m33 -std=gnu11 -g3 -DDEBUG -DUSE_HAL_DRIVER -DSTM32U585xx -DFX_INCLUDE_USER_DEFINE_FILE -c -I../Core/Inc -I../Drivers/STM32U5xx_HAL_Driver/Inc -I../Drivers/STM32U5xx_HAL_Driver/Inc/Legacy -I../Drivers/CMSIS/Device/ST/STM32U5xx/Include -I../Drivers/CMSIS/Include -I../FileX/App -I../FileX/Target -I../Middlewares/ST/filex/common/inc -I../Middlewares/ST/filex/ports/generic/inc -O0 -ffunction-sections -fdata-sections -Wall -fstack-usage -fcyclomatic-complexity -MMD -MP -MF"Middlewares/ST/filex/common/src/fxe_directory_long_name_get_extended.d" -MT"Middlewares/ST/filex/common/src/fxe_directory_long_name_get_extended.o" --specs=nano.specs -mfpu=fpv5-sp-d16 -mfloat-abi=hard -mthumb -o "Middlewares/ST/filex/common/src/fxe_directory_long_name_get_extended.o"
arm-none-eabi-gcc "../Middlewares/ST/filex/common/src/fxe_directory_name_test.c" -mcpu=cortex-m33 -std=gnu11 -g3 -DDEBUG -DUSE_HAL_DRIVER -DSTM32U585xx -DFX_INCLUDE_USER_DEFINE_FILE -c -I../Core/Inc -I../Drivers/STM32U5xx_HAL_Driver/Inc -I../Drivers/STM32U5xx_HAL_Driver/Inc/Legacy -I../Drivers/CMSIS/Device/ST/STM32U5xx/Include -I../Drivers/CMSIS/Include -I../FileX/App -I../FileX/Target -I../Middlewares/ST/filex/common/inc -I../Middlewares/ST/filex/ports/generic/inc -O0 -ffunction-sections -fdata-sections -Wall -fstack-usage -fcyclomatic-complexity -MMD -MP -MF"Middlewares/ST/filex/common/src/fxe_directory_name_test.d" -MT"Middlewares/ST/filex/common/src/fxe_directory_name_test.o" --specs=nano.specs -mfpu=fpv5-sp-d16 -mfloat-abi=hard -mthumb -o "Middlewares/ST/filex/common/src/fxe_directory_name_test.o"
arm-none-eabi-gcc "../Middlewares/ST/filex/common/src/fxe_directory_next_entry_find.c" -mcpu=cortex-m33 -std=gnu11 -g3 -DDEBUG -DUSE_HAL_DRIVER -DSTM32U585xx -DFX_INCLUDE_USER_DEFINE_FILE -c -I../Core/Inc -I../Drivers/STM32U5xx_HAL_Driver/Inc -I../Drivers/STM32U5xx_HAL_Driver/Inc/Legacy -I../Drivers/CMSIS/Device/ST/STM32U5xx/Include -I../Drivers/CMSIS/Include -I../FileX/App -I../FileX/Target -I../Middlewares/ST/filex/common/inc -I../Middlewares/ST/filex/ports/generic/inc -O0 -ffunction-sections -fdata-sections -Wall -fstack-usage -fcyclomatic-complexity -MMD -MP -MF"Middlewares/ST/filex/common/src/fxe_directory_next_entry_find.d" -MT"Middlewares/ST/filex/common/src/fxe_directory_next_entry_find.o" --specs=nano.specs -mfpu=fpv5-sp-d16 -mfloat-abi=hard -mthumb -o "Middlewares/ST/filex/common/src/fxe_directory_next_entry_find.o"
arm-none-eabi-gcc "../Middlewares/ST/filex/common/src/fxe_directory_next_full_entry_find.c" -mcpu=cortex-m33 -std=gnu11 -g3 -DDEBUG -DUSE_HAL_DRIVER -DSTM32U585xx -DFX_INCLUDE_USER_DEFINE_FILE -c -I../Core/Inc -I../Drivers/STM32U5xx_HAL_Driver/Inc -I../Drivers/STM32U5xx_HAL_Driver/Inc/Legacy -I../Drivers/CMSIS/Device/ST/STM32U5xx/Include -I../Drivers/CMSIS/Include -I../FileX/App -I../FileX/Target -I../Middlewares/ST/filex/common/inc -I../Middlewares/ST/filex/ports/generic/inc -O0 -ffunction-sections -fdata-sections -Wall -fstack-usage -fcyclomatic-complexity -MMD -MP -MF"Middlewares/ST/filex/common/src/fxe_directory_next_full_entry_find.d" -MT"Middlewares/ST/filex/common/src/fxe_directory_next_full_entry_find.o" --specs=nano.specs -mfpu=fpv5-sp-d16 -mfloat-abi=hard -mthumb -o "Middlewares/ST/filex/common/src/fxe_directory_next_full_entry_find.o"
arm-none-eabi-gcc "../Middlewares/ST/filex/common/src/fxe_directory_rename.c" -mcpu=cortex-m33 -std=gnu11 -g3 -DDEBUG -DUSE_HAL_DRIVER -DSTM32U585xx -DFX_INCLUDE_USER_DEFINE_FILE -c -I../Core/Inc -I../Drivers/STM32U5xx_HAL_Driver/Inc -I../Drivers/STM32U5xx_HAL_Driver/Inc/Legacy -I../Drivers/CMSIS/Device/ST/STM32U5xx/Include -I../Drivers/CMSIS/Include -I../FileX/App -I../FileX/Target -I../Middlewares/ST/filex/common/inc -I../Middlewares/ST/filex/ports/generic/inc -O0 -ffunction-sections -fdata-sections -Wall -fstack-usage -fcyclomatic-complexity -MMD -MP -MF"Middlewares/ST/filex/common/src/fxe_directory_rename.d" -MT"Middlewares/ST/filex/common/src/fxe_directory_rename.o" --specs=nano.specs -mfpu=fpv5-sp-d16 -mfloat-abi=hard -mthumb -o "Middlewares/ST/filex/common/src/fxe_directory_rename.o"
arm-none-eabi-gcc "../Middlewares/ST/filex/common/src/fxe_directory_short_name_get.c" -mcpu=cortex-m33 -std=gnu11 -g3 -DDEBUG -DUSE_HAL_DRIVER -DSTM32U585xx -DFX_INCLUDE_USER_DEFINE_FILE -c -I../Core/Inc -I../Drivers/STM32U5xx_HAL_Driver/Inc -I../Drivers/STM32U5xx_HAL_Driver/Inc/Legacy -I../Drivers/CMSIS/Device/ST/STM32U5xx/Include -I../Drivers/CMSIS/Include -I../FileX/App -I../FileX/Target -I../Middlewares/ST/filex/common/inc -I../Middlewares/ST/filex/ports/generic/inc -O0 -ffunction-sections -fdata-sections -Wall -fstack-usage -fcyclomatic-complexity -MMD -MP -MF"Middlewares/ST/filex/common/src/fxe_directory_short_name_get.d" -MT"Middlewares/ST/filex/common/src/fxe_directory_short_name_get.o" --specs=nano.specs -mfpu=fpv5-sp-d16 -mfloat-abi=hard -mthumb -o "Middlewares/ST/filex/common/src/fxe_directory_short_name_get.o"
arm-none-eabi-gcc "../Middlewares/ST/filex/common/src/fxe_directory_short_name_get_extended.c" -mcpu=cortex-m33 -std=gnu11 -g3 -DDEBUG -DUSE_HAL_DRIVER -DSTM32U585xx -DFX_INCLUDE_USER_DEFINE_FILE -c -I../Core/Inc -I../Drivers/STM32U5xx_HAL_Driver/Inc -I../Drivers/STM32U5xx_HAL_Driver/Inc/Legacy -I../Drivers/CMSIS/Device/ST/STM32U5xx/Include -I../Drivers/CMSIS/Include -I../FileX/App -I../FileX/Target -I../Middlewares/ST/filex/common/inc -I../Middlewares/ST/filex/ports/generic/inc -O0 -ffunction-sections -fdata-sections -Wall -fstack-usage -fcyclomatic-complexity -MMD -MP -MF"Middlewares/ST/filex/common/src/fxe_directory_short_name_get_extended.d" -MT"Middlewares/ST/filex/common/src/fxe_directory_short_name_get_extended.o" --specs=nano.specs -mfpu=fpv5-sp-d16 -mfloat-abi=hard -mthumb -o "Middlewares/ST/filex/common/src/fxe_directory_short_name_get_extended.o"
arm-none-eabi-gcc "../Middlewares/ST/filex/common/src/fxe_fault_tolerant_enable.c" -mcpu=cortex-m33 -std=gnu11 -g3 -DDEBUG -DUSE_HAL_DRIVER -DSTM32U585xx -DFX_INCLUDE_USER_DEFINE_FILE -c -I../Core/Inc -I../Drivers/STM32U5xx_HAL_Driver/Inc -I../Drivers/STM32U5xx_HAL_Driver/Inc/Legacy -I../Drivers/CMSIS/Device/ST/STM32U5xx/Include -I../Drivers/CMSIS/Include -I../FileX/App -I../FileX/Target -I../Middlewares/ST/filex/common/inc -I../Middlewares/ST/filex/ports/generic/inc -O0 -ffunction-sections -fdata-sections -Wall -fstack-usage -fcyclomatic-complexity -MMD -MP -MF"Middlewares/ST/filex/common/src/fxe_fault_tolerant_enable.d" -MT"Middlewares/ST/filex/common/src/fxe_fault_tolerant_enable.o" --specs=nano.specs -mfpu=fpv5-sp-d16 -mfloat-abi=hard -mthumb -o "Middlewares/ST/filex/common/src/fxe_fault_tolerant_enable.o"
arm-none-eabi-gcc "../Middlewares/ST/filex/common/src/fxe_file_allocate.c" -mcpu=cortex-m33 -std=gnu11 -g3 -DDEBUG -DUSE_HAL_DRIVER -DSTM32U585xx -DFX_INCLUDE_USER_DEFINE_FILE -c -I../Core/Inc -I../Drivers/STM32U5xx_HAL_Driver/Inc -I../Drivers/STM32U5xx_HAL_Driver/Inc/Legacy -I../Drivers/CMSIS/Device/ST/STM32U5xx/Include -I../Drivers/CMSIS/Include -I../FileX/App -I../FileX/Target -I../Middlewares/ST/filex/common/inc -I../Middlewares/ST/filex/ports/generic/inc -O0 -ffunction-sections -fdata-sections -Wall -fstack-usage -fcyclomatic-complexity -MMD -MP -MF"Middlewares/ST/filex/common/src/fxe_file_allocate.d" -MT"Middlewares/ST/filex/common/src/fxe_file_allocate.o" --specs=nano.specs -mfpu=fpv5-sp-d16 -mfloat-abi=hard -mthumb -o "Middlewares/ST/filex/common/src/fxe_file_allocate.o"
arm-none-eabi-gcc "../Middlewares/ST/filex/common/src/fxe_file_attributes_read.c" -mcpu=cortex-m33 -std=gnu11 -g3 -DDEBUG -DUSE_HAL_DRIVER -DSTM32U585xx -DFX_INCLUDE_USER_DEFINE_FILE -c -I../Core/Inc -I../Drivers/STM32U5xx_HAL_Driver/Inc -I../Drivers/STM32U5xx_HAL_Driver/Inc/Legacy -I../Drivers/CMSIS/Device/ST/STM32U5xx/Include -I../Drivers/CMSIS/Include -I../FileX/App -I../FileX/Target -I../Middlewares/ST/filex/common/inc -I../Middlewares/ST/filex/ports/generic/inc -O0 -ffunction-sections -fdata-sections -Wall -fstack-usage -fcyclomatic-complexity -MMD -MP -MF"Middlewares/ST/filex/common/src/fxe_file_attributes_read.d" -MT"Middlewares/ST/filex/common/src/fxe_file_attributes_read.o" --specs=nano.specs -mfpu=fpv5-sp-d16 -mfloat-abi=hard -mthumb -o "Middlewares/ST/filex/common/src/fxe_file_attributes_read.o"
arm-none-eabi-gcc "../Middlewares/ST/filex/common/src/fxe_file_attributes_set.c" -mcpu=cortex-m33 -std=gnu11 -g3 -DDEBUG -DUSE_HAL_DRIVER -DSTM32U585xx -DFX_INCLUDE_USER_DEFINE_FILE -c -I../Core/Inc -I../Drivers/STM32U5xx_HAL_Driver/Inc -I../Drivers/STM32U5xx_HAL_Driver/Inc/Legacy -I../Drivers/CMSIS/Device/ST/STM32U5xx/Include -I../Drivers/CMSIS/Include -I../FileX/App -I../FileX/Target -I../Middlewares/ST/filex/common/inc -I../Middlewares/ST/filex/ports/generic/inc -O0 -ffunction-sections -fdata-sections -Wall -fstack-usage -fcyclomatic-complexity -MMD -MP -MF"Middlewares/ST/filex/common/src/fxe_file_attributes_set.d" -MT"Middlewares/ST/filex/common/src/fxe_file_attributes_set.o" --specs=nano.specs -mfpu=fpv5-sp-d16 -mfloat-abi=hard -mthumb -o "Middlewares/ST/filex/common/src/fxe_file_attributes_set.o"
arm-none-eabi-gcc "../Middlewares/ST/filex/common/src/fxe_file_best_effort_allocate.c" -mcpu=cortex-m33 -std=gnu11 -g3 -DDEBUG -DUSE_HAL_DRIVER -DSTM32U585xx -DFX_INCLUDE_USER_DEFINE_FILE -c -I../Core/Inc -I../Drivers/STM32U5xx_HAL_Driver/Inc -I../Drivers/STM32U5xx_HAL_Driver/Inc/Legacy -I../Drivers/CMSIS/Device/ST/STM32U5xx/Include -I../Drivers/CMSIS/Include -I../FileX/App -I../FileX/Target -I../Middlewares/ST/filex/common/inc -I../Middlewares/ST/filex/ports/generic/inc -O0 -ffunction-sections -fdata-sections -Wall -fstack-usage -fcyclomatic-complexity -MMD -MP -MF"Middlewares/ST/filex/common/src/fxe_file_best_effort_allocate.d" -MT"Middlewares/ST/filex/common/src/fxe_file_best_effort_allocate.o" --specs=nano.specs -mfpu=fpv5-sp-d16 -mfloat-abi=hard -mthumb -o "Middlewares/ST/filex/common/src/fxe_file_best_effort_allocate.o"
arm-none-eabi-gcc "../Middlewares/ST/filex/common/src/fxe_file_close.c" -mcpu=cortex-m33 -std=gnu11 -g3 -DDEBUG -DUSE_HAL_DRIVER -DSTM32U585xx -DFX_INCLUDE_USER_DEFINE_FILE -c -I../Core/Inc -I../Drivers/STM32U5xx_HAL_Driver/Inc -I../Drivers/STM32U5xx_HAL_Driver/Inc/Legacy -I../Drivers/CMSIS/Device/ST/STM32U5xx/Include -I../Drivers/CMSIS/Include -I../FileX/App -I../FileX/Target -I../Middlewares/ST/filex/common/inc -I../Middlewares/ST/filex/ports/generic/inc -O0 -ffunction-sections -fdata-sections -Wall -fstack-usage -fcyclomatic-complexity -MMD -MP -MF"Middlewares/ST/filex/common/src/fxe_file_close.d" -MT"Middlewares/ST/filex/common/src/fxe_file_close.o" --specs=nano.specs -mfpu=fpv5-sp-d16 -mfloat-abi=hard -mthumb -o "Middlewares/ST/filex/common/src/fxe_file_close.o"
arm-none-eabi-gcc "../Middlewares/ST/filex/common/src/fxe_file_create.c" -mcpu=cortex-m33 -std=gnu11 -g3 -DDEBUG -DUSE_HAL_DRIVER -DSTM32U585xx -DFX_INCLUDE_USER_DEFINE_FILE -c -I../Core/Inc -I../Drivers/STM32U5xx_HAL_Driver/Inc -I../Drivers/STM32U5xx_HAL_Driver/Inc/Legacy -I../Drivers/CMSIS/Device/ST/STM32U5xx/Include -I../Drivers/CMSIS/Include -I../FileX/App -I../FileX/Target -I../Middlewares/ST/filex/common/inc -I../Middlewares/ST/filex/ports/generic/inc -O0 -ffunction-sections -fdata-sections -Wall -fstack-usage -fcyclomatic-complexity -MMD -MP -MF"Middlewares/ST/filex/common/src/fxe_file_create.d" -MT"Middlewares/ST/filex/common/src/fxe_file_create.o" --specs=nano.specs -mfpu=fpv5-sp-d16 -mfloat-abi=hard -mthumb -o "Middlewares/ST/filex/common/src/fxe_file_create.o"
arm-none-eabi-gcc "../Middlewares/ST/filex/common/src/fxe_file_date_time_set.c" -mcpu=cortex-m33 -std=gnu11 -g3 -DDEBUG -DUSE_HAL_DRIVER -DSTM32U585xx -DFX_INCLUDE_USER_DEFINE_FILE -c -I../Core/Inc -I../Drivers/STM32U5xx_HAL_Driver/Inc -I../Drivers/STM32U5xx_HAL_Driver/Inc/Legacy -I../Drivers/CMSIS/Device/ST/STM32U5xx/Include -I../Drivers/CMSIS/Include -I../FileX/App -I../FileX/Target -I../Middlewares/ST/filex/common/inc -I../Middlewares/ST/filex/ports/generic/inc -O0 -ffunction-sections -fdata-sections -Wall -fstack-usage -fcyclomatic-complexity -MMD -MP -MF"Middlewares/ST/filex/common/src/fxe_file_date_time_set.d" -MT"Middlewares/ST/filex/common/src/fxe_file_date_time_set.o" --specs=nano.specs -mfpu=fpv5-sp-d16 -mfloat-abi=hard -mthumb -o "Middlewares/ST/filex/common/src/fxe_file_date_time_set.o"
arm-none-eabi-gcc "../Middlewares/ST/filex/common/src/fxe_file_delete.c" -mcpu=cortex-m33 -std=gnu11 -g3 -DDEBUG -DUSE_HAL_DRIVER -DSTM32U585xx -DFX_INCLUDE_USER_DEFINE_FILE -c -I../Core/Inc -I../Drivers/STM32U5xx_HAL_Driver/Inc -I../Drivers/STM32U5xx_HAL_Driver/Inc/Legacy -I../Drivers/CMSIS/Device/ST/STM32U5xx/Include -I../Drivers/CMSIS/Include -I../FileX/App -I../FileX/Target -I../Middlewares/ST/filex/common/inc -I../Middlewares/ST/filex/ports/generic/inc -O0 -ffunction-sections -fdata-sections -Wall -fstack-usage -fcyclomatic-complexity -MMD -MP -MF"Middlewares/ST/filex/common/src/fxe_file_delete.d" -MT"Middlewares/ST/filex/common/src/fxe_file_delete.o" --specs=nano.specs -mfpu=fpv5-sp-d16 -mfloat-abi=hard -mthumb -o "Middlewares/ST/filex/common/src/fxe_file_delete.o"
arm-none-eabi-gcc "../Middlewares/ST/filex/common/src/fxe_file_extended_allocate.c" -mcpu=cortex-m33 -std=gnu11 -g3 -DDEBUG -DUSE_HAL_DRIVER -DSTM32U585xx -DFX_INCLUDE_USER_DEFINE_FILE -c -I../Core/Inc -I../Drivers/STM32U5xx_HAL_Driver/Inc -I../Drivers/STM32U5xx_HAL_Driver/Inc/Legacy -I../Drivers/CMSIS/Device/ST/STM32U5xx/Include -I../Drivers/CMSIS/Include -I../FileX/App -I../FileX/Target -I../Middlewares/ST/filex/common/inc -I../Middlewares/ST/filex/ports/generic/inc -O0 -ffunction-sections -fdata-sections -Wall -fstack-usage -fcyclomatic-complexity -MMD -MP -MF"Middlewares/ST/filex/common/src/fxe_file_extended_allocate.d" -MT"Middlewares/ST/filex/common/src/fxe_file_extended_allocate.o" --specs=nano.specs -mfpu=fpv5-sp-d16 -mfloat-abi=hard -mthumb -o "Middlewares/ST/filex/common/src/fxe_file_extended_allocate.o"
arm-none-eabi-gcc "../Middlewares/ST/filex/common/src/fxe_file_extended_best_effort_allocate.c" -mcpu=cortex-m33 -std=gnu11 -g3 -DDEBUG -DUSE_HAL_DRIVER -DSTM32U585xx -DFX_INCLUDE_USER_DEFINE_FILE -c -I../Core/Inc -I../Drivers/STM32U5xx_HAL_Driver/Inc -I../Drivers/STM32U5xx_HAL_Driver/Inc/Legacy -I../Drivers/CMSIS/Device/ST/STM32U5xx/Include -I../Drivers/CMSIS/Include -I../FileX/App -I../FileX/Target -I../Middlewares/ST/filex/common/inc -I../Middlewares/ST/filex/ports/generic/inc -O0 -ffunction-sections -fdata-sections -Wall -fstack-usage -fcyclomatic-complexity -MMD -MP -MF"Middlewares/ST/filex/common/src/fxe_file_extended_best_effort_allocate.d" -MT"Middlewares/ST/filex/common/src/fxe_file_extended_best_effort_allocate.o" --specs=nano.specs -mfpu=fpv5-sp-d16 -mfloat-abi=hard -mthumb -o "Middlewares/ST/filex/common/src/fxe_file_extended_best_effort_allocate.o"
arm-none-eabi-gcc "../Middlewares/ST/filex/common/src/fxe_file_extended_relative_seek.c" -mcpu=cortex-m33 -std=gnu11 -g3 -DDEBUG -DUSE_HAL_DRIVER -DSTM32U585xx -DFX_INCLUDE_USER_DEFINE_FILE -c -I../Core/Inc -I../Drivers/STM32U5xx_HAL_Driver/Inc -I../Drivers/STM32U5xx_HAL_Driver/Inc/Legacy -I../Drivers/CMSIS/Device/ST/STM32U5xx/Include -I../Drivers/CMSIS/Include -I../FileX/App -I../FileX/Target -I../Middlewares/ST/filex/common/inc -I../Middlewares/ST/filex/ports/generic/inc -O0 -ffunction-sections -fdata-sections -Wall -fstack-usage -fcyclomatic-complexity -MMD -MP -MF"Middlewares/ST/filex/common/src/fxe_file_extended_relative_seek.d" -MT"Middlewares/ST/filex/common/src/fxe_file_extended_relative_seek.o" --specs=nano.specs -mfpu=fpv5-sp-d16 -mfloat-abi=hard -mthumb -o "Middlewares/ST/filex/common/src/fxe_file_extended_relative_seek.o"
arm-none-eabi-gcc "../Middlewares/ST/filex/common/src/fxe_file_extended_seek.c" -mcpu=cortex-m33 -std=gnu11 -g3 -DDEBUG -DUSE_HAL_DRIVER -DSTM32U585xx -DFX_INCLUDE_USER_DEFINE_FILE -c -I../Core/Inc -I../Drivers/STM32U5xx_HAL_Driver/Inc -I../Drivers/STM32U5xx_HAL_Driver/Inc/Legacy -I../Drivers/CMSIS/Device/ST/STM32U5xx/Include -I../Drivers/CMSIS/Include -I../FileX/App -I../FileX/Target -I../Middlewares/ST/filex/common/inc -I../Middlewares/ST/filex/ports/generic/inc -O0 -ffunction-sections -fdata-sections -Wall -fstack-usage -fcyclomatic-complexity -MMD -MP -MF"Middlewares/ST/filex/common/src/fxe_file_extended_seek.d" -MT"Middlewares/ST/filex/common/src/fxe_file_extended_seek.o" --specs=nano.specs -mfpu=fpv5-sp-d16 -mfloat-abi=hard -mthumb -o "Middlewares/ST/filex/common/src/fxe_file_extended_seek.o"
arm-none-eabi-gcc "../Middlewares/ST/filex/common/src/fxe_file_extended_truncate.c" -mcpu=cortex-m33 -std=gnu11 -g3 -DDEBUG -DUSE_HAL_DRIVER -DSTM32U585xx -DFX_INCLUDE_USER_DEFINE_FILE -c -I../Core/Inc -I../Drivers/STM32U5xx_HAL_Driver/Inc -I../Drivers/STM32U5xx_HAL_Driver/Inc/Legacy -I../Drivers/CMSIS/Device/ST/STM32U5xx/Include -I../Drivers/CMSIS/Include -I../FileX/App -I../FileX/Target -I../Middlewares/ST/filex/common/inc -I../Middlewares/ST/filex/ports/generic/inc -O0 -ffunction-sections -fdata-sections -Wall -fstack-usage -fcyclomatic-complexity -MMD -MP -MF"Middlewares/ST/filex/common/src/fxe_file_extended_truncate.d" -MT"Middlewares/ST/filex/common/src/fxe_file_extended_truncate.o" --specs=nano.specs -mfpu=fpv5-sp-d16 -mfloat-abi=hard -mthumb -o "Middlewares/ST/filex/common/src/fxe_file_extended_truncate.o"
arm-none-eabi-gcc "../Middlewares/ST/filex/common/src/fxe_file_extended_truncate_release.c" -mcpu=cortex-m33 -std=gnu11 -g3 -DDEBUG -DUSE_HAL_DRIVER -DSTM32U585xx -DFX_INCLUDE_USER_DEFINE_FILE -c -I../Core/Inc -I../Drivers/STM32U5xx_HAL_Driver/Inc -I../Drivers/STM32U5xx_HAL_Driver/Inc/Legacy -I../Drivers/CMSIS/Device/ST/STM32U5xx/Include -I../Drivers/CMSIS/Include -I../FileX/App -I../FileX/Target -I../Middlewares/ST/filex/common/inc -I../Middlewares/ST/filex/ports/generic/inc -O0 -ffunction-sections -fdata-sections -Wall -fstack-usage -fcyclomatic-complexity -MMD -MP -MF"Middlewares/ST/filex/common/src/fxe_file_extended_truncate_release.d" -MT"Middlewares/ST/filex/common/src/fxe_file_extended_truncate_release.o" --specs=nano.specs -mfpu=fpv5-sp-d16 -mfloat-abi=hard -mthumb -o "Middlewares/ST/filex/common/src/fxe_file_extended_truncate_release.o"
arm-none-eabi-gcc "../Middlewares/ST/filex/common/src/fxe_file_open.c" -mcpu=cortex-m33 -std=gnu11 -g3 -DDEBUG -DUSE_HAL_DRIVER -DSTM32U585xx -DFX_INCLUDE_USER_DEFINE_FILE -c -I../Core/Inc -I../Drivers/STM32U5xx_HAL_Driver/Inc -I../Drivers/STM32U5xx_HAL_Driver/Inc/Legacy -I../Drivers/CMSIS/Device/ST/STM32U5xx/Include -I../Drivers/CMSIS/Include -I../FileX/App -I../FileX/Target -I../Middlewares/ST/filex/common/inc -I../Middlewares/ST/filex/ports/generic/inc -O0 -ffunction-sections -fdata-sections -Wall -fstack-usage -fcyclomatic-complexity -MMD -MP -MF"Middlewares/ST/filex/common/src/fxe_file_open.d" -MT"Middlewares/ST/filex/common/src/fxe_file_open.o" --specs=nano.specs -mfpu=fpv5-sp-d16 -mfloat-abi=hard -mthumb -o "Middlewares/ST/filex/common/src/fxe_file_open.o"
arm-none-eabi-gcc "../Middlewares/ST/filex/common/src/fxe_file_read.c" -mcpu=cortex-m33 -std=gnu11 -g3 -DDEBUG -DUSE_HAL_DRIVER -DSTM32U585xx -DFX_INCLUDE_USER_DEFINE_FILE -c -I../Core/Inc -I../Drivers/STM32U5xx_HAL_Driver/Inc -I../Drivers/STM32U5xx_HAL_Driver/Inc/Legacy -I../Drivers/CMSIS/Device/ST/STM32U5xx/Include -I../Drivers/CMSIS/Include -I../FileX/App -I../FileX/Target -I../Middlewares/ST/filex/common/inc -I../Middlewares/ST/filex/ports/generic/inc -O0 -ffunction-sections -fdata-sections -Wall -fstack-usage -fcyclomatic-complexity -MMD -MP -MF"Middlewares/ST/filex/common/src/fxe_file_read.d" -MT"Middlewares/ST/filex/common/src/fxe_file_read.o" --specs=nano.specs -mfpu=fpv5-sp-d16 -mfloat-abi=hard -mthumb -o "Middlewares/ST/filex/common/src/fxe_file_read.o"
arm-none-eabi-gcc "../Middlewares/ST/filex/common/src/fxe_file_relative_seek.c" -mcpu=cortex-m33 -std=gnu11 -g3 -DDEBUG -DUSE_HAL_DRIVER -DSTM32U585xx -DFX_INCLUDE_USER_DEFINE_FILE -c -I../Core/Inc -I../Drivers/STM32U5xx_HAL_Driver/Inc -I../Drivers/STM32U5xx_HAL_Driver/Inc/Legacy -I../Drivers/CMSIS/Device/ST/STM32U5xx/Include -I../Drivers/CMSIS/Include -I../FileX/App -I../FileX/Target -I../Middlewares/ST/filex/common/inc -I../Middlewares/ST/filex/ports/generic/inc -O0 -ffunction-sections -fdata-sections -Wall -fstack-usage -fcyclomatic-complexity -MMD -MP -MF"Middlewares/ST/filex/common/src/fxe_file_relative_seek.d" -MT"Middlewares/ST/filex/common/src/fxe_file_relative_seek.o" --specs=nano.specs -mfpu=fpv5-sp-d16 -mfloat-abi=hard -mthumb -o "Middlewares/ST/filex/common/src/fxe_file_relative_seek.o"
arm-none-eabi-gcc "../Middlewares/ST/filex/common/src/fxe_file_rename.c" -mcpu=cortex-m33 -std=gnu11 -g3 -DDEBUG -DUSE_HAL_DRIVER -DSTM32U585xx -DFX_INCLUDE_USER_DEFINE_FILE -c -I../Core/Inc -I../Drivers/STM32U5xx_HAL_Driver/Inc -I../Drivers/STM32U5xx_HAL_Driver/Inc/Legacy -I../Drivers/CMSIS/Device/ST/STM32U5xx/Include -I../Drivers/CMSIS/Include -I../FileX/App -I../FileX/Target -I../Middlewares/ST/filex/common/inc -I../Middlewares/ST/filex/ports/generic/inc -O0 -ffunction-sections -fdata-sections -Wall -fstack-usage -fcyclomatic-complexity -MMD -MP -MF"Middlewares/ST/filex/common/src/fxe_file_rename.d" -MT"Middlewares/ST/filex/common/src/fxe_file_rename.o" --specs=nano.specs -mfpu=fpv5-sp-d16 -mfloat-abi=hard -mthumb -o "Middlewares/ST/filex/common/src/fxe_file_rename.o"
arm-none-eabi-gcc "../Middlewares/ST/filex/common/src/fxe_file_seek.c" -mcpu=cortex-m33 -std=gnu11 -g3 -DDEBUG -DUSE_HAL_DRIVER -DSTM32U585xx -DFX_INCLUDE_USER_DEFINE_FILE -c -I../Core/Inc -I../Drivers/STM32U5xx_HAL_Driver/Inc -I../Drivers/STM32U5xx_HAL_Driver/Inc/Legacy -I../Drivers/CMSIS/Device/ST/STM32U5xx/Include -I../Drivers/CMSIS/Include -I../FileX/App -I../FileX/Target -I../Middlewares/ST/filex/common/inc -I../Middlewares/ST/filex/ports/generic/inc -O0 -ffunction-sections -fdata-sections -Wall -fstack-usage -fcyclomatic-complexity -MMD -MP -MF"Middlewares/ST/filex/common/src/fxe_file_seek.d" -MT"Middlewares/ST/filex/common/src/fxe_file_seek.o" --specs=nano.specs -mfpu=fpv5-sp-d16 -mfloat-abi=hard -mthumb -o "Middlewares/ST/filex/common/src/fxe_file_seek.o"
arm-none-eabi-gcc "../Middlewares/ST/filex/common/src/fxe_file_truncate.c" -mcpu=cortex-m33 -std=gnu11 -g3 -DDEBUG -DUSE_HAL_DRIVER -DSTM32U585xx -DFX_INCLUDE_USER_DEFINE_FILE -c -I../Core/Inc -I../Drivers/STM32U5xx_HAL_Driver/Inc -I../Drivers/STM32U5xx_HAL_Driver/Inc/Legacy -I../Drivers/CMSIS/Device/ST/STM32U5xx/Include -I../Drivers/CMSIS/Include -I../FileX/App -I../FileX/Target -I../Middlewares/ST/filex/common/inc -I../Middlewares/ST/filex/ports/generic/inc -O0 -ffunction-sections -fdata-sections -Wall -fstack-usage -fcyclomatic-complexity -MMD -MP -MF"Middlewares/ST/filex/common/src/fxe_file_truncate.d" -MT"Middlewares/ST/filex/common/src/fxe_file_truncate.o" --specs=nano.specs -mfpu=fpv5-sp-d16 -mfloat-abi=hard -mthumb -o "Middlewares/ST/filex/common/src/fxe_file_truncate.o"
arm-none-eabi-gcc "../Middlewares/ST/filex/common/src/fxe_file_truncate_release.c" -mcpu=cortex-m33 -std=gnu11 -g3 -DDEBUG -DUSE_HAL_DRIVER -DSTM32U585xx -DFX_INCLUDE_USER_DEFINE_FILE -c -I../Core/Inc -I../Drivers/STM32U5xx_HAL_Driver/Inc -I../Drivers/STM32U5xx_HAL_Driver/Inc/Legacy -I../Drivers/CMSIS/Device/ST/STM32U5xx/Include -I../Drivers/CMSIS/Include -I../FileX/App -I../FileX/Target -I../Middlewares/ST/filex/common/inc -I../Middlewares/ST/filex/ports/generic/inc -O0 -ffunction-sections -fdata-sections -Wall -fstack-usage -fcyclomatic-complexity -MMD -MP -MF"Middlewares/ST/filex/common/src/fxe_file_truncate_release.d" -MT"Middlewares/ST/filex/common/src/fxe_file_truncate_release.o" --specs=nano.specs -mfpu=fpv5-sp-d16 -mfloat-abi=hard -mthumb -o "Middlewares/ST/filex/common/src/fxe_file_truncate_release.o"
arm-none-eabi-gcc "../Middlewares/ST/filex/common/src/fxe_file_write.c" -mcpu=cortex-m33 -std=gnu11 -g3 -DDEBUG -DUSE_HAL_DRIVER -DSTM32U585xx -DFX_INCLUDE_USER_DEFINE_FILE -c -I../Core/Inc -I../Drivers/STM32U5xx_HAL_Driver/Inc -I../Drivers/STM32U5xx_HAL_Driver/Inc/Legacy -I../Drivers/CMSIS/Device/ST/STM32U5xx/Include -I../Drivers/CMSIS/Include -I../FileX/App -I../FileX/Target -I../Middlewares/ST/filex/common/inc -I../Middlewares/ST/filex/ports/generic/inc -O0 -ffunction-sections -fdata-sections -Wall -fstack-usage -fcyclomatic-complexity -MMD -MP -MF"Middlewares/ST/filex/common/src/fxe_file_write.d" -MT"Middlewares/ST/filex/common/src/fxe_file_write.o" --specs=nano.specs -mfpu=fpv5-sp-d16 -mfloat-abi=hard -mthumb -o "Middlewares/ST/filex/common/src/fxe_file_write.o"
arm-none-eabi-gcc "../Middlewares/ST/filex/common/src/fxe_file_write_notify_set.c" -mcpu=cortex-m33 -std=gnu11 -g3 -DDEBUG -DUSE_HAL_DRIVER -DSTM32U585xx -DFX_INCLUDE_USER_DEFINE_FILE -c -I../Core/Inc -I../Drivers/STM32U5xx_HAL_Driver/Inc -I../Drivers/STM32U5xx_HAL_Driver/Inc/Legacy -I../Drivers/CMSIS/Device/ST/STM32U5xx/Include -I../Drivers/CMSIS/Include -I../FileX/App -I../FileX/Target -I../Middlewares/ST/filex/common/inc -I../Middlewares/ST/filex/ports/generic/inc -O0 -ffunction-sections -fdata-sections -Wall -fstack-usage -fcyclomatic-complexity -MMD -MP -MF"Middlewares/ST/filex/common/src/fxe_file_write_notify_set.d" -MT"Middlewares/ST/filex/common/src/fxe_file_write_notify_set.o" --specs=nano.specs -mfpu=fpv5-sp-d16 -mfloat-abi=hard -mthumb -o "Middlewares/ST/filex/common/src/fxe_file_write_notify_set.o"
arm-none-eabi-gcc "../Middlewares/ST/filex/common/src/fxe_media_abort.c" -mcpu=cortex-m33 -std=gnu11 -g3 -DDEBUG -DUSE_HAL_DRIVER -DSTM32U585xx -DFX_INCLUDE_USER_DEFINE_FILE -c -I../Core/Inc -I../Drivers/STM32U5xx_HAL_Driver/Inc -I../Drivers/STM32U5xx_HAL_Driver/Inc/Legacy -I../Drivers/CMSIS/Device/ST/STM32U5xx/Include -I../Drivers/CMSIS/Include -I../FileX/App -I../FileX/Target -I../Middlewares/ST/filex/common/inc -I../Middlewares/ST/filex/ports/generic/inc -O0 -ffunction-sections -fdata-sections -Wall -fstack-usage -fcyclomatic-complexity -MMD -MP -MF"Middlewares/ST/filex/common/src/fxe_media_abort.d" -MT"Middlewares/ST/filex/common/src/fxe_media_abort.o" --specs=nano.specs -mfpu=fpv5-sp-d16 -mfloat-abi=hard -mthumb -o "Middlewares/ST/filex/common/src/fxe_media_abort.o"
arm-none-eabi-gcc "../Middlewares/ST/filex/common/src/fxe_media_cache_invalidate.c" -mcpu=cortex-m33 -std=gnu11 -g3 -DDEBUG -DUSE_HAL_DRIVER -DSTM32U585xx -DFX_INCLUDE_USER_DEFINE_FILE -c -I../Core/Inc -I../Drivers/STM32U5xx_HAL_Driver/Inc -I../Drivers/STM32U5xx_HAL_Driver/Inc/Legacy -I../Drivers/CMSIS/Device/ST/STM32U5xx/Include -I../Drivers/CMSIS/Include -I../FileX/App -I../FileX/Target -I../Middlewares/ST/filex/common/inc -I../Middlewares/ST/filex/ports/generic/inc -O0 -ffunction-sections -fdata-sections -Wall -fstack-usage -fcyclomatic-complexity -MMD -MP -MF"Middlewares/ST/filex/common/src/fxe_media_cache_invalidate.d" -MT"Middlewares/ST/filex/common/src/fxe_media_cache_invalidate.o" --specs=nano.specs -mfpu=fpv5-sp-d16 -mfloat-abi=hard -mthumb -o "Middlewares/ST/filex/common/src/fxe_media_cache_invalidate.o"
arm-none-eabi-gcc "../Middlewares/ST/filex/common/src/fxe_media_check.c" -mcpu=cortex-m33 -std=gnu11 -g3 -DDEBUG -DUSE_HAL_DRIVER -DSTM32U585xx -DFX_INCLUDE_USER_DEFINE_FILE -c -I../Core/Inc -I../Drivers/STM32U5xx_HAL_Driver/Inc -I../Drivers/STM32U5xx_HAL_Driver/Inc/Legacy -I../Drivers/CMSIS/Device/ST/STM32U5xx/Include -I../Drivers/CMSIS/Include -I../FileX/App -I../FileX/Target -I../Middlewares/ST/filex/common/inc -I../Middlewares/ST/filex/ports/generic/inc -O0 -ffunction-sections -fdata-sections -Wall -fstack-usage -fcyclomatic-complexity -MMD -MP -MF"Middlewares/ST/filex/common/src/fxe_media_check.d" -MT"Middlewares/ST/filex/common/src/fxe_media_check.o" --specs=nano.specs -mfpu=fpv5-sp-d16 -mfloat-abi=hard -mthumb -o "Middlewares/ST/filex/common/src/fxe_media_check.o"
arm-none-eabi-gcc "../Middlewares/ST/filex/common/src/fxe_media_close.c" -mcpu=cortex-m33 -std=gnu11 -g3 -DDEBUG -DUSE_HAL_DRIVER -DSTM32U585xx -DFX_INCLUDE_USER_DEFINE_FILE -c -I../Core/Inc -I../Drivers/STM32U5xx_HAL_Driver/Inc -I../Drivers/STM32U5xx_HAL_Driver/Inc/Legacy -I../Drivers/CMSIS/Device/ST/STM32U5xx/Include -I../Drivers/CMSIS/Include -I../FileX/App -I../FileX/Target -I../Middlewares/ST/filex/common/inc -I../Middlewares/ST/filex/ports/generic/inc -O0 -ffunction-sections -fdata-sections -Wall -fstack-usage -fcyclomatic-complexity -MMD -MP -MF"Middlewares/ST/filex/common/src/fxe_media_close.d" -MT"Middlewares/ST/filex/common/src/fxe_media_close.o" --specs=nano.specs -mfpu=fpv5-sp-d16 -mfloat-abi=hard -mthumb -o "Middlewares/ST/filex/common/src/fxe_media_close.o"
arm-none-eabi-gcc "../Middlewares/ST/filex/common/src/fxe_media_close_notify_set.c" -mcpu=cortex-m33 -std=gnu11 -g3 -DDEBUG -DUSE_HAL_DRIVER -DSTM32U585xx -DFX_INCLUDE_USER_DEFINE_FILE -c -I../Core/Inc -I../Drivers/STM32U5xx_HAL_Driver/Inc -I../Drivers/STM32U5xx_HAL_Driver/Inc/Legacy -I../Drivers/CMSIS/Device/ST/STM32U5xx/Include -I../Drivers/CMSIS/Include -I../FileX/App -I../FileX/Target -I../Middlewares/ST/filex/common/inc -I../Middlewares/ST/filex/ports/generic/inc -O0 -ffunction-sections -fdata-sections -Wall -fstack-usage -fcyclomatic-complexity -MMD -MP -MF"Middlewares/ST/filex/common/src/fxe_media_close_notify_set.d" -MT"Middlewares/ST/filex/common/src/fxe_media_close_notify_set.o" --specs=nano.specs -mfpu=fpv5-sp-d16 -mfloat-abi=hard -mthumb -o "Middlewares/ST/filex/common/src/fxe_media_close_notify_set.o"
arm-none-eabi-gcc "../Middlewares/ST/filex/common/src/fxe_media_exFAT_format.c" -mcpu=cortex-m33 -std=gnu11 -g3 -DDEBUG -DUSE_HAL_DRIVER -DSTM32U585xx -DFX_INCLUDE_USER_DEFINE_FILE -c -I../Core/Inc -I../Drivers/STM32U5xx_HAL_Driver/Inc -I../Drivers/STM32U5xx_HAL_Driver/Inc/Legacy -I../Drivers/CMSIS/Device/ST/STM32U5xx/Include -I../Drivers/CMSIS/Include -I../FileX/App -I../FileX/Target -I../Middlewares/ST/filex/common/inc -I../Middlewares/ST/filex/ports/generic/inc -O0 -ffunction-sections -fdata-sections -Wall -fstack-usage -fcyclomatic-complexity -MMD -MP -MF"Middlewares/ST/filex/common/src/fxe_media_exFAT_format.d" -MT"Middlewares/ST/filex/common/src/fxe_media_exFAT_format.o" --specs=nano.specs -mfpu=fpv5-sp-d16 -mfloat-abi=hard -mthumb -o "Middlewares/ST/filex/common/src/fxe_media_exFAT_format.o"
arm-none-eabi-gcc "../Middlewares/ST/filex/common/src/fxe_media_extended_space_available.c" -mcpu=cortex-m33 -std=gnu11 -g3 -DDEBUG -DUSE_HAL_DRIVER -DSTM32U585xx -DFX_INCLUDE_USER_DEFINE_FILE -c -I../Core/Inc -I../Drivers/STM32U5xx_HAL_Driver/Inc -I../Drivers/STM32U5xx_HAL_Driver/Inc/Legacy -I../Drivers/CMSIS/Device/ST/STM32U5xx/Include -I../Drivers/CMSIS/Include -I../FileX/App -I../FileX/Target -I../Middlewares/ST/filex/common/inc -I../Middlewares/ST/filex/ports/generic/inc -O0 -ffunction-sections -fdata-sections -Wall -fstack-usage -fcyclomatic-complexity -MMD -MP -MF"Middlewares/ST/filex/common/src/fxe_media_extended_space_available.d" -MT"Middlewares/ST/filex/common/src/fxe_media_extended_space_available.o" --specs=nano.specs -mfpu=fpv5-sp-d16 -mfloat-abi=hard -mthumb -o "Middlewares/ST/filex/common/src/fxe_media_extended_space_available.o"
arm-none-eabi-gcc "../Middlewares/ST/filex/common/src/fxe_media_flush.c" -mcpu=cortex-m33 -std=gnu11 -g3 -DDEBUG -DUSE_HAL_DRIVER -DSTM32U585xx -DFX_INCLUDE_USER_DEFINE_FILE -c -I../Core/Inc -I../Drivers/STM32U5xx_HAL_Driver/Inc -I../Drivers/STM32U5xx_HAL_Driver/Inc/Legacy -I../Drivers/CMSIS/Device/ST/STM32U5xx/Include -I../Drivers/CMSIS/Include -I../FileX/App -I../FileX/Target -I../Middlewares/ST/filex/common/inc -I../Middlewares/ST/filex/ports/generic/inc -O0 -ffunction-sections -fdata-sections -Wall -fstack-usage -fcyclomatic-complexity -MMD -MP -MF"Middlewares/ST/filex/common/src/fxe_media_flush.d" -MT"Middlewares/ST/filex/common/src/fxe_media_flush.o" --specs=nano.specs -mfpu=fpv5-sp-d16 -mfloat-abi=hard -mthumb -o "Middlewares/ST/filex/common/src/fxe_media_flush.o"
arm-none-eabi-gcc "../Middlewares/ST/filex/common/src/fxe_media_format.c" -mcpu=cortex-m33 -std=gnu11 -g3 -DDEBUG -DUSE_HAL_DRIVER -DSTM32U585xx -DFX_INCLUDE_USER_DEFINE_FILE -c -I../Core/Inc -I../Drivers/STM32U5xx_HAL_Driver/Inc -I../Drivers/STM32U5xx_HAL_Driver/Inc/Legacy -I../Drivers/CMSIS/Device/ST/STM32U5xx/Include -I../Drivers/CMSIS/Include -I../FileX/App -I../FileX/Target -I../Middlewares/ST/filex/common/inc -I../Middlewares/ST/filex/ports/generic/inc -O0 -ffunction-sections -fdata-sections -Wall -fstack-usage -fcyclomatic-complexity -MMD -MP -MF"Middlewares/ST/filex/common/src/fxe_media_format.d" -MT"Middlewares/ST/filex/common/src/fxe_media_format.o" --specs=nano.specs -mfpu=fpv5-sp-d16 -mfloat-abi=hard -mthumb -o "Middlewares/ST/filex/common/src/fxe_media_format.o"
arm-none-eabi-gcc "../Middlewares/ST/filex/common/src/fxe_media_open.c" -mcpu=cortex-m33 -std=gnu11 -g3 -DDEBUG -DUSE_HAL_DRIVER -DSTM32U585xx -DFX_INCLUDE_USER_DEFINE_FILE -c -I../Core/Inc -I../Drivers/STM32U5xx_HAL_Driver/Inc -I../Drivers/STM32U5xx_HAL_Driver/Inc/Legacy -I../Drivers/CMSIS/Device/ST/STM32U5xx/Include -I../Drivers/CMSIS/Include -I../FileX/App -I../FileX/Target -I../Middlewares/ST/filex/common/inc -I../Middlewares/ST/filex/ports/generic/inc -O0 -ffunction-sections -fdata-sections -Wall -fstack-usage -fcyclomatic-complexity -MMD -MP -MF"Middlewares/ST/filex/common/src/fxe_media_open.d" -MT"Middlewares/ST/filex/common/src/fxe_media_open.o" --specs=nano.specs -mfpu=fpv5-sp-d16 -mfloat-abi=hard -mthumb -o "Middlewares/ST/filex/common/src/fxe_media_open.o"
arm-none-eabi-gcc "../Middlewares/ST/filex/common/src/fxe_media_open_notify_set.c" -mcpu=cortex-m33 -std=gnu11 -g3 -DDEBUG -DUSE_HAL_DRIVER -DSTM32U585xx -DFX_INCLUDE_USER_DEFINE_FILE -c -I../Core/Inc -I../Drivers/STM32U5xx_HAL_Driver/Inc -I../Drivers/STM32U5xx_HAL_Driver/Inc/Legacy -I../Drivers/CMSIS/Device/ST/STM32U5xx/Include -I../Drivers/CMSIS/Include -I../FileX/App -I../FileX/Target -I../Middlewares/ST/filex/common/inc -I../Middlewares/ST/filex/ports/generic/inc -O0 -ffunction-sections -fdata-sections -Wall -fstack-usage -fcyclomatic-complexity -MMD -MP -MF"Middlewares/ST/filex/common/src/fxe_media_open_notify_set.d" -MT"Middlewares/ST/filex/common/src/fxe_media_open_notify_set.o" --specs=nano.specs -mfpu=fpv5-sp-d16 -mfloat-abi=hard -mthumb -o "Middlewares/ST/filex/common/src/fxe_media_open_notify_set.o"
arm-none-eabi-gcc "../Middlewares/ST/filex/common/src/fxe_media_read.c" -mcpu=cortex-m33 -std=gnu11 -g3 -DDEBUG -DUSE_HAL_DRIVER -DSTM32U585xx -DFX_INCLUDE_USER_DEFINE_FILE -c -I../Core/Inc -I../Drivers/STM32U5xx_HAL_Driver/Inc -I../Drivers/STM32U5xx_HAL_Driver/Inc/Legacy -I../Drivers/CMSIS/Device/ST/STM32U5xx/Include -I../Drivers/CMSIS/Include -I../FileX/App -I../FileX/Target -I../Middlewares/ST/filex/common/inc -I../Middlewares/ST/filex/ports/generic/inc -O0 -ffunction-sections -fdata-sections -Wall -fstack-usage -fcyclomatic-complexity -MMD -MP -MF"Middlewares/ST/filex/common/src/fxe_media_read.d" -MT"Middlewares/ST/filex/common/src/fxe_media_read.o" --specs=nano.specs -mfpu=fpv5-sp-d16 -mfloat-abi=hard -mthumb -o "Middlewares/ST/filex/common/src/fxe_media_read.o"
arm-none-eabi-gcc "../Middlewares/ST/filex/common/src/fxe_media_space_available.c" -mcpu=cortex-m33 -std=gnu11 -g3 -DDEBUG -DUSE_HAL_DRIVER -DSTM32U585xx -DFX_INCLUDE_USER_DEFINE_FILE -c -I../Core/Inc -I../Drivers/STM32U5xx_HAL_Driver/Inc -I../Drivers/STM32U5xx_HAL_Driver/Inc/Legacy -I../Drivers/CMSIS/Device/ST/STM32U5xx/Include -I../Drivers/CMSIS/Include -I../FileX/App -I../FileX/Target -I../Middlewares/ST/filex/common/inc -I../Middlewares/ST/filex/ports/generic/inc -O0 -ffunction-sections -fdata-sections -Wall -fstack-usage -fcyclomatic-complexity -MMD -MP -MF"Middlewares/ST/filex/common/src/fxe_media_space_available.d" -MT"Middlewares/ST/filex/common/src/fxe_media_space_available.o" --specs=nano.specs -mfpu=fpv5-sp-d16 -mfloat-abi=hard -mthumb -o "Middlewares/ST/filex/common/src/fxe_media_space_available.o"
arm-none-eabi-gcc "../Middlewares/ST/filex/common/src/fxe_media_volume_get.c" -mcpu=cortex-m33 -std=gnu11 -g3 -DDEBUG -DUSE_HAL_DRIVER -DSTM32U585xx -DFX_INCLUDE_USER_DEFINE_FILE -c -I../Core/Inc -I../Drivers/STM32U5xx_HAL_Driver/Inc -I../Drivers/STM32U5xx_HAL_Driver/Inc/Legacy -I../Drivers/CMSIS/Device/ST/STM32U5xx/Include -I../Drivers/CMSIS/Include -I../FileX/App -I../FileX/Target -I../Middlewares/ST/filex/common/inc -I../Middlewares/ST/filex/ports/generic/inc -O0 -ffunction-sections -fdata-sections -Wall -fstack-usage -fcyclomatic-complexity -MMD -MP -MF"Middlewares/ST/filex/common/src/fxe_media_volume_get.d" -MT"Middlewares/ST/filex/common/src/fxe_media_volume_get.o" --specs=nano.specs -mfpu=fpv5-sp-d16 -mfloat-abi=hard -mthumb -o "Middlewares/ST/filex/common/src/fxe_media_volume_get.o"
arm-none-eabi-gcc "../Middlewares/ST/filex/common/src/fxe_media_volume_get_extended.c" -mcpu=cortex-m33 -std=gnu11 -g3 -DDEBUG -DUSE_HAL_DRIVER -DSTM32U585xx -DFX_INCLUDE_USER_DEFINE_FILE -c -I../Core/Inc -I../Drivers/STM32U5xx_HAL_Driver/Inc -I../Drivers/STM32U5xx_HAL_Driver/Inc/Legacy -I../Drivers/CMSIS/Device/ST/STM32U5xx/Include -I../Drivers/CMSIS/Include -I../FileX/App -I../FileX/Target -I../Middlewares/ST/filex/common/inc -I../Middlewares/ST/filex/ports/generic/inc -O0 -ffunction-sections -fdata-sections -Wall -fstack-usage -fcyclomatic-complexity -MMD -MP -MF"Middlewares/ST/filex/common/src/fxe_media_volume_get_extended.d" -MT"Middlewares/ST/filex/common/src/fxe_media_volume_get_extended.o" --specs=nano.specs -mfpu=fpv5-sp-d16 -mfloat-abi=hard -mthumb -o "Middlewares/ST/filex/common/src/fxe_media_volume_get_extended.o"
arm-none-eabi-gcc "../Middlewares/ST/filex/common/src/fxe_media_volume_set.c" -mcpu=cortex-m33 -std=gnu11 -g3 -DDEBUG -DUSE_HAL_DRIVER -DSTM32U585xx -DFX_INCLUDE_USER_DEFINE_FILE -c -I../Core/Inc -I../Drivers/STM32U5xx_HAL_Driver/Inc -I../Drivers/STM32U5xx_HAL_Driver/Inc/Legacy -I../Drivers/CMSIS/Device/ST/STM32U5xx/Include -I../Drivers/CMSIS/Include -I../FileX/App -I../FileX/Target -I../Middlewares/ST/filex/common/inc -I../Middlewares/ST/filex/ports/generic/inc -O0 -ffunction-sections -fdata-sections -Wall -fstack-usage -fcyclomatic-complexity -MMD -MP -MF"Middlewares/ST/filex/common/src/fxe_media_volume_set.d" -MT"Middlewares/ST/filex/common/src/fxe_media_volume_set.o" --specs=nano.specs -mfpu=fpv5-sp-d16 -mfloat-abi=hard -mthumb -o "Middlewares/ST/filex/common/src/fxe_media_volume_set.o"
arm-none-eabi-gcc "../Middlewares/ST/filex/common/src/fxe_media_write.c" -mcpu=cortex-m33 -std=gnu11 -g3 -DDEBUG -DUSE_HAL_DRIVER -DSTM32U585xx -DFX_INCLUDE_USER_DEFINE_FILE -c -I../Core/Inc -I../Drivers/STM32U5xx_HAL_Driver/Inc -I../Drivers/STM32U5xx_HAL_Driver/Inc/Legacy -I../Drivers/CMSIS/Device/ST/STM32U5xx/Include -I../Drivers/CMSIS/Include -I../FileX/App -I../FileX/Target -I../Middlewares/ST/filex/common/inc -I../Middlewares/ST/filex/ports/generic/inc -O0 -ffunction-sections -fdata-sections -Wall -fstack-usage -fcyclomatic-complexity -MMD -MP -MF"Middlewares/ST/filex/common/src/fxe_media_write.d" -MT"Middlewares/ST/filex/common/src/fxe_media_write.o" --specs=nano.specs -mfpu=fpv5-sp-d16 -mfloat-abi=hard -mthumb -o "Middlewares/ST/filex/common/src/fxe_media_write.o"
arm-none-eabi-gcc "../Middlewares/ST/filex/common/src/fxe_system_date_get.c" -mcpu=cortex-m33 -std=gnu11 -g3 -DDEBUG -DUSE_HAL_DRIVER -DSTM32U585xx -DFX_INCLUDE_USER_DEFINE_FILE -c -I../Core/Inc -I../Drivers/STM32U5xx_HAL_Driver/Inc -I../Drivers/STM32U5xx_HAL_Driver/Inc/Legacy -I../Drivers/CMSIS/Device/ST/STM32U5xx/Include -I../Drivers/CMSIS/Include -I../FileX/App -I../FileX/Target -I../Middlewares/ST/filex/common/inc -I../Middlewares/ST/filex/ports/generic/inc -O0 -ffunction-sections -fdata-sections -Wall -fstack-usage -fcyclomatic-complexity -MMD -MP -MF"Middlewares/ST/filex/common/src/fxe_system_date_get.d" -MT"Middlewares/ST/filex/common/src/fxe_system_date_get.o" --specs=nano.specs -mfpu=fpv5-sp-d16 -mfloat-abi=hard -mthumb -o "Middlewares/ST/filex/common/src/fxe_system_date_get.o"
arm-none-eabi-gcc "../Middlewares/ST/filex/common/src/fxe_system_date_set.c" -mcpu=cortex-m33 -std=gnu11 -g3 -DDEBUG -DUSE_HAL_DRIVER -DSTM32U585xx -DFX_INCLUDE_USER_DEFINE_FILE -c -I../Core/Inc -I../Drivers/STM32U5xx_HAL_Driver/Inc -I../Drivers/STM32U5xx_HAL_Driver/Inc/Legacy -I../Drivers/CMSIS/Device/ST/STM32U5xx/Include -I../Drivers/CMSIS/Include -I../FileX/App -I../FileX/Target -I../Middlewares/ST/filex/common/inc -I../Middlewares/ST/filex/ports/generic/inc -O0 -ffunction-sections -fdata-sections -Wall -fstack-usage -fcyclomatic-complexity -MMD -MP -MF"Middlewares/ST/filex/common/src/fxe_system_date_set.d" -MT"Middlewares/ST/filex/common/src/fxe_system_date_set.o" --specs=nano.specs -mfpu=fpv5-sp-d16 -mfloat-abi=hard -mthumb -o "Middlewares/ST/filex/common/src/fxe_system_date_set.o"
arm-none-eabi-gcc "../Middlewares/ST/filex/common/src/fxe_system_time_get.c" -mcpu=cortex-m33 -std=gnu11 -g3 -DDEBUG -DUSE_HAL_DRIVER -DSTM32U585xx -DFX_INCLUDE_USER_DEFINE_FILE -c -I../Core/Inc -I../Drivers/STM32U5xx_HAL_Driver/Inc -I../Drivers/STM32U5xx_HAL_Driver/Inc/Legacy -I../Drivers/CMSIS/Device/ST/STM32U5xx/Include -I../Drivers/CMSIS/Include -I../FileX/App -I../FileX/Target -I../Middlewares/ST/filex/common/inc -I../Middlewares/ST/filex/ports/generic/inc -O0 -ffunction-sections -fdata-sections -Wall -fstack-usage -fcyclomatic-complexity -MMD -MP -MF"Middlewares/ST/filex/common/src/fxe_system_time_get.d" -MT"Middlewares/ST/filex/common/src/fxe_system_time_get.o" --specs=nano.specs -mfpu=fpv5-sp-d16 -mfloat-abi=hard -mthumb -o "Middlewares/ST/filex/common/src/fxe_system_time_get.o"
arm-none-eabi-gcc "../Middlewares/ST/filex/common/src/fxe_system_time_set.c" -mcpu=cortex-m33 -std=gnu11 -g3 -DDEBUG -DUSE_HAL_DRIVER -DSTM32U585xx -DFX_INCLUDE_USER_DEFINE_FILE -c -I../Core/Inc -I../Drivers/STM32U5xx_HAL_Driver/Inc -I../Drivers/STM32U5xx_HAL_Driver/Inc/Legacy -I../Drivers/CMSIS/Device/ST/STM32U5xx/Include -I../Drivers/CMSIS/Include -I../FileX/App -I../FileX/Target -I../Middlewares/ST/filex/common/inc -I../Middlewares/ST/filex/ports/generic/inc -O0 -ffunction-sections -fdata-sections -Wall -fstack-usage -fcyclomatic-complexity -MMD -MP -MF"Middlewares/ST/filex/common/src/fxe_system_time_set.d" -MT"Middlewares/ST/filex/common/src/fxe_system_time_set.o" --specs=nano.specs -mfpu=fpv5-sp-d16 -mfloat-abi=hard -mthumb -o "Middlewares/ST/filex/common/src/fxe_system_time_set.o"
arm-none-eabi-gcc "../Middlewares/ST/filex/common/src/fxe_unicode_directory_create.c" -mcpu=cortex-m33 -std=gnu11 -g3 -DDEBUG -DUSE_HAL_DRIVER -DSTM32U585xx -DFX_INCLUDE_USER_DEFINE_FILE -c -I../Core/Inc -I../Drivers/STM32U5xx_HAL_Driver/Inc -I../Drivers/STM32U5xx_HAL_Driver/Inc/Legacy -I../Drivers/CMSIS/Device/ST/STM32U5xx/Include -I../Drivers/CMSIS/Include -I../FileX/App -I../FileX/Target -I../Middlewares/ST/filex/common/inc -I../Middlewares/ST/filex/ports/generic/inc -O0 -ffunction-sections -fdata-sections -Wall -fstack-usage -fcyclomatic-complexity -MMD -MP -MF"Middlewares/ST/filex/common/src/fxe_unicode_directory_create.d" -MT"Middlewares/ST/filex/common/src/fxe_unicode_directory_create.o" --specs=nano.specs -mfpu=fpv5-sp-d16 -mfloat-abi=hard -mthumb -o "Middlewares/ST/filex/common/src/fxe_unicode_directory_create.o"
arm-none-eabi-gcc "../Middlewares/ST/filex/common/src/fxe_unicode_directory_rename.c" -mcpu=cortex-m33 -std=gnu11 -g3 -DDEBUG -DUSE_HAL_DRIVER -DSTM32U585xx -DFX_INCLUDE_USER_DEFINE_FILE -c -I../Core/Inc -I../Drivers/STM32U5xx_HAL_Driver/Inc -I../Drivers/STM32U5xx_HAL_Driver/Inc/Legacy -I../Drivers/CMSIS/Device/ST/STM32U5xx/Include -I../Drivers/CMSIS/Include -I../FileX/App -I../FileX/Target -I../Middlewares/ST/filex/common/inc -I../Middlewares/ST/filex/ports/generic/inc -O0 -ffunction-sections -fdata-sections -Wall -fstack-usage -fcyclomatic-complexity -MMD -MP -MF"Middlewares/ST/filex/common/src/fxe_unicode_directory_rename.d" -MT"Middlewares/ST/filex/common/src/fxe_unicode_directory_rename.o" --specs=nano.specs -mfpu=fpv5-sp-d16 -mfloat-abi=hard -mthumb -o "Middlewares/ST/filex/common/src/fxe_unicode_directory_rename.o"
arm-none-eabi-gcc "../Middlewares/ST/filex/common/src/fxe_unicode_file_create.c" -mcpu=cortex-m33 -std=gnu11 -g3 -DDEBUG -DUSE_HAL_DRIVER -DSTM32U585xx -DFX_INCLUDE_USER_DEFINE_FILE -c -I../Core/Inc -I../Drivers/STM32U5xx_HAL_Driver/Inc -I../Drivers/STM32U5xx_HAL_Driver/Inc/Legacy -I../Drivers/CMSIS/Device/ST/STM32U5xx/Include -I../Drivers/CMSIS/Include -I../FileX/App -I../FileX/Target -I../Middlewares/ST/filex/common/inc -I../Middlewares/ST/filex/ports/generic/inc -O0 -ffunction-sections -fdata-sections -Wall -fstack-usage -fcyclomatic-complexity -MMD -MP -MF"Middlewares/ST/filex/common/src/fxe_unicode_file_create.d" -MT"Middlewares/ST/filex/common/src/fxe_unicode_file_create.o" --specs=nano.specs -mfpu=fpv5-sp-d16 -mfloat-abi=hard -mthumb -o "Middlewares/ST/filex/common/src/fxe_unicode_file_create.o"
arm-none-eabi-gcc "../Middlewares/ST/filex/common/src/fxe_unicode_file_rename.c" -mcpu=cortex-m33 -std=gnu11 -g3 -DDEBUG -DUSE_HAL_DRIVER -DSTM32U585xx -DFX_INCLUDE_USER_DEFINE_FILE -c -I../Core/Inc -I../Drivers/STM32U5xx_HAL_Driver/Inc -I../Drivers/STM32U5xx_HAL_Driver/Inc/Legacy -I../Drivers/CMSIS/Device/ST/STM32U5xx/Include -I../Drivers/CMSIS/Include -I../FileX/App -I../FileX/Target -I../Middlewares/ST/filex/common/inc -I../Middlewares/ST/filex/ports/generic/inc -O0 -ffunction-sections -fdata-sections -Wall -fstack-usage -fcyclomatic-complexity -MMD -MP -MF"Middlewares/ST/filex/common/src/fxe_unicode_file_rename.d" -MT"Middlewares/ST/filex/common/src/fxe_unicode_file_rename.o" --specs=nano.specs -mfpu=fpv5-sp-d16 -mfloat-abi=hard -mthumb -o "Middlewares/ST/filex/common/src/fxe_unicode_file_rename.o"
arm-none-eabi-gcc "../Middlewares/ST/filex/common/src/fxe_unicode_name_get.c" -mcpu=cortex-m33 -std=gnu11 -g3 -DDEBUG -DUSE_HAL_DRIVER -DSTM32U585xx -DFX_INCLUDE_USER_DEFINE_FILE -c -I../Core/Inc -I../Drivers/STM32U5xx_HAL_Driver/Inc -I../Drivers/STM32U5xx_HAL_Driver/Inc/Legacy -I../Drivers/CMSIS/Device/ST/STM32U5xx/Include -I../Drivers/CMSIS/Include -I../FileX/App -I../FileX/Target -I../Middlewares/ST/filex/common/inc -I../Middlewares/ST/filex/ports/generic/inc -O0 -ffunction-sections -fdata-sections -Wall -fstack-usage -fcyclomatic-complexity -MMD -MP -MF"Middlewares/ST/filex/common/src/fxe_unicode_name_get.d" -MT"Middlewares/ST/filex/common/src/fxe_unicode_name_get.o" --specs=nano.specs -mfpu=fpv5-sp-d16 -mfloat-abi=hard -mthumb -o "Middlewares/ST/filex/common/src/fxe_unicode_name_get.o"
arm-none-eabi-gcc "../Middlewares/ST/filex/common/src/fxe_unicode_name_get_extended.c" -mcpu=cortex-m33 -std=gnu11 -g3 -DDEBUG -DUSE_HAL_DRIVER -DSTM32U585xx -DFX_INCLUDE_USER_DEFINE_FILE -c -I../Core/Inc -I../Drivers/STM32U5xx_HAL_Driver/Inc -I../Drivers/STM32U5xx_HAL_Driver/Inc/Legacy -I../Drivers/CMSIS/Device/ST/STM32U5xx/Include -I../Drivers/CMSIS/Include -I../FileX/App -I../FileX/Target -I../Middlewares/ST/filex/common/inc -I../Middlewares/ST/filex/ports/generic/inc -O0 -ffunction-sections -fdata-sections -Wall -fstack-usage -fcyclomatic-complexity -MMD -MP -MF"Middlewares/ST/filex/common/src/fxe_unicode_name_get_extended.d" -MT"Middlewares/ST/filex/common/src/fxe_unicode_name_get_extended.o" --specs=nano.specs -mfpu=fpv5-sp-d16 -mfloat-abi=hard -mthumb -o "Middlewares/ST/filex/common/src/fxe_unicode_name_get_extended.o"
arm-none-eabi-gcc "../Middlewares/ST/filex/common/src/fxe_unicode_short_name_get.c" -mcpu=cortex-m33 -std=gnu11 -g3 -DDEBUG -DUSE_HAL_DRIVER -DSTM32U585xx -DFX_INCLUDE_USER_DEFINE_FILE -c -I../Core/Inc -I../Drivers/STM32U5xx_HAL_Driver/Inc -I../Drivers/STM32U5xx_HAL_Driver/Inc/Legacy -I../Drivers/CMSIS/Device/ST/STM32U5xx/Include -I../Drivers/CMSIS/Include -I../FileX/App -I../FileX/Target -I../Middlewares/ST/filex/common/inc -I../Middlewares/ST/filex/ports/generic/inc -O0 -ffunction-sections -fdata-sections -Wall -fstack-usage -fcyclomatic-complexity -MMD -MP -MF"Middlewares/ST/filex/common/src/fxe_unicode_short_name_get.d" -MT"Middlewares/ST/filex/common/src/fxe_unicode_short_name_get.o" --specs=nano.specs -mfpu=fpv5-sp-d16 -mfloat-abi=hard -mthumb -o "Middlewares/ST/filex/common/src/fxe_unicode_short_name_get.o"
arm-none-eabi-gcc "../Middlewares/ST/filex/common/src/fxe_unicode_short_name_get_extended.c" -mcpu=cortex-m33 -std=gnu11 -g3 -DDEBUG -DUSE_HAL_DRIVER -DSTM32U585xx -DFX_INCLUDE_USER_DEFINE_FILE -c -I../Core/Inc -I../Drivers/STM32U5xx_HAL_Driver/Inc -I../Drivers/STM32U5xx_HAL_Driver/Inc/Legacy -I../Drivers/CMSIS/Device/ST/STM32U5xx/Include -I../Drivers/CMSIS/Include -I../FileX/App -I../FileX/Target -I../Middlewares/ST/filex/common/inc -I../Middlewares/ST/filex/ports/generic/inc -O0 -ffunction-sections -fdata-sections -Wall -fstack-usage -fcyclomatic-complexity -MMD -MP -MF"Middlewares/ST/filex/common/src/fxe_unicode_short_name_get_extended.d" -MT"Middlewares/ST/filex/common/src/fxe_unicode_short_name_get_extended.o" --specs=nano.specs -mfpu=fpv5-sp-d16 -mfloat-abi=hard -mthumb -o "Middlewares/ST/filex/common/src/fxe_unicode_short_name_get_extended.o"
arm-none-eabi-gcc "../Middlewares/ST/filex/common/drivers/fx_stm32_sd_driver.c" -mcpu=cortex-m33 -std=gnu11 -g3 -DDEBUG -DUSE_HAL_DRIVER -DSTM32U585xx -DFX_INCLUDE_USER_DEFINE_FILE -c -I../Core/Inc -I../Drivers/STM32U5xx_HAL_Driver/Inc -I../Drivers/STM32U5xx_HAL_Driver/Inc/Legacy -I../Drivers/CMSIS/Device/ST/STM32U5xx/Include -I../Drivers/CMSIS/Include -I../FileX/App -I../FileX/Target -I../Middlewares/ST/filex/common/inc -I../Middlewares/ST/filex/ports/generic/inc -O0 -ffunction-sections -fdata-sections -Wall -fstack-usage -fcyclomatic-complexity -MMD -MP -MF"Middlewares/ST/filex/common/drivers/fx_stm32_sd_driver.d" -MT"Middlewares/ST/filex/common/drivers/fx_stm32_sd_driver.o" --specs=nano.specs -mfpu=fpv5-sp-d16 -mfloat-abi=hard -mthumb -o "Middlewares/ST/filex/common/drivers/fx_stm32_sd_driver.o"
arm-none-eabi-gcc "../FileX/Target/fx_stm32_sd_driver_glue.c" -mcpu=cortex-m33 -std=gnu11 -g3 -DDEBUG -DUSE_HAL_DRIVER -DSTM32U585xx -DFX_INCLUDE_USER_DEFINE_FILE -c -I../Core/Inc -I../Drivers/STM32U5xx_HAL_Driver/Inc -I../Drivers/STM32U5xx_HAL_Driver/Inc/Legacy -I../Drivers/CMSIS/Device/ST/STM32U5xx/Include -I../Drivers/CMSIS/Include -I../FileX/App -I../FileX/Target -I../Middlewares/ST/filex/common/inc -I../Middlewares/ST/filex/ports/generic/inc -O0 -ffunction-sections -fdata-sections -Wall -fstack-usage -fcyclomatic-complexity -MMD -MP -MF"FileX/Target/fx_stm32_sd_driver_glue.d" -MT"FileX/Target/fx_stm32_sd_driver_glue.o" --specs=nano.specs -mfpu=fpv5-sp-d16 -mfloat-abi=hard -mthumb -o "FileX/Target/fx_stm32_sd_driver_glue.o"
arm-none-eabi-gcc "../FileX/App/app_filex.c" -mcpu=cortex-m33 -std=gnu11 -g3 -DDEBUG -DUSE_HAL_DRIVER -DSTM32U585xx -DFX_INCLUDE_USER_DEFINE_FILE -c -I../Core/Inc -I../Drivers/STM32U5xx_HAL_Driver/Inc -I../Drivers/STM32U5xx_HAL_Driver/Inc/Legacy -I../Drivers/CMSIS/Device/ST/STM32U5xx/Include -I../Drivers/CMSIS/Include -I../FileX/App -I../FileX/Target -I../Middlewares/ST/filex/common/inc -I../Middlewares/ST/filex/ports/generic/inc -O0 -ffunction-sections -fdata-sections -Wall -fstack-usage -fcyclomatic-complexity -MMD -MP -MF"FileX/App/app_filex.d" -MT"FileX/App/app_filex.o" --specs=nano.specs -mfpu=fpv5-sp-d16 -mfloat-abi=hard -mthumb -o "FileX/App/app_filex.o"
arm-none-eabi-gcc "../Core/Src/main.c" -mcpu=cortex-m33 -std=gnu11 -g3 -DDEBUG -DUSE_HAL_DRIVER -DSTM32U585xx -DFX_INCLUDE_USER_DEFINE_FILE -c -I../Core/Inc -I../Drivers/STM32U5xx_HAL_Driver/Inc -I../Drivers/STM32U5xx_HAL_Driver/Inc/Legacy -I../Drivers/CMSIS/Device/ST/STM32U5xx/Include -I../Drivers/CMSIS/Include -I../FileX/App -I../FileX/Target -I../Middlewares/ST/filex/common/inc -I../Middlewares/ST/filex/ports/generic/inc -O0 -ffunction-sections -fdata-sections -Wall -fstack-usage -fcyclomatic-complexity -MMD -MP -MF"Core/Src/main.d" -MT"Core/Src/main.o" --specs=nano.specs -mfpu=fpv5-sp-d16 -mfloat-abi=hard -mthumb -o "Core/Src/main.o"
../Core/Src/main.c: In function 'main':
../Core/Src/main.c:477:13: error: invalid storage class for function 'SystemPower_Config'
  477 | static void SystemPower_Config(void)
      |             ^~~~~~~~~~~~~~~~~~
../Core/Src/main.c:508:13: error: invalid storage class for function 'MX_ADC1_Init'
  508 | static void MX_ADC1_Init(void)
      |             ^~~~~~~~~~~~
../Core/Src/main.c:552:13: error: invalid storage class for function 'MX_ADF1_Init'
  552 | static void MX_ADF1_Init(void)
      |             ^~~~~~~~~~~~
../Core/Src/main.c:615:13: error: invalid storage class for function 'MX_MDF1_Init'
  615 | static void MX_MDF1_Init(void)
      |             ^~~~~~~~~~~~
../Core/Src/main.c:669:13: error: invalid storage class for function 'MX_DAC1_Init'
  669 | static void MX_DAC1_Init(void)
      |             ^~~~~~~~~~~~
../Core/Src/main.c:724:13: error: invalid storage class for function 'MX_GPDMA1_Init'
  724 | static void MX_GPDMA1_Init(void)
      |             ^~~~~~~~~~~~~~
../Core/Src/main.c:762:13: error: invalid storage class for function 'MX_I2C1_Init'
  762 | static void MX_I2C1_Init(void)
      |             ^~~~~~~~~~~~
../Core/Src/main.c:810:13: error: invalid storage class for function 'MX_I2C2_Init'
  810 | static void MX_I2C2_Init(void)
      |             ^~~~~~~~~~~~
../Core/Src/main.c:858:13: error: invalid storage class for function 'MX_I2C3_Init'
  858 | static void MX_I2C3_Init(void)
      |             ^~~~~~~~~~~~
../Core/Src/main.c:906:13: error: invalid storage class for function 'MX_ICACHE_Init'
  906 | static void MX_ICACHE_Init(void)
      |             ^~~~~~~~~~~~~~
../Core/Src/main.c:938:13: error: invalid storage class for function 'MX_RTC_Init'
  938 | static void MX_RTC_Init(void)
      |             ^~~~~~~~~~~
../Core/Src/main.c:986:13: error: invalid storage class for function 'MX_SAI1_Init'
  986 | static void MX_SAI1_Init(void)
      |             ^~~~~~~~~~~~
../Core/Src/main.c:1070:13: error: invalid storage class for function 'MX_SDMMC1_SD_Init'
 1070 | static void MX_SDMMC1_SD_Init(void)
      |             ^~~~~~~~~~~~~~~~~
../Core/Src/main.c:1101:13: error: invalid storage class for function 'MX_SPI1_Init'
 1101 | static void MX_SPI1_Init(void)
      |             ^~~~~~~~~~~~
../Core/Src/main.c:1158:13: error: invalid storage class for function 'MX_SPI2_Init'
 1158 | static void MX_SPI2_Init(void)
      |             ^~~~~~~~~~~~
../Core/Src/main.c:1215:13: error: invalid storage class for function 'MX_SPI3_Init'
 1215 | static void MX_SPI3_Init(void)
      |             ^~~~~~~~~~~~
../Core/Src/main.c:1272:13: error: invalid storage class for function 'MX_TAMP_RTC_Init'
 1272 | static void MX_TAMP_RTC_Init(void)
      |             ^~~~~~~~~~~~~~~~
../Core/Src/main.c:1321:13: error: invalid storage class for function 'MX_TIM3_Init'
 1321 | static void MX_TIM3_Init(void)
      |             ^~~~~~~~~~~~
../Core/Src/main.c:1369:13: error: invalid storage class for function 'MX_USART2_UART_Init'
 1369 | static void MX_USART2_UART_Init(void)
      |             ^~~~~~~~~~~~~~~~~~~
../Core/Src/main.c:1417:13: error: invalid storage class for function 'MX_USART3_UART_Init'
 1417 | static void MX_USART3_UART_Init(void)
      |             ^~~~~~~~~~~~~~~~~~~
../Core/Src/main.c:1465:13: error: invalid storage class for function 'MX_USB_OTG_FS_PCD_Init'
 1465 | static void MX_USB_OTG_FS_PCD_Init(void)
      |             ^~~~~~~~~~~~~~~~~~~~~~
../Core/Src/main.c:1501:13: error: invalid storage class for function 'MX_GPIO_Init'
 1501 | static void MX_GPIO_Init(void)
      |             ^~~~~~~~~~~~
../Core/Src/main.c:1809:1: error: expected declaration or statement at end of input
 1809 | }
      | ^
../Core/Src/main.c: At top level:
../Core/Src/main.c:166:13: warning: 'SystemPower_Config' used but never defined
  166 | static void SystemPower_Config(void);
      |             ^~~~~~~~~~~~~~~~~~
../Core/Src/main.c:167:13: warning: 'MX_GPIO_Init' used but never defined
  167 | static void MX_GPIO_Init(void);
      |             ^~~~~~~~~~~~
../Core/Src/main.c:168:13: warning: 'MX_GPDMA1_Init' used but never defined
  168 | static void MX_GPDMA1_Init(void);
      |             ^~~~~~~~~~~~~~
../Core/Src/main.c:169:13: warning: 'MX_ADC1_Init' declared 'static' but never defined [-Wunused-function]
  169 | static void MX_ADC1_Init(void);
      |             ^~~~~~~~~~~~
../Core/Src/main.c:170:13: warning: 'MX_ADF1_Init' declared 'static' but never defined [-Wunused-function]
  170 | static void MX_ADF1_Init(void);
      |             ^~~~~~~~~~~~
../Core/Src/main.c:171:13: warning: 'MX_MDF1_Init' declared 'static' but never defined [-Wunused-function]
  171 | static void MX_MDF1_Init(void);
      |             ^~~~~~~~~~~~
../Core/Src/main.c:172:13: warning: 'MX_DAC1_Init' declared 'static' but never defined [-Wunused-function]
  172 | static void MX_DAC1_Init(void);
      |             ^~~~~~~~~~~~
../Core/Src/main.c:173:13: warning: 'MX_I2C1_Init' declared 'static' but never defined [-Wunused-function]
  173 | static void MX_I2C1_Init(void);
      |             ^~~~~~~~~~~~
../Core/Src/main.c:174:13: warning: 'MX_I2C2_Init' declared 'static' but never defined [-Wunused-function]
  174 | static void MX_I2C2_Init(void);
      |             ^~~~~~~~~~~~
../Core/Src/main.c:175:13: warning: 'MX_I2C3_Init' declared 'static' but never defined [-Wunused-function]
  175 | static void MX_I2C3_Init(void);
      |             ^~~~~~~~~~~~
../Core/Src/main.c:176:13: warning: 'MX_ICACHE_Init' used but never defined
  176 | static void MX_ICACHE_Init(void);
      |             ^~~~~~~~~~~~~~
../Core/Src/main.c:177:13: warning: 'MX_RTC_Init' used but never defined
  177 | static void MX_RTC_Init(void);
      |             ^~~~~~~~~~~
../Core/Src/main.c:178:13: warning: 'MX_SAI1_Init' declared 'static' but never defined [-Wunused-function]
  178 | static void MX_SAI1_Init(void);
      |             ^~~~~~~~~~~~
../Core/Src/main.c:179:13: warning: 'MX_SDMMC1_SD_Init' used but never defined
  179 | static void MX_SDMMC1_SD_Init(void);
      |             ^~~~~~~~~~~~~~~~~
../Core/Src/main.c:180:13: warning: 'MX_SPI1_Init' declared 'static' but never defined [-Wunused-function]
  180 | static void MX_SPI1_Init(void);
      |             ^~~~~~~~~~~~
../Core/Src/main.c:181:13: warning: 'MX_SPI2_Init' used but never defined
  181 | static void MX_SPI2_Init(void);
      |             ^~~~~~~~~~~~
../Core/Src/main.c:182:13: warning: 'MX_SPI3_Init' declared 'static' but never defined [-Wunused-function]
  182 | static void MX_SPI3_Init(void);
      |             ^~~~~~~~~~~~
../Core/Src/main.c:183:13: warning: 'MX_TAMP_RTC_Init' used but never defined
  183 | static void MX_TAMP_RTC_Init(void);
      |             ^~~~~~~~~~~~~~~~
../Core/Src/main.c:184:13: warning: 'MX_TIM3_Init' declared 'static' but never defined [-Wunused-function]
  184 | static void MX_TIM3_Init(void);
      |             ^~~~~~~~~~~~
../Core/Src/main.c:185:13: warning: 'MX_USART2_UART_Init' used but never defined
  185 | static void MX_USART2_UART_Init(void);
      |             ^~~~~~~~~~~~~~~~~~~
../Core/Src/main.c:186:13: warning: 'MX_USART3_UART_Init' declared 'static' but never defined [-Wunused-function]
  186 | static void MX_USART3_UART_Init(void);
      |             ^~~~~~~~~~~~~~~~~~~
../Core/Src/main.c:187:13: warning: 'MX_USB_OTG_FS_PCD_Init' declared 'static' but never defined [-Wunused-function]
  187 | static void MX_USB_OTG_FS_PCD_Init(void);
      |             ^~~~~~~~~~~~~~~~~~~~~~
../Core/Src/main.c:1800:6: warning: 'Error_Handler' defined but not used [-Wunused-function]
 1800 | void Error_Handler(void)
      |      ^~~~~~~~~~~~~
../Core/Src/main.c:1775:6: warning: 'HAL_SPI_TxRxCpltCallback' defined but not used [-Wunused-function]
 1775 | void HAL_SPI_TxRxCpltCallback(SPI_HandleTypeDef *hspi) {
      |      ^~~~~~~~~~~~~~~~~~~~~~~~
../Core/Src/main.c:1758:6: warning: 'start_sensor_read' defined but not used [-Wunused-function]
 1758 | void start_sensor_read(void) {
      |      ^~~~~~~~~~~~~~~~~
../Core/Src/main.c:1702:6: warning: 'Initialize_Sensors' defined but not used [-Wunused-function]
 1702 | void Initialize_Sensors(void) {
      |      ^~~~~~~~~~~~~~~~~~
../Core/Src/main.c:1501:13: warning: 'MX_GPIO_Init' defined but not used [-Wunused-function]
 1501 | static void MX_GPIO_Init(void)
      |             ^~~~~~~~~~~~
../Core/Src/main.c:1465:13: warning: 'MX_USB_OTG_FS_PCD_Init' defined but not used [-Wunused-function]
 1465 | static void MX_USB_OTG_FS_PCD_Init(void)
      |             ^~~~~~~~~~~~~~~~~~~~~~
../Core/Src/main.c:1417:13: warning: 'MX_USART3_UART_Init' defined but not used [-Wunused-function]
 1417 | static void MX_USART3_UART_Init(void)
      |             ^~~~~~~~~~~~~~~~~~~
../Core/Src/main.c:1369:13: warning: 'MX_USART2_UART_Init' defined but not used [-Wunused-function]
 1369 | static void MX_USART2_UART_Init(void)
      |             ^~~~~~~~~~~~~~~~~~~
../Core/Src/main.c:1321:13: warning: 'MX_TIM3_Init' defined but not used [-Wunused-function]
 1321 | static void MX_TIM3_Init(void)
      |             ^~~~~~~~~~~~
../Core/Src/main.c:1272:13: warning: 'MX_TAMP_RTC_Init' defined but not used [-Wunused-function]
 1272 | static void MX_TAMP_RTC_Init(void)
      |             ^~~~~~~~~~~~~~~~
../Core/Src/main.c:1215:13: warning: 'MX_SPI3_Init' defined but not used [-Wunused-function]
 1215 | static void MX_SPI3_Init(void)
      |             ^~~~~~~~~~~~
../Core/Src/main.c:1158:13: warning: 'MX_SPI2_Init' defined but not used [-Wunused-function]
 1158 | static void MX_SPI2_Init(void)
      |             ^~~~~~~~~~~~
../Core/Src/main.c:1101:13: warning: 'MX_SPI1_Init' defined but not used [-Wunused-function]
 1101 | static void MX_SPI1_Init(void)
      |             ^~~~~~~~~~~~
../Core/Src/main.c:1070:13: warning: 'MX_SDMMC1_SD_Init' defined but not used [-Wunused-function]
 1070 | static void MX_SDMMC1_SD_Init(void)
      |             ^~~~~~~~~~~~~~~~~
../Core/Src/main.c:986:13: warning: 'MX_SAI1_Init' defined but not used [-Wunused-function]
  986 | static void MX_SAI1_Init(void)
      |             ^~~~~~~~~~~~
../Core/Src/main.c:938:13: warning: 'MX_RTC_Init' defined but not used [-Wunused-function]
  938 | static void MX_RTC_Init(void)
      |             ^~~~~~~~~~~
../Core/Src/main.c:906:13: warning: 'MX_ICACHE_Init' defined but not used [-Wunused-function]
  906 | static void MX_ICACHE_Init(void)
      |             ^~~~~~~~~~~~~~
../Core/Src/main.c:858:13: warning: 'MX_I2C3_Init' defined but not used [-Wunused-function]
  858 | static void MX_I2C3_Init(void)
      |             ^~~~~~~~~~~~
../Core/Src/main.c:810:13: warning: 'MX_I2C2_Init' defined but not used [-Wunused-function]
  810 | static void MX_I2C2_Init(void)
      |             ^~~~~~~~~~~~
../Core/Src/main.c:762:13: warning: 'MX_I2C1_Init' defined but not used [-Wunused-function]
  762 | static void MX_I2C1_Init(void)
      |             ^~~~~~~~~~~~
../Core/Src/main.c:724:13: warning: 'MX_GPDMA1_Init' defined but not used [-Wunused-function]
  724 | static void MX_GPDMA1_Init(void)
      |             ^~~~~~~~~~~~~~
../Core/Src/main.c:669:13: warning: 'MX_DAC1_Init' defined but not used [-Wunused-function]
  669 | static void MX_DAC1_Init(void)
      |             ^~~~~~~~~~~~
../Core/Src/main.c:615:13: warning: 'MX_MDF1_Init' defined but not used [-Wunused-function]
  615 | static void MX_MDF1_Init(void)
      |             ^~~~~~~~~~~~
../Core/Src/main.c:552:13: warning: 'MX_ADF1_Init' defined but not used [-Wunused-function]
  552 | static void MX_ADF1_Init(void)
      |             ^~~~~~~~~~~~
../Core/Src/main.c:508:13: warning: 'MX_ADC1_Init' defined but not used [-Wunused-function]
  508 | static void MX_ADC1_Init(void)
      |             ^~~~~~~~~~~~
../Core/Src/main.c:477:13: warning: 'SystemPower_Config' defined but not used [-Wunused-function]
  477 | static void SystemPower_Config(void)
      |             ^~~~~~~~~~~~~~~~~~
../Core/Src/main.c:438:6: warning: 'PeriphCommonClock_Config' defined but not used [-Wunused-function]
  438 | void PeriphCommonClock_Config(void)
      |      ^~~~~~~~~~~~~~~~~~~~~~~~
../Core/Src/main.c:380:6: warning: 'SystemClock_Config' defined but not used [-Wunused-function]
  380 | void SystemClock_Config(void)
      |      ^~~~~~~~~~~~~~~~~~
../Core/Src/main.c:57:14: warning: 'media_buffer' defined but not used [-Wunused-variable]
   57 | static UCHAR media_buffer[4096];  // 8 sectors, aligned
      |              ^~~~~~~~~~~~
make: *** [Core/Src/subdir.mk:34: Core/Src/main.o] Error 1
make: *** Waiting for unfinished jobs....
"make -j8 all" terminated with exit code 2. Build might be incomplete.
07:35:41 **** Incremental Build of configuration Debug for project SPI2_MDA_Chain_2_Sensor ****
make -j8 all 
arm-none-eabi-gcc "../Core/Src/main.c" -mcpu=cortex-m33 -std=gnu11 -g3 -DDEBUG -DUSE_HAL_DRIVER -DSTM32U585xx -DFX_INCLUDE_USER_DEFINE_FILE -c -I../Core/Inc -I../Drivers/STM32U5xx_HAL_Driver/Inc -I../Drivers/STM32U5xx_HAL_Driver/Inc/Legacy -I../Drivers/CMSIS/Device/ST/STM32U5xx/Include -I../Drivers/CMSIS/Include -I../FileX/App -I../FileX/Target -I../Middlewares/ST/filex/common/inc -I../Middlewares/ST/filex/ports/generic/inc -O0 -ffunction-sections -fdata-sections -Wall -fstack-usage -fcyclomatic-complexity -MMD -MP -MF"Core/Src/main.d" -MT"Core/Src/main.o" --specs=nano.specs -mfpu=fpv5-sp-d16 -mfloat-abi=hard -mthumb -o "Core/Src/main.o"
../Core/Src/main.c:1465:13: warning: 'MX_USB_OTG_FS_PCD_Init' defined but not used [-Wunused-function]
 1465 | static void MX_USB_OTG_FS_PCD_Init(void)
      |             ^~~~~~~~~~~~~~~~~~~~~~
../Core/Src/main.c:1417:13: warning: 'MX_USART3_UART_Init' defined but not used [-Wunused-function]
 1417 | static void MX_USART3_UART_Init(void)
      |             ^~~~~~~~~~~~~~~~~~~
../Core/Src/main.c:1321:13: warning: 'MX_TIM3_Init' defined but not used [-Wunused-function]
 1321 | static void MX_TIM3_Init(void)
      |             ^~~~~~~~~~~~
../Core/Src/main.c:1215:13: warning: 'MX_SPI3_Init' defined but not used [-Wunused-function]
 1215 | static void MX_SPI3_Init(void)
      |             ^~~~~~~~~~~~
../Core/Src/main.c:1101:13: warning: 'MX_SPI1_Init' defined but not used [-Wunused-function]
 1101 | static void MX_SPI1_Init(void)
      |             ^~~~~~~~~~~~
../Core/Src/main.c:986:13: warning: 'MX_SAI1_Init' defined but not used [-Wunused-function]
  986 | static void MX_SAI1_Init(void)
      |             ^~~~~~~~~~~~
../Core/Src/main.c:858:13: warning: 'MX_I2C3_Init' defined but not used [-Wunused-function]
  858 | static void MX_I2C3_Init(void)
      |             ^~~~~~~~~~~~
../Core/Src/main.c:810:13: warning: 'MX_I2C2_Init' defined but not used [-Wunused-function]
  810 | static void MX_I2C2_Init(void)
      |             ^~~~~~~~~~~~
../Core/Src/main.c:762:13: warning: 'MX_I2C1_Init' defined but not used [-Wunused-function]
  762 | static void MX_I2C1_Init(void)
      |             ^~~~~~~~~~~~
../Core/Src/main.c:669:13: warning: 'MX_DAC1_Init' defined but not used [-Wunused-function]
  669 | static void MX_DAC1_Init(void)
      |             ^~~~~~~~~~~~
../Core/Src/main.c:615:13: warning: 'MX_MDF1_Init' defined but not used [-Wunused-function]
  615 | static void MX_MDF1_Init(void)
      |             ^~~~~~~~~~~~
../Core/Src/main.c:552:13: warning: 'MX_ADF1_Init' defined but not used [-Wunused-function]
  552 | static void MX_ADF1_Init(void)
      |             ^~~~~~~~~~~~
../Core/Src/main.c:508:13: warning: 'MX_ADC1_Init' defined but not used [-Wunused-function]
  508 | static void MX_ADC1_Init(void)
      |             ^~~~~~~~~~~~
../Core/Src/main.c:57:14: warning: 'media_buffer' defined but not used [-Wunused-variable]
   57 | static UCHAR media_buffer[4096];  // 8 sectors, aligned
      |              ^~~~~~~~~~~~
arm-none-eabi-gcc -o "SPI2_MDA_Chain_2_Sensor.elf" @"objects.list"   -mcpu=cortex-m33 -T"C:\Users\kerem\STM32CubeIDE\workspace_1.19.0\WorkSpaceSteval\Steval_Anomaly\SPI2_MDA_Chain_2_Sensor\STM32U585AIIXQ_FLASH.ld" --specs=nosys.specs -Wl,-Map="SPI2_MDA_Chain_2_Sensor.map" -Wl,--gc-sections -static --specs=nano.specs -mfpu=fpv5-sp-d16 -mfloat-abi=hard -mthumb -Wl,--start-group -lc -lm -Wl,--end-group
Finished building target: SPI2_MDA_Chain_2_Sensor.elf
 
arm-none-eabi-size  SPI2_MDA_Chain_2_Sensor.elf 
arm-none-eabi-objdump -h -S SPI2_MDA_Chain_2_Sensor.elf  > "SPI2_MDA_Chain_2_Sensor.list"
   text	   data	    bss	    dec	    hex	filename
 100245	    184	  19904	 120333	  1d60d	SPI2_MDA_Chain_2_Sensor.elf
Finished building: default.size.stdout
 
Finished building: SPI2_MDA_Chain_2_Sensor.list
 
07:36:00 **** Incremental Build of configuration Debug for project SPI2_MDA_Chain_2_Sensor ****
make -j8 all 
arm-none-eabi-size  SPI2_MDA_Chain_2_Sensor.elf 
   text	   data	    bss	    dec	    hex	filename
 100245	    184	  19904	 120333	  1d60d	SPI2_MDA_Chain_2_Sensor.elf
Finished building: default.size.stdout
 
07:37:14 **** Incremental Build of configuration Debug for project SPI2_MDA_Chain_2_Sensor ****
make -j8 all 
arm-none-eabi-size  SPI2_MDA_Chain_2_Sensor.elf 
   text	   data	    bss	    dec	    hex	filename
 100245	    184	  19904	 120333	  1d60d	SPI2_MDA_Chain_2_Sensor.elf
Finished building: default.size.stdout
 
07:54:39 **** Incremental Build of configuration Debug for project SPI2_MDA_Chain_2_Sensor ****
make -j8 all 
arm-none-eabi-gcc "../Core/Src/main.c" -mcpu=cortex-m33 -std=gnu11 -g3 -DDEBUG -DUSE_HAL_DRIVER -DSTM32U585xx -DFX_INCLUDE_USER_DEFINE_FILE -c -I../Core/Inc -I../Drivers/STM32U5xx_HAL_Driver/Inc -I../Drivers/STM32U5xx_HAL_Driver/Inc/Legacy -I../Drivers/CMSIS/Device/ST/STM32U5xx/Include -I../Drivers/CMSIS/Include -I../FileX/App -I../FileX/Target -I../Middlewares/ST/filex/common/inc -I../Middlewares/ST/filex/ports/generic/inc -O0 -ffunction-sections -fdata-sections -Wall -fstack-usage -fcyclomatic-complexity -MMD -MP -MF"Core/Src/main.d" -MT"Core/Src/main.o" --specs=nano.specs -mfpu=fpv5-sp-d16 -mfloat-abi=hard -mthumb -o "Core/Src/main.o"
arm-none-eabi-gcc "../Core/Src/stm32u5xx_hal_msp.c" -mcpu=cortex-m33 -std=gnu11 -g3 -DDEBUG -DUSE_HAL_DRIVER -DSTM32U585xx -DFX_INCLUDE_USER_DEFINE_FILE -c -I../Core/Inc -I../Drivers/STM32U5xx_HAL_Driver/Inc -I../Drivers/STM32U5xx_HAL_Driver/Inc/Legacy -I../Drivers/CMSIS/Device/ST/STM32U5xx/Include -I../Drivers/CMSIS/Include -I../FileX/App -I../FileX/Target -I../Middlewares/ST/filex/common/inc -I../Middlewares/ST/filex/ports/generic/inc -O0 -ffunction-sections -fdata-sections -Wall -fstack-usage -fcyclomatic-complexity -MMD -MP -MF"Core/Src/stm32u5xx_hal_msp.d" -MT"Core/Src/stm32u5xx_hal_msp.o" --specs=nano.specs -mfpu=fpv5-sp-d16 -mfloat-abi=hard -mthumb -o "Core/Src/stm32u5xx_hal_msp.o"
arm-none-eabi-gcc "../Core/Src/stm32u5xx_it.c" -mcpu=cortex-m33 -std=gnu11 -g3 -DDEBUG -DUSE_HAL_DRIVER -DSTM32U585xx -DFX_INCLUDE_USER_DEFINE_FILE -c -I../Core/Inc -I../Drivers/STM32U5xx_HAL_Driver/Inc -I../Drivers/STM32U5xx_HAL_Driver/Inc/Legacy -I../Drivers/CMSIS/Device/ST/STM32U5xx/Include -I../Drivers/CMSIS/Include -I../FileX/App -I../FileX/Target -I../Middlewares/ST/filex/common/inc -I../Middlewares/ST/filex/ports/generic/inc -O0 -ffunction-sections -fdata-sections -Wall -fstack-usage -fcyclomatic-complexity -MMD -MP -MF"Core/Src/stm32u5xx_it.d" -MT"Core/Src/stm32u5xx_it.o" --specs=nano.specs -mfpu=fpv5-sp-d16 -mfloat-abi=hard -mthumb -o "Core/Src/stm32u5xx_it.o"
../Core/Src/main.c:1465:13: warning: 'MX_USB_OTG_FS_PCD_Init' defined but not used [-Wunused-function]
 1465 | static void MX_USB_OTG_FS_PCD_Init(void)
      |             ^~~~~~~~~~~~~~~~~~~~~~
../Core/Src/main.c:1417:13: warning: 'MX_USART3_UART_Init' defined but not used [-Wunused-function]
 1417 | static void MX_USART3_UART_Init(void)
      |             ^~~~~~~~~~~~~~~~~~~
../Core/Src/main.c:1321:13: warning: 'MX_TIM3_Init' defined but not used [-Wunused-function]
 1321 | static void MX_TIM3_Init(void)
      |             ^~~~~~~~~~~~
../Core/Src/main.c:1215:13: warning: 'MX_SPI3_Init' defined but not used [-Wunused-function]
 1215 | static void MX_SPI3_Init(void)
      |             ^~~~~~~~~~~~
../Core/Src/main.c:1101:13: warning: 'MX_SPI1_Init' defined but not used [-Wunused-function]
 1101 | static void MX_SPI1_Init(void)
      |             ^~~~~~~~~~~~
../Core/Src/main.c:986:13: warning: 'MX_SAI1_Init' defined but not used [-Wunused-function]
  986 | static void MX_SAI1_Init(void)
      |             ^~~~~~~~~~~~
../Core/Src/main.c:858:13: warning: 'MX_I2C3_Init' defined but not used [-Wunused-function]
  858 | static void MX_I2C3_Init(void)
      |             ^~~~~~~~~~~~
../Core/Src/main.c:810:13: warning: 'MX_I2C2_Init' defined but not used [-Wunused-function]
  810 | static void MX_I2C2_Init(void)
      |             ^~~~~~~~~~~~
../Core/Src/main.c:762:13: warning: 'MX_I2C1_Init' defined but not used [-Wunused-function]
  762 | static void MX_I2C1_Init(void)
      |             ^~~~~~~~~~~~
../Core/Src/main.c:669:13: warning: 'MX_DAC1_Init' defined but not used [-Wunused-function]
  669 | static void MX_DAC1_Init(void)
      |             ^~~~~~~~~~~~
../Core/Src/main.c:615:13: warning: 'MX_MDF1_Init' defined but not used [-Wunused-function]
  615 | static void MX_MDF1_Init(void)
      |             ^~~~~~~~~~~~
../Core/Src/main.c:552:13: warning: 'MX_ADF1_Init' defined but not used [-Wunused-function]
  552 | static void MX_ADF1_Init(void)
      |             ^~~~~~~~~~~~
../Core/Src/main.c:508:13: warning: 'MX_ADC1_Init' defined but not used [-Wunused-function]
  508 | static void MX_ADC1_Init(void)
      |             ^~~~~~~~~~~~
../Core/Src/main.c:57:14: warning: 'media_buffer' defined but not used [-Wunused-variable]
   57 | static UCHAR media_buffer[4096];  // 8 sectors, aligned
      |              ^~~~~~~~~~~~
arm-none-eabi-gcc -o "SPI2_MDA_Chain_2_Sensor.elf" @"objects.list"   -mcpu=cortex-m33 -T"C:\Users\kerem\STM32CubeIDE\workspace_1.19.0\WorkSpaceSteval\Steval_Anomaly\SPI2_MDA_Chain_2_Sensor\STM32U585AIIXQ_FLASH.ld" --specs=nosys.specs -Wl,-Map="SPI2_MDA_Chain_2_Sensor.map" -Wl,--gc-sections -static --specs=nano.specs -mfpu=fpv5-sp-d16 -mfloat-abi=hard -mthumb -Wl,--start-group -lc -lm -Wl,--end-group
Finished building target: SPI2_MDA_Chain_2_Sensor.elf
 
arm-none-eabi-size  SPI2_MDA_Chain_2_Sensor.elf 
arm-none-eabi-objdump -h -S SPI2_MDA_Chain_2_Sensor.elf  > "SPI2_MDA_Chain_2_Sensor.list"
   text	   data	    bss	    dec	    hex	filename
 101689	    184	  19904	 121777	  1dbb1	SPI2_MDA_Chain_2_Sensor.elf
Finished building: default.size.stdout
 
Finished building: SPI2_MDA_Chain_2_Sensor.list
 
07:55:44 **** Incremental Build of configuration Debug for project SPI2_MDA_Chain_2_Sensor ****
make -j8 all 
arm-none-eabi-gcc "../Core/Src/main.c" -mcpu=cortex-m33 -std=gnu11 -g3 -DDEBUG -DUSE_HAL_DRIVER -DSTM32U585xx -DFX_INCLUDE_USER_DEFINE_FILE -c -I../Core/Inc -I../Drivers/STM32U5xx_HAL_Driver/Inc -I../Drivers/STM32U5xx_HAL_Driver/Inc/Legacy -I../Drivers/CMSIS/Device/ST/STM32U5xx/Include -I../Drivers/CMSIS/Include -I../FileX/App -I../FileX/Target -I../Middlewares/ST/filex/common/inc -I../Middlewares/ST/filex/ports/generic/inc -O0 -ffunction-sections -fdata-sections -Wall -fstack-usage -fcyclomatic-complexity -MMD -MP -MF"Core/Src/main.d" -MT"Core/Src/main.o" --specs=nano.specs -mfpu=fpv5-sp-d16 -mfloat-abi=hard -mthumb -o "Core/Src/main.o"
../Core/Src/main.c:1465:13: warning: 'MX_USB_OTG_FS_PCD_Init' defined but not used [-Wunused-function]
 1465 | static void MX_USB_OTG_FS_PCD_Init(void)
      |             ^~~~~~~~~~~~~~~~~~~~~~
../Core/Src/main.c:1417:13: warning: 'MX_USART3_UART_Init' defined but not used [-Wunused-function]
 1417 | static void MX_USART3_UART_Init(void)
      |             ^~~~~~~~~~~~~~~~~~~
../Core/Src/main.c:1321:13: warning: 'MX_TIM3_Init' defined but not used [-Wunused-function]
 1321 | static void MX_TIM3_Init(void)
      |             ^~~~~~~~~~~~
../Core/Src/main.c:1215:13: warning: 'MX_SPI3_Init' defined but not used [-Wunused-function]
 1215 | static void MX_SPI3_Init(void)
      |             ^~~~~~~~~~~~
../Core/Src/main.c:1101:13: warning: 'MX_SPI1_Init' defined but not used [-Wunused-function]
 1101 | static void MX_SPI1_Init(void)
      |             ^~~~~~~~~~~~
../Core/Src/main.c:986:13: warning: 'MX_SAI1_Init' defined but not used [-Wunused-function]
  986 | static void MX_SAI1_Init(void)
      |             ^~~~~~~~~~~~
../Core/Src/main.c:858:13: warning: 'MX_I2C3_Init' defined but not used [-Wunused-function]
  858 | static void MX_I2C3_Init(void)
      |             ^~~~~~~~~~~~
../Core/Src/main.c:810:13: warning: 'MX_I2C2_Init' defined but not used [-Wunused-function]
  810 | static void MX_I2C2_Init(void)
      |             ^~~~~~~~~~~~
../Core/Src/main.c:762:13: warning: 'MX_I2C1_Init' defined but not used [-Wunused-function]
  762 | static void MX_I2C1_Init(void)
      |             ^~~~~~~~~~~~
../Core/Src/main.c:669:13: warning: 'MX_DAC1_Init' defined but not used [-Wunused-function]
  669 | static void MX_DAC1_Init(void)
      |             ^~~~~~~~~~~~
../Core/Src/main.c:615:13: warning: 'MX_MDF1_Init' defined but not used [-Wunused-function]
  615 | static void MX_MDF1_Init(void)
      |             ^~~~~~~~~~~~
../Core/Src/main.c:552:13: warning: 'MX_ADF1_Init' defined but not used [-Wunused-function]
  552 | static void MX_ADF1_Init(void)
      |             ^~~~~~~~~~~~
../Core/Src/main.c:508:13: warning: 'MX_ADC1_Init' defined but not used [-Wunused-function]
  508 | static void MX_ADC1_Init(void)
      |             ^~~~~~~~~~~~
../Core/Src/main.c:57:14: warning: 'media_buffer' defined but not used [-Wunused-variable]
   57 | static UCHAR media_buffer[4096];  // 8 sectors, aligned
      |              ^~~~~~~~~~~~
arm-none-eabi-gcc -o "SPI2_MDA_Chain_2_Sensor.elf" @"objects.list"   -mcpu=cortex-m33 -T"C:\Users\kerem\STM32CubeIDE\workspace_1.19.0\WorkSpaceSteval\Steval_Anomaly\SPI2_MDA_Chain_2_Sensor\STM32U585AIIXQ_FLASH.ld" --specs=nosys.specs -Wl,-Map="SPI2_MDA_Chain_2_Sensor.map" -Wl,--gc-sections -static --specs=nano.specs -mfpu=fpv5-sp-d16 -mfloat-abi=hard -mthumb -Wl,--start-group -lc -lm -Wl,--end-group
Finished building target: SPI2_MDA_Chain_2_Sensor.elf
 
arm-none-eabi-size  SPI2_MDA_Chain_2_Sensor.elf 
arm-none-eabi-objdump -h -S SPI2_MDA_Chain_2_Sensor.elf  > "SPI2_MDA_Chain_2_Sensor.list"
   text	   data	    bss	    dec	    hex	filename
 104933	    184	  19904	 125021	  1e85d	SPI2_MDA_Chain_2_Sensor.elf
Finished building: default.size.stdout
 
Finished building: SPI2_MDA_Chain_2_Sensor.list
 
07:58:04 **** Incremental Build of configuration Debug for project SPI2_MDA_Chain_2_Sensor ****
make -j8 all 
arm-none-eabi-size  SPI2_MDA_Chain_2_Sensor.elf 
   text	   data	    bss	    dec	    hex	filename
 104933	    184	  19904	 125021	  1e85d	SPI2_MDA_Chain_2_Sensor.elf
Finished building: default.size.stdout
 
07:59:22 **** Incremental Build of configuration Debug for project SPI2_MDA_Chain_2_Sensor ****
make -j8 all 
arm-none-eabi-size  SPI2_MDA_Chain_2_Sensor.elf 
   text	   data	    bss	    dec	    hex	filename
 104933	    184	  19904	 125021	  1e85d	SPI2_MDA_Chain_2_Sensor.elf
Finished building: default.size.stdout
 
08:15:26 **** Incremental Build of configuration Debug for project SPI2_MDA_Chain_2_Sensor ****
make -j8 all 
arm-none-eabi-gcc "../Core/Src/main.c" -mcpu=cortex-m33 -std=gnu11 -g3 -DDEBUG -DUSE_HAL_DRIVER -DSTM32U585xx -DFX_INCLUDE_USER_DEFINE_FILE -c -I../Core/Inc -I../Drivers/STM32U5xx_HAL_Driver/Inc -I../Drivers/STM32U5xx_HAL_Driver/Inc/Legacy -I../Drivers/CMSIS/Device/ST/STM32U5xx/Include -I../Drivers/CMSIS/Include -I../FileX/App -I../FileX/Target -I../Middlewares/ST/filex/common/inc -I../Middlewares/ST/filex/ports/generic/inc -O0 -ffunction-sections -fdata-sections -Wall -fstack-usage -fcyclomatic-complexity -MMD -MP -MF"Core/Src/main.d" -MT"Core/Src/main.o" --specs=nano.specs -mfpu=fpv5-sp-d16 -mfloat-abi=hard -mthumb -o "Core/Src/main.o"
../Core/Src/main.c:1465:13: warning: 'MX_USB_OTG_FS_PCD_Init' defined but not used [-Wunused-function]
 1465 | static void MX_USB_OTG_FS_PCD_Init(void)
      |             ^~~~~~~~~~~~~~~~~~~~~~
../Core/Src/main.c:1417:13: warning: 'MX_USART3_UART_Init' defined but not used [-Wunused-function]
 1417 | static void MX_USART3_UART_Init(void)
      |             ^~~~~~~~~~~~~~~~~~~
../Core/Src/main.c:1321:13: warning: 'MX_TIM3_Init' defined but not used [-Wunused-function]
 1321 | static void MX_TIM3_Init(void)
      |             ^~~~~~~~~~~~
../Core/Src/main.c:1215:13: warning: 'MX_SPI3_Init' defined but not used [-Wunused-function]
 1215 | static void MX_SPI3_Init(void)
      |             ^~~~~~~~~~~~
../Core/Src/main.c:1101:13: warning: 'MX_SPI1_Init' defined but not used [-Wunused-function]
 1101 | static void MX_SPI1_Init(void)
      |             ^~~~~~~~~~~~
../Core/Src/main.c:986:13: warning: 'MX_SAI1_Init' defined but not used [-Wunused-function]
  986 | static void MX_SAI1_Init(void)
      |             ^~~~~~~~~~~~
../Core/Src/main.c:858:13: warning: 'MX_I2C3_Init' defined but not used [-Wunused-function]
  858 | static void MX_I2C3_Init(void)
      |             ^~~~~~~~~~~~
../Core/Src/main.c:810:13: warning: 'MX_I2C2_Init' defined but not used [-Wunused-function]
  810 | static void MX_I2C2_Init(void)
      |             ^~~~~~~~~~~~
../Core/Src/main.c:762:13: warning: 'MX_I2C1_Init' defined but not used [-Wunused-function]
  762 | static void MX_I2C1_Init(void)
      |             ^~~~~~~~~~~~
../Core/Src/main.c:669:13: warning: 'MX_DAC1_Init' defined but not used [-Wunused-function]
  669 | static void MX_DAC1_Init(void)
      |             ^~~~~~~~~~~~
../Core/Src/main.c:615:13: warning: 'MX_MDF1_Init' defined but not used [-Wunused-function]
  615 | static void MX_MDF1_Init(void)
      |             ^~~~~~~~~~~~
../Core/Src/main.c:552:13: warning: 'MX_ADF1_Init' defined but not used [-Wunused-function]
  552 | static void MX_ADF1_Init(void)
      |             ^~~~~~~~~~~~
../Core/Src/main.c:508:13: warning: 'MX_ADC1_Init' defined but not used [-Wunused-function]
  508 | static void MX_ADC1_Init(void)
      |             ^~~~~~~~~~~~
../Core/Src/main.c:57:14: warning: 'media_buffer' defined but not used [-Wunused-variable]
   57 | static UCHAR media_buffer[4096];  // 8 sectors, aligned
      |              ^~~~~~~~~~~~
arm-none-eabi-gcc -o "SPI2_MDA_Chain_2_Sensor.elf" @"objects.list"   -mcpu=cortex-m33 -T"C:\Users\kerem\STM32CubeIDE\workspace_1.19.0\WorkSpaceSteval\Steval_Anomaly\SPI2_MDA_Chain_2_Sensor\STM32U585AIIXQ_FLASH.ld" --specs=nosys.specs -Wl,-Map="SPI2_MDA_Chain_2_Sensor.map" -Wl,--gc-sections -static --specs=nano.specs -mfpu=fpv5-sp-d16 -mfloat-abi=hard -mthumb -Wl,--start-group -lc -lm -Wl,--end-group
Finished building target: SPI2_MDA_Chain_2_Sensor.elf
 
arm-none-eabi-size  SPI2_MDA_Chain_2_Sensor.elf 
arm-none-eabi-objdump -h -S SPI2_MDA_Chain_2_Sensor.elf  > "SPI2_MDA_Chain_2_Sensor.list"
   text	   data	    bss	    dec	    hex	filename
 104933	    184	  19904	 125021	  1e85d	SPI2_MDA_Chain_2_Sensor.elf
Finished building: default.size.stdout
 
Finished building: SPI2_MDA_Chain_2_Sensor.list
 
08:15:39 **** Incremental Build of configuration Debug for project SPI2_MDA_Chain_2_Sensor ****
make -j8 all 
arm-none-eabi-size  SPI2_MDA_Chain_2_Sensor.elf 
   text	   data	    bss	    dec	    hex	filename
 104933	    184	  19904	 125021	  1e85d	SPI2_MDA_Chain_2_Sensor.elf
Finished building: default.size.stdout
 
08:16:48 **** Incremental Build of configuration Debug for project SPI2_MDA_Chain_2_Sensor ****
make -j8 all 
arm-none-eabi-size  SPI2_MDA_Chain_2_Sensor.elf 
   text	   data	    bss	    dec	    hex	filename
 104933	    184	  19904	 125021	  1e85d	SPI2_MDA_Chain_2_Sensor.elf
Finished building: default.size.stdout
 
08:39:08 **** Incremental Build of configuration Debug for project SPI2_MDA_Chain_2_Sensor ****
make -j8 all 
arm-none-eabi-gcc "../Core/Src/main.c" -mcpu=cortex-m33 -std=gnu11 -g3 -DDEBUG -DUSE_HAL_DRIVER -DSTM32U585xx -DFX_INCLUDE_USER_DEFINE_FILE -c -I../Core/Inc -I../Drivers/STM32U5xx_HAL_Driver/Inc -I../Drivers/STM32U5xx_HAL_Driver/Inc/Legacy -I../Drivers/CMSIS/Device/ST/STM32U5xx/Include -I../Drivers/CMSIS/Include -I../FileX/App -I../FileX/Target -I../Middlewares/ST/filex/common/inc -I../Middlewares/ST/filex/ports/generic/inc -O0 -ffunction-sections -fdata-sections -Wall -fstack-usage -fcyclomatic-complexity -MMD -MP -MF"Core/Src/main.d" -MT"Core/Src/main.o" --specs=nano.specs -mfpu=fpv5-sp-d16 -mfloat-abi=hard -mthumb -o "Core/Src/main.o"
../Core/Src/main.c:346:2: error: expected identifier or '(' before '}' token
  346 | }}
      |  ^
../Core/Src/main.c:1437:13: warning: 'MX_USB_OTG_FS_PCD_Init' defined but not used [-Wunused-function]
 1437 | static void MX_USB_OTG_FS_PCD_Init(void)
      |             ^~~~~~~~~~~~~~~~~~~~~~
../Core/Src/main.c:1389:13: warning: 'MX_USART3_UART_Init' defined but not used [-Wunused-function]
 1389 | static void MX_USART3_UART_Init(void)
      |             ^~~~~~~~~~~~~~~~~~~
../Core/Src/main.c:1293:13: warning: 'MX_TIM3_Init' defined but not used [-Wunused-function]
 1293 | static void MX_TIM3_Init(void)
      |             ^~~~~~~~~~~~
../Core/Src/main.c:1187:13: warning: 'MX_SPI3_Init' defined but not used [-Wunused-function]
 1187 | static void MX_SPI3_Init(void)
      |             ^~~~~~~~~~~~
../Core/Src/main.c:1073:13: warning: 'MX_SPI1_Init' defined but not used [-Wunused-function]
 1073 | static void MX_SPI1_Init(void)
      |             ^~~~~~~~~~~~
../Core/Src/main.c:958:13: warning: 'MX_SAI1_Init' defined but not used [-Wunused-function]
  958 | static void MX_SAI1_Init(void)
      |             ^~~~~~~~~~~~
../Core/Src/main.c:830:13: warning: 'MX_I2C3_Init' defined but not used [-Wunused-function]
  830 | static void MX_I2C3_Init(void)
      |             ^~~~~~~~~~~~
../Core/Src/main.c:782:13: warning: 'MX_I2C2_Init' defined but not used [-Wunused-function]
  782 | static void MX_I2C2_Init(void)
      |             ^~~~~~~~~~~~
../Core/Src/main.c:734:13: warning: 'MX_I2C1_Init' defined but not used [-Wunused-function]
  734 | static void MX_I2C1_Init(void)
      |             ^~~~~~~~~~~~
../Core/Src/main.c:641:13: warning: 'MX_DAC1_Init' defined but not used [-Wunused-function]
  641 | static void MX_DAC1_Init(void)
      |             ^~~~~~~~~~~~
../Core/Src/main.c:587:13: warning: 'MX_MDF1_Init' defined but not used [-Wunused-function]
  587 | static void MX_MDF1_Init(void)
      |             ^~~~~~~~~~~~
../Core/Src/main.c:524:13: warning: 'MX_ADF1_Init' defined but not used [-Wunused-function]
  524 | static void MX_ADF1_Init(void)
      |             ^~~~~~~~~~~~
../Core/Src/main.c:480:13: warning: 'MX_ADC1_Init' defined but not used [-Wunused-function]
  480 | static void MX_ADC1_Init(void)
      |             ^~~~~~~~~~~~
../Core/Src/main.c:57:14: warning: 'media_buffer' defined but not used [-Wunused-variable]
   57 | static UCHAR media_buffer[4096];  // 8 sectors, aligned
      |              ^~~~~~~~~~~~
make: *** [Core/Src/subdir.mk:34: Core/Src/main.o] Error 1
"make -j8 all" terminated with exit code 2. Build might be incomplete.
08:39:26 **** Incremental Build of configuration Debug for project SPI2_MDA_Chain_2_Sensor ****
make -j8 all 
arm-none-eabi-gcc "../Core/Src/main.c" -mcpu=cortex-m33 -std=gnu11 -g3 -DDEBUG -DUSE_HAL_DRIVER -DSTM32U585xx -DFX_INCLUDE_USER_DEFINE_FILE -c -I../Core/Inc -I../Drivers/STM32U5xx_HAL_Driver/Inc -I../Drivers/STM32U5xx_HAL_Driver/Inc/Legacy -I../Drivers/CMSIS/Device/ST/STM32U5xx/Include -I../Drivers/CMSIS/Include -I../FileX/App -I../FileX/Target -I../Middlewares/ST/filex/common/inc -I../Middlewares/ST/filex/ports/generic/inc -O0 -ffunction-sections -fdata-sections -Wall -fstack-usage -fcyclomatic-complexity -MMD -MP -MF"Core/Src/main.d" -MT"Core/Src/main.o" --specs=nano.specs -mfpu=fpv5-sp-d16 -mfloat-abi=hard -mthumb -o "Core/Src/main.o"
../Core/Src/main.c:1437:13: warning: 'MX_USB_OTG_FS_PCD_Init' defined but not used [-Wunused-function]
 1437 | static void MX_USB_OTG_FS_PCD_Init(void)
      |             ^~~~~~~~~~~~~~~~~~~~~~
../Core/Src/main.c:1389:13: warning: 'MX_USART3_UART_Init' defined but not used [-Wunused-function]
 1389 | static void MX_USART3_UART_Init(void)
      |             ^~~~~~~~~~~~~~~~~~~
../Core/Src/main.c:1293:13: warning: 'MX_TIM3_Init' defined but not used [-Wunused-function]
 1293 | static void MX_TIM3_Init(void)
      |             ^~~~~~~~~~~~
../Core/Src/main.c:1187:13: warning: 'MX_SPI3_Init' defined but not used [-Wunused-function]
 1187 | static void MX_SPI3_Init(void)
      |             ^~~~~~~~~~~~
../Core/Src/main.c:1073:13: warning: 'MX_SPI1_Init' defined but not used [-Wunused-function]
 1073 | static void MX_SPI1_Init(void)
      |             ^~~~~~~~~~~~
../Core/Src/main.c:958:13: warning: 'MX_SAI1_Init' defined but not used [-Wunused-function]
  958 | static void MX_SAI1_Init(void)
      |             ^~~~~~~~~~~~
../Core/Src/main.c:830:13: warning: 'MX_I2C3_Init' defined but not used [-Wunused-function]
  830 | static void MX_I2C3_Init(void)
      |             ^~~~~~~~~~~~
../Core/Src/main.c:782:13: warning: 'MX_I2C2_Init' defined but not used [-Wunused-function]
  782 | static void MX_I2C2_Init(void)
      |             ^~~~~~~~~~~~
../Core/Src/main.c:734:13: warning: 'MX_I2C1_Init' defined but not used [-Wunused-function]
  734 | static void MX_I2C1_Init(void)
      |             ^~~~~~~~~~~~
../Core/Src/main.c:641:13: warning: 'MX_DAC1_Init' defined but not used [-Wunused-function]
  641 | static void MX_DAC1_Init(void)
      |             ^~~~~~~~~~~~
../Core/Src/main.c:587:13: warning: 'MX_MDF1_Init' defined but not used [-Wunused-function]
  587 | static void MX_MDF1_Init(void)
      |             ^~~~~~~~~~~~
../Core/Src/main.c:524:13: warning: 'MX_ADF1_Init' defined but not used [-Wunused-function]
  524 | static void MX_ADF1_Init(void)
      |             ^~~~~~~~~~~~
../Core/Src/main.c:480:13: warning: 'MX_ADC1_Init' defined but not used [-Wunused-function]
  480 | static void MX_ADC1_Init(void)
      |             ^~~~~~~~~~~~
../Core/Src/main.c:57:14: warning: 'media_buffer' defined but not used [-Wunused-variable]
   57 | static UCHAR media_buffer[4096];  // 8 sectors, aligned
      |              ^~~~~~~~~~~~
arm-none-eabi-gcc -o "SPI2_MDA_Chain_2_Sensor.elf" @"objects.list"   -mcpu=cortex-m33 -T"C:\Users\kerem\STM32CubeIDE\workspace_1.19.0\WorkSpaceSteval\Steval_Anomaly\SPI2_MDA_Chain_2_Sensor\STM32U585AIIXQ_FLASH.ld" --specs=nosys.specs -Wl,-Map="SPI2_MDA_Chain_2_Sensor.map" -Wl,--gc-sections -static --specs=nano.specs -mfpu=fpv5-sp-d16 -mfloat-abi=hard -mthumb -Wl,--start-group -lc -lm -Wl,--end-group
Finished building target: SPI2_MDA_Chain_2_Sensor.elf
 
arm-none-eabi-size  SPI2_MDA_Chain_2_Sensor.elf 
arm-none-eabi-objdump -h -S SPI2_MDA_Chain_2_Sensor.elf  > "SPI2_MDA_Chain_2_Sensor.list"
   text	   data	    bss	    dec	    hex	filename
 103325	    184	  19904	 123413	  1e215	SPI2_MDA_Chain_2_Sensor.elf
Finished building: default.size.stdout
 
Finished building: SPI2_MDA_Chain_2_Sensor.list
 
08:39:36 **** Incremental Build of configuration Debug for project SPI2_MDA_Chain_2_Sensor ****
make -j8 all 
arm-none-eabi-size  SPI2_MDA_Chain_2_Sensor.elf 
   text	   data	    bss	    dec	    hex	filename
 103325	    184	  19904	 123413	  1e215	SPI2_MDA_Chain_2_Sensor.elf
Finished building: default.size.stdout
 
08:41:05 **** Incremental Build of configuration Debug for project SPI2_MDA_Chain_2_Sensor ****
make -j8 all 
arm-none-eabi-size  SPI2_MDA_Chain_2_Sensor.elf 
   text	   data	    bss	    dec	    hex	filename
 103325	    184	  19904	 123413	  1e215	SPI2_MDA_Chain_2_Sensor.elf
Finished building: default.size.stdout
 
08:44:20 **** Incremental Build of configuration Debug for project SPI2_MDA_Chain_2_Sensor ****
make -j8 all 
arm-none-eabi-gcc "../Core/Src/main.c" -mcpu=cortex-m33 -std=gnu11 -g3 -DDEBUG -DUSE_HAL_DRIVER -DSTM32U585xx -DFX_INCLUDE_USER_DEFINE_FILE -c -I../Core/Inc -I../Drivers/STM32U5xx_HAL_Driver/Inc -I../Drivers/STM32U5xx_HAL_Driver/Inc/Legacy -I../Drivers/CMSIS/Device/ST/STM32U5xx/Include -I../Drivers/CMSIS/Include -I../FileX/App -I../FileX/Target -I../Middlewares/ST/filex/common/inc -I../Middlewares/ST/filex/ports/generic/inc -O0 -ffunction-sections -fdata-sections -Wall -fstack-usage -fcyclomatic-complexity -MMD -MP -MF"Core/Src/main.d" -MT"Core/Src/main.o" --specs=nano.specs -mfpu=fpv5-sp-d16 -mfloat-abi=hard -mthumb -o "Core/Src/main.o"
../Core/Src/main.c:1476:13: warning: 'MX_USB_OTG_FS_PCD_Init' defined but not used [-Wunused-function]
 1476 | static void MX_USB_OTG_FS_PCD_Init(void)
      |             ^~~~~~~~~~~~~~~~~~~~~~
../Core/Src/main.c:1428:13: warning: 'MX_USART3_UART_Init' defined but not used [-Wunused-function]
 1428 | static void MX_USART3_UART_Init(void)
      |             ^~~~~~~~~~~~~~~~~~~
../Core/Src/main.c:1332:13: warning: 'MX_TIM3_Init' defined but not used [-Wunused-function]
 1332 | static void MX_TIM3_Init(void)
      |             ^~~~~~~~~~~~
../Core/Src/main.c:1226:13: warning: 'MX_SPI3_Init' defined but not used [-Wunused-function]
 1226 | static void MX_SPI3_Init(void)
      |             ^~~~~~~~~~~~
../Core/Src/main.c:1112:13: warning: 'MX_SPI1_Init' defined but not used [-Wunused-function]
 1112 | static void MX_SPI1_Init(void)
      |             ^~~~~~~~~~~~
../Core/Src/main.c:997:13: warning: 'MX_SAI1_Init' defined but not used [-Wunused-function]
  997 | static void MX_SAI1_Init(void)
      |             ^~~~~~~~~~~~
../Core/Src/main.c:869:13: warning: 'MX_I2C3_Init' defined but not used [-Wunused-function]
  869 | static void MX_I2C3_Init(void)
      |             ^~~~~~~~~~~~
../Core/Src/main.c:821:13: warning: 'MX_I2C2_Init' defined but not used [-Wunused-function]
  821 | static void MX_I2C2_Init(void)
      |             ^~~~~~~~~~~~
../Core/Src/main.c:773:13: warning: 'MX_I2C1_Init' defined but not used [-Wunused-function]
  773 | static void MX_I2C1_Init(void)
      |             ^~~~~~~~~~~~
../Core/Src/main.c:680:13: warning: 'MX_DAC1_Init' defined but not used [-Wunused-function]
  680 | static void MX_DAC1_Init(void)
      |             ^~~~~~~~~~~~
../Core/Src/main.c:626:13: warning: 'MX_MDF1_Init' defined but not used [-Wunused-function]
  626 | static void MX_MDF1_Init(void)
      |             ^~~~~~~~~~~~
../Core/Src/main.c:563:13: warning: 'MX_ADF1_Init' defined but not used [-Wunused-function]
  563 | static void MX_ADF1_Init(void)
      |             ^~~~~~~~~~~~
../Core/Src/main.c:519:13: warning: 'MX_ADC1_Init' defined but not used [-Wunused-function]
  519 | static void MX_ADC1_Init(void)
      |             ^~~~~~~~~~~~
../Core/Src/main.c:57:14: warning: 'media_buffer' defined but not used [-Wunused-variable]
   57 | static UCHAR media_buffer[4096];  // 8 sectors, aligned
      |              ^~~~~~~~~~~~
arm-none-eabi-gcc -o "SPI2_MDA_Chain_2_Sensor.elf" @"objects.list"   -mcpu=cortex-m33 -T"C:\Users\kerem\STM32CubeIDE\workspace_1.19.0\WorkSpaceSteval\Steval_Anomaly\SPI2_MDA_Chain_2_Sensor\STM32U585AIIXQ_FLASH.ld" --specs=nosys.specs -Wl,-Map="SPI2_MDA_Chain_2_Sensor.map" -Wl,--gc-sections -static --specs=nano.specs -mfpu=fpv5-sp-d16 -mfloat-abi=hard -mthumb -Wl,--start-group -lc -lm -Wl,--end-group
Finished building target: SPI2_MDA_Chain_2_Sensor.elf
 
arm-none-eabi-size  SPI2_MDA_Chain_2_Sensor.elf 
arm-none-eabi-objdump -h -S SPI2_MDA_Chain_2_Sensor.elf  > "SPI2_MDA_Chain_2_Sensor.list"
   text	   data	    bss	    dec	    hex	filename
 103233	    184	  32704	 136121	  213b9	SPI2_MDA_Chain_2_Sensor.elf
Finished building: default.size.stdout
 
Finished building: SPI2_MDA_Chain_2_Sensor.list
 
08:45:22 **** Incremental Build of configuration Debug for project SPI2_MDA_Chain_2_Sensor ****
make -j8 all 
arm-none-eabi-size  SPI2_MDA_Chain_2_Sensor.elf 
   text	   data	    bss	    dec	    hex	filename
 103233	    184	  32704	 136121	  213b9	SPI2_MDA_Chain_2_Sensor.elf
Finished building: default.size.stdout
 
08:46:33 **** Incremental Build of configuration Debug for project SPI2_MDA_Chain_2_Sensor ****
make -j8 all 
arm-none-eabi-gcc "../Core/Src/main.c" -mcpu=cortex-m33 -std=gnu11 -g3 -DDEBUG -DUSE_HAL_DRIVER -DSTM32U585xx -DFX_INCLUDE_USER_DEFINE_FILE -c -I../Core/Inc -I../Drivers/STM32U5xx_HAL_Driver/Inc -I../Drivers/STM32U5xx_HAL_Driver/Inc/Legacy -I../Drivers/CMSIS/Device/ST/STM32U5xx/Include -I../Drivers/CMSIS/Include -I../FileX/App -I../FileX/Target -I../Middlewares/ST/filex/common/inc -I../Middlewares/ST/filex/ports/generic/inc -O0 -ffunction-sections -fdata-sections -Wall -fstack-usage -fcyclomatic-complexity -MMD -MP -MF"Core/Src/main.d" -MT"Core/Src/main.o" --specs=nano.specs -mfpu=fpv5-sp-d16 -mfloat-abi=hard -mthumb -o "Core/Src/main.o"
../Core/Src/main.c:1476:13: warning: 'MX_USB_OTG_FS_PCD_Init' defined but not used [-Wunused-function]
 1476 | static void MX_USB_OTG_FS_PCD_Init(void)
      |             ^~~~~~~~~~~~~~~~~~~~~~
../Core/Src/main.c:1428:13: warning: 'MX_USART3_UART_Init' defined but not used [-Wunused-function]
 1428 | static void MX_USART3_UART_Init(void)
      |             ^~~~~~~~~~~~~~~~~~~
../Core/Src/main.c:1332:13: warning: 'MX_TIM3_Init' defined but not used [-Wunused-function]
 1332 | static void MX_TIM3_Init(void)
      |             ^~~~~~~~~~~~
../Core/Src/main.c:1226:13: warning: 'MX_SPI3_Init' defined but not used [-Wunused-function]
 1226 | static void MX_SPI3_Init(void)
      |             ^~~~~~~~~~~~
../Core/Src/main.c:1112:13: warning: 'MX_SPI1_Init' defined but not used [-Wunused-function]
 1112 | static void MX_SPI1_Init(void)
      |             ^~~~~~~~~~~~
../Core/Src/main.c:997:13: warning: 'MX_SAI1_Init' defined but not used [-Wunused-function]
  997 | static void MX_SAI1_Init(void)
      |             ^~~~~~~~~~~~
../Core/Src/main.c:869:13: warning: 'MX_I2C3_Init' defined but not used [-Wunused-function]
  869 | static void MX_I2C3_Init(void)
      |             ^~~~~~~~~~~~
../Core/Src/main.c:821:13: warning: 'MX_I2C2_Init' defined but not used [-Wunused-function]
  821 | static void MX_I2C2_Init(void)
      |             ^~~~~~~~~~~~
../Core/Src/main.c:773:13: warning: 'MX_I2C1_Init' defined but not used [-Wunused-function]
  773 | static void MX_I2C1_Init(void)
      |             ^~~~~~~~~~~~
../Core/Src/main.c:680:13: warning: 'MX_DAC1_Init' defined but not used [-Wunused-function]
  680 | static void MX_DAC1_Init(void)
      |             ^~~~~~~~~~~~
../Core/Src/main.c:626:13: warning: 'MX_MDF1_Init' defined but not used [-Wunused-function]
  626 | static void MX_MDF1_Init(void)
      |             ^~~~~~~~~~~~
../Core/Src/main.c:563:13: warning: 'MX_ADF1_Init' defined but not used [-Wunused-function]
  563 | static void MX_ADF1_Init(void)
      |             ^~~~~~~~~~~~
../Core/Src/main.c:519:13: warning: 'MX_ADC1_Init' defined but not used [-Wunused-function]
  519 | static void MX_ADC1_Init(void)
      |             ^~~~~~~~~~~~
../Core/Src/main.c:57:14: warning: 'media_buffer' defined but not used [-Wunused-variable]
   57 | static UCHAR media_buffer[4096];  // 8 sectors, aligned
      |              ^~~~~~~~~~~~
arm-none-eabi-gcc -o "SPI2_MDA_Chain_2_Sensor.elf" @"objects.list"   -mcpu=cortex-m33 -T"C:\Users\kerem\STM32CubeIDE\workspace_1.19.0\WorkSpaceSteval\Steval_Anomaly\SPI2_MDA_Chain_2_Sensor\STM32U585AIIXQ_FLASH.ld" --specs=nosys.specs -Wl,-Map="SPI2_MDA_Chain_2_Sensor.map" -Wl,--gc-sections -static --specs=nano.specs -mfpu=fpv5-sp-d16 -mfloat-abi=hard -mthumb -Wl,--start-group -lc -lm -Wl,--end-group
Finished building target: SPI2_MDA_Chain_2_Sensor.elf
 
arm-none-eabi-size  SPI2_MDA_Chain_2_Sensor.elf 
arm-none-eabi-objdump -h -S SPI2_MDA_Chain_2_Sensor.elf  > "SPI2_MDA_Chain_2_Sensor.list"
   text	   data	    bss	    dec	    hex	filename
 103229	    184	  32704	 136117	  213b5	SPI2_MDA_Chain_2_Sensor.elf
Finished building: default.size.stdout
 
Finished building: SPI2_MDA_Chain_2_Sensor.list
 
08:49:32 **** Incremental Build of configuration Debug for project SPI2_MDA_Chain_2_Sensor ****
make -j8 all 
arm-none-eabi-gcc "../Core/Src/main.c" -mcpu=cortex-m33 -std=gnu11 -g3 -DDEBUG -DUSE_HAL_DRIVER -DSTM32U585xx -DFX_INCLUDE_USER_DEFINE_FILE -c -I../Core/Inc -I../Drivers/STM32U5xx_HAL_Driver/Inc -I../Drivers/STM32U5xx_HAL_Driver/Inc/Legacy -I../Drivers/CMSIS/Device/ST/STM32U5xx/Include -I../Drivers/CMSIS/Include -I../FileX/App -I../FileX/Target -I../Middlewares/ST/filex/common/inc -I../Middlewares/ST/filex/ports/generic/inc -O0 -ffunction-sections -fdata-sections -Wall -fstack-usage -fcyclomatic-complexity -MMD -MP -MF"Core/Src/main.d" -MT"Core/Src/main.o" --specs=nano.specs -mfpu=fpv5-sp-d16 -mfloat-abi=hard -mthumb -o "Core/Src/main.o"
../Core/Src/main.c:1536:13: warning: 'MX_USB_OTG_FS_PCD_Init' defined but not used [-Wunused-function]
 1536 | static void MX_USB_OTG_FS_PCD_Init(void)
      |             ^~~~~~~~~~~~~~~~~~~~~~
../Core/Src/main.c:1488:13: warning: 'MX_USART3_UART_Init' defined but not used [-Wunused-function]
 1488 | static void MX_USART3_UART_Init(void)
      |             ^~~~~~~~~~~~~~~~~~~
../Core/Src/main.c:1392:13: warning: 'MX_TIM3_Init' defined but not used [-Wunused-function]
 1392 | static void MX_TIM3_Init(void)
      |             ^~~~~~~~~~~~
../Core/Src/main.c:1286:13: warning: 'MX_SPI3_Init' defined but not used [-Wunused-function]
 1286 | static void MX_SPI3_Init(void)
      |             ^~~~~~~~~~~~
../Core/Src/main.c:1172:13: warning: 'MX_SPI1_Init' defined but not used [-Wunused-function]
 1172 | static void MX_SPI1_Init(void)
      |             ^~~~~~~~~~~~
../Core/Src/main.c:1057:13: warning: 'MX_SAI1_Init' defined but not used [-Wunused-function]
 1057 | static void MX_SAI1_Init(void)
      |             ^~~~~~~~~~~~
../Core/Src/main.c:929:13: warning: 'MX_I2C3_Init' defined but not used [-Wunused-function]
  929 | static void MX_I2C3_Init(void)
      |             ^~~~~~~~~~~~
../Core/Src/main.c:881:13: warning: 'MX_I2C2_Init' defined but not used [-Wunused-function]
  881 | static void MX_I2C2_Init(void)
      |             ^~~~~~~~~~~~
../Core/Src/main.c:833:13: warning: 'MX_I2C1_Init' defined but not used [-Wunused-function]
  833 | static void MX_I2C1_Init(void)
      |             ^~~~~~~~~~~~
../Core/Src/main.c:740:13: warning: 'MX_DAC1_Init' defined but not used [-Wunused-function]
  740 | static void MX_DAC1_Init(void)
      |             ^~~~~~~~~~~~
../Core/Src/main.c:686:13: warning: 'MX_MDF1_Init' defined but not used [-Wunused-function]
  686 | static void MX_MDF1_Init(void)
      |             ^~~~~~~~~~~~
../Core/Src/main.c:623:13: warning: 'MX_ADF1_Init' defined but not used [-Wunused-function]
  623 | static void MX_ADF1_Init(void)
      |             ^~~~~~~~~~~~
../Core/Src/main.c:579:13: warning: 'MX_ADC1_Init' defined but not used [-Wunused-function]
  579 | static void MX_ADC1_Init(void)
      |             ^~~~~~~~~~~~
../Core/Src/main.c:57:14: warning: 'media_buffer' defined but not used [-Wunused-variable]
   57 | static UCHAR media_buffer[4096];  // 8 sectors, aligned
      |              ^~~~~~~~~~~~
arm-none-eabi-gcc -o "SPI2_MDA_Chain_2_Sensor.elf" @"objects.list"   -mcpu=cortex-m33 -T"C:\Users\kerem\STM32CubeIDE\workspace_1.19.0\WorkSpaceSteval\Steval_Anomaly\SPI2_MDA_Chain_2_Sensor\STM32U585AIIXQ_FLASH.ld" --specs=nosys.specs -Wl,-Map="SPI2_MDA_Chain_2_Sensor.map" -Wl,--gc-sections -static --specs=nano.specs -mfpu=fpv5-sp-d16 -mfloat-abi=hard -mthumb -Wl,--start-group -lc -lm -Wl,--end-group
Finished building target: SPI2_MDA_Chain_2_Sensor.elf
 
arm-none-eabi-size  SPI2_MDA_Chain_2_Sensor.elf 
arm-none-eabi-objdump -h -S SPI2_MDA_Chain_2_Sensor.elf  > "SPI2_MDA_Chain_2_Sensor.list"
   text	   data	    bss	    dec	    hex	filename
 103513	    184	  32704	 136401	  214d1	SPI2_MDA_Chain_2_Sensor.elf
Finished building: default.size.stdout
 
Finished building: SPI2_MDA_Chain_2_Sensor.list
 
08:49:45 **** Incremental Build of configuration Debug for project SPI2_MDA_Chain_2_Sensor ****
make -j8 all 
arm-none-eabi-size  SPI2_MDA_Chain_2_Sensor.elf 
   text	   data	    bss	    dec	    hex	filename
 103513	    184	  32704	 136401	  214d1	SPI2_MDA_Chain_2_Sensor.elf
Finished building: default.size.stdout
 
08:50:56 **** Incremental Build of configuration Debug for project SPI2_MDA_Chain_2_Sensor ****
make -j8 all 
arm-none-eabi-size  SPI2_MDA_Chain_2_Sensor.elf 
   text	   data	    bss	    dec	    hex	filename
 103513	    184	  32704	 136401	  214d1	SPI2_MDA_Chain_2_Sensor.elf
Finished building: default.size.stdout
 
08:54:45 **** Incremental Build of configuration Debug for project SPI2_MDA_Chain_2_Sensor ****
make -j8 all 
arm-none-eabi-gcc "../Core/Src/main.c" -mcpu=cortex-m33 -std=gnu11 -g3 -DDEBUG -DUSE_HAL_DRIVER -DSTM32U585xx -DFX_INCLUDE_USER_DEFINE_FILE -c -I../Core/Inc -I../Drivers/STM32U5xx_HAL_Driver/Inc -I../Drivers/STM32U5xx_HAL_Driver/Inc/Legacy -I../Drivers/CMSIS/Device/ST/STM32U5xx/Include -I../Drivers/CMSIS/Include -I../FileX/App -I../FileX/Target -I../Middlewares/ST/filex/common/inc -I../Middlewares/ST/filex/ports/generic/inc -O0 -ffunction-sections -fdata-sections -Wall -fstack-usage -fcyclomatic-complexity -MMD -MP -MF"Core/Src/main.d" -MT"Core/Src/main.o" --specs=nano.specs -mfpu=fpv5-sp-d16 -mfloat-abi=hard -mthumb -o "Core/Src/main.o"
../Core/Src/main.c:1536:13: warning: 'MX_USB_OTG_FS_PCD_Init' defined but not used [-Wunused-function]
 1536 | static void MX_USB_OTG_FS_PCD_Init(void)
      |             ^~~~~~~~~~~~~~~~~~~~~~
../Core/Src/main.c:1488:13: warning: 'MX_USART3_UART_Init' defined but not used [-Wunused-function]
 1488 | static void MX_USART3_UART_Init(void)
      |             ^~~~~~~~~~~~~~~~~~~
../Core/Src/main.c:1392:13: warning: 'MX_TIM3_Init' defined but not used [-Wunused-function]
 1392 | static void MX_TIM3_Init(void)
      |             ^~~~~~~~~~~~
../Core/Src/main.c:1286:13: warning: 'MX_SPI3_Init' defined but not used [-Wunused-function]
 1286 | static void MX_SPI3_Init(void)
      |             ^~~~~~~~~~~~
../Core/Src/main.c:1172:13: warning: 'MX_SPI1_Init' defined but not used [-Wunused-function]
 1172 | static void MX_SPI1_Init(void)
      |             ^~~~~~~~~~~~
../Core/Src/main.c:1057:13: warning: 'MX_SAI1_Init' defined but not used [-Wunused-function]
 1057 | static void MX_SAI1_Init(void)
      |             ^~~~~~~~~~~~
../Core/Src/main.c:929:13: warning: 'MX_I2C3_Init' defined but not used [-Wunused-function]
  929 | static void MX_I2C3_Init(void)
      |             ^~~~~~~~~~~~
../Core/Src/main.c:881:13: warning: 'MX_I2C2_Init' defined but not used [-Wunused-function]
  881 | static void MX_I2C2_Init(void)
      |             ^~~~~~~~~~~~
../Core/Src/main.c:833:13: warning: 'MX_I2C1_Init' defined but not used [-Wunused-function]
  833 | static void MX_I2C1_Init(void)
      |             ^~~~~~~~~~~~
../Core/Src/main.c:740:13: warning: 'MX_DAC1_Init' defined but not used [-Wunused-function]
  740 | static void MX_DAC1_Init(void)
      |             ^~~~~~~~~~~~
../Core/Src/main.c:686:13: warning: 'MX_MDF1_Init' defined but not used [-Wunused-function]
  686 | static void MX_MDF1_Init(void)
      |             ^~~~~~~~~~~~
../Core/Src/main.c:623:13: warning: 'MX_ADF1_Init' defined but not used [-Wunused-function]
  623 | static void MX_ADF1_Init(void)
      |             ^~~~~~~~~~~~
../Core/Src/main.c:579:13: warning: 'MX_ADC1_Init' defined but not used [-Wunused-function]
  579 | static void MX_ADC1_Init(void)
      |             ^~~~~~~~~~~~
../Core/Src/main.c:57:14: warning: 'media_buffer' defined but not used [-Wunused-variable]
   57 | static UCHAR media_buffer[4096];  // 8 sectors, aligned
      |              ^~~~~~~~~~~~
arm-none-eabi-gcc -o "SPI2_MDA_Chain_2_Sensor.elf" @"objects.list"   -mcpu=cortex-m33 -T"C:\Users\kerem\STM32CubeIDE\workspace_1.19.0\WorkSpaceSteval\Steval_Anomaly\SPI2_MDA_Chain_2_Sensor\STM32U585AIIXQ_FLASH.ld" --specs=nosys.specs -Wl,-Map="SPI2_MDA_Chain_2_Sensor.map" -Wl,--gc-sections -static --specs=nano.specs -mfpu=fpv5-sp-d16 -mfloat-abi=hard -mthumb -Wl,--start-group -lc -lm -Wl,--end-group
Finished building target: SPI2_MDA_Chain_2_Sensor.elf
 
arm-none-eabi-size  SPI2_MDA_Chain_2_Sensor.elf 
arm-none-eabi-objdump -h -S SPI2_MDA_Chain_2_Sensor.elf  > "SPI2_MDA_Chain_2_Sensor.list"
   text	   data	    bss	    dec	    hex	filename
  99349	    184	  32704	 132237	  2048d	SPI2_MDA_Chain_2_Sensor.elf
Finished building: default.size.stdout
 
Finished building: SPI2_MDA_Chain_2_Sensor.list
 
08:55:32 **** Incremental Build of configuration Debug for project SPI2_MDA_Chain_2_Sensor ****
make -j8 all 
arm-none-eabi-size  SPI2_MDA_Chain_2_Sensor.elf 
   text	   data	    bss	    dec	    hex	filename
  99349	    184	  32704	 132237	  2048d	SPI2_MDA_Chain_2_Sensor.elf
Finished building: default.size.stdout
 
09:04:51 **** Incremental Build of configuration Debug for project SPI2_MDA_Chain_2_Sensor ****
make -j8 all 
arm-none-eabi-gcc "../Core/Src/main.c" -mcpu=cortex-m33 -std=gnu11 -g3 -DDEBUG -DUSE_HAL_DRIVER -DSTM32U585xx -DFX_INCLUDE_USER_DEFINE_FILE -c -I../Core/Inc -I../Drivers/STM32U5xx_HAL_Driver/Inc -I../Drivers/STM32U5xx_HAL_Driver/Inc/Legacy -I../Drivers/CMSIS/Device/ST/STM32U5xx/Include -I../Drivers/CMSIS/Include -I../FileX/App -I../FileX/Target -I../Middlewares/ST/filex/common/inc -I../Middlewares/ST/filex/ports/generic/inc -O0 -ffunction-sections -fdata-sections -Wall -fstack-usage -fcyclomatic-complexity -MMD -MP -MF"Core/Src/main.d" -MT"Core/Src/main.o" --specs=nano.specs -mfpu=fpv5-sp-d16 -mfloat-abi=hard -mthumb -o "Core/Src/main.o"
../Core/Src/main.c: In function 'main':
../Core/Src/main.c:384:61: warning: format '%lu' expects a matching 'long unsigned int' argument [-Wformat=]
  384 |                                           "{\"timestamp\":%lums,\"gyro\":{\"x\":%d,\"y\":%d,\"z\":%d},\"accel\":{\"x\":%d,\"y\":%d,\"z\":%d}}\r\n");
      |                                                           ~~^
      |                                                             |
      |                                                             long unsigned int
../Core/Src/main.c:384:82: warning: format '%d' expects a matching 'int' argument [-Wformat=]
  384 |                                           "{\"timestamp\":%lums,\"gyro\":{\"x\":%d,\"y\":%d,\"z\":%d},\"accel\":{\"x\":%d,\"y\":%d,\"z\":%d}}\r\n");
      |                                                                                 ~^
      |                                                                                  |
      |                                                                                  int
../Core/Src/main.c:384:91: warning: format '%d' expects a matching 'int' argument [-Wformat=]
  384 |                                           "{\"timestamp\":%lums,\"gyro\":{\"x\":%d,\"y\":%d,\"z\":%d},\"accel\":{\"x\":%d,\"y\":%d,\"z\":%d}}\r\n");
      |                                                                                          ~^
      |                                                                                           |
      |                                                                                           int
../Core/Src/main.c:384:100: warning: format '%d' expects a matching 'int' argument [-Wformat=]
  384 |                                           "{\"timestamp\":%lums,\"gyro\":{\"x\":%d,\"y\":%d,\"z\":%d},\"accel\":{\"x\":%d,\"y\":%d,\"z\":%d}}\r\n");
      |                                                                                                   ~^
      |                                                                                                    |
      |                                                                                                    int
../Core/Src/main.c:384:121: warning: format '%d' expects a matching 'int' argument [-Wformat=]
  384 |                                           "{\"timestamp\":%lums,\"gyro\":{\"x\":%d,\"y\":%d,\"z\":%d},\"accel\":{\"x\":%d,\"y\":%d,\"z\":%d}}\r\n");
      |                                                                                                                        ~^
      |                                                                                                                         |
      |                                                                                                                         int
../Core/Src/main.c:384:130: warning: format '%d' expects a matching 'int' argument [-Wformat=]
  384 |                                           "{\"timestamp\":%lums,\"gyro\":{\"x\":%d,\"y\":%d,\"z\":%d},\"accel\":{\"x\":%d,\"y\":%d,\"z\":%d}}\r\n");
      |                                                                                                                                 ~^
      |                                                                                                                                  |
      |                                                                                                                                  int
../Core/Src/main.c:384:139: warning: format '%d' expects a matching 'int' argument [-Wformat=]
  384 |                                           "{\"timestamp\":%lums,\"gyro\":{\"x\":%d,\"y\":%d,\"z\":%d},\"accel\":{\"x\":%d,\"y\":%d,\"z\":%d}}\r\n");
      |                                                                                                                                          ~^
      |                                                                                                                                           |
      |                                                                                                                                           int
../Core/Src/main.c: At top level:
../Core/Src/main.c:1538:13: warning: 'MX_USB_OTG_FS_PCD_Init' defined but not used [-Wunused-function]
 1538 | static void MX_USB_OTG_FS_PCD_Init(void)
      |             ^~~~~~~~~~~~~~~~~~~~~~
../Core/Src/main.c:1490:13: warning: 'MX_USART3_UART_Init' defined but not used [-Wunused-function]
 1490 | static void MX_USART3_UART_Init(void)
      |             ^~~~~~~~~~~~~~~~~~~
../Core/Src/main.c:1394:13: warning: 'MX_TIM3_Init' defined but not used [-Wunused-function]
 1394 | static void MX_TIM3_Init(void)
      |             ^~~~~~~~~~~~
../Core/Src/main.c:1288:13: warning: 'MX_SPI3_Init' defined but not used [-Wunused-function]
 1288 | static void MX_SPI3_Init(void)
      |             ^~~~~~~~~~~~
../Core/Src/main.c:1174:13: warning: 'MX_SPI1_Init' defined but not used [-Wunused-function]
 1174 | static void MX_SPI1_Init(void)
      |             ^~~~~~~~~~~~
../Core/Src/main.c:1059:13: warning: 'MX_SAI1_Init' defined but not used [-Wunused-function]
 1059 | static void MX_SAI1_Init(void)
      |             ^~~~~~~~~~~~
../Core/Src/main.c:931:13: warning: 'MX_I2C3_Init' defined but not used [-Wunused-function]
  931 | static void MX_I2C3_Init(void)
      |             ^~~~~~~~~~~~
../Core/Src/main.c:883:13: warning: 'MX_I2C2_Init' defined but not used [-Wunused-function]
  883 | static void MX_I2C2_Init(void)
      |             ^~~~~~~~~~~~
../Core/Src/main.c:835:13: warning: 'MX_I2C1_Init' defined but not used [-Wunused-function]
  835 | static void MX_I2C1_Init(void)
      |             ^~~~~~~~~~~~
../Core/Src/main.c:742:13: warning: 'MX_DAC1_Init' defined but not used [-Wunused-function]
  742 | static void MX_DAC1_Init(void)
      |             ^~~~~~~~~~~~
../Core/Src/main.c:688:13: warning: 'MX_MDF1_Init' defined but not used [-Wunused-function]
  688 | static void MX_MDF1_Init(void)
      |             ^~~~~~~~~~~~
../Core/Src/main.c:625:13: warning: 'MX_ADF1_Init' defined but not used [-Wunused-function]
  625 | static void MX_ADF1_Init(void)
      |             ^~~~~~~~~~~~
../Core/Src/main.c:581:13: warning: 'MX_ADC1_Init' defined but not used [-Wunused-function]
  581 | static void MX_ADC1_Init(void)
      |             ^~~~~~~~~~~~
../Core/Src/main.c:57:14: warning: 'media_buffer' defined but not used [-Wunused-variable]
   57 | static UCHAR media_buffer[4096];  // 8 sectors, aligned
      |              ^~~~~~~~~~~~
arm-none-eabi-gcc -o "SPI2_MDA_Chain_2_Sensor.elf" @"objects.list"   -mcpu=cortex-m33 -T"C:\Users\kerem\STM32CubeIDE\workspace_1.19.0\WorkSpaceSteval\Steval_Anomaly\SPI2_MDA_Chain_2_Sensor\STM32U585AIIXQ_FLASH.ld" --specs=nosys.specs -Wl,-Map="SPI2_MDA_Chain_2_Sensor.map" -Wl,--gc-sections -static --specs=nano.specs -mfpu=fpv5-sp-d16 -mfloat-abi=hard -mthumb -Wl,--start-group -lc -lm -Wl,--end-group
Finished building target: SPI2_MDA_Chain_2_Sensor.elf
 
arm-none-eabi-size  SPI2_MDA_Chain_2_Sensor.elf 
arm-none-eabi-objdump -h -S SPI2_MDA_Chain_2_Sensor.elf  > "SPI2_MDA_Chain_2_Sensor.list"
   text	   data	    bss	    dec	    hex	filename
 103469	    184	  32704	 136357	  214a5	SPI2_MDA_Chain_2_Sensor.elf
Finished building: default.size.stdout
 
Finished building: SPI2_MDA_Chain_2_Sensor.list
 
09:05:02 **** Incremental Build of configuration Debug for project SPI2_MDA_Chain_2_Sensor ****
make -j8 all 
arm-none-eabi-size  SPI2_MDA_Chain_2_Sensor.elf 
   text	   data	    bss	    dec	    hex	filename
 103469	    184	  32704	 136357	  214a5	SPI2_MDA_Chain_2_Sensor.elf
Finished building: default.size.stdout
 
09:05:34 **** Incremental Build of configuration Debug for project SPI2_MDA_Chain_2_Sensor ****
make -j8 all 
arm-none-eabi-size  SPI2_MDA_Chain_2_Sensor.elf 
   text	   data	    bss	    dec	    hex	filename
 103469	    184	  32704	 136357	  214a5	SPI2_MDA_Chain_2_Sensor.elf
Finished building: default.size.stdout
 
09:09:22 **** Incremental Build of configuration Debug for project SPI2_MDA_Chain_2_Sensor ****
make -j8 all 
arm-none-eabi-gcc "../Core/Src/main.c" -mcpu=cortex-m33 -std=gnu11 -g3 -DDEBUG -DUSE_HAL_DRIVER -DSTM32U585xx -DFX_INCLUDE_USER_DEFINE_FILE -c -I../Core/Inc -I../Drivers/STM32U5xx_HAL_Driver/Inc -I../Drivers/STM32U5xx_HAL_Driver/Inc/Legacy -I../Drivers/CMSIS/Device/ST/STM32U5xx/Include -I../Drivers/CMSIS/Include -I../FileX/App -I../FileX/Target -I../Middlewares/ST/filex/common/inc -I../Middlewares/ST/filex/ports/generic/inc -O0 -ffunction-sections -fdata-sections -Wall -fstack-usage -fcyclomatic-complexity -MMD -MP -MF"Core/Src/main.d" -MT"Core/Src/main.o" --specs=nano.specs -mfpu=fpv5-sp-d16 -mfloat-abi=hard -mthumb -o "Core/Src/main.o"
../Core/Src/main.c: In function 'main':
../Core/Src/main.c:384:61: warning: format '%lu' expects a matching 'long unsigned int' argument [-Wformat=]
  384 |                                           "{\"timestamp\":%lu ms,\"gyro\":{\"x\":%d,\"y\":%d,\"z\":%d},\"accel\":{\"x\":%d,\"y\":%d,\"z\":%d}}\r\n");
      |                                                           ~~^
      |                                                             |
      |                                                             long unsigned int
../Core/Src/main.c:384:83: warning: format '%d' expects a matching 'int' argument [-Wformat=]
  384 |                                           "{\"timestamp\":%lu ms,\"gyro\":{\"x\":%d,\"y\":%d,\"z\":%d},\"accel\":{\"x\":%d,\"y\":%d,\"z\":%d}}\r\n");
      |                                                                                  ~^
      |                                                                                   |
      |                                                                                   int
../Core/Src/main.c:384:92: warning: format '%d' expects a matching 'int' argument [-Wformat=]
  384 |                                           "{\"timestamp\":%lu ms,\"gyro\":{\"x\":%d,\"y\":%d,\"z\":%d},\"accel\":{\"x\":%d,\"y\":%d,\"z\":%d}}\r\n");
      |                                                                                           ~^
      |                                                                                            |
      |                                                                                            int
../Core/Src/main.c:384:101: warning: format '%d' expects a matching 'int' argument [-Wformat=]
  384 |                                           "{\"timestamp\":%lu ms,\"gyro\":{\"x\":%d,\"y\":%d,\"z\":%d},\"accel\":{\"x\":%d,\"y\":%d,\"z\":%d}}\r\n");
      |                                                                                                    ~^
      |                                                                                                     |
      |                                                                                                     int
../Core/Src/main.c:384:122: warning: format '%d' expects a matching 'int' argument [-Wformat=]
  384 |                                           "{\"timestamp\":%lu ms,\"gyro\":{\"x\":%d,\"y\":%d,\"z\":%d},\"accel\":{\"x\":%d,\"y\":%d,\"z\":%d}}\r\n");
      |                                                                                                                         ~^
      |                                                                                                                          |
      |                                                                                                                          int
../Core/Src/main.c:384:131: warning: format '%d' expects a matching 'int' argument [-Wformat=]
  384 |                                           "{\"timestamp\":%lu ms,\"gyro\":{\"x\":%d,\"y\":%d,\"z\":%d},\"accel\":{\"x\":%d,\"y\":%d,\"z\":%d}}\r\n");
      |                                                                                                                                  ~^
      |                                                                                                                                   |
      |                                                                                                                                   int
../Core/Src/main.c:384:140: warning: format '%d' expects a matching 'int' argument [-Wformat=]
  384 |                                           "{\"timestamp\":%lu ms,\"gyro\":{\"x\":%d,\"y\":%d,\"z\":%d},\"accel\":{\"x\":%d,\"y\":%d,\"z\":%d}}\r\n");
      |                                                                                                                                           ~^
      |                                                                                                                                            |
      |                                                                                                                                            int
../Core/Src/main.c: At top level:
../Core/Src/main.c:1538:13: warning: 'MX_USB_OTG_FS_PCD_Init' defined but not used [-Wunused-function]
 1538 | static void MX_USB_OTG_FS_PCD_Init(void)
      |             ^~~~~~~~~~~~~~~~~~~~~~
../Core/Src/main.c:1490:13: warning: 'MX_USART3_UART_Init' defined but not used [-Wunused-function]
 1490 | static void MX_USART3_UART_Init(void)
      |             ^~~~~~~~~~~~~~~~~~~
../Core/Src/main.c:1394:13: warning: 'MX_TIM3_Init' defined but not used [-Wunused-function]
 1394 | static void MX_TIM3_Init(void)
      |             ^~~~~~~~~~~~
../Core/Src/main.c:1288:13: warning: 'MX_SPI3_Init' defined but not used [-Wunused-function]
 1288 | static void MX_SPI3_Init(void)
      |             ^~~~~~~~~~~~
../Core/Src/main.c:1174:13: warning: 'MX_SPI1_Init' defined but not used [-Wunused-function]
 1174 | static void MX_SPI1_Init(void)
      |             ^~~~~~~~~~~~
../Core/Src/main.c:1059:13: warning: 'MX_SAI1_Init' defined but not used [-Wunused-function]
 1059 | static void MX_SAI1_Init(void)
      |             ^~~~~~~~~~~~
../Core/Src/main.c:931:13: warning: 'MX_I2C3_Init' defined but not used [-Wunused-function]
  931 | static void MX_I2C3_Init(void)
      |             ^~~~~~~~~~~~
../Core/Src/main.c:883:13: warning: 'MX_I2C2_Init' defined but not used [-Wunused-function]
  883 | static void MX_I2C2_Init(void)
      |             ^~~~~~~~~~~~
../Core/Src/main.c:835:13: warning: 'MX_I2C1_Init' defined but not used [-Wunused-function]
  835 | static void MX_I2C1_Init(void)
      |             ^~~~~~~~~~~~
../Core/Src/main.c:742:13: warning: 'MX_DAC1_Init' defined but not used [-Wunused-function]
  742 | static void MX_DAC1_Init(void)
      |             ^~~~~~~~~~~~
../Core/Src/main.c:688:13: warning: 'MX_MDF1_Init' defined but not used [-Wunused-function]
  688 | static void MX_MDF1_Init(void)
      |             ^~~~~~~~~~~~
../Core/Src/main.c:625:13: warning: 'MX_ADF1_Init' defined but not used [-Wunused-function]
  625 | static void MX_ADF1_Init(void)
      |             ^~~~~~~~~~~~
../Core/Src/main.c:581:13: warning: 'MX_ADC1_Init' defined but not used [-Wunused-function]
  581 | static void MX_ADC1_Init(void)
      |             ^~~~~~~~~~~~
../Core/Src/main.c:57:14: warning: 'media_buffer' defined but not used [-Wunused-variable]
   57 | static UCHAR media_buffer[4096];  // 8 sectors, aligned
      |              ^~~~~~~~~~~~
arm-none-eabi-gcc -o "SPI2_MDA_Chain_2_Sensor.elf" @"objects.list"   -mcpu=cortex-m33 -T"C:\Users\kerem\STM32CubeIDE\workspace_1.19.0\WorkSpaceSteval\Steval_Anomaly\SPI2_MDA_Chain_2_Sensor\STM32U585AIIXQ_FLASH.ld" --specs=nosys.specs -Wl,-Map="SPI2_MDA_Chain_2_Sensor.map" -Wl,--gc-sections -static --specs=nano.specs -mfpu=fpv5-sp-d16 -mfloat-abi=hard -mthumb -Wl,--start-group -lc -lm -Wl,--end-group
Finished building target: SPI2_MDA_Chain_2_Sensor.elf
 
arm-none-eabi-size  SPI2_MDA_Chain_2_Sensor.elf 
arm-none-eabi-objdump -h -S SPI2_MDA_Chain_2_Sensor.elf  > "SPI2_MDA_Chain_2_Sensor.list"
   text	   data	    bss	    dec	    hex	filename
 103445	    184	  32704	 136333	  2148d	SPI2_MDA_Chain_2_Sensor.elf
Finished building: default.size.stdout
 
Finished building: SPI2_MDA_Chain_2_Sensor.list
 
09:10:01 **** Incremental Build of configuration Debug for project SPI2_MDA_Chain_2_Sensor ****
make -j8 all 
arm-none-eabi-size  SPI2_MDA_Chain_2_Sensor.elf 
   text	   data	    bss	    dec	    hex	filename
 103445	    184	  32704	 136333	  2148d	SPI2_MDA_Chain_2_Sensor.elf
Finished building: default.size.stdout
 
09:11:08 **** Incremental Build of configuration Debug for project SPI2_MDA_Chain_2_Sensor ****
make -j8 all 
arm-none-eabi-size  SPI2_MDA_Chain_2_Sensor.elf 
   text	   data	    bss	    dec	    hex	filename
 103445	    184	  32704	 136333	  2148d	SPI2_MDA_Chain_2_Sensor.elf
Finished building: default.size.stdout
 
09:16:06 **** Incremental Build of configuration Debug for project SPI2_MDA_Chain_2_Sensor ****
make -j8 all 
arm-none-eabi-size  SPI2_MDA_Chain_2_Sensor.elf 
   text	   data	    bss	    dec	    hex	filename
 103445	    184	  32704	 136333	  2148d	SPI2_MDA_Chain_2_Sensor.elf
Finished building: default.size.stdout
 
09:16:54 **** Incremental Build of configuration Debug for project SPI2_MDA_Chain_2_Sensor ****
make -j8 all 
arm-none-eabi-gcc "../Core/Src/main.c" -mcpu=cortex-m33 -std=gnu11 -g3 -DDEBUG -DUSE_HAL_DRIVER -DSTM32U585xx -DFX_INCLUDE_USER_DEFINE_FILE -c -I../Core/Inc -I../Drivers/STM32U5xx_HAL_Driver/Inc -I../Drivers/STM32U5xx_HAL_Driver/Inc/Legacy -I../Drivers/CMSIS/Device/ST/STM32U5xx/Include -I../Drivers/CMSIS/Include -I../FileX/App -I../FileX/Target -I../Middlewares/ST/filex/common/inc -I../Middlewares/ST/filex/ports/generic/inc -O0 -ffunction-sections -fdata-sections -Wall -fstack-usage -fcyclomatic-complexity -MMD -MP -MF"Core/Src/main.d" -MT"Core/Src/main.o" --specs=nano.specs -mfpu=fpv5-sp-d16 -mfloat-abi=hard -mthumb -o "Core/Src/main.o"
../Core/Src/main.c: In function 'main':
../Core/Src/main.c:384:61: warning: format '%lu' expects a matching 'long unsigned int' argument [-Wformat=]
  384 |                                           "{\"timestamp\":%lu ms,\"gyro\":{\"x\":%d,\"y\":%d,\"z\":%d},\"accel\":{\"x\":%d,\"y\":%d,\"z\":%d}}\r\n");
      |                                                           ~~^
      |                                                             |
      |                                                             long unsigned int
../Core/Src/main.c:384:83: warning: format '%d' expects a matching 'int' argument [-Wformat=]
  384 |                                           "{\"timestamp\":%lu ms,\"gyro\":{\"x\":%d,\"y\":%d,\"z\":%d},\"accel\":{\"x\":%d,\"y\":%d,\"z\":%d}}\r\n");
      |                                                                                  ~^
      |                                                                                   |
      |                                                                                   int
../Core/Src/main.c:384:92: warning: format '%d' expects a matching 'int' argument [-Wformat=]
  384 |                                           "{\"timestamp\":%lu ms,\"gyro\":{\"x\":%d,\"y\":%d,\"z\":%d},\"accel\":{\"x\":%d,\"y\":%d,\"z\":%d}}\r\n");
      |                                                                                           ~^
      |                                                                                            |
      |                                                                                            int
../Core/Src/main.c:384:101: warning: format '%d' expects a matching 'int' argument [-Wformat=]
  384 |                                           "{\"timestamp\":%lu ms,\"gyro\":{\"x\":%d,\"y\":%d,\"z\":%d},\"accel\":{\"x\":%d,\"y\":%d,\"z\":%d}}\r\n");
      |                                                                                                    ~^
      |                                                                                                     |
      |                                                                                                     int
../Core/Src/main.c:384:122: warning: format '%d' expects a matching 'int' argument [-Wformat=]
  384 |                                           "{\"timestamp\":%lu ms,\"gyro\":{\"x\":%d,\"y\":%d,\"z\":%d},\"accel\":{\"x\":%d,\"y\":%d,\"z\":%d}}\r\n");
      |                                                                                                                         ~^
      |                                                                                                                          |
      |                                                                                                                          int
../Core/Src/main.c:384:131: warning: format '%d' expects a matching 'int' argument [-Wformat=]
  384 |                                           "{\"timestamp\":%lu ms,\"gyro\":{\"x\":%d,\"y\":%d,\"z\":%d},\"accel\":{\"x\":%d,\"y\":%d,\"z\":%d}}\r\n");
      |                                                                                                                                  ~^
      |                                                                                                                                   |
      |                                                                                                                                   int
../Core/Src/main.c:384:140: warning: format '%d' expects a matching 'int' argument [-Wformat=]
  384 |                                           "{\"timestamp\":%lu ms,\"gyro\":{\"x\":%d,\"y\":%d,\"z\":%d},\"accel\":{\"x\":%d,\"y\":%d,\"z\":%d}}\r\n");
      |                                                                                                                                           ~^
      |                                                                                                                                            |
      |                                                                                                                                            int
../Core/Src/main.c: At top level:
../Core/Src/main.c:1538:13: warning: 'MX_USB_OTG_FS_PCD_Init' defined but not used [-Wunused-function]
 1538 | static void MX_USB_OTG_FS_PCD_Init(void)
      |             ^~~~~~~~~~~~~~~~~~~~~~
../Core/Src/main.c:1490:13: warning: 'MX_USART3_UART_Init' defined but not used [-Wunused-function]
 1490 | static void MX_USART3_UART_Init(void)
      |             ^~~~~~~~~~~~~~~~~~~
../Core/Src/main.c:1394:13: warning: 'MX_TIM3_Init' defined but not used [-Wunused-function]
 1394 | static void MX_TIM3_Init(void)
      |             ^~~~~~~~~~~~
../Core/Src/main.c:1288:13: warning: 'MX_SPI3_Init' defined but not used [-Wunused-function]
 1288 | static void MX_SPI3_Init(void)
      |             ^~~~~~~~~~~~
../Core/Src/main.c:1174:13: warning: 'MX_SPI1_Init' defined but not used [-Wunused-function]
 1174 | static void MX_SPI1_Init(void)
      |             ^~~~~~~~~~~~
../Core/Src/main.c:1059:13: warning: 'MX_SAI1_Init' defined but not used [-Wunused-function]
 1059 | static void MX_SAI1_Init(void)
      |             ^~~~~~~~~~~~
../Core/Src/main.c:931:13: warning: 'MX_I2C3_Init' defined but not used [-Wunused-function]
  931 | static void MX_I2C3_Init(void)
      |             ^~~~~~~~~~~~
../Core/Src/main.c:883:13: warning: 'MX_I2C2_Init' defined but not used [-Wunused-function]
  883 | static void MX_I2C2_Init(void)
      |             ^~~~~~~~~~~~
../Core/Src/main.c:835:13: warning: 'MX_I2C1_Init' defined but not used [-Wunused-function]
  835 | static void MX_I2C1_Init(void)
      |             ^~~~~~~~~~~~
../Core/Src/main.c:742:13: warning: 'MX_DAC1_Init' defined but not used [-Wunused-function]
  742 | static void MX_DAC1_Init(void)
      |             ^~~~~~~~~~~~
../Core/Src/main.c:688:13: warning: 'MX_MDF1_Init' defined but not used [-Wunused-function]
  688 | static void MX_MDF1_Init(void)
      |             ^~~~~~~~~~~~
../Core/Src/main.c:625:13: warning: 'MX_ADF1_Init' defined but not used [-Wunused-function]
  625 | static void MX_ADF1_Init(void)
      |             ^~~~~~~~~~~~
../Core/Src/main.c:581:13: warning: 'MX_ADC1_Init' defined but not used [-Wunused-function]
  581 | static void MX_ADC1_Init(void)
      |             ^~~~~~~~~~~~
../Core/Src/main.c:57:14: warning: 'media_buffer' defined but not used [-Wunused-variable]
   57 | static UCHAR media_buffer[4096];  // 8 sectors, aligned
      |              ^~~~~~~~~~~~
arm-none-eabi-gcc -o "SPI2_MDA_Chain_2_Sensor.elf" @"objects.list"   -mcpu=cortex-m33 -T"C:\Users\kerem\STM32CubeIDE\workspace_1.19.0\WorkSpaceSteval\Steval_Anomaly\SPI2_MDA_Chain_2_Sensor\STM32U585AIIXQ_FLASH.ld" --specs=nosys.specs -Wl,-Map="SPI2_MDA_Chain_2_Sensor.map" -Wl,--gc-sections -static --specs=nano.specs -mfpu=fpv5-sp-d16 -mfloat-abi=hard -mthumb -Wl,--start-group -lc -lm -Wl,--end-group
Finished building target: SPI2_MDA_Chain_2_Sensor.elf
 
arm-none-eabi-size  SPI2_MDA_Chain_2_Sensor.elf 
arm-none-eabi-objdump -h -S SPI2_MDA_Chain_2_Sensor.elf  > "SPI2_MDA_Chain_2_Sensor.list"
   text	   data	    bss	    dec	    hex	filename
 103469	    184	  32704	 136357	  214a5	SPI2_MDA_Chain_2_Sensor.elf
Finished building: default.size.stdout
 
Finished building: SPI2_MDA_Chain_2_Sensor.list
 
09:17:23 **** Incremental Build of configuration Debug for project SPI2_MDA_Chain_2_Sensor ****
make -j8 all 
arm-none-eabi-size  SPI2_MDA_Chain_2_Sensor.elf 
   text	   data	    bss	    dec	    hex	filename
 103469	    184	  32704	 136357	  214a5	SPI2_MDA_Chain_2_Sensor.elf
Finished building: default.size.stdout
 
15:33:38 **** Incremental Build of configuration Debug for project SPI2_MDA_Chain_2_Sensor ****
make -j8 all 
arm-none-eabi-gcc "../Core/Src/main.c" -mcpu=cortex-m33 -std=gnu11 -g3 -DDEBUG -DUSE_HAL_DRIVER -DSTM32U585xx -DFX_INCLUDE_USER_DEFINE_FILE -c -I../Core/Inc -I../Drivers/STM32U5xx_HAL_Driver/Inc -I../Drivers/STM32U5xx_HAL_Driver/Inc/Legacy -I../Drivers/CMSIS/Device/ST/STM32U5xx/Include -I../Drivers/CMSIS/Include -I../FileX/App -I../FileX/Target -I../Middlewares/ST/filex/common/inc -I../Middlewares/ST/filex/ports/generic/inc -O0 -ffunction-sections -fdata-sections -Wall -fstack-usage -fcyclomatic-complexity -MMD -MP -MF"Core/Src/main.d" -MT"Core/Src/main.o" --specs=nano.specs -mfpu=fpv5-sp-d16 -mfloat-abi=hard -mthumb -o "Core/Src/main.o"
../Core/Src/main.c: In function 'main':
../Core/Src/main.c:356:61: warning: format '%lu' expects a matching 'long unsigned int' argument [-Wformat=]
  356 |                                           "{\"timestamp\":%lu ms,\"gyro\":{\"x\":%d,\"y\":%d,\"z\":%d},\"accel\":{\"x\":%d,\"y\":%d,\"z\":%d}}\r\n");
      |                                                           ~~^
      |                                                             |
      |                                                             long unsigned int
../Core/Src/main.c:356:83: warning: format '%d' expects a matching 'int' argument [-Wformat=]
  356 |                                           "{\"timestamp\":%lu ms,\"gyro\":{\"x\":%d,\"y\":%d,\"z\":%d},\"accel\":{\"x\":%d,\"y\":%d,\"z\":%d}}\r\n");
      |                                                                                  ~^
      |                                                                                   |
      |                                                                                   int
../Core/Src/main.c:356:92: warning: format '%d' expects a matching 'int' argument [-Wformat=]
  356 |                                           "{\"timestamp\":%lu ms,\"gyro\":{\"x\":%d,\"y\":%d,\"z\":%d},\"accel\":{\"x\":%d,\"y\":%d,\"z\":%d}}\r\n");
      |                                                                                           ~^
      |                                                                                            |
      |                                                                                            int
../Core/Src/main.c:356:101: warning: format '%d' expects a matching 'int' argument [-Wformat=]
  356 |                                           "{\"timestamp\":%lu ms,\"gyro\":{\"x\":%d,\"y\":%d,\"z\":%d},\"accel\":{\"x\":%d,\"y\":%d,\"z\":%d}}\r\n");
      |                                                                                                    ~^
      |                                                                                                     |
      |                                                                                                     int
../Core/Src/main.c:356:122: warning: format '%d' expects a matching 'int' argument [-Wformat=]
  356 |                                           "{\"timestamp\":%lu ms,\"gyro\":{\"x\":%d,\"y\":%d,\"z\":%d},\"accel\":{\"x\":%d,\"y\":%d,\"z\":%d}}\r\n");
      |                                                                                                                         ~^
      |                                                                                                                          |
      |                                                                                                                          int
../Core/Src/main.c:356:131: warning: format '%d' expects a matching 'int' argument [-Wformat=]
  356 |                                           "{\"timestamp\":%lu ms,\"gyro\":{\"x\":%d,\"y\":%d,\"z\":%d},\"accel\":{\"x\":%d,\"y\":%d,\"z\":%d}}\r\n");
      |                                                                                                                                  ~^
      |                                                                                                                                   |
      |                                                                                                                                   int
../Core/Src/main.c:356:140: warning: format '%d' expects a matching 'int' argument [-Wformat=]
  356 |                                           "{\"timestamp\":%lu ms,\"gyro\":{\"x\":%d,\"y\":%d,\"z\":%d},\"accel\":{\"x\":%d,\"y\":%d,\"z\":%d}}\r\n");
      |                                                                                                                                           ~^
      |                                                                                                                                            |
      |                                                                                                                                            int
../Core/Src/main.c:270:32: warning: unused variable 'media_buffer' [-Wunused-variable]
  270 |                   static UCHAR media_buffer[4096] __attribute__((aligned(32))); // ≥ sector size, cache-line aligned
      |                                ^~~~~~~~~~~~
../Core/Src/main.c: At top level:
../Core/Src/main.c:1536:13: warning: 'MX_USB_OTG_FS_PCD_Init' defined but not used [-Wunused-function]
 1536 | static void MX_USB_OTG_FS_PCD_Init(void)
      |             ^~~~~~~~~~~~~~~~~~~~~~
../Core/Src/main.c:1488:13: warning: 'MX_USART3_UART_Init' defined but not used [-Wunused-function]
 1488 | static void MX_USART3_UART_Init(void)
      |             ^~~~~~~~~~~~~~~~~~~
../Core/Src/main.c:1392:13: warning: 'MX_TIM3_Init' defined but not used [-Wunused-function]
 1392 | static void MX_TIM3_Init(void)
      |             ^~~~~~~~~~~~
../Core/Src/main.c:1286:13: warning: 'MX_SPI3_Init' defined but not used [-Wunused-function]
 1286 | static void MX_SPI3_Init(void)
      |             ^~~~~~~~~~~~
../Core/Src/main.c:1172:13: warning: 'MX_SPI1_Init' defined but not used [-Wunused-function]
 1172 | static void MX_SPI1_Init(void)
      |             ^~~~~~~~~~~~
../Core/Src/main.c:1057:13: warning: 'MX_SAI1_Init' defined but not used [-Wunused-function]
 1057 | static void MX_SAI1_Init(void)
      |             ^~~~~~~~~~~~
../Core/Src/main.c:902:13: warning: 'MX_I2C3_Init' defined but not used [-Wunused-function]
  902 | static void MX_I2C3_Init(void)
      |             ^~~~~~~~~~~~
../Core/Src/main.c:854:13: warning: 'MX_I2C2_Init' defined but not used [-Wunused-function]
  854 | static void MX_I2C2_Init(void)
      |             ^~~~~~~~~~~~
../Core/Src/main.c:806:13: warning: 'MX_I2C1_Init' defined but not used [-Wunused-function]
  806 | static void MX_I2C1_Init(void)
      |             ^~~~~~~~~~~~
../Core/Src/main.c:713:13: warning: 'MX_DAC1_Init' defined but not used [-Wunused-function]
  713 | static void MX_DAC1_Init(void)
      |             ^~~~~~~~~~~~
../Core/Src/main.c:659:13: warning: 'MX_MDF1_Init' defined but not used [-Wunused-function]
  659 | static void MX_MDF1_Init(void)
      |             ^~~~~~~~~~~~
../Core/Src/main.c:596:13: warning: 'MX_ADF1_Init' defined but not used [-Wunused-function]
  596 | static void MX_ADF1_Init(void)
      |             ^~~~~~~~~~~~
../Core/Src/main.c:552:13: warning: 'MX_ADC1_Init' defined but not used [-Wunused-function]
  552 | static void MX_ADC1_Init(void)
      |             ^~~~~~~~~~~~
../Core/Src/main.c:57:14: warning: 'media_buffer' defined but not used [-Wunused-variable]
   57 | static UCHAR media_buffer[4096];  // 8 sectors, aligned
      |              ^~~~~~~~~~~~
arm-none-eabi-gcc -o "SPI2_MDA_Chain_2_Sensor.elf" @"objects.list"   -mcpu=cortex-m33 -T"C:\Users\kerem\STM32CubeIDE\workspace_1.19.0\WorkSpaceSteval\Steval_Anomaly\SPI2_MDA_Chain_2_Sensor\STM32U585AIIXQ_FLASH.ld" --specs=nosys.specs -Wl,-Map="SPI2_MDA_Chain_2_Sensor.map" -Wl,--gc-sections -static --specs=nano.specs -mfpu=fpv5-sp-d16 -mfloat-abi=hard -mthumb -Wl,--start-group -lc -lm -Wl,--end-group
Finished building target: SPI2_MDA_Chain_2_Sensor.elf
 
arm-none-eabi-size  SPI2_MDA_Chain_2_Sensor.elf 
arm-none-eabi-objdump -h -S SPI2_MDA_Chain_2_Sensor.elf  > "SPI2_MDA_Chain_2_Sensor.list"
   text	   data	    bss	    dec	    hex	filename
  66951	     92	  18096	  85139	  14c93	SPI2_MDA_Chain_2_Sensor.elf
Finished building: default.size.stdout
 
Finished building: SPI2_MDA_Chain_2_Sensor.list
 
15:37:49 **** Incremental Build of configuration Debug for project SPI2_MDA_Chain_2_Sensor ****
make -j8 all 
arm-none-eabi-gcc "../Core/Src/main.c" -mcpu=cortex-m33 -std=gnu11 -g3 -DDEBUG -DUSE_HAL_DRIVER -DSTM32U585xx -DFX_INCLUDE_USER_DEFINE_FILE -c -I../Core/Inc -I../Drivers/STM32U5xx_HAL_Driver/Inc -I../Drivers/STM32U5xx_HAL_Driver/Inc/Legacy -I../Drivers/CMSIS/Device/ST/STM32U5xx/Include -I../Drivers/CMSIS/Include -I../FileX/App -I../FileX/Target -I../Middlewares/ST/filex/common/inc -I../Middlewares/ST/filex/ports/generic/inc -O0 -ffunction-sections -fdata-sections -Wall -fstack-usage -fcyclomatic-complexity -MMD -MP -MF"Core/Src/main.d" -MT"Core/Src/main.o" --specs=nano.specs -mfpu=fpv5-sp-d16 -mfloat-abi=hard -mthumb -o "Core/Src/main.o"
../Core/Src/main.c: In function 'main':
../Core/Src/main.c:270:32: warning: unused variable 'media_buffer' [-Wunused-variable]
  270 |                   static UCHAR media_buffer[4096] __attribute__((aligned(32))); // ≥ sector size, cache-line aligned
      |                                ^~~~~~~~~~~~
../Core/Src/main.c: At top level:
../Core/Src/main.c:1548:13: warning: 'MX_USB_OTG_FS_PCD_Init' defined but not used [-Wunused-function]
 1548 | static void MX_USB_OTG_FS_PCD_Init(void)
      |             ^~~~~~~~~~~~~~~~~~~~~~
../Core/Src/main.c:1500:13: warning: 'MX_USART3_UART_Init' defined but not used [-Wunused-function]
 1500 | static void MX_USART3_UART_Init(void)
      |             ^~~~~~~~~~~~~~~~~~~
../Core/Src/main.c:1404:13: warning: 'MX_TIM3_Init' defined but not used [-Wunused-function]
 1404 | static void MX_TIM3_Init(void)
      |             ^~~~~~~~~~~~
../Core/Src/main.c:1298:13: warning: 'MX_SPI3_Init' defined but not used [-Wunused-function]
 1298 | static void MX_SPI3_Init(void)
      |             ^~~~~~~~~~~~
../Core/Src/main.c:1184:13: warning: 'MX_SPI1_Init' defined but not used [-Wunused-function]
 1184 | static void MX_SPI1_Init(void)
      |             ^~~~~~~~~~~~
../Core/Src/main.c:1069:13: warning: 'MX_SAI1_Init' defined but not used [-Wunused-function]
 1069 | static void MX_SAI1_Init(void)
      |             ^~~~~~~~~~~~
../Core/Src/main.c:914:13: warning: 'MX_I2C3_Init' defined but not used [-Wunused-function]
  914 | static void MX_I2C3_Init(void)
      |             ^~~~~~~~~~~~
../Core/Src/main.c:866:13: warning: 'MX_I2C2_Init' defined but not used [-Wunused-function]
  866 | static void MX_I2C2_Init(void)
      |             ^~~~~~~~~~~~
../Core/Src/main.c:818:13: warning: 'MX_I2C1_Init' defined but not used [-Wunused-function]
  818 | static void MX_I2C1_Init(void)
      |             ^~~~~~~~~~~~
../Core/Src/main.c:725:13: warning: 'MX_DAC1_Init' defined but not used [-Wunused-function]
  725 | static void MX_DAC1_Init(void)
      |             ^~~~~~~~~~~~
../Core/Src/main.c:671:13: warning: 'MX_MDF1_Init' defined but not used [-Wunused-function]
  671 | static void MX_MDF1_Init(void)
      |             ^~~~~~~~~~~~
../Core/Src/main.c:608:13: warning: 'MX_ADF1_Init' defined but not used [-Wunused-function]
  608 | static void MX_ADF1_Init(void)
      |             ^~~~~~~~~~~~
../Core/Src/main.c:564:13: warning: 'MX_ADC1_Init' defined but not used [-Wunused-function]
  564 | static void MX_ADC1_Init(void)
      |             ^~~~~~~~~~~~
../Core/Src/main.c:57:14: warning: 'media_buffer' defined but not used [-Wunused-variable]
   57 | static UCHAR media_buffer[4096];  // 8 sectors, aligned
      |              ^~~~~~~~~~~~
../Core/Src/main.c: In function 'main':
../Core/Src/main.c:366:56: warning: 'rtcDate.Year' may be used uninitialized [-Wmaybe-uninitialized]
  366 |                                                 rtcDate.Year, rtcDate.Month, rtcDate.Date,
      |                                                 ~~~~~~~^~~~~
../Core/Src/main.c:357:53: note: 'rtcDate' declared here
  357 |                                     RTC_DateTypeDef rtcDate;
      |                                                     ^~~~~~~
../Core/Src/main.c:366:70: warning: 'rtcDate.Month' may be used uninitialized [-Wmaybe-uninitialized]
  366 |                                                 rtcDate.Year, rtcDate.Month, rtcDate.Date,
      |                                                               ~~~~~~~^~~~~~
../Core/Src/main.c:357:53: note: 'rtcDate' declared here
  357 |                                     RTC_DateTypeDef rtcDate;
      |                                                     ^~~~~~~
../Core/Src/main.c:366:85: warning: 'rtcDate.Date' may be used uninitialized [-Wmaybe-uninitialized]
  366 |                                                 rtcDate.Year, rtcDate.Month, rtcDate.Date,
      |                                                                              ~~~~~~~^~~~~
../Core/Src/main.c:357:53: note: 'rtcDate' declared here
  357 |                                     RTC_DateTypeDef rtcDate;
      |                                                     ^~~~~~~
../Core/Src/main.c:367:56: warning: 'rtcTime.Hours' may be used uninitialized [-Wmaybe-uninitialized]
  367 |                                                 rtcTime.Hours, rtcTime.Minutes, rtcTime.Seconds, milliseconds,
      |                                                 ~~~~~~~^~~~~~
../Core/Src/main.c:356:53: note: 'rtcTime' declared here
  356 |                                     RTC_TimeTypeDef rtcTime;
      |                                                     ^~~~~~~
../Core/Src/main.c:367:71: warning: 'rtcTime.Minutes' may be used uninitialized [-Wmaybe-uninitialized]
  367 |                                                 rtcTime.Hours, rtcTime.Minutes, rtcTime.Seconds, milliseconds,
      |                                                                ~~~~~~~^~~~~~~~
../Core/Src/main.c:356:53: note: 'rtcTime' declared here
  356 |                                     RTC_TimeTypeDef rtcTime;
      |                                                     ^~~~~~~
../Core/Src/main.c:367:88: warning: 'rtcTime.Seconds' may be used uninitialized [-Wmaybe-uninitialized]
  367 |                                                 rtcTime.Hours, rtcTime.Minutes, rtcTime.Seconds, milliseconds,
      |                                                                                 ~~~~~~~^~~~~~~~
../Core/Src/main.c:356:53: note: 'rtcTime' declared here
  356 |                                     RTC_TimeTypeDef rtcTime;
      |                                                     ^~~~~~~
arm-none-eabi-gcc -o "SPI2_MDA_Chain_2_Sensor.elf" @"objects.list"   -mcpu=cortex-m33 -T"C:\Users\kerem\STM32CubeIDE\workspace_1.19.0\WorkSpaceSteval\Steval_Anomaly\SPI2_MDA_Chain_2_Sensor\STM32U585AIIXQ_FLASH.ld" --specs=nosys.specs -Wl,-Map="SPI2_MDA_Chain_2_Sensor.map" -Wl,--gc-sections -static --specs=nano.specs -mfpu=fpv5-sp-d16 -mfloat-abi=hard -mthumb -Wl,--start-group -lc -lm -Wl,--end-group
Finished building target: SPI2_MDA_Chain_2_Sensor.elf
 
arm-none-eabi-size  SPI2_MDA_Chain_2_Sensor.elf 
arm-none-eabi-objdump -h -S SPI2_MDA_Chain_2_Sensor.elf  > "SPI2_MDA_Chain_2_Sensor.list"
   text	   data	    bss	    dec	    hex	filename
  67251	     92	  18096	  85439	  14dbf	SPI2_MDA_Chain_2_Sensor.elf
Finished building: default.size.stdout
 
Finished building: SPI2_MDA_Chain_2_Sensor.list
 
15:41:20 **** Incremental Build of configuration Debug for project SPI2_MDA_Chain_2_Sensor ****
make -j8 all 
arm-none-eabi-gcc "../Core/Src/main.c" -mcpu=cortex-m33 -std=gnu11 -g3 -DDEBUG -DUSE_HAL_DRIVER -DSTM32U585xx -DFX_INCLUDE_USER_DEFINE_FILE -c -I../Core/Inc -I../Drivers/STM32U5xx_HAL_Driver/Inc -I../Drivers/STM32U5xx_HAL_Driver/Inc/Legacy -I../Drivers/CMSIS/Device/ST/STM32U5xx/Include -I../Drivers/CMSIS/Include -I../FileX/App -I../FileX/Target -I../Middlewares/ST/filex/common/inc -I../Middlewares/ST/filex/ports/generic/inc -O0 -ffunction-sections -fdata-sections -Wall -fstack-usage -fcyclomatic-complexity -MMD -MP -MF"Core/Src/main.d" -MT"Core/Src/main.o" --specs=nano.specs -mfpu=fpv5-sp-d16 -mfloat-abi=hard -mthumb -o "Core/Src/main.o"
../Core/Src/main.c:1554:13: warning: 'MX_USB_OTG_FS_PCD_Init' defined but not used [-Wunused-function]
 1554 | static void MX_USB_OTG_FS_PCD_Init(void)
      |             ^~~~~~~~~~~~~~~~~~~~~~
../Core/Src/main.c:1506:13: warning: 'MX_USART3_UART_Init' defined but not used [-Wunused-function]
 1506 | static void MX_USART3_UART_Init(void)
      |             ^~~~~~~~~~~~~~~~~~~
../Core/Src/main.c:1410:13: warning: 'MX_TIM3_Init' defined but not used [-Wunused-function]
 1410 | static void MX_TIM3_Init(void)
      |             ^~~~~~~~~~~~
../Core/Src/main.c:1304:13: warning: 'MX_SPI3_Init' defined but not used [-Wunused-function]
 1304 | static void MX_SPI3_Init(void)
      |             ^~~~~~~~~~~~
../Core/Src/main.c:1190:13: warning: 'MX_SPI1_Init' defined but not used [-Wunused-function]
 1190 | static void MX_SPI1_Init(void)
      |             ^~~~~~~~~~~~
../Core/Src/main.c:1075:13: warning: 'MX_SAI1_Init' defined but not used [-Wunused-function]
 1075 | static void MX_SAI1_Init(void)
      |             ^~~~~~~~~~~~
../Core/Src/main.c:920:13: warning: 'MX_I2C3_Init' defined but not used [-Wunused-function]
  920 | static void MX_I2C3_Init(void)
      |             ^~~~~~~~~~~~
../Core/Src/main.c:872:13: warning: 'MX_I2C2_Init' defined but not used [-Wunused-function]
  872 | static void MX_I2C2_Init(void)
      |             ^~~~~~~~~~~~
../Core/Src/main.c:824:13: warning: 'MX_I2C1_Init' defined but not used [-Wunused-function]
  824 | static void MX_I2C1_Init(void)
      |             ^~~~~~~~~~~~
../Core/Src/main.c:731:13: warning: 'MX_DAC1_Init' defined but not used [-Wunused-function]
  731 | static void MX_DAC1_Init(void)
      |             ^~~~~~~~~~~~
../Core/Src/main.c:677:13: warning: 'MX_MDF1_Init' defined but not used [-Wunused-function]
  677 | static void MX_MDF1_Init(void)
      |             ^~~~~~~~~~~~
../Core/Src/main.c:614:13: warning: 'MX_ADF1_Init' defined but not used [-Wunused-function]
  614 | static void MX_ADF1_Init(void)
      |             ^~~~~~~~~~~~
../Core/Src/main.c:570:13: warning: 'MX_ADC1_Init' defined but not used [-Wunused-function]
  570 | static void MX_ADC1_Init(void)
      |             ^~~~~~~~~~~~
../Core/Src/main.c:57:14: warning: 'media_buffer' defined but not used [-Wunused-variable]
   57 | static UCHAR media_buffer[4096];  // 8 sectors, aligned
      |              ^~~~~~~~~~~~
arm-none-eabi-gcc -o "SPI2_MDA_Chain_2_Sensor.elf" @"objects.list"   -mcpu=cortex-m33 -T"C:\Users\kerem\STM32CubeIDE\workspace_1.19.0\WorkSpaceSteval\Steval_Anomaly\SPI2_MDA_Chain_2_Sensor\STM32U585AIIXQ_FLASH.ld" --specs=nosys.specs -Wl,-Map="SPI2_MDA_Chain_2_Sensor.map" -Wl,--gc-sections -static --specs=nano.specs -mfpu=fpv5-sp-d16 -mfloat-abi=hard -mthumb -Wl,--start-group -lc -lm -Wl,--end-group
Finished building target: SPI2_MDA_Chain_2_Sensor.elf
 
arm-none-eabi-size  SPI2_MDA_Chain_2_Sensor.elf 
arm-none-eabi-objdump -h -S SPI2_MDA_Chain_2_Sensor.elf  > "SPI2_MDA_Chain_2_Sensor.list"
   text	   data	    bss	    dec	    hex	filename
  67723	     92	  18096	  85911	  14f97	SPI2_MDA_Chain_2_Sensor.elf
Finished building: default.size.stdout
 
Finished building: SPI2_MDA_Chain_2_Sensor.list
 
15:43:27 **** Incremental Build of configuration Debug for project SPI2_MDA_Chain_2_Sensor ****
make -j8 all 
arm-none-eabi-gcc "../Core/Src/main.c" -mcpu=cortex-m33 -std=gnu11 -g3 -DDEBUG -DUSE_HAL_DRIVER -DSTM32U585xx -DFX_INCLUDE_USER_DEFINE_FILE -c -I../Core/Inc -I../Drivers/STM32U5xx_HAL_Driver/Inc -I../Drivers/STM32U5xx_HAL_Driver/Inc/Legacy -I../Drivers/CMSIS/Device/ST/STM32U5xx/Include -I../Drivers/CMSIS/Include -I../FileX/App -I../FileX/Target -I../Middlewares/ST/filex/common/inc -I../Middlewares/ST/filex/ports/generic/inc -O0 -ffunction-sections -fdata-sections -Wall -fstack-usage -fcyclomatic-complexity -MMD -MP -MF"Core/Src/main.d" -MT"Core/Src/main.o" --specs=nano.specs -mfpu=fpv5-sp-d16 -mfloat-abi=hard -mthumb -o "Core/Src/main.o"
../Core/Src/main.c:1556:13: warning: 'MX_USB_OTG_FS_PCD_Init' defined but not used [-Wunused-function]
 1556 | static void MX_USB_OTG_FS_PCD_Init(void)
      |             ^~~~~~~~~~~~~~~~~~~~~~
../Core/Src/main.c:1508:13: warning: 'MX_USART3_UART_Init' defined but not used [-Wunused-function]
 1508 | static void MX_USART3_UART_Init(void)
      |             ^~~~~~~~~~~~~~~~~~~
../Core/Src/main.c:1412:13: warning: 'MX_TIM3_Init' defined but not used [-Wunused-function]
 1412 | static void MX_TIM3_Init(void)
      |             ^~~~~~~~~~~~
../Core/Src/main.c:1306:13: warning: 'MX_SPI3_Init' defined but not used [-Wunused-function]
 1306 | static void MX_SPI3_Init(void)
      |             ^~~~~~~~~~~~
../Core/Src/main.c:1192:13: warning: 'MX_SPI1_Init' defined but not used [-Wunused-function]
 1192 | static void MX_SPI1_Init(void)
      |             ^~~~~~~~~~~~
../Core/Src/main.c:1077:13: warning: 'MX_SAI1_Init' defined but not used [-Wunused-function]
 1077 | static void MX_SAI1_Init(void)
      |             ^~~~~~~~~~~~
../Core/Src/main.c:922:13: warning: 'MX_I2C3_Init' defined but not used [-Wunused-function]
  922 | static void MX_I2C3_Init(void)
      |             ^~~~~~~~~~~~
../Core/Src/main.c:874:13: warning: 'MX_I2C2_Init' defined but not used [-Wunused-function]
  874 | static void MX_I2C2_Init(void)
      |             ^~~~~~~~~~~~
../Core/Src/main.c:826:13: warning: 'MX_I2C1_Init' defined but not used [-Wunused-function]
  826 | static void MX_I2C1_Init(void)
      |             ^~~~~~~~~~~~
../Core/Src/main.c:733:13: warning: 'MX_DAC1_Init' defined but not used [-Wunused-function]
  733 | static void MX_DAC1_Init(void)
      |             ^~~~~~~~~~~~
../Core/Src/main.c:679:13: warning: 'MX_MDF1_Init' defined but not used [-Wunused-function]
  679 | static void MX_MDF1_Init(void)
      |             ^~~~~~~~~~~~
../Core/Src/main.c:616:13: warning: 'MX_ADF1_Init' defined but not used [-Wunused-function]
  616 | static void MX_ADF1_Init(void)
      |             ^~~~~~~~~~~~
../Core/Src/main.c:572:13: warning: 'MX_ADC1_Init' defined but not used [-Wunused-function]
  572 | static void MX_ADC1_Init(void)
      |             ^~~~~~~~~~~~
../Core/Src/main.c:57:14: warning: 'media_buffer' defined but not used [-Wunused-variable]
   57 | static UCHAR media_buffer[4096];  // 8 sectors, aligned
      |              ^~~~~~~~~~~~
arm-none-eabi-gcc -o "SPI2_MDA_Chain_2_Sensor.elf" @"objects.list"   -mcpu=cortex-m33 -T"C:\Users\kerem\STM32CubeIDE\workspace_1.19.0\WorkSpaceSteval\Steval_Anomaly\SPI2_MDA_Chain_2_Sensor\STM32U585AIIXQ_FLASH.ld" --specs=nosys.specs -Wl,-Map="SPI2_MDA_Chain_2_Sensor.map" -Wl,--gc-sections -static --specs=nano.specs -mfpu=fpv5-sp-d16 -mfloat-abi=hard -mthumb -Wl,--start-group -lc -lm -Wl,--end-group
Finished building target: SPI2_MDA_Chain_2_Sensor.elf
 
arm-none-eabi-size  SPI2_MDA_Chain_2_Sensor.elf 
arm-none-eabi-objdump -h -S SPI2_MDA_Chain_2_Sensor.elf  > "SPI2_MDA_Chain_2_Sensor.list"
   text	   data	    bss	    dec	    hex	filename
  67723	     92	  18096	  85911	  14f97	SPI2_MDA_Chain_2_Sensor.elf
Finished building: default.size.stdout
 
Finished building: SPI2_MDA_Chain_2_Sensor.list
 
15:43:38 **** Incremental Build of configuration Debug for project SPI2_MDA_Chain_2_Sensor ****
make -j8 all 
arm-none-eabi-size  SPI2_MDA_Chain_2_Sensor.elf 
   text	   data	    bss	    dec	    hex	filename
  67723	     92	  18096	  85911	  14f97	SPI2_MDA_Chain_2_Sensor.elf
Finished building: default.size.stdout
 
15:44:57 **** Incremental Build of configuration Debug for project SPI2_MDA_Chain_2_Sensor ****
make -j8 all 
arm-none-eabi-size  SPI2_MDA_Chain_2_Sensor.elf 
   text	   data	    bss	    dec	    hex	filename
  67723	     92	  18096	  85911	  14f97	SPI2_MDA_Chain_2_Sensor.elf
Finished building: default.size.stdout
 
15:46:24 **** Incremental Build of configuration Debug for project SPI2_MDA_Chain_2_Sensor ****
make -j8 all 
arm-none-eabi-size  SPI2_MDA_Chain_2_Sensor.elf 
   text	   data	    bss	    dec	    hex	filename
  67723	     92	  18096	  85911	  14f97	SPI2_MDA_Chain_2_Sensor.elf
Finished building: default.size.stdout
 
15:48:37 **** Incremental Build of configuration Debug for project SPI2_MDA_Chain_2_Sensor ****
make -j8 all 
arm-none-eabi-gcc "../Core/Src/main.c" -mcpu=cortex-m33 -std=gnu11 -g3 -DDEBUG -DUSE_HAL_DRIVER -DSTM32U585xx -DFX_INCLUDE_USER_DEFINE_FILE -c -I../Core/Inc -I../Drivers/STM32U5xx_HAL_Driver/Inc -I../Drivers/STM32U5xx_HAL_Driver/Inc/Legacy -I../Drivers/CMSIS/Device/ST/STM32U5xx/Include -I../Drivers/CMSIS/Include -I../FileX/App -I../FileX/Target -I../Middlewares/ST/filex/common/inc -I../Middlewares/ST/filex/ports/generic/inc -O0 -ffunction-sections -fdata-sections -Wall -fstack-usage -fcyclomatic-complexity -MMD -MP -MF"Core/Src/main.d" -MT"Core/Src/main.o" --specs=nano.specs -mfpu=fpv5-sp-d16 -mfloat-abi=hard -mthumb -o "Core/Src/main.o"
../Core/Src/main.c:1587:13: warning: 'MX_USB_OTG_FS_PCD_Init' defined but not used [-Wunused-function]
 1587 | static void MX_USB_OTG_FS_PCD_Init(void)
      |             ^~~~~~~~~~~~~~~~~~~~~~
../Core/Src/main.c:1539:13: warning: 'MX_USART3_UART_Init' defined but not used [-Wunused-function]
 1539 | static void MX_USART3_UART_Init(void)
      |             ^~~~~~~~~~~~~~~~~~~
../Core/Src/main.c:1443:13: warning: 'MX_TIM3_Init' defined but not used [-Wunused-function]
 1443 | static void MX_TIM3_Init(void)
      |             ^~~~~~~~~~~~
../Core/Src/main.c:1337:13: warning: 'MX_SPI3_Init' defined but not used [-Wunused-function]
 1337 | static void MX_SPI3_Init(void)
      |             ^~~~~~~~~~~~
../Core/Src/main.c:1223:13: warning: 'MX_SPI1_Init' defined but not used [-Wunused-function]
 1223 | static void MX_SPI1_Init(void)
      |             ^~~~~~~~~~~~
../Core/Src/main.c:1108:13: warning: 'MX_SAI1_Init' defined but not used [-Wunused-function]
 1108 | static void MX_SAI1_Init(void)
      |             ^~~~~~~~~~~~
../Core/Src/main.c:953:13: warning: 'MX_I2C3_Init' defined but not used [-Wunused-function]
  953 | static void MX_I2C3_Init(void)
      |             ^~~~~~~~~~~~
../Core/Src/main.c:905:13: warning: 'MX_I2C2_Init' defined but not used [-Wunused-function]
  905 | static void MX_I2C2_Init(void)
      |             ^~~~~~~~~~~~
../Core/Src/main.c:857:13: warning: 'MX_I2C1_Init' defined but not used [-Wunused-function]
  857 | static void MX_I2C1_Init(void)
      |             ^~~~~~~~~~~~
../Core/Src/main.c:764:13: warning: 'MX_DAC1_Init' defined but not used [-Wunused-function]
  764 | static void MX_DAC1_Init(void)
      |             ^~~~~~~~~~~~
../Core/Src/main.c:710:13: warning: 'MX_MDF1_Init' defined but not used [-Wunused-function]
  710 | static void MX_MDF1_Init(void)
      |             ^~~~~~~~~~~~
../Core/Src/main.c:647:13: warning: 'MX_ADF1_Init' defined but not used [-Wunused-function]
  647 | static void MX_ADF1_Init(void)
      |             ^~~~~~~~~~~~
../Core/Src/main.c:603:13: warning: 'MX_ADC1_Init' defined but not used [-Wunused-function]
  603 | static void MX_ADC1_Init(void)
      |             ^~~~~~~~~~~~
../Core/Src/main.c:57:14: warning: 'media_buffer' defined but not used [-Wunused-variable]
   57 | static UCHAR media_buffer[4096];  // 8 sectors, aligned
      |              ^~~~~~~~~~~~
arm-none-eabi-gcc -o "SPI2_MDA_Chain_2_Sensor.elf" @"objects.list"   -mcpu=cortex-m33 -T"C:\Users\kerem\STM32CubeIDE\workspace_1.19.0\WorkSpaceSteval\Steval_Anomaly\SPI2_MDA_Chain_2_Sensor\STM32U585AIIXQ_FLASH.ld" --specs=nosys.specs -Wl,-Map="SPI2_MDA_Chain_2_Sensor.map" -Wl,--gc-sections -static --specs=nano.specs -mfpu=fpv5-sp-d16 -mfloat-abi=hard -mthumb -Wl,--start-group -lc -lm -Wl,--end-group
Finished building target: SPI2_MDA_Chain_2_Sensor.elf
 
arm-none-eabi-size  SPI2_MDA_Chain_2_Sensor.elf 
arm-none-eabi-objdump -h -S SPI2_MDA_Chain_2_Sensor.elf  > "SPI2_MDA_Chain_2_Sensor.list"
   text	   data	    bss	    dec	    hex	filename
 104973	    184	  32704	 137861	  21a85	SPI2_MDA_Chain_2_Sensor.elf
Finished building: default.size.stdout
 
Finished building: SPI2_MDA_Chain_2_Sensor.list
 
15:48:49 **** Incremental Build of configuration Debug for project SPI2_MDA_Chain_2_Sensor ****
make -j8 all 
arm-none-eabi-size  SPI2_MDA_Chain_2_Sensor.elf 
   text	   data	    bss	    dec	    hex	filename
 104973	    184	  32704	 137861	  21a85	SPI2_MDA_Chain_2_Sensor.elf
Finished building: default.size.stdout
 
15:51:00 **** Incremental Build of configuration Debug for project SPI2_MDA_Chain_2_Sensor ****
make -j8 all 
arm-none-eabi-size  SPI2_MDA_Chain_2_Sensor.elf 
   text	   data	    bss	    dec	    hex	filename
 104973	    184	  32704	 137861	  21a85	SPI2_MDA_Chain_2_Sensor.elf
Finished building: default.size.stdout
 
15:52:33 **** Incremental Build of configuration Debug for project SPI2_MDA_Chain_2_Sensor ****
make -j8 all 
arm-none-eabi-size  SPI2_MDA_Chain_2_Sensor.elf 
   text	   data	    bss	    dec	    hex	filename
 104973	    184	  32704	 137861	  21a85	SPI2_MDA_Chain_2_Sensor.elf
Finished building: default.size.stdout
 
15:55:41 **** Incremental Build of configuration Debug for project SPI2_MDA_Chain_2_Sensor ****
make -j8 all 
arm-none-eabi-gcc "../Core/Src/main.c" -mcpu=cortex-m33 -std=gnu11 -g3 -DDEBUG -DUSE_HAL_DRIVER -DSTM32U585xx -DFX_INCLUDE_USER_DEFINE_FILE -c -I../Core/Inc -I../Drivers/STM32U5xx_HAL_Driver/Inc -I../Drivers/STM32U5xx_HAL_Driver/Inc/Legacy -I../Drivers/CMSIS/Device/ST/STM32U5xx/Include -I../Drivers/CMSIS/Include -I../FileX/App -I../FileX/Target -I../Middlewares/ST/filex/common/inc -I../Middlewares/ST/filex/ports/generic/inc -O0 -ffunction-sections -fdata-sections -Wall -fstack-usage -fcyclomatic-complexity -MMD -MP -MF"Core/Src/main.d" -MT"Core/Src/main.o" --specs=nano.specs -mfpu=fpv5-sp-d16 -mfloat-abi=hard -mthumb -o "Core/Src/main.o"
../Core/Src/main.c:1588:13: warning: 'MX_USB_OTG_FS_PCD_Init' defined but not used [-Wunused-function]
 1588 | static void MX_USB_OTG_FS_PCD_Init(void)
      |             ^~~~~~~~~~~~~~~~~~~~~~
../Core/Src/main.c:1540:13: warning: 'MX_USART3_UART_Init' defined but not used [-Wunused-function]
 1540 | static void MX_USART3_UART_Init(void)
      |             ^~~~~~~~~~~~~~~~~~~
../Core/Src/main.c:1444:13: warning: 'MX_TIM3_Init' defined but not used [-Wunused-function]
 1444 | static void MX_TIM3_Init(void)
      |             ^~~~~~~~~~~~
../Core/Src/main.c:1338:13: warning: 'MX_SPI3_Init' defined but not used [-Wunused-function]
 1338 | static void MX_SPI3_Init(void)
      |             ^~~~~~~~~~~~
../Core/Src/main.c:1224:13: warning: 'MX_SPI1_Init' defined but not used [-Wunused-function]
 1224 | static void MX_SPI1_Init(void)
      |             ^~~~~~~~~~~~
../Core/Src/main.c:1109:13: warning: 'MX_SAI1_Init' defined but not used [-Wunused-function]
 1109 | static void MX_SAI1_Init(void)
      |             ^~~~~~~~~~~~
../Core/Src/main.c:954:13: warning: 'MX_I2C3_Init' defined but not used [-Wunused-function]
  954 | static void MX_I2C3_Init(void)
      |             ^~~~~~~~~~~~
../Core/Src/main.c:906:13: warning: 'MX_I2C2_Init' defined but not used [-Wunused-function]
  906 | static void MX_I2C2_Init(void)
      |             ^~~~~~~~~~~~
../Core/Src/main.c:858:13: warning: 'MX_I2C1_Init' defined but not used [-Wunused-function]
  858 | static void MX_I2C1_Init(void)
      |             ^~~~~~~~~~~~
../Core/Src/main.c:765:13: warning: 'MX_DAC1_Init' defined but not used [-Wunused-function]
  765 | static void MX_DAC1_Init(void)
      |             ^~~~~~~~~~~~
../Core/Src/main.c:711:13: warning: 'MX_MDF1_Init' defined but not used [-Wunused-function]
  711 | static void MX_MDF1_Init(void)
      |             ^~~~~~~~~~~~
../Core/Src/main.c:648:13: warning: 'MX_ADF1_Init' defined but not used [-Wunused-function]
  648 | static void MX_ADF1_Init(void)
      |             ^~~~~~~~~~~~
../Core/Src/main.c:604:13: warning: 'MX_ADC1_Init' defined but not used [-Wunused-function]
  604 | static void MX_ADC1_Init(void)
      |             ^~~~~~~~~~~~
../Core/Src/main.c:57:14: warning: 'media_buffer' defined but not used [-Wunused-variable]
   57 | static UCHAR media_buffer[4096];  // 8 sectors, aligned
      |              ^~~~~~~~~~~~
arm-none-eabi-gcc -o "SPI2_MDA_Chain_2_Sensor.elf" @"objects.list"   -mcpu=cortex-m33 -T"C:\Users\kerem\STM32CubeIDE\workspace_1.19.0\WorkSpaceSteval\Steval_Anomaly\SPI2_MDA_Chain_2_Sensor\STM32U585AIIXQ_FLASH.ld" --specs=nosys.specs -Wl,-Map="SPI2_MDA_Chain_2_Sensor.map" -Wl,--gc-sections -static --specs=nano.specs -mfpu=fpv5-sp-d16 -mfloat-abi=hard -mthumb -Wl,--start-group -lc -lm -Wl,--end-group
Finished building target: SPI2_MDA_Chain_2_Sensor.elf
 
arm-none-eabi-size  SPI2_MDA_Chain_2_Sensor.elf 
arm-none-eabi-objdump -h -S SPI2_MDA_Chain_2_Sensor.elf  > "SPI2_MDA_Chain_2_Sensor.list"
   text	   data	    bss	    dec	    hex	filename
 104973	    184	  32704	 137861	  21a85	SPI2_MDA_Chain_2_Sensor.elf
Finished building: default.size.stdout
 
Finished building: SPI2_MDA_Chain_2_Sensor.list
 
15:55:52 **** Incremental Build of configuration Debug for project SPI2_MDA_Chain_2_Sensor ****
make -j8 all 
arm-none-eabi-size  SPI2_MDA_Chain_2_Sensor.elf 
   text	   data	    bss	    dec	    hex	filename
 104973	    184	  32704	 137861	  21a85	SPI2_MDA_Chain_2_Sensor.elf
Finished building: default.size.stdout
 
15:56:55 **** Incremental Build of configuration Debug for project SPI2_MDA_Chain_2_Sensor ****
make -j8 all 
arm-none-eabi-size  SPI2_MDA_Chain_2_Sensor.elf 
   text	   data	    bss	    dec	    hex	filename
 104973	    184	  32704	 137861	  21a85	SPI2_MDA_Chain_2_Sensor.elf
Finished building: default.size.stdout
 
15:59:05 **** Incremental Build of configuration Debug for project SPI2_MDA_Chain_2_Sensor ****
make -j8 all 
arm-none-eabi-gcc "../Core/Src/main.c" -mcpu=cortex-m33 -std=gnu11 -g3 -DDEBUG -DUSE_HAL_DRIVER -DSTM32U585xx -DFX_INCLUDE_USER_DEFINE_FILE -c -I../Core/Inc -I../Drivers/STM32U5xx_HAL_Driver/Inc -I../Drivers/STM32U5xx_HAL_Driver/Inc/Legacy -I../Drivers/CMSIS/Device/ST/STM32U5xx/Include -I../Drivers/CMSIS/Include -I../FileX/App -I../FileX/Target -I../Middlewares/ST/filex/common/inc -I../Middlewares/ST/filex/ports/generic/inc -O0 -ffunction-sections -fdata-sections -Wall -fstack-usage -fcyclomatic-complexity -MMD -MP -MF"Core/Src/main.d" -MT"Core/Src/main.o" --specs=nano.specs -mfpu=fpv5-sp-d16 -mfloat-abi=hard -mthumb -o "Core/Src/main.o"
../Core/Src/main.c: In function 'main':
../Core/Src/main.c:428:49: error: 'rtcDate' undeclared (first use in this function)
  428 |                                                 rtcDate.Year, rtcDate.Month, rtcDate.Date,
      |                                                 ^~~~~~~
../Core/Src/main.c:428:49: note: each undeclared identifier is reported only once for each function it appears in
../Core/Src/main.c:429:49: error: 'rtcTime' undeclared (first use in this function)
  429 |                                                 rtcTime.Hours, rtcTime.Minutes, rtcTime.Seconds);
      |                                                 ^~~~~~~
../Core/Src/main.c: At top level:
../Core/Src/main.c:1600:13: warning: 'MX_USB_OTG_FS_PCD_Init' defined but not used [-Wunused-function]
 1600 | static void MX_USB_OTG_FS_PCD_Init(void)
      |             ^~~~~~~~~~~~~~~~~~~~~~
../Core/Src/main.c:1552:13: warning: 'MX_USART3_UART_Init' defined but not used [-Wunused-function]
 1552 | static void MX_USART3_UART_Init(void)
      |             ^~~~~~~~~~~~~~~~~~~
../Core/Src/main.c:1456:13: warning: 'MX_TIM3_Init' defined but not used [-Wunused-function]
 1456 | static void MX_TIM3_Init(void)
      |             ^~~~~~~~~~~~
../Core/Src/main.c:1350:13: warning: 'MX_SPI3_Init' defined but not used [-Wunused-function]
 1350 | static void MX_SPI3_Init(void)
      |             ^~~~~~~~~~~~
../Core/Src/main.c:1236:13: warning: 'MX_SPI1_Init' defined but not used [-Wunused-function]
 1236 | static void MX_SPI1_Init(void)
      |             ^~~~~~~~~~~~
../Core/Src/main.c:1121:13: warning: 'MX_SAI1_Init' defined but not used [-Wunused-function]
 1121 | static void MX_SAI1_Init(void)
      |             ^~~~~~~~~~~~
../Core/Src/main.c:966:13: warning: 'MX_I2C3_Init' defined but not used [-Wunused-function]
  966 | static void MX_I2C3_Init(void)
      |             ^~~~~~~~~~~~
../Core/Src/main.c:918:13: warning: 'MX_I2C2_Init' defined but not used [-Wunused-function]
  918 | static void MX_I2C2_Init(void)
      |             ^~~~~~~~~~~~
../Core/Src/main.c:870:13: warning: 'MX_I2C1_Init' defined but not used [-Wunused-function]
  870 | static void MX_I2C1_Init(void)
      |             ^~~~~~~~~~~~
../Core/Src/main.c:777:13: warning: 'MX_DAC1_Init' defined but not used [-Wunused-function]
  777 | static void MX_DAC1_Init(void)
      |             ^~~~~~~~~~~~
../Core/Src/main.c:723:13: warning: 'MX_MDF1_Init' defined but not used [-Wunused-function]
  723 | static void MX_MDF1_Init(void)
      |             ^~~~~~~~~~~~
../Core/Src/main.c:660:13: warning: 'MX_ADF1_Init' defined but not used [-Wunused-function]
  660 | static void MX_ADF1_Init(void)
      |             ^~~~~~~~~~~~
../Core/Src/main.c:616:13: warning: 'MX_ADC1_Init' defined but not used [-Wunused-function]
  616 | static void MX_ADC1_Init(void)
      |             ^~~~~~~~~~~~
../Core/Src/main.c:57:14: warning: 'media_buffer' defined but not used [-Wunused-variable]
   57 | static UCHAR media_buffer[4096];  // 8 sectors, aligned
      |              ^~~~~~~~~~~~
make: *** [Core/Src/subdir.mk:34: Core/Src/main.o] Error 1
"make -j8 all" terminated with exit code 2. Build might be incomplete.
16:00:35 **** Incremental Build of configuration Debug for project SPI2_MDA_Chain_2_Sensor ****
make -j8 all 
arm-none-eabi-gcc "../Core/Src/main.c" -mcpu=cortex-m33 -std=gnu11 -g3 -DDEBUG -DUSE_HAL_DRIVER -DSTM32U585xx -DFX_INCLUDE_USER_DEFINE_FILE -c -I../Core/Inc -I../Drivers/STM32U5xx_HAL_Driver/Inc -I../Drivers/STM32U5xx_HAL_Driver/Inc/Legacy -I../Drivers/CMSIS/Device/ST/STM32U5xx/Include -I../Drivers/CMSIS/Include -I../FileX/App -I../FileX/Target -I../Middlewares/ST/filex/common/inc -I../Middlewares/ST/filex/ports/generic/inc -O0 -ffunction-sections -fdata-sections -Wall -fstack-usage -fcyclomatic-complexity -MMD -MP -MF"Core/Src/main.d" -MT"Core/Src/main.o" --specs=nano.specs -mfpu=fpv5-sp-d16 -mfloat-abi=hard -mthumb -o "Core/Src/main.o"
../Core/Src/main.c:1608:13: warning: 'MX_USB_OTG_FS_PCD_Init' defined but not used [-Wunused-function]
 1608 | static void MX_USB_OTG_FS_PCD_Init(void)
      |             ^~~~~~~~~~~~~~~~~~~~~~
../Core/Src/main.c:1560:13: warning: 'MX_USART3_UART_Init' defined but not used [-Wunused-function]
 1560 | static void MX_USART3_UART_Init(void)
      |             ^~~~~~~~~~~~~~~~~~~
../Core/Src/main.c:1464:13: warning: 'MX_TIM3_Init' defined but not used [-Wunused-function]
 1464 | static void MX_TIM3_Init(void)
      |             ^~~~~~~~~~~~
../Core/Src/main.c:1358:13: warning: 'MX_SPI3_Init' defined but not used [-Wunused-function]
 1358 | static void MX_SPI3_Init(void)
      |             ^~~~~~~~~~~~
../Core/Src/main.c:1244:13: warning: 'MX_SPI1_Init' defined but not used [-Wunused-function]
 1244 | static void MX_SPI1_Init(void)
      |             ^~~~~~~~~~~~
../Core/Src/main.c:1129:13: warning: 'MX_SAI1_Init' defined but not used [-Wunused-function]
 1129 | static void MX_SAI1_Init(void)
      |             ^~~~~~~~~~~~
../Core/Src/main.c:974:13: warning: 'MX_I2C3_Init' defined but not used [-Wunused-function]
  974 | static void MX_I2C3_Init(void)
      |             ^~~~~~~~~~~~
../Core/Src/main.c:926:13: warning: 'MX_I2C2_Init' defined but not used [-Wunused-function]
  926 | static void MX_I2C2_Init(void)
      |             ^~~~~~~~~~~~
../Core/Src/main.c:878:13: warning: 'MX_I2C1_Init' defined but not used [-Wunused-function]
  878 | static void MX_I2C1_Init(void)
      |             ^~~~~~~~~~~~
../Core/Src/main.c:785:13: warning: 'MX_DAC1_Init' defined but not used [-Wunused-function]
  785 | static void MX_DAC1_Init(void)
      |             ^~~~~~~~~~~~
../Core/Src/main.c:731:13: warning: 'MX_MDF1_Init' defined but not used [-Wunused-function]
  731 | static void MX_MDF1_Init(void)
      |             ^~~~~~~~~~~~
../Core/Src/main.c:668:13: warning: 'MX_ADF1_Init' defined but not used [-Wunused-function]
  668 | static void MX_ADF1_Init(void)
      |             ^~~~~~~~~~~~
../Core/Src/main.c:624:13: warning: 'MX_ADC1_Init' defined but not used [-Wunused-function]
  624 | static void MX_ADC1_Init(void)
      |             ^~~~~~~~~~~~
../Core/Src/main.c:57:14: warning: 'media_buffer' defined but not used [-Wunused-variable]
   57 | static UCHAR media_buffer[4096];  // 8 sectors, aligned
      |              ^~~~~~~~~~~~
arm-none-eabi-gcc -o "SPI2_MDA_Chain_2_Sensor.elf" @"objects.list"   -mcpu=cortex-m33 -T"C:\Users\kerem\STM32CubeIDE\workspace_1.19.0\WorkSpaceSteval\Steval_Anomaly\SPI2_MDA_Chain_2_Sensor\STM32U585AIIXQ_FLASH.ld" --specs=nosys.specs -Wl,-Map="SPI2_MDA_Chain_2_Sensor.map" -Wl,--gc-sections -static --specs=nano.specs -mfpu=fpv5-sp-d16 -mfloat-abi=hard -mthumb -Wl,--start-group -lc -lm -Wl,--end-group
Finished building target: SPI2_MDA_Chain_2_Sensor.elf
 
arm-none-eabi-size  SPI2_MDA_Chain_2_Sensor.elf 
arm-none-eabi-objdump -h -S SPI2_MDA_Chain_2_Sensor.elf  > "SPI2_MDA_Chain_2_Sensor.list"
   text	   data	    bss	    dec	    hex	filename
 105053	    184	  32704	 137941	  21ad5	SPI2_MDA_Chain_2_Sensor.elf
Finished building: default.size.stdout
 
Finished building: SPI2_MDA_Chain_2_Sensor.list
 
16:00:49 **** Incremental Build of configuration Debug for project SPI2_MDA_Chain_2_Sensor ****
make -j8 all 
arm-none-eabi-size  SPI2_MDA_Chain_2_Sensor.elf 
   text	   data	    bss	    dec	    hex	filename
 105053	    184	  32704	 137941	  21ad5	SPI2_MDA_Chain_2_Sensor.elf
Finished building: default.size.stdout
 
16:01:52 **** Incremental Build of configuration Debug for project SPI2_MDA_Chain_2_Sensor ****
make -j8 all 
arm-none-eabi-size  SPI2_MDA_Chain_2_Sensor.elf 
   text	   data	    bss	    dec	    hex	filename
 105053	    184	  32704	 137941	  21ad5	SPI2_MDA_Chain_2_Sensor.elf
Finished building: default.size.stdout
 
16:07:16 **** Incremental Build of configuration Debug for project SPI2_MDA_Chain_2_Sensor ****
make -j8 all 
arm-none-eabi-gcc "../Core/Src/main.c" -mcpu=cortex-m33 -std=gnu11 -g3 -DDEBUG -DUSE_HAL_DRIVER -DSTM32U585xx -DFX_INCLUDE_USER_DEFINE_FILE -c -I../Core/Inc -I../Drivers/STM32U5xx_HAL_Driver/Inc -I../Drivers/STM32U5xx_HAL_Driver/Inc/Legacy -I../Drivers/CMSIS/Device/ST/STM32U5xx/Include -I../Drivers/CMSIS/Include -I../FileX/App -I../FileX/Target -I../Middlewares/ST/filex/common/inc -I../Middlewares/ST/filex/ports/generic/inc -O0 -ffunction-sections -fdata-sections -Wall -fstack-usage -fcyclomatic-complexity -MMD -MP -MF"Core/Src/main.d" -MT"Core/Src/main.o" --specs=nano.specs -mfpu=fpv5-sp-d16 -mfloat-abi=hard -mthumb -o "Core/Src/main.o"
../Core/Src/main.c: In function 'main':
../Core/Src/main.c:256:7: warning: implicit declaration of function 'HAL_RTCEx_ReadBackupRegister' [-Wimplicit-function-declaration]
  256 |   if (HAL_RTCEx_ReadBackupRegister(&hrtc, RTC_BKP_DR1) != RTC_BKP_DR1_MAGIC_FLAG)
      |       ^~~~~~~~~~~~~~~~~~~~~~~~~~~~
../Core/Src/main.c:299:5: warning: implicit declaration of function 'HAL_RTCEx_WriteBackupRegister' [-Wimplicit-function-declaration]
  299 |     HAL_RTCEx_WriteBackupRegister(&hrtc, RTC_BKP_DR1, RTC_BKP_DR1_MAGIC_FLAG);
      |     ^~~~~~~~~~~~~~~~~~~~~~~~~~~~~
../Core/Src/main.c: At top level:
../Core/Src/main.c:1667:13: warning: 'MX_USB_OTG_FS_PCD_Init' defined but not used [-Wunused-function]
 1667 | static void MX_USB_OTG_FS_PCD_Init(void)
      |             ^~~~~~~~~~~~~~~~~~~~~~
../Core/Src/main.c:1619:13: warning: 'MX_USART3_UART_Init' defined but not used [-Wunused-function]
 1619 | static void MX_USART3_UART_Init(void)
      |             ^~~~~~~~~~~~~~~~~~~
../Core/Src/main.c:1523:13: warning: 'MX_TIM3_Init' defined but not used [-Wunused-function]
 1523 | static void MX_TIM3_Init(void)
      |             ^~~~~~~~~~~~
../Core/Src/main.c:1417:13: warning: 'MX_SPI3_Init' defined but not used [-Wunused-function]
 1417 | static void MX_SPI3_Init(void)
      |             ^~~~~~~~~~~~
../Core/Src/main.c:1303:13: warning: 'MX_SPI1_Init' defined but not used [-Wunused-function]
 1303 | static void MX_SPI1_Init(void)
      |             ^~~~~~~~~~~~
../Core/Src/main.c:1188:13: warning: 'MX_SAI1_Init' defined but not used [-Wunused-function]
 1188 | static void MX_SAI1_Init(void)
      |             ^~~~~~~~~~~~
../Core/Src/main.c:1033:13: warning: 'MX_I2C3_Init' defined but not used [-Wunused-function]
 1033 | static void MX_I2C3_Init(void)
      |             ^~~~~~~~~~~~
../Core/Src/main.c:985:13: warning: 'MX_I2C2_Init' defined but not used [-Wunused-function]
  985 | static void MX_I2C2_Init(void)
      |             ^~~~~~~~~~~~
../Core/Src/main.c:937:13: warning: 'MX_I2C1_Init' defined but not used [-Wunused-function]
  937 | static void MX_I2C1_Init(void)
      |             ^~~~~~~~~~~~
../Core/Src/main.c:844:13: warning: 'MX_DAC1_Init' defined but not used [-Wunused-function]
  844 | static void MX_DAC1_Init(void)
      |             ^~~~~~~~~~~~
../Core/Src/main.c:790:13: warning: 'MX_MDF1_Init' defined but not used [-Wunused-function]
  790 | static void MX_MDF1_Init(void)
      |             ^~~~~~~~~~~~
../Core/Src/main.c:727:13: warning: 'MX_ADF1_Init' defined but not used [-Wunused-function]
  727 | static void MX_ADF1_Init(void)
      |             ^~~~~~~~~~~~
../Core/Src/main.c:683:13: warning: 'MX_ADC1_Init' defined but not used [-Wunused-function]
  683 | static void MX_ADC1_Init(void)
      |             ^~~~~~~~~~~~
../Core/Src/main.c:57:14: warning: 'media_buffer' defined but not used [-Wunused-variable]
   57 | static UCHAR media_buffer[4096];  // 8 sectors, aligned
      |              ^~~~~~~~~~~~
arm-none-eabi-gcc -o "SPI2_MDA_Chain_2_Sensor.elf" @"objects.list"   -mcpu=cortex-m33 -T"C:\Users\kerem\STM32CubeIDE\workspace_1.19.0\WorkSpaceSteval\Steval_Anomaly\SPI2_MDA_Chain_2_Sensor\STM32U585AIIXQ_FLASH.ld" --specs=nosys.specs -Wl,-Map="SPI2_MDA_Chain_2_Sensor.map" -Wl,--gc-sections -static --specs=nano.specs -mfpu=fpv5-sp-d16 -mfloat-abi=hard -mthumb -Wl,--start-group -lc -lm -Wl,--end-group
C:/ST/STM32CubeIDE_1.19.0/STM32CubeIDE/plugins/com.st.stm32cube.ide.mcu.externaltools.gnu-tools-for-stm32.13.3.rel1.win32_1.0.0.202411081344/tools/bin/../lib/gcc/arm-none-eabi/13.3.1/../../../../arm-none-eabi/bin/ld.exe: ./Core/Src/main.o: in function `main':
C:/Users/kerem/STM32CubeIDE/workspace_1.19.0/WorkSpaceSteval/Steval_Anomaly/SPI2_MDA_Chain_2_Sensor/Debug/../Core/Src/main.c:256:(.text.main+0x2a): undefined reference to `HAL_RTCEx_ReadBackupRegister'
C:/ST/STM32CubeIDE_1.19.0/STM32CubeIDE/plugins/com.st.stm32cube.ide.mcu.externaltools.gnu-tools-for-stm32.13.3.rel1.win32_1.0.0.202411081344/tools/bin/../lib/gcc/arm-none-eabi/13.3.1/../../../../arm-none-eabi/bin/ld.exe: C:/Users/kerem/STM32CubeIDE/workspace_1.19.0/WorkSpaceSteval/Steval_Anomaly/SPI2_MDA_Chain_2_Sensor/Debug/../Core/Src/main.c:299:(.text.main+0x2c0): undefined reference to `HAL_RTCEx_WriteBackupRegister'
collect2.exe: error: ld returned 1 exit status
make: *** [makefile:68: SPI2_MDA_Chain_2_Sensor.elf] Error 1
"make -j8 all" terminated with exit code 2. Build might be incomplete.
16:08:13 **** Incremental Build of configuration Debug for project SPI2_MDA_Chain_2_Sensor ****
make -j8 all 
arm-none-eabi-gcc "../Core/Src/main.c" -mcpu=cortex-m33 -std=gnu11 -g3 -DDEBUG -DUSE_HAL_DRIVER -DSTM32U585xx -DFX_INCLUDE_USER_DEFINE_FILE -c -I../Core/Inc -I../Drivers/STM32U5xx_HAL_Driver/Inc -I../Drivers/STM32U5xx_HAL_Driver/Inc/Legacy -I../Drivers/CMSIS/Device/ST/STM32U5xx/Include -I../Drivers/CMSIS/Include -I../FileX/App -I../FileX/Target -I../Middlewares/ST/filex/common/inc -I../Middlewares/ST/filex/ports/generic/inc -O0 -ffunction-sections -fdata-sections -Wall -fstack-usage -fcyclomatic-complexity -MMD -MP -MF"Core/Src/main.d" -MT"Core/Src/main.o" --specs=nano.specs -mfpu=fpv5-sp-d16 -mfloat-abi=hard -mthumb -o "Core/Src/main.o"
../Core/Src/main.c: In function 'main':
../Core/Src/main.c:282:63: warning: implicit declaration of function 'HAL_RTCEx_ReadBackupRegister' [-Wimplicit-function-declaration]
  282 |                                                           if (HAL_RTCEx_ReadBackupRegister(&hrtc, RTC_BKP_DR1) != RTC_BKP_DR1_MAGIC_FLAG)
      |                                                               ^~~~~~~~~~~~~~~~~~~~~~~~~~~~
../Core/Src/main.c:325:61: warning: implicit declaration of function 'HAL_RTCEx_WriteBackupRegister' [-Wimplicit-function-declaration]
  325 |                                                             HAL_RTCEx_WriteBackupRegister(&hrtc, RTC_BKP_DR1, RTC_BKP_DR1_MAGIC_FLAG);
      |                                                             ^~~~~~~~~~~~~~~~~~~~~~~~~~~~~
../Core/Src/main.c: At top level:
../Core/Src/main.c:1679:13: warning: 'MX_USB_OTG_FS_PCD_Init' defined but not used [-Wunused-function]
 1679 | static void MX_USB_OTG_FS_PCD_Init(void)
      |             ^~~~~~~~~~~~~~~~~~~~~~
../Core/Src/main.c:1631:13: warning: 'MX_USART3_UART_Init' defined but not used [-Wunused-function]
 1631 | static void MX_USART3_UART_Init(void)
      |             ^~~~~~~~~~~~~~~~~~~
../Core/Src/main.c:1535:13: warning: 'MX_TIM3_Init' defined but not used [-Wunused-function]
 1535 | static void MX_TIM3_Init(void)
      |             ^~~~~~~~~~~~
../Core/Src/main.c:1429:13: warning: 'MX_SPI3_Init' defined but not used [-Wunused-function]
 1429 | static void MX_SPI3_Init(void)
      |             ^~~~~~~~~~~~
../Core/Src/main.c:1315:13: warning: 'MX_SPI1_Init' defined but not used [-Wunused-function]
 1315 | static void MX_SPI1_Init(void)
      |             ^~~~~~~~~~~~
../Core/Src/main.c:1200:13: warning: 'MX_SAI1_Init' defined but not used [-Wunused-function]
 1200 | static void MX_SAI1_Init(void)
      |             ^~~~~~~~~~~~
../Core/Src/main.c:1045:13: warning: 'MX_I2C3_Init' defined but not used [-Wunused-function]
 1045 | static void MX_I2C3_Init(void)
      |             ^~~~~~~~~~~~
../Core/Src/main.c:997:13: warning: 'MX_I2C2_Init' defined but not used [-Wunused-function]
  997 | static void MX_I2C2_Init(void)
      |             ^~~~~~~~~~~~
../Core/Src/main.c:949:13: warning: 'MX_I2C1_Init' defined but not used [-Wunused-function]
  949 | static void MX_I2C1_Init(void)
      |             ^~~~~~~~~~~~
../Core/Src/main.c:856:13: warning: 'MX_DAC1_Init' defined but not used [-Wunused-function]
  856 | static void MX_DAC1_Init(void)
      |             ^~~~~~~~~~~~
../Core/Src/main.c:802:13: warning: 'MX_MDF1_Init' defined but not used [-Wunused-function]
  802 | static void MX_MDF1_Init(void)
      |             ^~~~~~~~~~~~
../Core/Src/main.c:739:13: warning: 'MX_ADF1_Init' defined but not used [-Wunused-function]
  739 | static void MX_ADF1_Init(void)
      |             ^~~~~~~~~~~~
../Core/Src/main.c:695:13: warning: 'MX_ADC1_Init' defined but not used [-Wunused-function]
  695 | static void MX_ADC1_Init(void)
      |             ^~~~~~~~~~~~
../Core/Src/main.c:57:14: warning: 'media_buffer' defined but not used [-Wunused-variable]
   57 | static UCHAR media_buffer[4096];  // 8 sectors, aligned
      |              ^~~~~~~~~~~~
arm-none-eabi-gcc -o "SPI2_MDA_Chain_2_Sensor.elf" @"objects.list"   -mcpu=cortex-m33 -T"C:\Users\kerem\STM32CubeIDE\workspace_1.19.0\WorkSpaceSteval\Steval_Anomaly\SPI2_MDA_Chain_2_Sensor\STM32U585AIIXQ_FLASH.ld" --specs=nosys.specs -Wl,-Map="SPI2_MDA_Chain_2_Sensor.map" -Wl,--gc-sections -static --specs=nano.specs -mfpu=fpv5-sp-d16 -mfloat-abi=hard -mthumb -Wl,--start-group -lc -lm -Wl,--end-group
C:/ST/STM32CubeIDE_1.19.0/STM32CubeIDE/plugins/com.st.stm32cube.ide.mcu.externaltools.gnu-tools-for-stm32.13.3.rel1.win32_1.0.0.202411081344/tools/bin/../lib/gcc/arm-none-eabi/13.3.1/../../../../arm-none-eabi/bin/ld.exe: ./Core/Src/main.o: in function `main':
C:/Users/kerem/STM32CubeIDE/workspace_1.19.0/WorkSpaceSteval/Steval_Anomaly/SPI2_MDA_Chain_2_Sensor/Debug/../Core/Src/main.c:282:(.text.main+0x46): undefined reference to `HAL_RTCEx_ReadBackupRegister'
C:/ST/STM32CubeIDE_1.19.0/STM32CubeIDE/plugins/com.st.stm32cube.ide.mcu.externaltools.gnu-tools-for-stm32.13.3.rel1.win32_1.0.0.202411081344/tools/bin/../lib/gcc/arm-none-eabi/13.3.1/../../../../arm-none-eabi/bin/ld.exe: C:/Users/kerem/STM32CubeIDE/workspace_1.19.0/WorkSpaceSteval/Steval_Anomaly/SPI2_MDA_Chain_2_Sensor/Debug/../Core/Src/main.c:325:(.text.main+0x2dc): undefined reference to `HAL_RTCEx_WriteBackupRegister'
collect2.exe: error: ld returned 1 exit status
make: *** [makefile:68: SPI2_MDA_Chain_2_Sensor.elf] Error 1
"make -j8 all" terminated with exit code 2. Build might be incomplete.
16:08:51 **** Incremental Build of configuration Debug for project SPI2_MDA_Chain_2_Sensor ****
make -j8 all 
arm-none-eabi-gcc "../Core/Src/main.c" -mcpu=cortex-m33 -std=gnu11 -g3 -DDEBUG -DUSE_HAL_DRIVER -DSTM32U585xx -DFX_INCLUDE_USER_DEFINE_FILE -c -I../Core/Inc -I../Drivers/STM32U5xx_HAL_Driver/Inc -I../Drivers/STM32U5xx_HAL_Driver/Inc/Legacy -I../Drivers/CMSIS/Device/ST/STM32U5xx/Include -I../Drivers/CMSIS/Include -I../FileX/App -I../FileX/Target -I../Middlewares/ST/filex/common/inc -I../Middlewares/ST/filex/ports/generic/inc -O0 -ffunction-sections -fdata-sections -Wall -fstack-usage -fcyclomatic-complexity -MMD -MP -MF"Core/Src/main.d" -MT"Core/Src/main.o" --specs=nano.specs -mfpu=fpv5-sp-d16 -mfloat-abi=hard -mthumb -o "Core/Src/main.o"
../Core/Src/main.c:1645:13: warning: 'MX_USB_OTG_FS_PCD_Init' defined but not used [-Wunused-function]
 1645 | static void MX_USB_OTG_FS_PCD_Init(void)
      |             ^~~~~~~~~~~~~~~~~~~~~~
../Core/Src/main.c:1597:13: warning: 'MX_USART3_UART_Init' defined but not used [-Wunused-function]
 1597 | static void MX_USART3_UART_Init(void)
      |             ^~~~~~~~~~~~~~~~~~~
../Core/Src/main.c:1501:13: warning: 'MX_TIM3_Init' defined but not used [-Wunused-function]
 1501 | static void MX_TIM3_Init(void)
      |             ^~~~~~~~~~~~
../Core/Src/main.c:1395:13: warning: 'MX_SPI3_Init' defined but not used [-Wunused-function]
 1395 | static void MX_SPI3_Init(void)
      |             ^~~~~~~~~~~~
../Core/Src/main.c:1281:13: warning: 'MX_SPI1_Init' defined but not used [-Wunused-function]
 1281 | static void MX_SPI1_Init(void)
      |             ^~~~~~~~~~~~
../Core/Src/main.c:1166:13: warning: 'MX_SAI1_Init' defined but not used [-Wunused-function]
 1166 | static void MX_SAI1_Init(void)
      |             ^~~~~~~~~~~~
../Core/Src/main.c:1011:13: warning: 'MX_I2C3_Init' defined but not used [-Wunused-function]
 1011 | static void MX_I2C3_Init(void)
      |             ^~~~~~~~~~~~
../Core/Src/main.c:963:13: warning: 'MX_I2C2_Init' defined but not used [-Wunused-function]
  963 | static void MX_I2C2_Init(void)
      |             ^~~~~~~~~~~~
../Core/Src/main.c:915:13: warning: 'MX_I2C1_Init' defined but not used [-Wunused-function]
  915 | static void MX_I2C1_Init(void)
      |             ^~~~~~~~~~~~
../Core/Src/main.c:822:13: warning: 'MX_DAC1_Init' defined but not used [-Wunused-function]
  822 | static void MX_DAC1_Init(void)
      |             ^~~~~~~~~~~~
../Core/Src/main.c:768:13: warning: 'MX_MDF1_Init' defined but not used [-Wunused-function]
  768 | static void MX_MDF1_Init(void)
      |             ^~~~~~~~~~~~
../Core/Src/main.c:705:13: warning: 'MX_ADF1_Init' defined but not used [-Wunused-function]
  705 | static void MX_ADF1_Init(void)
      |             ^~~~~~~~~~~~
../Core/Src/main.c:661:13: warning: 'MX_ADC1_Init' defined but not used [-Wunused-function]
  661 | static void MX_ADC1_Init(void)
      |             ^~~~~~~~~~~~
../Core/Src/main.c:57:14: warning: 'media_buffer' defined but not used [-Wunused-variable]
   57 | static UCHAR media_buffer[4096];  // 8 sectors, aligned
      |              ^~~~~~~~~~~~
arm-none-eabi-gcc -o "SPI2_MDA_Chain_2_Sensor.elf" @"objects.list"   -mcpu=cortex-m33 -T"C:\Users\kerem\STM32CubeIDE\workspace_1.19.0\WorkSpaceSteval\Steval_Anomaly\SPI2_MDA_Chain_2_Sensor\STM32U585AIIXQ_FLASH.ld" --specs=nosys.specs -Wl,-Map="SPI2_MDA_Chain_2_Sensor.map" -Wl,--gc-sections -static --specs=nano.specs -mfpu=fpv5-sp-d16 -mfloat-abi=hard -mthumb -Wl,--start-group -lc -lm -Wl,--end-group
Finished building target: SPI2_MDA_Chain_2_Sensor.elf
 
arm-none-eabi-size  SPI2_MDA_Chain_2_Sensor.elf 
arm-none-eabi-objdump -h -S SPI2_MDA_Chain_2_Sensor.elf  > "SPI2_MDA_Chain_2_Sensor.list"
   text	   data	    bss	    dec	    hex	filename
 105181	    184	  32704	 138069	  21b55	SPI2_MDA_Chain_2_Sensor.elf
Finished building: default.size.stdout
 
Finished building: SPI2_MDA_Chain_2_Sensor.list
 
16:09:03 **** Incremental Build of configuration Debug for project SPI2_MDA_Chain_2_Sensor ****
make -j8 all 
arm-none-eabi-size  SPI2_MDA_Chain_2_Sensor.elf 
   text	   data	    bss	    dec	    hex	filename
 105181	    184	  32704	 138069	  21b55	SPI2_MDA_Chain_2_Sensor.elf
Finished building: default.size.stdout
 
16:10:24 **** Incremental Build of configuration Debug for project SPI2_MDA_Chain_2_Sensor ****
make -j8 all 
arm-none-eabi-size  SPI2_MDA_Chain_2_Sensor.elf 
   text	   data	    bss	    dec	    hex	filename
 105181	    184	  32704	 138069	  21b55	SPI2_MDA_Chain_2_Sensor.elf
Finished building: default.size.stdout
 
16:13:07 **** Incremental Build of configuration Debug for project SPI2_MDA_Chain_2_Sensor ****
make -j8 all 
arm-none-eabi-gcc "../Core/Src/main.c" -mcpu=cortex-m33 -std=gnu11 -g3 -DDEBUG -DUSE_HAL_DRIVER -DSTM32U585xx -DFX_INCLUDE_USER_DEFINE_FILE -c -I../Core/Inc -I../Drivers/STM32U5xx_HAL_Driver/Inc -I../Drivers/STM32U5xx_HAL_Driver/Inc/Legacy -I../Drivers/CMSIS/Device/ST/STM32U5xx/Include -I../Drivers/CMSIS/Include -I../FileX/App -I../FileX/Target -I../Middlewares/ST/filex/common/inc -I../Middlewares/ST/filex/ports/generic/inc -O0 -ffunction-sections -fdata-sections -Wall -fstack-usage -fcyclomatic-complexity -MMD -MP -MF"Core/Src/main.d" -MT"Core/Src/main.o" --specs=nano.specs -mfpu=fpv5-sp-d16 -mfloat-abi=hard -mthumb -o "Core/Src/main.o"
../Core/Src/main.c: In function 'main':
../Core/Src/main.c:316:80: warning: unused variable 'm' [-Wunused-variable]
  316 |                                                                           char m[64];
      |                                                                                ^
../Core/Src/main.c: In function 'Initialize_Sensors':
../Core/Src/main.c:1883:10: warning: unused variable 'uart_buf' [-Wunused-variable]
 1883 |     char uart_buf[100];
      |          ^~~~~~~~
../Core/Src/main.c: At top level:
../Core/Src/main.c:1645:13: warning: 'MX_USB_OTG_FS_PCD_Init' defined but not used [-Wunused-function]
 1645 | static void MX_USB_OTG_FS_PCD_Init(void)
      |             ^~~~~~~~~~~~~~~~~~~~~~
../Core/Src/main.c:1597:13: warning: 'MX_USART3_UART_Init' defined but not used [-Wunused-function]
 1597 | static void MX_USART3_UART_Init(void)
      |             ^~~~~~~~~~~~~~~~~~~
../Core/Src/main.c:1501:13: warning: 'MX_TIM3_Init' defined but not used [-Wunused-function]
 1501 | static void MX_TIM3_Init(void)
      |             ^~~~~~~~~~~~
../Core/Src/main.c:1395:13: warning: 'MX_SPI3_Init' defined but not used [-Wunused-function]
 1395 | static void MX_SPI3_Init(void)
      |             ^~~~~~~~~~~~
../Core/Src/main.c:1281:13: warning: 'MX_SPI1_Init' defined but not used [-Wunused-function]
 1281 | static void MX_SPI1_Init(void)
      |             ^~~~~~~~~~~~
../Core/Src/main.c:1166:13: warning: 'MX_SAI1_Init' defined but not used [-Wunused-function]
 1166 | static void MX_SAI1_Init(void)
      |             ^~~~~~~~~~~~
../Core/Src/main.c:1011:13: warning: 'MX_I2C3_Init' defined but not used [-Wunused-function]
 1011 | static void MX_I2C3_Init(void)
      |             ^~~~~~~~~~~~
../Core/Src/main.c:963:13: warning: 'MX_I2C2_Init' defined but not used [-Wunused-function]
  963 | static void MX_I2C2_Init(void)
      |             ^~~~~~~~~~~~
../Core/Src/main.c:915:13: warning: 'MX_I2C1_Init' defined but not used [-Wunused-function]
  915 | static void MX_I2C1_Init(void)
      |             ^~~~~~~~~~~~
../Core/Src/main.c:822:13: warning: 'MX_DAC1_Init' defined but not used [-Wunused-function]
  822 | static void MX_DAC1_Init(void)
      |             ^~~~~~~~~~~~
../Core/Src/main.c:768:13: warning: 'MX_MDF1_Init' defined but not used [-Wunused-function]
  768 | static void MX_MDF1_Init(void)
      |             ^~~~~~~~~~~~
../Core/Src/main.c:705:13: warning: 'MX_ADF1_Init' defined but not used [-Wunused-function]
  705 | static void MX_ADF1_Init(void)
      |             ^~~~~~~~~~~~
../Core/Src/main.c:661:13: warning: 'MX_ADC1_Init' defined but not used [-Wunused-function]
  661 | static void MX_ADC1_Init(void)
      |             ^~~~~~~~~~~~
../Core/Src/main.c:57:14: warning: 'media_buffer' defined but not used [-Wunused-variable]
   57 | static UCHAR media_buffer[4096];  // 8 sectors, aligned
      |              ^~~~~~~~~~~~
arm-none-eabi-gcc -o "SPI2_MDA_Chain_2_Sensor.elf" @"objects.list"   -mcpu=cortex-m33 -T"C:\Users\kerem\STM32CubeIDE\workspace_1.19.0\WorkSpaceSteval\Steval_Anomaly\SPI2_MDA_Chain_2_Sensor\STM32U585AIIXQ_FLASH.ld" --specs=nosys.specs -Wl,-Map="SPI2_MDA_Chain_2_Sensor.map" -Wl,--gc-sections -static --specs=nano.specs -mfpu=fpv5-sp-d16 -mfloat-abi=hard -mthumb -Wl,--start-group -lc -lm -Wl,--end-group
Finished building target: SPI2_MDA_Chain_2_Sensor.elf
 
arm-none-eabi-size  SPI2_MDA_Chain_2_Sensor.elf 
arm-none-eabi-objdump -h -S SPI2_MDA_Chain_2_Sensor.elf  > "SPI2_MDA_Chain_2_Sensor.list"
   text	   data	    bss	    dec	    hex	filename
 104561	    184	  32704	 137449	  218e9	SPI2_MDA_Chain_2_Sensor.elf
Finished building: default.size.stdout
 
Finished building: SPI2_MDA_Chain_2_Sensor.list
 
16:13:43 **** Incremental Build of configuration Debug for project SPI2_MDA_Chain_2_Sensor ****
make -j8 all 
arm-none-eabi-gcc "../Core/Src/main.c" -mcpu=cortex-m33 -std=gnu11 -g3 -DDEBUG -DUSE_HAL_DRIVER -DSTM32U585xx -DFX_INCLUDE_USER_DEFINE_FILE -c -I../Core/Inc -I../Drivers/STM32U5xx_HAL_Driver/Inc -I../Drivers/STM32U5xx_HAL_Driver/Inc/Legacy -I../Drivers/CMSIS/Device/ST/STM32U5xx/Include -I../Drivers/CMSIS/Include -I../FileX/App -I../FileX/Target -I../Middlewares/ST/filex/common/inc -I../Middlewares/ST/filex/ports/generic/inc -O0 -ffunction-sections -fdata-sections -Wall -fstack-usage -fcyclomatic-complexity -MMD -MP -MF"Core/Src/main.d" -MT"Core/Src/main.o" --specs=nano.specs -mfpu=fpv5-sp-d16 -mfloat-abi=hard -mthumb -o "Core/Src/main.o"
../Core/Src/main.c: In function 'main':
../Core/Src/main.c:316:80: warning: unused variable 'm' [-Wunused-variable]
  316 |                                                                           char m[64];
      |                                                                                ^
../Core/Src/main.c: In function 'Initialize_Sensors':
../Core/Src/main.c:1883:10: warning: unused variable 'uart_buf' [-Wunused-variable]
 1883 |     char uart_buf[100];
      |          ^~~~~~~~
../Core/Src/main.c: At top level:
../Core/Src/main.c:1645:13: warning: 'MX_USB_OTG_FS_PCD_Init' defined but not used [-Wunused-function]
 1645 | static void MX_USB_OTG_FS_PCD_Init(void)
      |             ^~~~~~~~~~~~~~~~~~~~~~
../Core/Src/main.c:1597:13: warning: 'MX_USART3_UART_Init' defined but not used [-Wunused-function]
 1597 | static void MX_USART3_UART_Init(void)
      |             ^~~~~~~~~~~~~~~~~~~
../Core/Src/main.c:1501:13: warning: 'MX_TIM3_Init' defined but not used [-Wunused-function]
 1501 | static void MX_TIM3_Init(void)
      |             ^~~~~~~~~~~~
../Core/Src/main.c:1395:13: warning: 'MX_SPI3_Init' defined but not used [-Wunused-function]
 1395 | static void MX_SPI3_Init(void)
      |             ^~~~~~~~~~~~
../Core/Src/main.c:1281:13: warning: 'MX_SPI1_Init' defined but not used [-Wunused-function]
 1281 | static void MX_SPI1_Init(void)
      |             ^~~~~~~~~~~~
../Core/Src/main.c:1166:13: warning: 'MX_SAI1_Init' defined but not used [-Wunused-function]
 1166 | static void MX_SAI1_Init(void)
      |             ^~~~~~~~~~~~
../Core/Src/main.c:1011:13: warning: 'MX_I2C3_Init' defined but not used [-Wunused-function]
 1011 | static void MX_I2C3_Init(void)
      |             ^~~~~~~~~~~~
../Core/Src/main.c:963:13: warning: 'MX_I2C2_Init' defined but not used [-Wunused-function]
  963 | static void MX_I2C2_Init(void)
      |             ^~~~~~~~~~~~
../Core/Src/main.c:915:13: warning: 'MX_I2C1_Init' defined but not used [-Wunused-function]
  915 | static void MX_I2C1_Init(void)
      |             ^~~~~~~~~~~~
../Core/Src/main.c:822:13: warning: 'MX_DAC1_Init' defined but not used [-Wunused-function]
  822 | static void MX_DAC1_Init(void)
      |             ^~~~~~~~~~~~
../Core/Src/main.c:768:13: warning: 'MX_MDF1_Init' defined but not used [-Wunused-function]
  768 | static void MX_MDF1_Init(void)
      |             ^~~~~~~~~~~~
../Core/Src/main.c:705:13: warning: 'MX_ADF1_Init' defined but not used [-Wunused-function]
  705 | static void MX_ADF1_Init(void)
      |             ^~~~~~~~~~~~
../Core/Src/main.c:661:13: warning: 'MX_ADC1_Init' defined but not used [-Wunused-function]
  661 | static void MX_ADC1_Init(void)
      |             ^~~~~~~~~~~~
../Core/Src/main.c:57:14: warning: 'media_buffer' defined but not used [-Wunused-variable]
   57 | static UCHAR media_buffer[4096];  // 8 sectors, aligned
      |              ^~~~~~~~~~~~
arm-none-eabi-gcc -o "SPI2_MDA_Chain_2_Sensor.elf" @"objects.list"   -mcpu=cortex-m33 -T"C:\Users\kerem\STM32CubeIDE\workspace_1.19.0\WorkSpaceSteval\Steval_Anomaly\SPI2_MDA_Chain_2_Sensor\STM32U585AIIXQ_FLASH.ld" --specs=nosys.specs -Wl,-Map="SPI2_MDA_Chain_2_Sensor.map" -Wl,--gc-sections -static --specs=nano.specs -mfpu=fpv5-sp-d16 -mfloat-abi=hard -mthumb -Wl,--start-group -lc -lm -Wl,--end-group
Finished building target: SPI2_MDA_Chain_2_Sensor.elf
 
arm-none-eabi-size  SPI2_MDA_Chain_2_Sensor.elf 
arm-none-eabi-objdump -h -S SPI2_MDA_Chain_2_Sensor.elf  > "SPI2_MDA_Chain_2_Sensor.list"
   text	   data	    bss	    dec	    hex	filename
 104561	    184	  32704	 137449	  218e9	SPI2_MDA_Chain_2_Sensor.elf
Finished building: default.size.stdout
 
Finished building: SPI2_MDA_Chain_2_Sensor.list
 
16:14:31 **** Incremental Build of configuration Debug for project SPI2_MDA_Chain_2_Sensor ****
make -j8 all 
arm-none-eabi-size  SPI2_MDA_Chain_2_Sensor.elf 
   text	   data	    bss	    dec	    hex	filename
 104561	    184	  32704	 137449	  218e9	SPI2_MDA_Chain_2_Sensor.elf
Finished building: default.size.stdout
 
16:24:15 **** Incremental Build of configuration Debug for project SPI2_MDA_Chain_2_Sensor ****
make -j8 all 
arm-none-eabi-gcc "../Core/Src/main.c" -mcpu=cortex-m33 -std=gnu11 -g3 -DDEBUG -DUSE_HAL_DRIVER -DSTM32U585xx -DFX_INCLUDE_USER_DEFINE_FILE -c -I../Core/Inc -I../Drivers/STM32U5xx_HAL_Driver/Inc -I../Drivers/STM32U5xx_HAL_Driver/Inc/Legacy -I../Drivers/CMSIS/Device/ST/STM32U5xx/Include -I../Drivers/CMSIS/Include -I../FileX/App -I../FileX/Target -I../Middlewares/ST/filex/common/inc -I../Middlewares/ST/filex/ports/generic/inc -O0 -ffunction-sections -fdata-sections -Wall -fstack-usage -fcyclomatic-complexity -MMD -MP -MF"Core/Src/main.d" -MT"Core/Src/main.o" --specs=nano.specs -mfpu=fpv5-sp-d16 -mfloat-abi=hard -mthumb -o "Core/Src/main.o"
../Core/Src/main.c: In function 'main':
../Core/Src/main.c:316:80: warning: unused variable 'm' [-Wunused-variable]
  316 |                                                                           char m[64];
      |                                                                                ^
../Core/Src/main.c: In function 'Initialize_Sensors':
../Core/Src/main.c:1889:10: warning: unused variable 'uart_buf' [-Wunused-variable]
 1889 |     char uart_buf[100];
      |          ^~~~~~~~
../Core/Src/main.c: At top level:
../Core/Src/main.c:1651:13: warning: 'MX_USB_OTG_FS_PCD_Init' defined but not used [-Wunused-function]
 1651 | static void MX_USB_OTG_FS_PCD_Init(void)
      |             ^~~~~~~~~~~~~~~~~~~~~~
../Core/Src/main.c:1603:13: warning: 'MX_USART3_UART_Init' defined but not used [-Wunused-function]
 1603 | static void MX_USART3_UART_Init(void)
      |             ^~~~~~~~~~~~~~~~~~~
../Core/Src/main.c:1507:13: warning: 'MX_TIM3_Init' defined but not used [-Wunused-function]
 1507 | static void MX_TIM3_Init(void)
      |             ^~~~~~~~~~~~
../Core/Src/main.c:1401:13: warning: 'MX_SPI3_Init' defined but not used [-Wunused-function]
 1401 | static void MX_SPI3_Init(void)
      |             ^~~~~~~~~~~~
../Core/Src/main.c:1287:13: warning: 'MX_SPI1_Init' defined but not used [-Wunused-function]
 1287 | static void MX_SPI1_Init(void)
      |             ^~~~~~~~~~~~
../Core/Src/main.c:1172:13: warning: 'MX_SAI1_Init' defined but not used [-Wunused-function]
 1172 | static void MX_SAI1_Init(void)
      |             ^~~~~~~~~~~~
../Core/Src/main.c:1017:13: warning: 'MX_I2C3_Init' defined but not used [-Wunused-function]
 1017 | static void MX_I2C3_Init(void)
      |             ^~~~~~~~~~~~
../Core/Src/main.c:969:13: warning: 'MX_I2C2_Init' defined but not used [-Wunused-function]
  969 | static void MX_I2C2_Init(void)
      |             ^~~~~~~~~~~~
../Core/Src/main.c:921:13: warning: 'MX_I2C1_Init' defined but not used [-Wunused-function]
  921 | static void MX_I2C1_Init(void)
      |             ^~~~~~~~~~~~
../Core/Src/main.c:828:13: warning: 'MX_DAC1_Init' defined but not used [-Wunused-function]
  828 | static void MX_DAC1_Init(void)
      |             ^~~~~~~~~~~~
../Core/Src/main.c:774:13: warning: 'MX_MDF1_Init' defined but not used [-Wunused-function]
  774 | static void MX_MDF1_Init(void)
      |             ^~~~~~~~~~~~
../Core/Src/main.c:711:13: warning: 'MX_ADF1_Init' defined but not used [-Wunused-function]
  711 | static void MX_ADF1_Init(void)
      |             ^~~~~~~~~~~~
../Core/Src/main.c:667:13: warning: 'MX_ADC1_Init' defined but not used [-Wunused-function]
  667 | static void MX_ADC1_Init(void)
      |             ^~~~~~~~~~~~
../Core/Src/main.c:57:14: warning: 'media_buffer' defined but not used [-Wunused-variable]
   57 | static UCHAR media_buffer[4096];  // 8 sectors, aligned
      |              ^~~~~~~~~~~~
arm-none-eabi-gcc -o "SPI2_MDA_Chain_2_Sensor.elf" @"objects.list"   -mcpu=cortex-m33 -T"C:\Users\kerem\STM32CubeIDE\workspace_1.19.0\WorkSpaceSteval\Steval_Anomaly\SPI2_MDA_Chain_2_Sensor\STM32U585AIIXQ_FLASH.ld" --specs=nosys.specs -Wl,-Map="SPI2_MDA_Chain_2_Sensor.map" -Wl,--gc-sections -static --specs=nano.specs -mfpu=fpv5-sp-d16 -mfloat-abi=hard -mthumb -Wl,--start-group -lc -lm -Wl,--end-group
Finished building target: SPI2_MDA_Chain_2_Sensor.elf
 
arm-none-eabi-size  SPI2_MDA_Chain_2_Sensor.elf 
arm-none-eabi-objdump -h -S SPI2_MDA_Chain_2_Sensor.elf  > "SPI2_MDA_Chain_2_Sensor.list"
   text	   data	    bss	    dec	    hex	filename
 105729	    184	  32704	 138617	  21d79	SPI2_MDA_Chain_2_Sensor.elf
Finished building: default.size.stdout
 
Finished building: SPI2_MDA_Chain_2_Sensor.list
 
16:24:30 **** Incremental Build of configuration Debug for project SPI2_MDA_Chain_2_Sensor ****
make -j8 all 
arm-none-eabi-size  SPI2_MDA_Chain_2_Sensor.elf 
   text	   data	    bss	    dec	    hex	filename
 105729	    184	  32704	 138617	  21d79	SPI2_MDA_Chain_2_Sensor.elf
Finished building: default.size.stdout
 
16:24:57 **** Incremental Build of configuration Debug for project SPI2_MDA_Chain_2_Sensor ****
make -j8 all 
arm-none-eabi-size  SPI2_MDA_Chain_2_Sensor.elf 
   text	   data	    bss	    dec	    hex	filename
 105729	    184	  32704	 138617	  21d79	SPI2_MDA_Chain_2_Sensor.elf
Finished building: default.size.stdout
 
16:27:03 **** Incremental Build of configuration Debug for project SPI2_MDA_Chain_2_Sensor ****
make -j8 all 
arm-none-eabi-gcc "../Core/Src/main.c" -mcpu=cortex-m33 -std=gnu11 -g3 -DDEBUG -DUSE_HAL_DRIVER -DSTM32U585xx -DFX_INCLUDE_USER_DEFINE_FILE -c -I../Core/Inc -I../Drivers/STM32U5xx_HAL_Driver/Inc -I../Drivers/STM32U5xx_HAL_Driver/Inc/Legacy -I../Drivers/CMSIS/Device/ST/STM32U5xx/Include -I../Drivers/CMSIS/Include -I../FileX/App -I../FileX/Target -I../Middlewares/ST/filex/common/inc -I../Middlewares/ST/filex/ports/generic/inc -O0 -ffunction-sections -fdata-sections -Wall -fstack-usage -fcyclomatic-complexity -MMD -MP -MF"Core/Src/main.d" -MT"Core/Src/main.o" --specs=nano.specs -mfpu=fpv5-sp-d16 -mfloat-abi=hard -mthumb -o "Core/Src/main.o"
../Core/Src/main.c: In function 'main':
../Core/Src/main.c:316:80: warning: unused variable 'm' [-Wunused-variable]
  316 |                                                                           char m[64];
      |                                                                                ^
../Core/Src/main.c: In function 'Initialize_Sensors':
../Core/Src/main.c:1889:10: warning: unused variable 'uart_buf' [-Wunused-variable]
 1889 |     char uart_buf[100];
      |          ^~~~~~~~
../Core/Src/main.c: At top level:
../Core/Src/main.c:1651:13: warning: 'MX_USB_OTG_FS_PCD_Init' defined but not used [-Wunused-function]
 1651 | static void MX_USB_OTG_FS_PCD_Init(void)
      |             ^~~~~~~~~~~~~~~~~~~~~~
../Core/Src/main.c:1603:13: warning: 'MX_USART3_UART_Init' defined but not used [-Wunused-function]
 1603 | static void MX_USART3_UART_Init(void)
      |             ^~~~~~~~~~~~~~~~~~~
../Core/Src/main.c:1507:13: warning: 'MX_TIM3_Init' defined but not used [-Wunused-function]
 1507 | static void MX_TIM3_Init(void)
      |             ^~~~~~~~~~~~
../Core/Src/main.c:1401:13: warning: 'MX_SPI3_Init' defined but not used [-Wunused-function]
 1401 | static void MX_SPI3_Init(void)
      |             ^~~~~~~~~~~~
../Core/Src/main.c:1287:13: warning: 'MX_SPI1_Init' defined but not used [-Wunused-function]
 1287 | static void MX_SPI1_Init(void)
      |             ^~~~~~~~~~~~
../Core/Src/main.c:1172:13: warning: 'MX_SAI1_Init' defined but not used [-Wunused-function]
 1172 | static void MX_SAI1_Init(void)
      |             ^~~~~~~~~~~~
../Core/Src/main.c:1017:13: warning: 'MX_I2C3_Init' defined but not used [-Wunused-function]
 1017 | static void MX_I2C3_Init(void)
      |             ^~~~~~~~~~~~
../Core/Src/main.c:969:13: warning: 'MX_I2C2_Init' defined but not used [-Wunused-function]
  969 | static void MX_I2C2_Init(void)
      |             ^~~~~~~~~~~~
../Core/Src/main.c:921:13: warning: 'MX_I2C1_Init' defined but not used [-Wunused-function]
  921 | static void MX_I2C1_Init(void)
      |             ^~~~~~~~~~~~
../Core/Src/main.c:828:13: warning: 'MX_DAC1_Init' defined but not used [-Wunused-function]
  828 | static void MX_DAC1_Init(void)
      |             ^~~~~~~~~~~~
../Core/Src/main.c:774:13: warning: 'MX_MDF1_Init' defined but not used [-Wunused-function]
  774 | static void MX_MDF1_Init(void)
      |             ^~~~~~~~~~~~
../Core/Src/main.c:711:13: warning: 'MX_ADF1_Init' defined but not used [-Wunused-function]
  711 | static void MX_ADF1_Init(void)
      |             ^~~~~~~~~~~~
../Core/Src/main.c:667:13: warning: 'MX_ADC1_Init' defined but not used [-Wunused-function]
  667 | static void MX_ADC1_Init(void)
      |             ^~~~~~~~~~~~
../Core/Src/main.c:57:14: warning: 'media_buffer' defined but not used [-Wunused-variable]
   57 | static UCHAR media_buffer[4096];  // 8 sectors, aligned
      |              ^~~~~~~~~~~~
arm-none-eabi-gcc -o "SPI2_MDA_Chain_2_Sensor.elf" @"objects.list"   -mcpu=cortex-m33 -T"C:\Users\kerem\STM32CubeIDE\workspace_1.19.0\WorkSpaceSteval\Steval_Anomaly\SPI2_MDA_Chain_2_Sensor\STM32U585AIIXQ_FLASH.ld" --specs=nosys.specs -Wl,-Map="SPI2_MDA_Chain_2_Sensor.map" -Wl,--gc-sections -static --specs=nano.specs -mfpu=fpv5-sp-d16 -mfloat-abi=hard -mthumb -Wl,--start-group -lc -lm -Wl,--end-group
Finished building target: SPI2_MDA_Chain_2_Sensor.elf
 
arm-none-eabi-size  SPI2_MDA_Chain_2_Sensor.elf 
arm-none-eabi-objdump -h -S SPI2_MDA_Chain_2_Sensor.elf  > "SPI2_MDA_Chain_2_Sensor.list"
   text	   data	    bss	    dec	    hex	filename
 105729	    184	  32704	 138617	  21d79	SPI2_MDA_Chain_2_Sensor.elf
Finished building: default.size.stdout
 
Finished building: SPI2_MDA_Chain_2_Sensor.list
 
16:27:27 **** Incremental Build of configuration Debug for project SPI2_MDA_Chain_2_Sensor ****
make -j8 all 
arm-none-eabi-size  SPI2_MDA_Chain_2_Sensor.elf 
   text	   data	    bss	    dec	    hex	filename
 105729	    184	  32704	 138617	  21d79	SPI2_MDA_Chain_2_Sensor.elf
Finished building: default.size.stdout
 
16:29:54 **** Incremental Build of configuration Debug for project SPI2_MDA_Chain_2_Sensor ****
make -j8 all 
arm-none-eabi-size  SPI2_MDA_Chain_2_Sensor.elf 
   text	   data	    bss	    dec	    hex	filename
 105729	    184	  32704	 138617	  21d79	SPI2_MDA_Chain_2_Sensor.elf
Finished building: default.size.stdout
 
16:30:20 **** Incremental Build of configuration Debug for project SPI2_MDA_Chain_2_Sensor ****
make -j8 all 
arm-none-eabi-size  SPI2_MDA_Chain_2_Sensor.elf 
   text	   data	    bss	    dec	    hex	filename
 105729	    184	  32704	 138617	  21d79	SPI2_MDA_Chain_2_Sensor.elf
Finished building: default.size.stdout
 
16:30:56 **** Incremental Build of configuration Debug for project SPI2_MDA_Chain_2_Sensor ****
make -j8 all 
arm-none-eabi-size  SPI2_MDA_Chain_2_Sensor.elf 
   text	   data	    bss	    dec	    hex	filename
 105729	    184	  32704	 138617	  21d79	SPI2_MDA_Chain_2_Sensor.elf
Finished building: default.size.stdout
 
16:37:44 **** Incremental Build of configuration Debug for project SPI2_MDA_Chain_2_Sensor ****
make -j8 all 
arm-none-eabi-gcc "../Core/Src/main.c" -mcpu=cortex-m33 -std=gnu11 -g3 -DDEBUG -DUSE_HAL_DRIVER -DSTM32U585xx -DFX_INCLUDE_USER_DEFINE_FILE -c -I../Core/Inc -I../Drivers/STM32U5xx_HAL_Driver/Inc -I../Drivers/STM32U5xx_HAL_Driver/Inc/Legacy -I../Drivers/CMSIS/Device/ST/STM32U5xx/Include -I../Drivers/CMSIS/Include -I../FileX/App -I../FileX/Target -I../Middlewares/ST/filex/common/inc -I../Middlewares/ST/filex/ports/generic/inc -O0 -ffunction-sections -fdata-sections -Wall -fstack-usage -fcyclomatic-complexity -MMD -MP -MF"Core/Src/main.d" -MT"Core/Src/main.o" --specs=nano.specs -mfpu=fpv5-sp-d16 -mfloat-abi=hard -mthumb -o "Core/Src/main.o"
../Core/Src/main.c: In function 'main':
../Core/Src/main.c:316:80: warning: unused variable 'm' [-Wunused-variable]
  316 |                                                                           char m[64];
      |                                                                                ^
../Core/Src/main.c: In function 'Initialize_Sensors':
../Core/Src/main.c:1889:10: warning: unused variable 'uart_buf' [-Wunused-variable]
 1889 |     char uart_buf[100];
      |          ^~~~~~~~
../Core/Src/main.c: At top level:
../Core/Src/main.c:1651:13: warning: 'MX_USB_OTG_FS_PCD_Init' defined but not used [-Wunused-function]
 1651 | static void MX_USB_OTG_FS_PCD_Init(void)
      |             ^~~~~~~~~~~~~~~~~~~~~~
../Core/Src/main.c:1603:13: warning: 'MX_USART3_UART_Init' defined but not used [-Wunused-function]
 1603 | static void MX_USART3_UART_Init(void)
      |             ^~~~~~~~~~~~~~~~~~~
../Core/Src/main.c:1507:13: warning: 'MX_TIM3_Init' defined but not used [-Wunused-function]
 1507 | static void MX_TIM3_Init(void)
      |             ^~~~~~~~~~~~
../Core/Src/main.c:1401:13: warning: 'MX_SPI3_Init' defined but not used [-Wunused-function]
 1401 | static void MX_SPI3_Init(void)
      |             ^~~~~~~~~~~~
../Core/Src/main.c:1287:13: warning: 'MX_SPI1_Init' defined but not used [-Wunused-function]
 1287 | static void MX_SPI1_Init(void)
      |             ^~~~~~~~~~~~
../Core/Src/main.c:1172:13: warning: 'MX_SAI1_Init' defined but not used [-Wunused-function]
 1172 | static void MX_SAI1_Init(void)
      |             ^~~~~~~~~~~~
../Core/Src/main.c:1017:13: warning: 'MX_I2C3_Init' defined but not used [-Wunused-function]
 1017 | static void MX_I2C3_Init(void)
      |             ^~~~~~~~~~~~
../Core/Src/main.c:969:13: warning: 'MX_I2C2_Init' defined but not used [-Wunused-function]
  969 | static void MX_I2C2_Init(void)
      |             ^~~~~~~~~~~~
../Core/Src/main.c:921:13: warning: 'MX_I2C1_Init' defined but not used [-Wunused-function]
  921 | static void MX_I2C1_Init(void)
      |             ^~~~~~~~~~~~
../Core/Src/main.c:828:13: warning: 'MX_DAC1_Init' defined but not used [-Wunused-function]
  828 | static void MX_DAC1_Init(void)
      |             ^~~~~~~~~~~~
../Core/Src/main.c:774:13: warning: 'MX_MDF1_Init' defined but not used [-Wunused-function]
  774 | static void MX_MDF1_Init(void)
      |             ^~~~~~~~~~~~
../Core/Src/main.c:711:13: warning: 'MX_ADF1_Init' defined but not used [-Wunused-function]
  711 | static void MX_ADF1_Init(void)
      |             ^~~~~~~~~~~~
../Core/Src/main.c:667:13: warning: 'MX_ADC1_Init' defined but not used [-Wunused-function]
  667 | static void MX_ADC1_Init(void)
      |             ^~~~~~~~~~~~
../Core/Src/main.c:57:14: warning: 'media_buffer' defined but not used [-Wunused-variable]
   57 | static UCHAR media_buffer[4096];  // 8 sectors, aligned
      |              ^~~~~~~~~~~~
arm-none-eabi-gcc -o "SPI2_MDA_Chain_2_Sensor.elf" @"objects.list"   -mcpu=cortex-m33 -T"C:\Users\kerem\STM32CubeIDE\workspace_1.19.0\WorkSpaceSteval\Steval_Anomaly\SPI2_MDA_Chain_2_Sensor\STM32U585AIIXQ_FLASH.ld" --specs=nosys.specs -Wl,-Map="SPI2_MDA_Chain_2_Sensor.map" -Wl,--gc-sections -static --specs=nano.specs -mfpu=fpv5-sp-d16 -mfloat-abi=hard -mthumb -Wl,--start-group -lc -lm -Wl,--end-group
Finished building target: SPI2_MDA_Chain_2_Sensor.elf
 
arm-none-eabi-size  SPI2_MDA_Chain_2_Sensor.elf 
arm-none-eabi-objdump -h -S SPI2_MDA_Chain_2_Sensor.elf  > "SPI2_MDA_Chain_2_Sensor.list"
   text	   data	    bss	    dec	    hex	filename
 105729	    184	  32704	 138617	  21d79	SPI2_MDA_Chain_2_Sensor.elf
Finished building: default.size.stdout
 
Finished building: SPI2_MDA_Chain_2_Sensor.list
 
16:38:58 **** Incremental Build of configuration Debug for project SPI2_MDA_Chain_2_Sensor ****
make -j8 all 
arm-none-eabi-size  SPI2_MDA_Chain_2_Sensor.elf 
   text	   data	    bss	    dec	    hex	filename
 105729	    184	  32704	 138617	  21d79	SPI2_MDA_Chain_2_Sensor.elf
Finished building: default.size.stdout
 
16:39:21 **** Incremental Build of configuration Debug for project SPI2_MDA_Chain_2_Sensor ****
make -j8 all 
arm-none-eabi-size  SPI2_MDA_Chain_2_Sensor.elf 
   text	   data	    bss	    dec	    hex	filename
 105729	    184	  32704	 138617	  21d79	SPI2_MDA_Chain_2_Sensor.elf
Finished building: default.size.stdout
 
16:41:10 **** Incremental Build of configuration Debug for project SPI2_MDA_Chain_2_Sensor ****
make -j8 all 
arm-none-eabi-size  SPI2_MDA_Chain_2_Sensor.elf 
   text	   data	    bss	    dec	    hex	filename
 105729	    184	  32704	 138617	  21d79	SPI2_MDA_Chain_2_Sensor.elf
Finished building: default.size.stdout
 
16:43:47 **** Incremental Build of configuration Debug for project SPI2_MDA_Chain_2_Sensor ****
make -j8 all 
arm-none-eabi-size  SPI2_MDA_Chain_2_Sensor.elf 
   text	   data	    bss	    dec	    hex	filename
 105729	    184	  32704	 138617	  21d79	SPI2_MDA_Chain_2_Sensor.elf
Finished building: default.size.stdout
 
